anchor  pc=00400000   x1(ra)=00000000  x2(sp)=7ff00000  x3(gp)=10000000  x4(tp)=00000000  x5(t0)=00000000  x6(t1)=00000000  x7(t2)=00000000  x8(s0/fp)=00000000  x9(s1)=00000000  x10(a0)=00000000  x11(a1)=00000000  x12(a2)=00000000  x13(a3)=00000000  x14(a4)=00000000  x15(a5)=00000000  x16(a6)=00000000  x17(a7)=00000000  x18(s2)=00000000  x19(s3)=00000000  x20(s4)=00000000  x21(s5)=00000000  x22(s6)=00000000  x23(s7)=00000000  x24(s8)=00000000  x25(s9)=00000000  x26(s10)=00000000  x27(s11)=00000000  x28(t3)=00000000  x29(t4)=00000000  x30(t5)=00000000  x31(t6)=00000000
#1      pc=00400000   x1(ra)=00400004
#2      pc=0040007c   x2(sp)=7fefffe0
#3      pc=00400080
#4      pc=00400084
#5      pc=00400088
#6      pc=0040008c
#7      pc=00400090
#8      pc=00400094   x9(s1)=00000087
#9      pc=00400098
#10     pc=0040009c
#11     pc=004000a0   x19(s3)=00000004
#12     pc=004000a4
#13     pc=004000a8   x1(ra)=004000a8
#14     pc=004000ac   x1(ra)=004000b0
#15     pc=00400014
#16     pc=00400078
#17     pc=004000b0
#18     pc=004000b4   x8(s0/fp)=00000001
#19     pc=004000b8
#20     pc=004000bc   x15(a5)=ffffffff
#21     pc=004000c0
#22     pc=004000c4   x9(s1)=00000086
#23     pc=004000c8
#24     pc=004000a4   x10(a0)=00000001
#25     pc=004000a8   x1(ra)=004000a8
#26     pc=004000ac   x1(ra)=004000b0
#27     pc=00400014
#28     pc=00400018   x15(a5)=00000001
#29     pc=0040001c
#30     pc=00400078
#31     pc=004000b0   x18(s2)=00000001
#32     pc=004000b4   x8(s0/fp)=00000002
#33     pc=004000b8   x15(a5)=00000000
#34     pc=004000bc   x15(a5)=ffffffff
#35     pc=004000c0
#36     pc=004000c4   x9(s1)=00000085
#37     pc=004000c8
#38     pc=004000a4   x10(a0)=00000002
#39     pc=004000a8   x1(ra)=004000a8
#40     pc=004000ac   x1(ra)=004000b0
#41     pc=00400014
#42     pc=00400018   x15(a5)=00000001
#43     pc=0040001c
#44     pc=00400020   x15(a5)=10000000
#45     pc=00400024
#46     pc=00400028
#47     pc=0040002c   x14(a4)=00000001
#48     pc=00400030
#49     pc=00400034
#50     pc=00400038
#51     pc=0040003c
#52     pc=00400040   x13(a3)=00000008
#53     pc=00400044   x14(a4)=0ffffffc
#54     pc=00400048   x13(a3)=10000004
#55     pc=0040004c   x14(a4)=00000001
#56     pc=00400050
#57     pc=00400054
#58     pc=00400058
#59     pc=0040005c   x15(a5)=10000004
#60     pc=00400060
#61     pc=00400064   x10(a0)=00000008
#62     pc=00400068   x15(a5)=10000000
#63     pc=0040006c
#64     pc=00400070   x10(a0)=10000008
#65     pc=00400074   x10(a0)=00000001
#66     pc=00400078
#67     pc=004000b0   x18(s2)=00000002
#68     pc=004000b4   x8(s0/fp)=00000003
#69     pc=004000b8   x15(a5)=00000000
#70     pc=004000bc   x15(a5)=ffffffff
#71     pc=004000c0
#72     pc=004000c4   x9(s1)=00000084
#73     pc=004000c8
#74     pc=004000a4   x10(a0)=00000003
#75     pc=004000a8   x1(ra)=004000a8
#76     pc=004000ac   x1(ra)=004000b0
#77     pc=00400014
#78     pc=00400018   x15(a5)=00000001
#79     pc=0040001c
#80     pc=00400020   x15(a5)=10000000
#81     pc=00400024
#82     pc=00400028
#83     pc=0040002c
#84     pc=00400030
#85     pc=00400034
#86     pc=00400038
#87     pc=0040003c
#88     pc=00400040   x13(a3)=0000000c
#89     pc=00400044   x14(a4)=0ffffffc
#90     pc=00400048   x13(a3)=10000008
#91     pc=0040004c   x14(a4)=00000001
#92     pc=00400050
#93     pc=00400054
#94     pc=00400058
#95     pc=0040005c   x15(a5)=10000004
#96     pc=00400060
#97     pc=0040004c
#98     pc=00400050   x12(a2)=00000001
#99     pc=00400054   x14(a4)=00000002
#100    pc=00400058
#101    pc=0040005c   x15(a5)=10000008
#102    pc=00400060
#103    pc=00400064   x10(a0)=0000000c
#104    pc=00400068   x15(a5)=10000000
#105    pc=0040006c
#106    pc=00400070   x10(a0)=1000000c
#107    pc=00400074   x10(a0)=00000002
#108    pc=00400078
#109    pc=004000b0   x18(s2)=00000004
#110    pc=004000b4   x8(s0/fp)=00000004
#111    pc=004000b8   x15(a5)=00000000
#112    pc=004000bc   x15(a5)=ffffffff
#113    pc=004000c0
#114    pc=004000c4   x9(s1)=00000083
#115    pc=004000c8
#116    pc=004000a4   x10(a0)=00000004
#117    pc=004000a8   x1(ra)=004000a8
#118    pc=004000ac   x1(ra)=004000b0
#119    pc=00400014
#120    pc=00400018   x15(a5)=00000001
#121    pc=0040001c
#122    pc=00400020   x15(a5)=10000000
#123    pc=00400024
#124    pc=00400028
#125    pc=0040002c   x14(a4)=00000001
#126    pc=00400030
#127    pc=00400034
#128    pc=00400038
#129    pc=0040003c
#130    pc=00400040   x13(a3)=00000010
#131    pc=00400044   x14(a4)=0ffffffc
#132    pc=00400048   x13(a3)=1000000c
#133    pc=0040004c   x14(a4)=00000001
#134    pc=00400050   x12(a2)=00000000
#135    pc=00400054
#136    pc=00400058
#137    pc=0040005c   x15(a5)=10000004
#138    pc=00400060
#139    pc=0040004c
#140    pc=00400050   x12(a2)=00000001
#141    pc=00400054   x14(a4)=00000002
#142    pc=00400058
#143    pc=0040005c   x15(a5)=10000008
#144    pc=00400060
#145    pc=0040004c
#146    pc=00400050
#147    pc=00400054   x14(a4)=00000003
#148    pc=00400058
#149    pc=0040005c   x15(a5)=1000000c
#150    pc=00400060
#151    pc=00400064   x10(a0)=00000010
#152    pc=00400068   x15(a5)=10000000
#153    pc=0040006c
#154    pc=00400070   x10(a0)=10000010
#155    pc=00400074   x10(a0)=00000003
#156    pc=00400078
#157    pc=004000b0   x18(s2)=00000007
#158    pc=004000b4   x8(s0/fp)=00000005
#159    pc=004000b8   x15(a5)=00000001
#160    pc=004000bc   x15(a5)=00000000
#161    pc=004000c0   x8(s0/fp)=00000000
#162    pc=004000c4   x9(s1)=00000082
#163    pc=004000c8
#164    pc=004000a4   x10(a0)=00000000
#165    pc=004000a8   x1(ra)=004000a8
#166    pc=004000ac   x1(ra)=004000b0
#167    pc=00400014
#168    pc=00400078
#169    pc=004000b0
#170    pc=004000b4   x8(s0/fp)=00000001
#171    pc=004000b8
#172    pc=004000bc   x15(a5)=ffffffff
#173    pc=004000c0
#174    pc=004000c4   x9(s1)=00000081
#175    pc=004000c8
#176    pc=004000a4   x10(a0)=00000001
#177    pc=004000a8   x1(ra)=004000a8
#178    pc=004000ac   x1(ra)=004000b0
#179    pc=00400014
#180    pc=00400018   x15(a5)=00000001
#181    pc=0040001c
#182    pc=00400078
#183    pc=004000b0   x18(s2)=00000008
#184    pc=004000b4   x8(s0/fp)=00000002
#185    pc=004000b8   x15(a5)=00000000
#186    pc=004000bc   x15(a5)=ffffffff
#187    pc=004000c0
#188    pc=004000c4   x9(s1)=00000080
#189    pc=004000c8
#190    pc=004000a4   x10(a0)=00000002
#191    pc=004000a8   x1(ra)=004000a8
#192    pc=004000ac   x1(ra)=004000b0
#193    pc=00400014
#194    pc=00400018   x15(a5)=00000001
#195    pc=0040001c
#196    pc=00400020   x15(a5)=10000000
#197    pc=00400024
#198    pc=00400028
#199    pc=0040002c   x14(a4)=00000001
#200    pc=00400030
#201    pc=00400034
#202    pc=00400038
#203    pc=0040003c
#204    pc=00400040   x13(a3)=00000008
#205    pc=00400044   x14(a4)=0ffffffc
#206    pc=00400048   x13(a3)=10000004
#207    pc=0040004c   x14(a4)=00000001
#208    pc=00400050   x12(a2)=00000000
#209    pc=00400054
#210    pc=00400058
#211    pc=0040005c   x15(a5)=10000004
#212    pc=00400060
#213    pc=00400064   x10(a0)=00000008
#214    pc=00400068   x15(a5)=10000000
#215    pc=0040006c
#216    pc=00400070   x10(a0)=10000008
#217    pc=00400074   x10(a0)=00000001
#218    pc=00400078
#219    pc=004000b0   x18(s2)=00000009
#220    pc=004000b4   x8(s0/fp)=00000003
#221    pc=004000b8   x15(a5)=00000000
#222    pc=004000bc   x15(a5)=ffffffff
#223    pc=004000c0
#224    pc=004000c4   x9(s1)=0000007f
#225    pc=004000c8
#226    pc=004000a4   x10(a0)=00000003
#227    pc=004000a8   x1(ra)=004000a8
#228    pc=004000ac   x1(ra)=004000b0
#229    pc=00400014
#230    pc=00400018   x15(a5)=00000001
#231    pc=0040001c
#232    pc=00400020   x15(a5)=10000000
#233    pc=00400024
#234    pc=00400028
#235    pc=0040002c
#236    pc=00400030
#237    pc=00400034
#238    pc=00400038
#239    pc=0040003c
#240    pc=00400040   x13(a3)=0000000c
#241    pc=00400044   x14(a4)=0ffffffc
#242    pc=00400048   x13(a3)=10000008
#243    pc=0040004c   x14(a4)=00000001
#244    pc=00400050
#245    pc=00400054
#246    pc=00400058
#247    pc=0040005c   x15(a5)=10000004
#248    pc=00400060
#249    pc=0040004c
#250    pc=00400050   x12(a2)=00000001
#251    pc=00400054   x14(a4)=00000002
#252    pc=00400058
#253    pc=0040005c   x15(a5)=10000008
#254    pc=00400060
#255    pc=00400064   x10(a0)=0000000c
#256    pc=00400068   x15(a5)=10000000
#257    pc=0040006c
#258    pc=00400070   x10(a0)=1000000c
#259    pc=00400074   x10(a0)=00000002
#260    pc=00400078
#261    pc=004000b0   x18(s2)=0000000b
#262    pc=004000b4   x8(s0/fp)=00000004
#263    pc=004000b8   x15(a5)=00000000
#264    pc=004000bc   x15(a5)=ffffffff
#265    pc=004000c0
#266    pc=004000c4   x9(s1)=0000007e
#267    pc=004000c8
#268    pc=004000a4   x10(a0)=00000004
#269    pc=004000a8   x1(ra)=004000a8
#270    pc=004000ac   x1(ra)=004000b0
#271    pc=00400014
#272    pc=00400018   x15(a5)=00000001
#273    pc=0040001c
#274    pc=00400020   x15(a5)=10000000
#275    pc=00400024
#276    pc=00400028
#277    pc=0040002c   x14(a4)=00000001
#278    pc=00400030
#279    pc=00400034
#280    pc=00400038
#281    pc=0040003c
#282    pc=00400040   x13(a3)=00000010
#283    pc=00400044   x14(a4)=0ffffffc
#284    pc=00400048   x13(a3)=1000000c
#285    pc=0040004c   x14(a4)=00000001
#286    pc=00400050   x12(a2)=00000000
#287    pc=00400054
#288    pc=00400058
#289    pc=0040005c   x15(a5)=10000004
#290    pc=00400060
#291    pc=0040004c
#292    pc=00400050   x12(a2)=00000001
#293    pc=00400054   x14(a4)=00000002
#294    pc=00400058
#295    pc=0040005c   x15(a5)=10000008
#296    pc=00400060
#297    pc=0040004c
#298    pc=00400050
#299    pc=00400054   x14(a4)=00000003
#300    pc=00400058
#301    pc=0040005c   x15(a5)=1000000c
#302    pc=00400060
#303    pc=00400064   x10(a0)=00000010
#304    pc=00400068   x15(a5)=10000000
#305    pc=0040006c
#306    pc=00400070   x10(a0)=10000010
#307    pc=00400074   x10(a0)=00000003
#308    pc=00400078
#309    pc=004000b0   x18(s2)=0000000e
#310    pc=004000b4   x8(s0/fp)=00000005
#311    pc=004000b8   x15(a5)=00000001
#312    pc=004000bc   x15(a5)=00000000
#313    pc=004000c0   x8(s0/fp)=00000000
#314    pc=004000c4   x9(s1)=0000007d
#315    pc=004000c8
#316    pc=004000a4   x10(a0)=00000000
#317    pc=004000a8   x1(ra)=004000a8
#318    pc=004000ac   x1(ra)=004000b0
#319    pc=00400014
#320    pc=00400078
#321    pc=004000b0
#322    pc=004000b4   x8(s0/fp)=00000001
#323    pc=004000b8
#324    pc=004000bc   x15(a5)=ffffffff
#325    pc=004000c0
#326    pc=004000c4   x9(s1)=0000007c
#327    pc=004000c8
#328    pc=004000a4   x10(a0)=00000001
#329    pc=004000a8   x1(ra)=004000a8
#330    pc=004000ac   x1(ra)=004000b0
#331    pc=00400014
#332    pc=00400018   x15(a5)=00000001
#333    pc=0040001c
#334    pc=00400078
#335    pc=004000b0   x18(s2)=0000000f
#336    pc=004000b4   x8(s0/fp)=00000002
#337    pc=004000b8   x15(a5)=00000000
#338    pc=004000bc   x15(a5)=ffffffff
#339    pc=004000c0
#340    pc=004000c4   x9(s1)=0000007b
#341    pc=004000c8
#342    pc=004000a4   x10(a0)=00000002
#343    pc=004000a8   x1(ra)=004000a8
#344    pc=004000ac   x1(ra)=004000b0
#345    pc=00400014
#346    pc=00400018   x15(a5)=00000001
#347    pc=0040001c
#348    pc=00400020   x15(a5)=10000000
#349    pc=00400024
#350    pc=00400028
#351    pc=0040002c   x14(a4)=00000001
#352    pc=00400030
#353    pc=00400034
#354    pc=00400038
#355    pc=0040003c
#356    pc=00400040   x13(a3)=00000008
#357    pc=00400044   x14(a4)=0ffffffc
#358    pc=00400048   x13(a3)=10000004
#359    pc=0040004c   x14(a4)=00000001
#360    pc=00400050   x12(a2)=00000000
#361    pc=00400054
#362    pc=00400058
#363    pc=0040005c   x15(a5)=10000004
#364    pc=00400060
#365    pc=00400064   x10(a0)=00000008
#366    pc=00400068   x15(a5)=10000000
#367    pc=0040006c
#368    pc=00400070   x10(a0)=10000008
#369    pc=00400074   x10(a0)=00000001
#370    pc=00400078
#371    pc=004000b0   x18(s2)=00000010
#372    pc=004000b4   x8(s0/fp)=00000003
#373    pc=004000b8   x15(a5)=00000000
#374    pc=004000bc   x15(a5)=ffffffff
#375    pc=004000c0
#376    pc=004000c4   x9(s1)=0000007a
#377    pc=004000c8
#378    pc=004000a4   x10(a0)=00000003
#379    pc=004000a8   x1(ra)=004000a8
#380    pc=004000ac   x1(ra)=004000b0
#381    pc=00400014
#382    pc=00400018   x15(a5)=00000001
#383    pc=0040001c
#384    pc=00400020   x15(a5)=10000000
#385    pc=00400024
#386    pc=00400028
#387    pc=0040002c
#388    pc=00400030
#389    pc=00400034
#390    pc=00400038
#391    pc=0040003c
#392    pc=00400040   x13(a3)=0000000c
#393    pc=00400044   x14(a4)=0ffffffc
#394    pc=00400048   x13(a3)=10000008
#395    pc=0040004c   x14(a4)=00000001
#396    pc=00400050
#397    pc=00400054
#398    pc=00400058
#399    pc=0040005c   x15(a5)=10000004
#400    pc=00400060
#401    pc=0040004c
#402    pc=00400050   x12(a2)=00000001
#403    pc=00400054   x14(a4)=00000002
#404    pc=00400058
#405    pc=0040005c   x15(a5)=10000008
#406    pc=00400060
#407    pc=00400064   x10(a0)=0000000c
#408    pc=00400068   x15(a5)=10000000
#409    pc=0040006c
#410    pc=00400070   x10(a0)=1000000c
#411    pc=00400074   x10(a0)=00000002
#412    pc=00400078
#413    pc=004000b0   x18(s2)=00000012
#414    pc=004000b4   x8(s0/fp)=00000004
#415    pc=004000b8   x15(a5)=00000000
#416    pc=004000bc   x15(a5)=ffffffff
#417    pc=004000c0
#418    pc=004000c4   x9(s1)=00000079
#419    pc=004000c8
#420    pc=004000a4   x10(a0)=00000004
#421    pc=004000a8   x1(ra)=004000a8
#422    pc=004000ac   x1(ra)=004000b0
#423    pc=00400014
#424    pc=00400018   x15(a5)=00000001
#425    pc=0040001c
#426    pc=00400020   x15(a5)=10000000
#427    pc=00400024
#428    pc=00400028
#429    pc=0040002c   x14(a4)=00000001
#430    pc=00400030
#431    pc=00400034
#432    pc=00400038
#433    pc=0040003c
#434    pc=00400040   x13(a3)=00000010
#435    pc=00400044   x14(a4)=0ffffffc
#436    pc=00400048   x13(a3)=1000000c
#437    pc=0040004c   x14(a4)=00000001
#438    pc=00400050   x12(a2)=00000000
#439    pc=00400054
#440    pc=00400058
#441    pc=0040005c   x15(a5)=10000004
#442    pc=00400060
#443    pc=0040004c
#444    pc=00400050   x12(a2)=00000001
#445    pc=00400054   x14(a4)=00000002
#446    pc=00400058
#447    pc=0040005c   x15(a5)=10000008
#448    pc=00400060
#449    pc=0040004c
#450    pc=00400050
#451    pc=00400054   x14(a4)=00000003
#452    pc=00400058
#453    pc=0040005c   x15(a5)=1000000c
#454    pc=00400060
#455    pc=00400064   x10(a0)=00000010
#456    pc=00400068   x15(a5)=10000000
#457    pc=0040006c
#458    pc=00400070   x10(a0)=10000010
#459    pc=00400074   x10(a0)=00000003
#460    pc=00400078
#461    pc=004000b0   x18(s2)=00000015
#462    pc=004000b4   x8(s0/fp)=00000005
#463    pc=004000b8   x15(a5)=00000001
#464    pc=004000bc   x15(a5)=00000000
#465    pc=004000c0   x8(s0/fp)=00000000
#466    pc=004000c4   x9(s1)=00000078
#467    pc=004000c8
#468    pc=004000a4   x10(a0)=00000000
#469    pc=004000a8   x1(ra)=004000a8
#470    pc=004000ac   x1(ra)=004000b0
#471    pc=00400014
#472    pc=00400078
#473    pc=004000b0
#474    pc=004000b4   x8(s0/fp)=00000001
#475    pc=004000b8
#476    pc=004000bc   x15(a5)=ffffffff
#477    pc=004000c0
#478    pc=004000c4   x9(s1)=00000077
#479    pc=004000c8
#480    pc=004000a4   x10(a0)=00000001
#481    pc=004000a8   x1(ra)=004000a8
#482    pc=004000ac   x1(ra)=004000b0
#483    pc=00400014
#484    pc=00400018   x15(a5)=00000001
#485    pc=0040001c
#486    pc=00400078
#487    pc=004000b0   x18(s2)=00000016
#488    pc=004000b4   x8(s0/fp)=00000002
#489    pc=004000b8   x15(a5)=00000000
#490    pc=004000bc   x15(a5)=ffffffff
#491    pc=004000c0
#492    pc=004000c4   x9(s1)=00000076
#493    pc=004000c8
#494    pc=004000a4   x10(a0)=00000002
#495    pc=004000a8   x1(ra)=004000a8
#496    pc=004000ac   x1(ra)=004000b0
#497    pc=00400014
#498    pc=00400018   x15(a5)=00000001
#499    pc=0040001c
#500    pc=00400020   x15(a5)=10000000
#501    pc=00400024
#502    pc=00400028
#503    pc=0040002c   x14(a4)=00000001
#504    pc=00400030
#505    pc=00400034
#506    pc=00400038
#507    pc=0040003c
#508    pc=00400040   x13(a3)=00000008
#509    pc=00400044   x14(a4)=0ffffffc
#510    pc=00400048   x13(a3)=10000004
#511    pc=0040004c   x14(a4)=00000001
#512    pc=00400050   x12(a2)=00000000
#513    pc=00400054
#514    pc=00400058
#515    pc=0040005c   x15(a5)=10000004
#516    pc=00400060
#517    pc=00400064   x10(a0)=00000008
#518    pc=00400068   x15(a5)=10000000
#519    pc=0040006c
#520    pc=00400070   x10(a0)=10000008
#521    pc=00400074   x10(a0)=00000001
#522    pc=00400078
#523    pc=004000b0   x18(s2)=00000017
#524    pc=004000b4   x8(s0/fp)=00000003
#525    pc=004000b8   x15(a5)=00000000
#526    pc=004000bc   x15(a5)=ffffffff
#527    pc=004000c0
#528    pc=004000c4   x9(s1)=00000075
#529    pc=004000c8
#530    pc=004000a4   x10(a0)=00000003
#531    pc=004000a8   x1(ra)=004000a8
#532    pc=004000ac   x1(ra)=004000b0
#533    pc=00400014
#534    pc=00400018   x15(a5)=00000001
#535    pc=0040001c
#536    pc=00400020   x15(a5)=10000000
#537    pc=00400024
#538    pc=00400028
#539    pc=0040002c
#540    pc=00400030
#541    pc=00400034
#542    pc=00400038
#543    pc=0040003c
#544    pc=00400040   x13(a3)=0000000c
#545    pc=00400044   x14(a4)=0ffffffc
#546    pc=00400048   x13(a3)=10000008
#547    pc=0040004c   x14(a4)=00000001
#548    pc=00400050
#549    pc=00400054
#550    pc=00400058
#551    pc=0040005c   x15(a5)=10000004
#552    pc=00400060
#553    pc=0040004c
#554    pc=00400050   x12(a2)=00000001
#555    pc=00400054   x14(a4)=00000002
#556    pc=00400058
#557    pc=0040005c   x15(a5)=10000008
#558    pc=00400060
#559    pc=00400064   x10(a0)=0000000c
#560    pc=00400068   x15(a5)=10000000
#561    pc=0040006c
#562    pc=00400070   x10(a0)=1000000c
#563    pc=00400074   x10(a0)=00000002
#564    pc=00400078
#565    pc=004000b0   x18(s2)=00000019
#566    pc=004000b4   x8(s0/fp)=00000004
#567    pc=004000b8   x15(a5)=00000000
#568    pc=004000bc   x15(a5)=ffffffff
#569    pc=004000c0
#570    pc=004000c4   x9(s1)=00000074
#571    pc=004000c8
#572    pc=004000a4   x10(a0)=00000004
#573    pc=004000a8   x1(ra)=004000a8
#574    pc=004000ac   x1(ra)=004000b0
#575    pc=00400014
#576    pc=00400018   x15(a5)=00000001
#577    pc=0040001c
#578    pc=00400020   x15(a5)=10000000
#579    pc=00400024
#580    pc=00400028
#581    pc=0040002c   x14(a4)=00000001
#582    pc=00400030
#583    pc=00400034
#584    pc=00400038
#585    pc=0040003c
#586    pc=00400040   x13(a3)=00000010
#587    pc=00400044   x14(a4)=0ffffffc
#588    pc=00400048   x13(a3)=1000000c
#589    pc=0040004c   x14(a4)=00000001
#590    pc=00400050   x12(a2)=00000000
#591    pc=00400054
#592    pc=00400058
#593    pc=0040005c   x15(a5)=10000004
#594    pc=00400060
#595    pc=0040004c
#596    pc=00400050   x12(a2)=00000001
#597    pc=00400054   x14(a4)=00000002
#598    pc=00400058
#599    pc=0040005c   x15(a5)=10000008
#600    pc=00400060
#601    pc=0040004c
#602    pc=00400050
#603    pc=00400054   x14(a4)=00000003
#604    pc=00400058
#605    pc=0040005c   x15(a5)=1000000c
#606    pc=00400060
#607    pc=00400064   x10(a0)=00000010
#608    pc=00400068   x15(a5)=10000000
#609    pc=0040006c
#610    pc=00400070   x10(a0)=10000010
#611    pc=00400074   x10(a0)=00000003
#612    pc=00400078
#613    pc=004000b0   x18(s2)=0000001c
#614    pc=004000b4   x8(s0/fp)=00000005
#615    pc=004000b8   x15(a5)=00000001
#616    pc=004000bc   x15(a5)=00000000
#617    pc=004000c0   x8(s0/fp)=00000000
#618    pc=004000c4   x9(s1)=00000073
#619    pc=004000c8
#620    pc=004000a4   x10(a0)=00000000
#621    pc=004000a8   x1(ra)=004000a8
#622    pc=004000ac   x1(ra)=004000b0
#623    pc=00400014
#624    pc=00400078
#625    pc=004000b0
#626    pc=004000b4   x8(s0/fp)=00000001
#627    pc=004000b8
#628    pc=004000bc   x15(a5)=ffffffff
#629    pc=004000c0
#630    pc=004000c4   x9(s1)=00000072
#631    pc=004000c8
#632    pc=004000a4   x10(a0)=00000001
#633    pc=004000a8   x1(ra)=004000a8
#634    pc=004000ac   x1(ra)=004000b0
#635    pc=00400014
#636    pc=00400018   x15(a5)=00000001
#637    pc=0040001c
#638    pc=00400078
#639    pc=004000b0   x18(s2)=0000001d
#640    pc=004000b4   x8(s0/fp)=00000002
#641    pc=004000b8   x15(a5)=00000000
#642    pc=004000bc   x15(a5)=ffffffff
#643    pc=004000c0
#644    pc=004000c4   x9(s1)=00000071
#645    pc=004000c8
#646    pc=004000a4   x10(a0)=00000002
#647    pc=004000a8   x1(ra)=004000a8
#648    pc=004000ac   x1(ra)=004000b0
#649    pc=00400014
#650    pc=00400018   x15(a5)=00000001
#651    pc=0040001c
#652    pc=00400020   x15(a5)=10000000
#653    pc=00400024
#654    pc=00400028
#655    pc=0040002c   x14(a4)=00000001
#656    pc=00400030
#657    pc=00400034
#658    pc=00400038
#659    pc=0040003c
#660    pc=00400040   x13(a3)=00000008
#661    pc=00400044   x14(a4)=0ffffffc
#662    pc=00400048   x13(a3)=10000004
#663    pc=0040004c   x14(a4)=00000001
#664    pc=00400050   x12(a2)=00000000
#665    pc=00400054
#666    pc=00400058
#667    pc=0040005c   x15(a5)=10000004
#668    pc=00400060
#669    pc=00400064   x10(a0)=00000008
#670    pc=00400068   x15(a5)=10000000
#671    pc=0040006c
#672    pc=00400070   x10(a0)=10000008
#673    pc=00400074   x10(a0)=00000001
#674    pc=00400078
#675    pc=004000b0   x18(s2)=0000001e
#676    pc=004000b4   x8(s0/fp)=00000003
#677    pc=004000b8   x15(a5)=00000000
#678    pc=004000bc   x15(a5)=ffffffff
#679    pc=004000c0
#680    pc=004000c4   x9(s1)=00000070
#681    pc=004000c8
#682    pc=004000a4   x10(a0)=00000003
#683    pc=004000a8   x1(ra)=004000a8
#684    pc=004000ac   x1(ra)=004000b0
#685    pc=00400014
#686    pc=00400018   x15(a5)=00000001
#687    pc=0040001c
#688    pc=00400020   x15(a5)=10000000
#689    pc=00400024
#690    pc=00400028
#691    pc=0040002c
#692    pc=00400030
#693    pc=00400034
#694    pc=00400038
#695    pc=0040003c
#696    pc=00400040   x13(a3)=0000000c
#697    pc=00400044   x14(a4)=0ffffffc
#698    pc=00400048   x13(a3)=10000008
#699    pc=0040004c   x14(a4)=00000001
#700    pc=00400050
#701    pc=00400054
#702    pc=00400058
#703    pc=0040005c   x15(a5)=10000004
#704    pc=00400060
#705    pc=0040004c
#706    pc=00400050   x12(a2)=00000001
#707    pc=00400054   x14(a4)=00000002
#708    pc=00400058
#709    pc=0040005c   x15(a5)=10000008
#710    pc=00400060
#711    pc=00400064   x10(a0)=0000000c
#712    pc=00400068   x15(a5)=10000000
#713    pc=0040006c
#714    pc=00400070   x10(a0)=1000000c
#715    pc=00400074   x10(a0)=00000002
#716    pc=00400078
#717    pc=004000b0   x18(s2)=00000020
#718    pc=004000b4   x8(s0/fp)=00000004
#719    pc=004000b8   x15(a5)=00000000
#720    pc=004000bc   x15(a5)=ffffffff
#721    pc=004000c0
#722    pc=004000c4   x9(s1)=0000006f
#723    pc=004000c8
#724    pc=004000a4   x10(a0)=00000004
#725    pc=004000a8   x1(ra)=004000a8
#726    pc=004000ac   x1(ra)=004000b0
#727    pc=00400014
#728    pc=00400018   x15(a5)=00000001
#729    pc=0040001c
#730    pc=00400020   x15(a5)=10000000
#731    pc=00400024
#732    pc=00400028
#733    pc=0040002c   x14(a4)=00000001
#734    pc=00400030
#735    pc=00400034
#736    pc=00400038
#737    pc=0040003c
#738    pc=00400040   x13(a3)=00000010
#739    pc=00400044   x14(a4)=0ffffffc
#740    pc=00400048   x13(a3)=1000000c
#741    pc=0040004c   x14(a4)=00000001
#742    pc=00400050   x12(a2)=00000000
#743    pc=00400054
#744    pc=00400058
#745    pc=0040005c   x15(a5)=10000004
#746    pc=00400060
#747    pc=0040004c
#748    pc=00400050   x12(a2)=00000001
#749    pc=00400054   x14(a4)=00000002
#750    pc=00400058
#751    pc=0040005c   x15(a5)=10000008
#752    pc=00400060
#753    pc=0040004c
#754    pc=00400050
#755    pc=00400054   x14(a4)=00000003
#756    pc=00400058
#757    pc=0040005c   x15(a5)=1000000c
#758    pc=00400060
#759    pc=00400064   x10(a0)=00000010
#760    pc=00400068   x15(a5)=10000000
#761    pc=0040006c
#762    pc=00400070   x10(a0)=10000010
#763    pc=00400074   x10(a0)=00000003
#764    pc=00400078
#765    pc=004000b0   x18(s2)=00000023
#766    pc=004000b4   x8(s0/fp)=00000005
#767    pc=004000b8   x15(a5)=00000001
#768    pc=004000bc   x15(a5)=00000000
#769    pc=004000c0   x8(s0/fp)=00000000
#770    pc=004000c4   x9(s1)=0000006e
#771    pc=004000c8
#772    pc=004000a4   x10(a0)=00000000
#773    pc=004000a8   x1(ra)=004000a8
#774    pc=004000ac   x1(ra)=004000b0
#775    pc=00400014
#776    pc=00400078
#777    pc=004000b0
#778    pc=004000b4   x8(s0/fp)=00000001
#779    pc=004000b8
#780    pc=004000bc   x15(a5)=ffffffff
#781    pc=004000c0
#782    pc=004000c4   x9(s1)=0000006d
#783    pc=004000c8
#784    pc=004000a4   x10(a0)=00000001
#785    pc=004000a8   x1(ra)=004000a8
#786    pc=004000ac   x1(ra)=004000b0
#787    pc=00400014
#788    pc=00400018   x15(a5)=00000001
#789    pc=0040001c
#790    pc=00400078
#791    pc=004000b0   x18(s2)=00000024
#792    pc=004000b4   x8(s0/fp)=00000002
#793    pc=004000b8   x15(a5)=00000000
#794    pc=004000bc   x15(a5)=ffffffff
#795    pc=004000c0
#796    pc=004000c4   x9(s1)=0000006c
#797    pc=004000c8
#798    pc=004000a4   x10(a0)=00000002
#799    pc=004000a8   x1(ra)=004000a8
#800    pc=004000ac   x1(ra)=004000b0
#801    pc=00400014
#802    pc=00400018   x15(a5)=00000001
#803    pc=0040001c
#804    pc=00400020   x15(a5)=10000000
#805    pc=00400024
#806    pc=00400028
#807    pc=0040002c   x14(a4)=00000001
#808    pc=00400030
#809    pc=00400034
#810    pc=00400038
#811    pc=0040003c
#812    pc=00400040   x13(a3)=00000008
#813    pc=00400044   x14(a4)=0ffffffc
#814    pc=00400048   x13(a3)=10000004
#815    pc=0040004c   x14(a4)=00000001
#816    pc=00400050   x12(a2)=00000000
#817    pc=00400054
#818    pc=00400058
#819    pc=0040005c   x15(a5)=10000004
#820    pc=00400060
#821    pc=00400064   x10(a0)=00000008
#822    pc=00400068   x15(a5)=10000000
#823    pc=0040006c
#824    pc=00400070   x10(a0)=10000008
#825    pc=00400074   x10(a0)=00000001
#826    pc=00400078
#827    pc=004000b0   x18(s2)=00000025
#828    pc=004000b4   x8(s0/fp)=00000003
#829    pc=004000b8   x15(a5)=00000000
#830    pc=004000bc   x15(a5)=ffffffff
#831    pc=004000c0
#832    pc=004000c4   x9(s1)=0000006b
#833    pc=004000c8
#834    pc=004000a4   x10(a0)=00000003
#835    pc=004000a8   x1(ra)=004000a8
#836    pc=004000ac   x1(ra)=004000b0
#837    pc=00400014
#838    pc=00400018   x15(a5)=00000001
#839    pc=0040001c
#840    pc=00400020   x15(a5)=10000000
#841    pc=00400024
#842    pc=00400028
#843    pc=0040002c
#844    pc=00400030
#845    pc=00400034
#846    pc=00400038
#847    pc=0040003c
#848    pc=00400040   x13(a3)=0000000c
#849    pc=00400044   x14(a4)=0ffffffc
#850    pc=00400048   x13(a3)=10000008
#851    pc=0040004c   x14(a4)=00000001
#852    pc=00400050
#853    pc=00400054
#854    pc=00400058
#855    pc=0040005c   x15(a5)=10000004
#856    pc=00400060
#857    pc=0040004c
#858    pc=00400050   x12(a2)=00000001
#859    pc=00400054   x14(a4)=00000002
#860    pc=00400058
#861    pc=0040005c   x15(a5)=10000008
#862    pc=00400060
#863    pc=00400064   x10(a0)=0000000c
#864    pc=00400068   x15(a5)=10000000
#865    pc=0040006c
#866    pc=00400070   x10(a0)=1000000c
#867    pc=00400074   x10(a0)=00000002
#868    pc=00400078
#869    pc=004000b0   x18(s2)=00000027
#870    pc=004000b4   x8(s0/fp)=00000004
#871    pc=004000b8   x15(a5)=00000000
#872    pc=004000bc   x15(a5)=ffffffff
#873    pc=004000c0
#874    pc=004000c4   x9(s1)=0000006a
#875    pc=004000c8
#876    pc=004000a4   x10(a0)=00000004
#877    pc=004000a8   x1(ra)=004000a8
#878    pc=004000ac   x1(ra)=004000b0
#879    pc=00400014
#880    pc=00400018   x15(a5)=00000001
#881    pc=0040001c
#882    pc=00400020   x15(a5)=10000000
#883    pc=00400024
#884    pc=00400028
#885    pc=0040002c   x14(a4)=00000001
#886    pc=00400030
#887    pc=00400034
#888    pc=00400038
#889    pc=0040003c
#890    pc=00400040   x13(a3)=00000010
#891    pc=00400044   x14(a4)=0ffffffc
#892    pc=00400048   x13(a3)=1000000c
#893    pc=0040004c   x14(a4)=00000001
#894    pc=00400050   x12(a2)=00000000
#895    pc=00400054
#896    pc=00400058
#897    pc=0040005c   x15(a5)=10000004
#898    pc=00400060
#899    pc=0040004c
#900    pc=00400050   x12(a2)=00000001
#901    pc=00400054   x14(a4)=00000002
#902    pc=00400058
#903    pc=0040005c   x15(a5)=10000008
#904    pc=00400060
#905    pc=0040004c
#906    pc=00400050
#907    pc=00400054   x14(a4)=00000003
#908    pc=00400058
#909    pc=0040005c   x15(a5)=1000000c
#910    pc=00400060
#911    pc=00400064   x10(a0)=00000010
#912    pc=00400068   x15(a5)=10000000
#913    pc=0040006c
#914    pc=00400070   x10(a0)=10000010
#915    pc=00400074   x10(a0)=00000003
#916    pc=00400078
#917    pc=004000b0   x18(s2)=0000002a
#918    pc=004000b4   x8(s0/fp)=00000005
#919    pc=004000b8   x15(a5)=00000001
#920    pc=004000bc   x15(a5)=00000000
#921    pc=004000c0   x8(s0/fp)=00000000
#922    pc=004000c4   x9(s1)=00000069
#923    pc=004000c8
#924    pc=004000a4   x10(a0)=00000000
#925    pc=004000a8   x1(ra)=004000a8
#926    pc=004000ac   x1(ra)=004000b0
#927    pc=00400014
#928    pc=00400078
#929    pc=004000b0
#930    pc=004000b4   x8(s0/fp)=00000001
#931    pc=004000b8
#932    pc=004000bc   x15(a5)=ffffffff
#933    pc=004000c0
#934    pc=004000c4   x9(s1)=00000068
#935    pc=004000c8
#936    pc=004000a4   x10(a0)=00000001
#937    pc=004000a8   x1(ra)=004000a8
#938    pc=004000ac   x1(ra)=004000b0
#939    pc=00400014
#940    pc=00400018   x15(a5)=00000001
#941    pc=0040001c
#942    pc=00400078
#943    pc=004000b0   x18(s2)=0000002b
#944    pc=004000b4   x8(s0/fp)=00000002
#945    pc=004000b8   x15(a5)=00000000
#946    pc=004000bc   x15(a5)=ffffffff
#947    pc=004000c0
#948    pc=004000c4   x9(s1)=00000067
#949    pc=004000c8
#950    pc=004000a4   x10(a0)=00000002
#951    pc=004000a8   x1(ra)=004000a8
#952    pc=004000ac   x1(ra)=004000b0
#953    pc=00400014
#954    pc=00400018   x15(a5)=00000001
#955    pc=0040001c
#956    pc=00400020   x15(a5)=10000000
#957    pc=00400024
#958    pc=00400028
#959    pc=0040002c   x14(a4)=00000001
#960    pc=00400030
#961    pc=00400034
#962    pc=00400038
#963    pc=0040003c
#964    pc=00400040   x13(a3)=00000008
#965    pc=00400044   x14(a4)=0ffffffc
#966    pc=00400048   x13(a3)=10000004
#967    pc=0040004c   x14(a4)=00000001
#968    pc=00400050   x12(a2)=00000000
#969    pc=00400054
#970    pc=00400058
#971    pc=0040005c   x15(a5)=10000004
#972    pc=00400060
#973    pc=00400064   x10(a0)=00000008
#974    pc=00400068   x15(a5)=10000000
#975    pc=0040006c
#976    pc=00400070   x10(a0)=10000008
#977    pc=00400074   x10(a0)=00000001
#978    pc=00400078
#979    pc=004000b0   x18(s2)=0000002c
#980    pc=004000b4   x8(s0/fp)=00000003
#981    pc=004000b8   x15(a5)=00000000
#982    pc=004000bc   x15(a5)=ffffffff
#983    pc=004000c0
#984    pc=004000c4   x9(s1)=00000066
#985    pc=004000c8
#986    pc=004000a4   x10(a0)=00000003
#987    pc=004000a8   x1(ra)=004000a8
#988    pc=004000ac   x1(ra)=004000b0
#989    pc=00400014
#990    pc=00400018   x15(a5)=00000001
#991    pc=0040001c
#992    pc=00400020   x15(a5)=10000000
#993    pc=00400024
#994    pc=00400028
#995    pc=0040002c
#996    pc=00400030
#997    pc=00400034
#998    pc=00400038
#999    pc=0040003c
#1000   pc=00400040   x13(a3)=0000000c
#1001   pc=00400044   x14(a4)=0ffffffc
#1002   pc=00400048   x13(a3)=10000008
#1003   pc=0040004c   x14(a4)=00000001
#1004   pc=00400050
#1005   pc=00400054
#1006   pc=00400058
#1007   pc=0040005c   x15(a5)=10000004
#1008   pc=00400060
#1009   pc=0040004c
#1010   pc=00400050   x12(a2)=00000001
#1011   pc=00400054   x14(a4)=00000002
#1012   pc=00400058
#1013   pc=0040005c   x15(a5)=10000008
#1014   pc=00400060
#1015   pc=00400064   x10(a0)=0000000c
#1016   pc=00400068   x15(a5)=10000000
#1017   pc=0040006c
#1018   pc=00400070   x10(a0)=1000000c
#1019   pc=00400074   x10(a0)=00000002
#1020   pc=00400078
#1021   pc=004000b0   x18(s2)=0000002e
#1022   pc=004000b4   x8(s0/fp)=00000004
#1023   pc=004000b8   x15(a5)=00000000
#1024   pc=004000bc   x15(a5)=ffffffff
#1025   pc=004000c0
#1026   pc=004000c4   x9(s1)=00000065
#1027   pc=004000c8
#1028   pc=004000a4   x10(a0)=00000004
#1029   pc=004000a8   x1(ra)=004000a8
#1030   pc=004000ac   x1(ra)=004000b0
#1031   pc=00400014
#1032   pc=00400018   x15(a5)=00000001
#1033   pc=0040001c
#1034   pc=00400020   x15(a5)=10000000
#1035   pc=00400024
#1036   pc=00400028
#1037   pc=0040002c   x14(a4)=00000001
#1038   pc=00400030
#1039   pc=00400034
#1040   pc=00400038
#1041   pc=0040003c
#1042   pc=00400040   x13(a3)=00000010
#1043   pc=00400044   x14(a4)=0ffffffc
#1044   pc=00400048   x13(a3)=1000000c
#1045   pc=0040004c   x14(a4)=00000001
#1046   pc=00400050   x12(a2)=00000000
#1047   pc=00400054
#1048   pc=00400058
#1049   pc=0040005c   x15(a5)=10000004
#1050   pc=00400060
#1051   pc=0040004c
#1052   pc=00400050   x12(a2)=00000001
#1053   pc=00400054   x14(a4)=00000002
#1054   pc=00400058
#1055   pc=0040005c   x15(a5)=10000008
#1056   pc=00400060
#1057   pc=0040004c
#1058   pc=00400050
#1059   pc=00400054   x14(a4)=00000003
#1060   pc=00400058
#1061   pc=0040005c   x15(a5)=1000000c
#1062   pc=00400060
#1063   pc=00400064   x10(a0)=00000010
#1064   pc=00400068   x15(a5)=10000000
#1065   pc=0040006c
#1066   pc=00400070   x10(a0)=10000010
#1067   pc=00400074   x10(a0)=00000003
#1068   pc=00400078
#1069   pc=004000b0   x18(s2)=00000031
#1070   pc=004000b4   x8(s0/fp)=00000005
#1071   pc=004000b8   x15(a5)=00000001
#1072   pc=004000bc   x15(a5)=00000000
#1073   pc=004000c0   x8(s0/fp)=00000000
#1074   pc=004000c4   x9(s1)=00000064
#1075   pc=004000c8
#1076   pc=004000a4   x10(a0)=00000000
#1077   pc=004000a8   x1(ra)=004000a8
#1078   pc=004000ac   x1(ra)=004000b0
#1079   pc=00400014
#1080   pc=00400078
#1081   pc=004000b0
#1082   pc=004000b4   x8(s0/fp)=00000001
#1083   pc=004000b8
#1084   pc=004000bc   x15(a5)=ffffffff
#1085   pc=004000c0
#1086   pc=004000c4   x9(s1)=00000063
#1087   pc=004000c8
#1088   pc=004000a4   x10(a0)=00000001
#1089   pc=004000a8   x1(ra)=004000a8
#1090   pc=004000ac   x1(ra)=004000b0
#1091   pc=00400014
#1092   pc=00400018   x15(a5)=00000001
#1093   pc=0040001c
#1094   pc=00400078
#1095   pc=004000b0   x18(s2)=00000032
#1096   pc=004000b4   x8(s0/fp)=00000002
#1097   pc=004000b8   x15(a5)=00000000
#1098   pc=004000bc   x15(a5)=ffffffff
#1099   pc=004000c0
#1100   pc=004000c4   x9(s1)=00000062
#1101   pc=004000c8
#1102   pc=004000a4   x10(a0)=00000002
#1103   pc=004000a8   x1(ra)=004000a8
#1104   pc=004000ac   x1(ra)=004000b0
#1105   pc=00400014
#1106   pc=00400018   x15(a5)=00000001
#1107   pc=0040001c
#1108   pc=00400020   x15(a5)=10000000
#1109   pc=00400024
#1110   pc=00400028
#1111   pc=0040002c   x14(a4)=00000001
#1112   pc=00400030
#1113   pc=00400034
#1114   pc=00400038
#1115   pc=0040003c
#1116   pc=00400040   x13(a3)=00000008
#1117   pc=00400044   x14(a4)=0ffffffc
#1118   pc=00400048   x13(a3)=10000004
#1119   pc=0040004c   x14(a4)=00000001
#1120   pc=00400050   x12(a2)=00000000
#1121   pc=00400054
#1122   pc=00400058
#1123   pc=0040005c   x15(a5)=10000004
#1124   pc=00400060
#1125   pc=00400064   x10(a0)=00000008
#1126   pc=00400068   x15(a5)=10000000
#1127   pc=0040006c
#1128   pc=00400070   x10(a0)=10000008
#1129   pc=00400074   x10(a0)=00000001
#1130   pc=00400078
#1131   pc=004000b0   x18(s2)=00000033
#1132   pc=004000b4   x8(s0/fp)=00000003
#1133   pc=004000b8   x15(a5)=00000000
#1134   pc=004000bc   x15(a5)=ffffffff
#1135   pc=004000c0
#1136   pc=004000c4   x9(s1)=00000061
#1137   pc=004000c8
#1138   pc=004000a4   x10(a0)=00000003
#1139   pc=004000a8   x1(ra)=004000a8
#1140   pc=004000ac   x1(ra)=004000b0
#1141   pc=00400014
#1142   pc=00400018   x15(a5)=00000001
#1143   pc=0040001c
#1144   pc=00400020   x15(a5)=10000000
#1145   pc=00400024
#1146   pc=00400028
#1147   pc=0040002c
#1148   pc=00400030
#1149   pc=00400034
#1150   pc=00400038
#1151   pc=0040003c
#1152   pc=00400040   x13(a3)=0000000c
#1153   pc=00400044   x14(a4)=0ffffffc
#1154   pc=00400048   x13(a3)=10000008
#1155   pc=0040004c   x14(a4)=00000001
#1156   pc=00400050
#1157   pc=00400054
#1158   pc=00400058
#1159   pc=0040005c   x15(a5)=10000004
#1160   pc=00400060
#1161   pc=0040004c
#1162   pc=00400050   x12(a2)=00000001
#1163   pc=00400054   x14(a4)=00000002
#1164   pc=00400058
#1165   pc=0040005c   x15(a5)=10000008
#1166   pc=00400060
#1167   pc=00400064   x10(a0)=0000000c
#1168   pc=00400068   x15(a5)=10000000
#1169   pc=0040006c
#1170   pc=00400070   x10(a0)=1000000c
#1171   pc=00400074   x10(a0)=00000002
#1172   pc=00400078
#1173   pc=004000b0   x18(s2)=00000035
#1174   pc=004000b4   x8(s0/fp)=00000004
#1175   pc=004000b8   x15(a5)=00000000
#1176   pc=004000bc   x15(a5)=ffffffff
#1177   pc=004000c0
#1178   pc=004000c4   x9(s1)=00000060
#1179   pc=004000c8
#1180   pc=004000a4   x10(a0)=00000004
#1181   pc=004000a8   x1(ra)=004000a8
#1182   pc=004000ac   x1(ra)=004000b0
#1183   pc=00400014
#1184   pc=00400018   x15(a5)=00000001
#1185   pc=0040001c
#1186   pc=00400020   x15(a5)=10000000
#1187   pc=00400024
#1188   pc=00400028
#1189   pc=0040002c   x14(a4)=00000001
#1190   pc=00400030
#1191   pc=00400034
#1192   pc=00400038
#1193   pc=0040003c
#1194   pc=00400040   x13(a3)=00000010
#1195   pc=00400044   x14(a4)=0ffffffc
#1196   pc=00400048   x13(a3)=1000000c
#1197   pc=0040004c   x14(a4)=00000001
#1198   pc=00400050   x12(a2)=00000000
#1199   pc=00400054
#1200   pc=00400058
#1201   pc=0040005c   x15(a5)=10000004
#1202   pc=00400060
#1203   pc=0040004c
#1204   pc=00400050   x12(a2)=00000001
#1205   pc=00400054   x14(a4)=00000002
#1206   pc=00400058
#1207   pc=0040005c   x15(a5)=10000008
#1208   pc=00400060
#1209   pc=0040004c
#1210   pc=00400050
#1211   pc=00400054   x14(a4)=00000003
#1212   pc=00400058
#1213   pc=0040005c   x15(a5)=1000000c
#1214   pc=00400060
#1215   pc=00400064   x10(a0)=00000010
#1216   pc=00400068   x15(a5)=10000000
#1217   pc=0040006c
#1218   pc=00400070   x10(a0)=10000010
#1219   pc=00400074   x10(a0)=00000003
#1220   pc=00400078
#1221   pc=004000b0   x18(s2)=00000038
#1222   pc=004000b4   x8(s0/fp)=00000005
#1223   pc=004000b8   x15(a5)=00000001
#1224   pc=004000bc   x15(a5)=00000000
#1225   pc=004000c0   x8(s0/fp)=00000000
#1226   pc=004000c4   x9(s1)=0000005f
#1227   pc=004000c8
#1228   pc=004000a4   x10(a0)=00000000
#1229   pc=004000a8   x1(ra)=004000a8
#1230   pc=004000ac   x1(ra)=004000b0
#1231   pc=00400014
#1232   pc=00400078
#1233   pc=004000b0
#1234   pc=004000b4   x8(s0/fp)=00000001
#1235   pc=004000b8
#1236   pc=004000bc   x15(a5)=ffffffff
#1237   pc=004000c0
#1238   pc=004000c4   x9(s1)=0000005e
#1239   pc=004000c8
#1240   pc=004000a4   x10(a0)=00000001
#1241   pc=004000a8   x1(ra)=004000a8
#1242   pc=004000ac   x1(ra)=004000b0
#1243   pc=00400014
#1244   pc=00400018   x15(a5)=00000001
#1245   pc=0040001c
#1246   pc=00400078
#1247   pc=004000b0   x18(s2)=00000039
#1248   pc=004000b4   x8(s0/fp)=00000002
#1249   pc=004000b8   x15(a5)=00000000
#1250   pc=004000bc   x15(a5)=ffffffff
#1251   pc=004000c0
#1252   pc=004000c4   x9(s1)=0000005d
#1253   pc=004000c8
#1254   pc=004000a4   x10(a0)=00000002
#1255   pc=004000a8   x1(ra)=004000a8
#1256   pc=004000ac   x1(ra)=004000b0
#1257   pc=00400014
#1258   pc=00400018   x15(a5)=00000001
#1259   pc=0040001c
#1260   pc=00400020   x15(a5)=10000000
#1261   pc=00400024
#1262   pc=00400028
#1263   pc=0040002c   x14(a4)=00000001
#1264   pc=00400030
#1265   pc=00400034
#1266   pc=00400038
#1267   pc=0040003c
#1268   pc=00400040   x13(a3)=00000008
#1269   pc=00400044   x14(a4)=0ffffffc
#1270   pc=00400048   x13(a3)=10000004
#1271   pc=0040004c   x14(a4)=00000001
#1272   pc=00400050   x12(a2)=00000000
#1273   pc=00400054
#1274   pc=00400058
#1275   pc=0040005c   x15(a5)=10000004
#1276   pc=00400060
#1277   pc=00400064   x10(a0)=00000008
#1278   pc=00400068   x15(a5)=10000000
#1279   pc=0040006c
#1280   pc=00400070   x10(a0)=10000008
#1281   pc=00400074   x10(a0)=00000001
#1282   pc=00400078
#1283   pc=004000b0   x18(s2)=0000003a
#1284   pc=004000b4   x8(s0/fp)=00000003
#1285   pc=004000b8   x15(a5)=00000000
#1286   pc=004000bc   x15(a5)=ffffffff
#1287   pc=004000c0
#1288   pc=004000c4   x9(s1)=0000005c
#1289   pc=004000c8
#1290   pc=004000a4   x10(a0)=00000003
#1291   pc=004000a8   x1(ra)=004000a8
#1292   pc=004000ac   x1(ra)=004000b0
#1293   pc=00400014
#1294   pc=00400018   x15(a5)=00000001
#1295   pc=0040001c
#1296   pc=00400020   x15(a5)=10000000
#1297   pc=00400024
#1298   pc=00400028
#1299   pc=0040002c
#1300   pc=00400030
#1301   pc=00400034
#1302   pc=00400038
#1303   pc=0040003c
#1304   pc=00400040   x13(a3)=0000000c
#1305   pc=00400044   x14(a4)=0ffffffc
#1306   pc=00400048   x13(a3)=10000008
#1307   pc=0040004c   x14(a4)=00000001
#1308   pc=00400050
#1309   pc=00400054
#1310   pc=00400058
#1311   pc=0040005c   x15(a5)=10000004
#1312   pc=00400060
#1313   pc=0040004c
#1314   pc=00400050   x12(a2)=00000001
#1315   pc=00400054   x14(a4)=00000002
#1316   pc=00400058
#1317   pc=0040005c   x15(a5)=10000008
#1318   pc=00400060
#1319   pc=00400064   x10(a0)=0000000c
#1320   pc=00400068   x15(a5)=10000000
#1321   pc=0040006c
#1322   pc=00400070   x10(a0)=1000000c
#1323   pc=00400074   x10(a0)=00000002
#1324   pc=00400078
#1325   pc=004000b0   x18(s2)=0000003c
#1326   pc=004000b4   x8(s0/fp)=00000004
#1327   pc=004000b8   x15(a5)=00000000
#1328   pc=004000bc   x15(a5)=ffffffff
#1329   pc=004000c0
#1330   pc=004000c4   x9(s1)=0000005b
#1331   pc=004000c8
#1332   pc=004000a4   x10(a0)=00000004
#1333   pc=004000a8   x1(ra)=004000a8
#1334   pc=004000ac   x1(ra)=004000b0
#1335   pc=00400014
#1336   pc=00400018   x15(a5)=00000001
#1337   pc=0040001c
#1338   pc=00400020   x15(a5)=10000000
#1339   pc=00400024
#1340   pc=00400028
#1341   pc=0040002c   x14(a4)=00000001
#1342   pc=00400030
#1343   pc=00400034
#1344   pc=00400038
#1345   pc=0040003c
#1346   pc=00400040   x13(a3)=00000010
#1347   pc=00400044   x14(a4)=0ffffffc
#1348   pc=00400048   x13(a3)=1000000c
#1349   pc=0040004c   x14(a4)=00000001
#1350   pc=00400050   x12(a2)=00000000
#1351   pc=00400054
#1352   pc=00400058
#1353   pc=0040005c   x15(a5)=10000004
#1354   pc=00400060
#1355   pc=0040004c
#1356   pc=00400050   x12(a2)=00000001
#1357   pc=00400054   x14(a4)=00000002
#1358   pc=00400058
#1359   pc=0040005c   x15(a5)=10000008
#1360   pc=00400060
#1361   pc=0040004c
#1362   pc=00400050
#1363   pc=00400054   x14(a4)=00000003
#1364   pc=00400058
#1365   pc=0040005c   x15(a5)=1000000c
#1366   pc=00400060
#1367   pc=00400064   x10(a0)=00000010
#1368   pc=00400068   x15(a5)=10000000
#1369   pc=0040006c
#1370   pc=00400070   x10(a0)=10000010
#1371   pc=00400074   x10(a0)=00000003
#1372   pc=00400078
#1373   pc=004000b0   x18(s2)=0000003f
#1374   pc=004000b4   x8(s0/fp)=00000005
#1375   pc=004000b8   x15(a5)=00000001
#1376   pc=004000bc   x15(a5)=00000000
#1377   pc=004000c0   x8(s0/fp)=00000000
#1378   pc=004000c4   x9(s1)=0000005a
#1379   pc=004000c8
#1380   pc=004000a4   x10(a0)=00000000
#1381   pc=004000a8   x1(ra)=004000a8
#1382   pc=004000ac   x1(ra)=004000b0
#1383   pc=00400014
#1384   pc=00400078
#1385   pc=004000b0
#1386   pc=004000b4   x8(s0/fp)=00000001
#1387   pc=004000b8
#1388   pc=004000bc   x15(a5)=ffffffff
#1389   pc=004000c0
#1390   pc=004000c4   x9(s1)=00000059
#1391   pc=004000c8
#1392   pc=004000a4   x10(a0)=00000001
#1393   pc=004000a8   x1(ra)=004000a8
#1394   pc=004000ac   x1(ra)=004000b0
#1395   pc=00400014
#1396   pc=00400018   x15(a5)=00000001
#1397   pc=0040001c
#1398   pc=00400078
#1399   pc=004000b0   x18(s2)=00000040
#1400   pc=004000b4   x8(s0/fp)=00000002
#1401   pc=004000b8   x15(a5)=00000000
#1402   pc=004000bc   x15(a5)=ffffffff
#1403   pc=004000c0
#1404   pc=004000c4   x9(s1)=00000058
#1405   pc=004000c8
#1406   pc=004000a4   x10(a0)=00000002
#1407   pc=004000a8   x1(ra)=004000a8
#1408   pc=004000ac   x1(ra)=004000b0
#1409   pc=00400014
#1410   pc=00400018   x15(a5)=00000001
#1411   pc=0040001c
#1412   pc=00400020   x15(a5)=10000000
#1413   pc=00400024
#1414   pc=00400028
#1415   pc=0040002c   x14(a4)=00000001
#1416   pc=00400030
#1417   pc=00400034
#1418   pc=00400038
#1419   pc=0040003c
#1420   pc=00400040   x13(a3)=00000008
#1421   pc=00400044   x14(a4)=0ffffffc
#1422   pc=00400048   x13(a3)=10000004
#1423   pc=0040004c   x14(a4)=00000001
#1424   pc=00400050   x12(a2)=00000000
#1425   pc=00400054
#1426   pc=00400058
#1427   pc=0040005c   x15(a5)=10000004
#1428   pc=00400060
#1429   pc=00400064   x10(a0)=00000008
#1430   pc=00400068   x15(a5)=10000000
#1431   pc=0040006c
#1432   pc=00400070   x10(a0)=10000008
#1433   pc=00400074   x10(a0)=00000001
#1434   pc=00400078
#1435   pc=004000b0   x18(s2)=00000041
#1436   pc=004000b4   x8(s0/fp)=00000003
#1437   pc=004000b8   x15(a5)=00000000
#1438   pc=004000bc   x15(a5)=ffffffff
#1439   pc=004000c0
#1440   pc=004000c4   x9(s1)=00000057
#1441   pc=004000c8
#1442   pc=004000a4   x10(a0)=00000003
#1443   pc=004000a8   x1(ra)=004000a8
#1444   pc=004000ac   x1(ra)=004000b0
#1445   pc=00400014
#1446   pc=00400018   x15(a5)=00000001
#1447   pc=0040001c
#1448   pc=00400020   x15(a5)=10000000
#1449   pc=00400024
#1450   pc=00400028
#1451   pc=0040002c
#1452   pc=00400030
#1453   pc=00400034
#1454   pc=00400038
#1455   pc=0040003c
#1456   pc=00400040   x13(a3)=0000000c
#1457   pc=00400044   x14(a4)=0ffffffc
#1458   pc=00400048   x13(a3)=10000008
#1459   pc=0040004c   x14(a4)=00000001
#1460   pc=00400050
#1461   pc=00400054
#1462   pc=00400058
#1463   pc=0040005c   x15(a5)=10000004
#1464   pc=00400060
#1465   pc=0040004c
#1466   pc=00400050   x12(a2)=00000001
#1467   pc=00400054   x14(a4)=00000002
#1468   pc=00400058
#1469   pc=0040005c   x15(a5)=10000008
#1470   pc=00400060
#1471   pc=00400064   x10(a0)=0000000c
#1472   pc=00400068   x15(a5)=10000000
#1473   pc=0040006c
#1474   pc=00400070   x10(a0)=1000000c
#1475   pc=00400074   x10(a0)=00000002
#1476   pc=00400078
#1477   pc=004000b0   x18(s2)=00000043
#1478   pc=004000b4   x8(s0/fp)=00000004
#1479   pc=004000b8   x15(a5)=00000000
#1480   pc=004000bc   x15(a5)=ffffffff
#1481   pc=004000c0
#1482   pc=004000c4   x9(s1)=00000056
#1483   pc=004000c8
#1484   pc=004000a4   x10(a0)=00000004
#1485   pc=004000a8   x1(ra)=004000a8
#1486   pc=004000ac   x1(ra)=004000b0
#1487   pc=00400014
#1488   pc=00400018   x15(a5)=00000001
#1489   pc=0040001c
#1490   pc=00400020   x15(a5)=10000000
#1491   pc=00400024
#1492   pc=00400028
#1493   pc=0040002c   x14(a4)=00000001
#1494   pc=00400030
#1495   pc=00400034
#1496   pc=00400038
#1497   pc=0040003c
#1498   pc=00400040   x13(a3)=00000010
#1499   pc=00400044   x14(a4)=0ffffffc
#1500   pc=00400048   x13(a3)=1000000c
#1501   pc=0040004c   x14(a4)=00000001
#1502   pc=00400050   x12(a2)=00000000
#1503   pc=00400054
#1504   pc=00400058
#1505   pc=0040005c   x15(a5)=10000004
#1506   pc=00400060
#1507   pc=0040004c
#1508   pc=00400050   x12(a2)=00000001
#1509   pc=00400054   x14(a4)=00000002
#1510   pc=00400058
#1511   pc=0040005c   x15(a5)=10000008
#1512   pc=00400060
#1513   pc=0040004c
#1514   pc=00400050
#1515   pc=00400054   x14(a4)=00000003
#1516   pc=00400058
#1517   pc=0040005c   x15(a5)=1000000c
#1518   pc=00400060
#1519   pc=00400064   x10(a0)=00000010
#1520   pc=00400068   x15(a5)=10000000
#1521   pc=0040006c
#1522   pc=00400070   x10(a0)=10000010
#1523   pc=00400074   x10(a0)=00000003
#1524   pc=00400078
#1525   pc=004000b0   x18(s2)=00000046
#1526   pc=004000b4   x8(s0/fp)=00000005
#1527   pc=004000b8   x15(a5)=00000001
#1528   pc=004000bc   x15(a5)=00000000
#1529   pc=004000c0   x8(s0/fp)=00000000
#1530   pc=004000c4   x9(s1)=00000055
#1531   pc=004000c8
#1532   pc=004000a4   x10(a0)=00000000
#1533   pc=004000a8   x1(ra)=004000a8
#1534   pc=004000ac   x1(ra)=004000b0
#1535   pc=00400014
#1536   pc=00400078
#1537   pc=004000b0
#1538   pc=004000b4   x8(s0/fp)=00000001
#1539   pc=004000b8
#1540   pc=004000bc   x15(a5)=ffffffff
#1541   pc=004000c0
#1542   pc=004000c4   x9(s1)=00000054
#1543   pc=004000c8
#1544   pc=004000a4   x10(a0)=00000001
#1545   pc=004000a8   x1(ra)=004000a8
#1546   pc=004000ac   x1(ra)=004000b0
#1547   pc=00400014
#1548   pc=00400018   x15(a5)=00000001
#1549   pc=0040001c
#1550   pc=00400078
#1551   pc=004000b0   x18(s2)=00000047
#1552   pc=004000b4   x8(s0/fp)=00000002
#1553   pc=004000b8   x15(a5)=00000000
#1554   pc=004000bc   x15(a5)=ffffffff
#1555   pc=004000c0
#1556   pc=004000c4   x9(s1)=00000053
#1557   pc=004000c8
#1558   pc=004000a4   x10(a0)=00000002
#1559   pc=004000a8   x1(ra)=004000a8
#1560   pc=004000ac   x1(ra)=004000b0
#1561   pc=00400014
#1562   pc=00400018   x15(a5)=00000001
#1563   pc=0040001c
#1564   pc=00400020   x15(a5)=10000000
#1565   pc=00400024
#1566   pc=00400028
#1567   pc=0040002c   x14(a4)=00000001
#1568   pc=00400030
#1569   pc=00400034
#1570   pc=00400038
#1571   pc=0040003c
#1572   pc=00400040   x13(a3)=00000008
#1573   pc=00400044   x14(a4)=0ffffffc
#1574   pc=00400048   x13(a3)=10000004
#1575   pc=0040004c   x14(a4)=00000001
#1576   pc=00400050   x12(a2)=00000000
#1577   pc=00400054
#1578   pc=00400058
#1579   pc=0040005c   x15(a5)=10000004
#1580   pc=00400060
#1581   pc=00400064   x10(a0)=00000008
#1582   pc=00400068   x15(a5)=10000000
#1583   pc=0040006c
#1584   pc=00400070   x10(a0)=10000008
#1585   pc=00400074   x10(a0)=00000001
#1586   pc=00400078
#1587   pc=004000b0   x18(s2)=00000048
#1588   pc=004000b4   x8(s0/fp)=00000003
#1589   pc=004000b8   x15(a5)=00000000
#1590   pc=004000bc   x15(a5)=ffffffff
#1591   pc=004000c0
#1592   pc=004000c4   x9(s1)=00000052
#1593   pc=004000c8
#1594   pc=004000a4   x10(a0)=00000003
#1595   pc=004000a8   x1(ra)=004000a8
#1596   pc=004000ac   x1(ra)=004000b0
#1597   pc=00400014
#1598   pc=00400018   x15(a5)=00000001
#1599   pc=0040001c
#1600   pc=00400020   x15(a5)=10000000
#1601   pc=00400024
#1602   pc=00400028
#1603   pc=0040002c
#1604   pc=00400030
#1605   pc=00400034
#1606   pc=00400038
#1607   pc=0040003c
#1608   pc=00400040   x13(a3)=0000000c
#1609   pc=00400044   x14(a4)=0ffffffc
#1610   pc=00400048   x13(a3)=10000008
#1611   pc=0040004c   x14(a4)=00000001
#1612   pc=00400050
#1613   pc=00400054
#1614   pc=00400058
#1615   pc=0040005c   x15(a5)=10000004
#1616   pc=00400060
#1617   pc=0040004c
#1618   pc=00400050   x12(a2)=00000001
#1619   pc=00400054   x14(a4)=00000002
#1620   pc=00400058
#1621   pc=0040005c   x15(a5)=10000008
#1622   pc=00400060
#1623   pc=00400064   x10(a0)=0000000c
#1624   pc=00400068   x15(a5)=10000000
#1625   pc=0040006c
#1626   pc=00400070   x10(a0)=1000000c
#1627   pc=00400074   x10(a0)=00000002
#1628   pc=00400078
#1629   pc=004000b0   x18(s2)=0000004a
#1630   pc=004000b4   x8(s0/fp)=00000004
#1631   pc=004000b8   x15(a5)=00000000
#1632   pc=004000bc   x15(a5)=ffffffff
#1633   pc=004000c0
#1634   pc=004000c4   x9(s1)=00000051
#1635   pc=004000c8
#1636   pc=004000a4   x10(a0)=00000004
#1637   pc=004000a8   x1(ra)=004000a8
#1638   pc=004000ac   x1(ra)=004000b0
#1639   pc=00400014
#1640   pc=00400018   x15(a5)=00000001
#1641   pc=0040001c
#1642   pc=00400020   x15(a5)=10000000
#1643   pc=00400024
#1644   pc=00400028
#1645   pc=0040002c   x14(a4)=00000001
#1646   pc=00400030
#1647   pc=00400034
#1648   pc=00400038
#1649   pc=0040003c
#1650   pc=00400040   x13(a3)=00000010
#1651   pc=00400044   x14(a4)=0ffffffc
#1652   pc=00400048   x13(a3)=1000000c
#1653   pc=0040004c   x14(a4)=00000001
#1654   pc=00400050   x12(a2)=00000000
#1655   pc=00400054
#1656   pc=00400058
#1657   pc=0040005c   x15(a5)=10000004
#1658   pc=00400060
#1659   pc=0040004c
#1660   pc=00400050   x12(a2)=00000001
#1661   pc=00400054   x14(a4)=00000002
#1662   pc=00400058
#1663   pc=0040005c   x15(a5)=10000008
#1664   pc=00400060
#1665   pc=0040004c
#1666   pc=00400050
#1667   pc=00400054   x14(a4)=00000003
#1668   pc=00400058
#1669   pc=0040005c   x15(a5)=1000000c
#1670   pc=00400060
#1671   pc=00400064   x10(a0)=00000010
#1672   pc=00400068   x15(a5)=10000000
#1673   pc=0040006c
#1674   pc=00400070   x10(a0)=10000010
#1675   pc=00400074   x10(a0)=00000003
#1676   pc=00400078
#1677   pc=004000b0   x18(s2)=0000004d
#1678   pc=004000b4   x8(s0/fp)=00000005
#1679   pc=004000b8   x15(a5)=00000001
#1680   pc=004000bc   x15(a5)=00000000
#1681   pc=004000c0   x8(s0/fp)=00000000
#1682   pc=004000c4   x9(s1)=00000050
#1683   pc=004000c8
#1684   pc=004000a4   x10(a0)=00000000
#1685   pc=004000a8   x1(ra)=004000a8
#1686   pc=004000ac   x1(ra)=004000b0
#1687   pc=00400014
#1688   pc=00400078
#1689   pc=004000b0
#1690   pc=004000b4   x8(s0/fp)=00000001
#1691   pc=004000b8
#1692   pc=004000bc   x15(a5)=ffffffff
#1693   pc=004000c0
#1694   pc=004000c4   x9(s1)=0000004f
#1695   pc=004000c8
#1696   pc=004000a4   x10(a0)=00000001
#1697   pc=004000a8   x1(ra)=004000a8
#1698   pc=004000ac   x1(ra)=004000b0
#1699   pc=00400014
#1700   pc=00400018   x15(a5)=00000001
#1701   pc=0040001c
#1702   pc=00400078
#1703   pc=004000b0   x18(s2)=0000004e
#1704   pc=004000b4   x8(s0/fp)=00000002
#1705   pc=004000b8   x15(a5)=00000000
#1706   pc=004000bc   x15(a5)=ffffffff
#1707   pc=004000c0
#1708   pc=004000c4   x9(s1)=0000004e
#1709   pc=004000c8
#1710   pc=004000a4   x10(a0)=00000002
#1711   pc=004000a8   x1(ra)=004000a8
#1712   pc=004000ac   x1(ra)=004000b0
#1713   pc=00400014
#1714   pc=00400018   x15(a5)=00000001
#1715   pc=0040001c
#1716   pc=00400020   x15(a5)=10000000
#1717   pc=00400024
#1718   pc=00400028
#1719   pc=0040002c   x14(a4)=00000001
#1720   pc=00400030
#1721   pc=00400034
#1722   pc=00400038
#1723   pc=0040003c
#1724   pc=00400040   x13(a3)=00000008
#1725   pc=00400044   x14(a4)=0ffffffc
#1726   pc=00400048   x13(a3)=10000004
#1727   pc=0040004c   x14(a4)=00000001
#1728   pc=00400050   x12(a2)=00000000
#1729   pc=00400054
#1730   pc=00400058
#1731   pc=0040005c   x15(a5)=10000004
#1732   pc=00400060
#1733   pc=00400064   x10(a0)=00000008
#1734   pc=00400068   x15(a5)=10000000
#1735   pc=0040006c
#1736   pc=00400070   x10(a0)=10000008
#1737   pc=00400074   x10(a0)=00000001
#1738   pc=00400078
#1739   pc=004000b0   x18(s2)=0000004f
#1740   pc=004000b4   x8(s0/fp)=00000003
#1741   pc=004000b8   x15(a5)=00000000
#1742   pc=004000bc   x15(a5)=ffffffff
#1743   pc=004000c0
#1744   pc=004000c4   x9(s1)=0000004d
#1745   pc=004000c8
#1746   pc=004000a4   x10(a0)=00000003
#1747   pc=004000a8   x1(ra)=004000a8
#1748   pc=004000ac   x1(ra)=004000b0
#1749   pc=00400014
#1750   pc=00400018   x15(a5)=00000001
#1751   pc=0040001c
#1752   pc=00400020   x15(a5)=10000000
#1753   pc=00400024
#1754   pc=00400028
#1755   pc=0040002c
#1756   pc=00400030
#1757   pc=00400034
#1758   pc=00400038
#1759   pc=0040003c
#1760   pc=00400040   x13(a3)=0000000c
#1761   pc=00400044   x14(a4)=0ffffffc
#1762   pc=00400048   x13(a3)=10000008
#1763   pc=0040004c   x14(a4)=00000001
#1764   pc=00400050
#1765   pc=00400054
#1766   pc=00400058
#1767   pc=0040005c   x15(a5)=10000004
#1768   pc=00400060
#1769   pc=0040004c
#1770   pc=00400050   x12(a2)=00000001
#1771   pc=00400054   x14(a4)=00000002
#1772   pc=00400058
#1773   pc=0040005c   x15(a5)=10000008
#1774   pc=00400060
#1775   pc=00400064   x10(a0)=0000000c
#1776   pc=00400068   x15(a5)=10000000
#1777   pc=0040006c
#1778   pc=00400070   x10(a0)=1000000c
#1779   pc=00400074   x10(a0)=00000002
#1780   pc=00400078
#1781   pc=004000b0   x18(s2)=00000051
#1782   pc=004000b4   x8(s0/fp)=00000004
#1783   pc=004000b8   x15(a5)=00000000
#1784   pc=004000bc   x15(a5)=ffffffff
#1785   pc=004000c0
#1786   pc=004000c4   x9(s1)=0000004c
#1787   pc=004000c8
#1788   pc=004000a4   x10(a0)=00000004
#1789   pc=004000a8   x1(ra)=004000a8
#1790   pc=004000ac   x1(ra)=004000b0
#1791   pc=00400014
#1792   pc=00400018   x15(a5)=00000001
#1793   pc=0040001c
#1794   pc=00400020   x15(a5)=10000000
#1795   pc=00400024
#1796   pc=00400028
#1797   pc=0040002c   x14(a4)=00000001
#1798   pc=00400030
#1799   pc=00400034
#1800   pc=00400038
#1801   pc=0040003c
#1802   pc=00400040   x13(a3)=00000010
#1803   pc=00400044   x14(a4)=0ffffffc
#1804   pc=00400048   x13(a3)=1000000c
#1805   pc=0040004c   x14(a4)=00000001
#1806   pc=00400050   x12(a2)=00000000
#1807   pc=00400054
#1808   pc=00400058
#1809   pc=0040005c   x15(a5)=10000004
#1810   pc=00400060
#1811   pc=0040004c
#1812   pc=00400050   x12(a2)=00000001
#1813   pc=00400054   x14(a4)=00000002
#1814   pc=00400058
#1815   pc=0040005c   x15(a5)=10000008
#1816   pc=00400060
#1817   pc=0040004c
#1818   pc=00400050
#1819   pc=00400054   x14(a4)=00000003
#1820   pc=00400058
#1821   pc=0040005c   x15(a5)=1000000c
#1822   pc=00400060
#1823   pc=00400064   x10(a0)=00000010
#1824   pc=00400068   x15(a5)=10000000
#1825   pc=0040006c
#1826   pc=00400070   x10(a0)=10000010
#1827   pc=00400074   x10(a0)=00000003
#1828   pc=00400078
#1829   pc=004000b0   x18(s2)=00000054
#1830   pc=004000b4   x8(s0/fp)=00000005
#1831   pc=004000b8   x15(a5)=00000001
#1832   pc=004000bc   x15(a5)=00000000
#1833   pc=004000c0   x8(s0/fp)=00000000
#1834   pc=004000c4   x9(s1)=0000004b
#1835   pc=004000c8
#1836   pc=004000a4   x10(a0)=00000000
#1837   pc=004000a8   x1(ra)=004000a8
#1838   pc=004000ac   x1(ra)=004000b0
#1839   pc=00400014
#1840   pc=00400078
#1841   pc=004000b0
#1842   pc=004000b4   x8(s0/fp)=00000001
#1843   pc=004000b8
#1844   pc=004000bc   x15(a5)=ffffffff
#1845   pc=004000c0
#1846   pc=004000c4   x9(s1)=0000004a
#1847   pc=004000c8
#1848   pc=004000a4   x10(a0)=00000001
#1849   pc=004000a8   x1(ra)=004000a8
#1850   pc=004000ac   x1(ra)=004000b0
#1851   pc=00400014
#1852   pc=00400018   x15(a5)=00000001
#1853   pc=0040001c
#1854   pc=00400078
#1855   pc=004000b0   x18(s2)=00000055
#1856   pc=004000b4   x8(s0/fp)=00000002
#1857   pc=004000b8   x15(a5)=00000000
#1858   pc=004000bc   x15(a5)=ffffffff
#1859   pc=004000c0
#1860   pc=004000c4   x9(s1)=00000049
#1861   pc=004000c8
#1862   pc=004000a4   x10(a0)=00000002
#1863   pc=004000a8   x1(ra)=004000a8
#1864   pc=004000ac   x1(ra)=004000b0
#1865   pc=00400014
#1866   pc=00400018   x15(a5)=00000001
#1867   pc=0040001c
#1868   pc=00400020   x15(a5)=10000000
#1869   pc=00400024
#1870   pc=00400028
#1871   pc=0040002c   x14(a4)=00000001
#1872   pc=00400030
#1873   pc=00400034
#1874   pc=00400038
#1875   pc=0040003c
#1876   pc=00400040   x13(a3)=00000008
#1877   pc=00400044   x14(a4)=0ffffffc
#1878   pc=00400048   x13(a3)=10000004
#1879   pc=0040004c   x14(a4)=00000001
#1880   pc=00400050   x12(a2)=00000000
#1881   pc=00400054
#1882   pc=00400058
#1883   pc=0040005c   x15(a5)=10000004
#1884   pc=00400060
#1885   pc=00400064   x10(a0)=00000008
#1886   pc=00400068   x15(a5)=10000000
#1887   pc=0040006c
#1888   pc=00400070   x10(a0)=10000008
#1889   pc=00400074   x10(a0)=00000001
#1890   pc=00400078
#1891   pc=004000b0   x18(s2)=00000056
#1892   pc=004000b4   x8(s0/fp)=00000003
#1893   pc=004000b8   x15(a5)=00000000
#1894   pc=004000bc   x15(a5)=ffffffff
#1895   pc=004000c0
#1896   pc=004000c4   x9(s1)=00000048
#1897   pc=004000c8
#1898   pc=004000a4   x10(a0)=00000003
#1899   pc=004000a8   x1(ra)=004000a8
#1900   pc=004000ac   x1(ra)=004000b0
#1901   pc=00400014
#1902   pc=00400018   x15(a5)=00000001
#1903   pc=0040001c
#1904   pc=00400020   x15(a5)=10000000
#1905   pc=00400024
#1906   pc=00400028
#1907   pc=0040002c
#1908   pc=00400030
#1909   pc=00400034
#1910   pc=00400038
#1911   pc=0040003c
#1912   pc=00400040   x13(a3)=0000000c
#1913   pc=00400044   x14(a4)=0ffffffc
#1914   pc=00400048   x13(a3)=10000008
#1915   pc=0040004c   x14(a4)=00000001
#1916   pc=00400050
#1917   pc=00400054
#1918   pc=00400058
#1919   pc=0040005c   x15(a5)=10000004
#1920   pc=00400060
#1921   pc=0040004c
#1922   pc=00400050   x12(a2)=00000001
#1923   pc=00400054   x14(a4)=00000002
#1924   pc=00400058
#1925   pc=0040005c   x15(a5)=10000008
#1926   pc=00400060
#1927   pc=00400064   x10(a0)=0000000c
#1928   pc=00400068   x15(a5)=10000000
#1929   pc=0040006c
#1930   pc=00400070   x10(a0)=1000000c
#1931   pc=00400074   x10(a0)=00000002
#1932   pc=00400078
#1933   pc=004000b0   x18(s2)=00000058
#1934   pc=004000b4   x8(s0/fp)=00000004
#1935   pc=004000b8   x15(a5)=00000000
#1936   pc=004000bc   x15(a5)=ffffffff
#1937   pc=004000c0
#1938   pc=004000c4   x9(s1)=00000047
#1939   pc=004000c8
#1940   pc=004000a4   x10(a0)=00000004
#1941   pc=004000a8   x1(ra)=004000a8
#1942   pc=004000ac   x1(ra)=004000b0
#1943   pc=00400014
#1944   pc=00400018   x15(a5)=00000001
#1945   pc=0040001c
#1946   pc=00400020   x15(a5)=10000000
#1947   pc=00400024
#1948   pc=00400028
#1949   pc=0040002c   x14(a4)=00000001
#1950   pc=00400030
#1951   pc=00400034
#1952   pc=00400038
#1953   pc=0040003c
#1954   pc=00400040   x13(a3)=00000010
#1955   pc=00400044   x14(a4)=0ffffffc
#1956   pc=00400048   x13(a3)=1000000c
#1957   pc=0040004c   x14(a4)=00000001
#1958   pc=00400050   x12(a2)=00000000
#1959   pc=00400054
#1960   pc=00400058
#1961   pc=0040005c   x15(a5)=10000004
#1962   pc=00400060
#1963   pc=0040004c
#1964   pc=00400050   x12(a2)=00000001
#1965   pc=00400054   x14(a4)=00000002
#1966   pc=00400058
#1967   pc=0040005c   x15(a5)=10000008
#1968   pc=00400060
#1969   pc=0040004c
#1970   pc=00400050
#1971   pc=00400054   x14(a4)=00000003
#1972   pc=00400058
#1973   pc=0040005c   x15(a5)=1000000c
#1974   pc=00400060
#1975   pc=00400064   x10(a0)=00000010
#1976   pc=00400068   x15(a5)=10000000
#1977   pc=0040006c
#1978   pc=00400070   x10(a0)=10000010
#1979   pc=00400074   x10(a0)=00000003
#1980   pc=00400078
#1981   pc=004000b0   x18(s2)=0000005b
#1982   pc=004000b4   x8(s0/fp)=00000005
#1983   pc=004000b8   x15(a5)=00000001
#1984   pc=004000bc   x15(a5)=00000000
#1985   pc=004000c0   x8(s0/fp)=00000000
#1986   pc=004000c4   x9(s1)=00000046
#1987   pc=004000c8
#1988   pc=004000a4   x10(a0)=00000000
#1989   pc=004000a8   x1(ra)=004000a8
#1990   pc=004000ac   x1(ra)=004000b0
#1991   pc=00400014
#1992   pc=00400078
#1993   pc=004000b0
#1994   pc=004000b4   x8(s0/fp)=00000001
#1995   pc=004000b8
#1996   pc=004000bc   x15(a5)=ffffffff
#1997   pc=004000c0
#1998   pc=004000c4   x9(s1)=00000045
#1999   pc=004000c8
#2000   pc=004000a4   x10(a0)=00000001
#2001   pc=004000a8   x1(ra)=004000a8
#2002   pc=004000ac   x1(ra)=004000b0
#2003   pc=00400014
#2004   pc=00400018   x15(a5)=00000001
#2005   pc=0040001c
#2006   pc=00400078
#2007   pc=004000b0   x18(s2)=0000005c
#2008   pc=004000b4   x8(s0/fp)=00000002
#2009   pc=004000b8   x15(a5)=00000000
#2010   pc=004000bc   x15(a5)=ffffffff
#2011   pc=004000c0
#2012   pc=004000c4   x9(s1)=00000044
#2013   pc=004000c8
#2014   pc=004000a4   x10(a0)=00000002
#2015   pc=004000a8   x1(ra)=004000a8
#2016   pc=004000ac   x1(ra)=004000b0
#2017   pc=00400014
#2018   pc=00400018   x15(a5)=00000001
#2019   pc=0040001c
#2020   pc=00400020   x15(a5)=10000000
#2021   pc=00400024
#2022   pc=00400028
#2023   pc=0040002c   x14(a4)=00000001
#2024   pc=00400030
#2025   pc=00400034
#2026   pc=00400038
#2027   pc=0040003c
#2028   pc=00400040   x13(a3)=00000008
#2029   pc=00400044   x14(a4)=0ffffffc
#2030   pc=00400048   x13(a3)=10000004
#2031   pc=0040004c   x14(a4)=00000001
#2032   pc=00400050   x12(a2)=00000000
#2033   pc=00400054
#2034   pc=00400058
#2035   pc=0040005c   x15(a5)=10000004
#2036   pc=00400060
#2037   pc=00400064   x10(a0)=00000008
#2038   pc=00400068   x15(a5)=10000000
#2039   pc=0040006c
#2040   pc=00400070   x10(a0)=10000008
#2041   pc=00400074   x10(a0)=00000001
#2042   pc=00400078
#2043   pc=004000b0   x18(s2)=0000005d
#2044   pc=004000b4   x8(s0/fp)=00000003
#2045   pc=004000b8   x15(a5)=00000000
#2046   pc=004000bc   x15(a5)=ffffffff
#2047   pc=004000c0
#2048   pc=004000c4   x9(s1)=00000043
#2049   pc=004000c8
#2050   pc=004000a4   x10(a0)=00000003
#2051   pc=004000a8   x1(ra)=004000a8
#2052   pc=004000ac   x1(ra)=004000b0
#2053   pc=00400014
#2054   pc=00400018   x15(a5)=00000001
#2055   pc=0040001c
#2056   pc=00400020   x15(a5)=10000000
#2057   pc=00400024
#2058   pc=00400028
#2059   pc=0040002c
#2060   pc=00400030
#2061   pc=00400034
#2062   pc=00400038
#2063   pc=0040003c
#2064   pc=00400040   x13(a3)=0000000c
#2065   pc=00400044   x14(a4)=0ffffffc
#2066   pc=00400048   x13(a3)=10000008
#2067   pc=0040004c   x14(a4)=00000001
#2068   pc=00400050
#2069   pc=00400054
#2070   pc=00400058
#2071   pc=0040005c   x15(a5)=10000004
#2072   pc=00400060
#2073   pc=0040004c
#2074   pc=00400050   x12(a2)=00000001
#2075   pc=00400054   x14(a4)=00000002
#2076   pc=00400058
#2077   pc=0040005c   x15(a5)=10000008
#2078   pc=00400060
#2079   pc=00400064   x10(a0)=0000000c
#2080   pc=00400068   x15(a5)=10000000
#2081   pc=0040006c
#2082   pc=00400070   x10(a0)=1000000c
#2083   pc=00400074   x10(a0)=00000002
#2084   pc=00400078
#2085   pc=004000b0   x18(s2)=0000005f
#2086   pc=004000b4   x8(s0/fp)=00000004
#2087   pc=004000b8   x15(a5)=00000000
#2088   pc=004000bc   x15(a5)=ffffffff
#2089   pc=004000c0
#2090   pc=004000c4   x9(s1)=00000042
#2091   pc=004000c8
#2092   pc=004000a4   x10(a0)=00000004
#2093   pc=004000a8   x1(ra)=004000a8
#2094   pc=004000ac   x1(ra)=004000b0
#2095   pc=00400014
#2096   pc=00400018   x15(a5)=00000001
#2097   pc=0040001c
#2098   pc=00400020   x15(a5)=10000000
#2099   pc=00400024
#2100   pc=00400028
#2101   pc=0040002c   x14(a4)=00000001
#2102   pc=00400030
#2103   pc=00400034
#2104   pc=00400038
#2105   pc=0040003c
#2106   pc=00400040   x13(a3)=00000010
#2107   pc=00400044   x14(a4)=0ffffffc
#2108   pc=00400048   x13(a3)=1000000c
#2109   pc=0040004c   x14(a4)=00000001
#2110   pc=00400050   x12(a2)=00000000
#2111   pc=00400054
#2112   pc=00400058
#2113   pc=0040005c   x15(a5)=10000004
#2114   pc=00400060
#2115   pc=0040004c
#2116   pc=00400050   x12(a2)=00000001
#2117   pc=00400054   x14(a4)=00000002
#2118   pc=00400058
#2119   pc=0040005c   x15(a5)=10000008
#2120   pc=00400060
#2121   pc=0040004c
#2122   pc=00400050
#2123   pc=00400054   x14(a4)=00000003
#2124   pc=00400058
#2125   pc=0040005c   x15(a5)=1000000c
#2126   pc=00400060
#2127   pc=00400064   x10(a0)=00000010
#2128   pc=00400068   x15(a5)=10000000
#2129   pc=0040006c
#2130   pc=00400070   x10(a0)=10000010
#2131   pc=00400074   x10(a0)=00000003
#2132   pc=00400078
#2133   pc=004000b0   x18(s2)=00000062
#2134   pc=004000b4   x8(s0/fp)=00000005
#2135   pc=004000b8   x15(a5)=00000001
#2136   pc=004000bc   x15(a5)=00000000
#2137   pc=004000c0   x8(s0/fp)=00000000
#2138   pc=004000c4   x9(s1)=00000041
#2139   pc=004000c8
#2140   pc=004000a4   x10(a0)=00000000
#2141   pc=004000a8   x1(ra)=004000a8
#2142   pc=004000ac   x1(ra)=004000b0
#2143   pc=00400014
#2144   pc=00400078
#2145   pc=004000b0
#2146   pc=004000b4   x8(s0/fp)=00000001
#2147   pc=004000b8
#2148   pc=004000bc   x15(a5)=ffffffff
#2149   pc=004000c0
#2150   pc=004000c4   x9(s1)=00000040
#2151   pc=004000c8
#2152   pc=004000a4   x10(a0)=00000001
#2153   pc=004000a8   x1(ra)=004000a8
#2154   pc=004000ac   x1(ra)=004000b0
#2155   pc=00400014
#2156   pc=00400018   x15(a5)=00000001
#2157   pc=0040001c
#2158   pc=00400078
#2159   pc=004000b0   x18(s2)=00000063
#2160   pc=004000b4   x8(s0/fp)=00000002
#2161   pc=004000b8   x15(a5)=00000000
#2162   pc=004000bc   x15(a5)=ffffffff
#2163   pc=004000c0
#2164   pc=004000c4   x9(s1)=0000003f
#2165   pc=004000c8
#2166   pc=004000a4   x10(a0)=00000002
#2167   pc=004000a8   x1(ra)=004000a8
#2168   pc=004000ac   x1(ra)=004000b0
#2169   pc=00400014
#2170   pc=00400018   x15(a5)=00000001
#2171   pc=0040001c
#2172   pc=00400020   x15(a5)=10000000
#2173   pc=00400024
#2174   pc=00400028
#2175   pc=0040002c   x14(a4)=00000001
#2176   pc=00400030
#2177   pc=00400034
#2178   pc=00400038
#2179   pc=0040003c
#2180   pc=00400040   x13(a3)=00000008
#2181   pc=00400044   x14(a4)=0ffffffc
#2182   pc=00400048   x13(a3)=10000004
#2183   pc=0040004c   x14(a4)=00000001
#2184   pc=00400050   x12(a2)=00000000
#2185   pc=00400054
#2186   pc=00400058
#2187   pc=0040005c   x15(a5)=10000004
#2188   pc=00400060
#2189   pc=00400064   x10(a0)=00000008
#2190   pc=00400068   x15(a5)=10000000
#2191   pc=0040006c
#2192   pc=00400070   x10(a0)=10000008
#2193   pc=00400074   x10(a0)=00000001
#2194   pc=00400078
#2195   pc=004000b0   x18(s2)=00000064
#2196   pc=004000b4   x8(s0/fp)=00000003
#2197   pc=004000b8   x15(a5)=00000000
#2198   pc=004000bc   x15(a5)=ffffffff
#2199   pc=004000c0
#2200   pc=004000c4   x9(s1)=0000003e
#2201   pc=004000c8
#2202   pc=004000a4   x10(a0)=00000003
#2203   pc=004000a8   x1(ra)=004000a8
#2204   pc=004000ac   x1(ra)=004000b0
#2205   pc=00400014
#2206   pc=00400018   x15(a5)=00000001
#2207   pc=0040001c
#2208   pc=00400020   x15(a5)=10000000
#2209   pc=00400024
#2210   pc=00400028
#2211   pc=0040002c
#2212   pc=00400030
#2213   pc=00400034
#2214   pc=00400038
#2215   pc=0040003c
#2216   pc=00400040   x13(a3)=0000000c
#2217   pc=00400044   x14(a4)=0ffffffc
#2218   pc=00400048   x13(a3)=10000008
#2219   pc=0040004c   x14(a4)=00000001
#2220   pc=00400050
#2221   pc=00400054
#2222   pc=00400058
#2223   pc=0040005c   x15(a5)=10000004
#2224   pc=00400060
#2225   pc=0040004c
#2226   pc=00400050   x12(a2)=00000001
#2227   pc=00400054   x14(a4)=00000002
#2228   pc=00400058
#2229   pc=0040005c   x15(a5)=10000008
#2230   pc=00400060
#2231   pc=00400064   x10(a0)=0000000c
#2232   pc=00400068   x15(a5)=10000000
#2233   pc=0040006c
#2234   pc=00400070   x10(a0)=1000000c
#2235   pc=00400074   x10(a0)=00000002
#2236   pc=00400078
#2237   pc=004000b0   x18(s2)=00000066
#2238   pc=004000b4   x8(s0/fp)=00000004
#2239   pc=004000b8   x15(a5)=00000000
#2240   pc=004000bc   x15(a5)=ffffffff
#2241   pc=004000c0
#2242   pc=004000c4   x9(s1)=0000003d
#2243   pc=004000c8
#2244   pc=004000a4   x10(a0)=00000004
#2245   pc=004000a8   x1(ra)=004000a8
#2246   pc=004000ac   x1(ra)=004000b0
#2247   pc=00400014
#2248   pc=00400018   x15(a5)=00000001
#2249   pc=0040001c
#2250   pc=00400020   x15(a5)=10000000
#2251   pc=00400024
#2252   pc=00400028
#2253   pc=0040002c   x14(a4)=00000001
#2254   pc=00400030
#2255   pc=00400034
#2256   pc=00400038
#2257   pc=0040003c
#2258   pc=00400040   x13(a3)=00000010
#2259   pc=00400044   x14(a4)=0ffffffc
#2260   pc=00400048   x13(a3)=1000000c
#2261   pc=0040004c   x14(a4)=00000001
#2262   pc=00400050   x12(a2)=00000000
#2263   pc=00400054
#2264   pc=00400058
#2265   pc=0040005c   x15(a5)=10000004
#2266   pc=00400060
#2267   pc=0040004c
#2268   pc=00400050   x12(a2)=00000001
#2269   pc=00400054   x14(a4)=00000002
#2270   pc=00400058
#2271   pc=0040005c   x15(a5)=10000008
#2272   pc=00400060
#2273   pc=0040004c
#2274   pc=00400050
#2275   pc=00400054   x14(a4)=00000003
#2276   pc=00400058
#2277   pc=0040005c   x15(a5)=1000000c
#2278   pc=00400060
#2279   pc=00400064   x10(a0)=00000010
#2280   pc=00400068   x15(a5)=10000000
#2281   pc=0040006c
#2282   pc=00400070   x10(a0)=10000010
#2283   pc=00400074   x10(a0)=00000003
#2284   pc=00400078
#2285   pc=004000b0   x18(s2)=00000069
#2286   pc=004000b4   x8(s0/fp)=00000005
#2287   pc=004000b8   x15(a5)=00000001
#2288   pc=004000bc   x15(a5)=00000000
#2289   pc=004000c0   x8(s0/fp)=00000000
#2290   pc=004000c4   x9(s1)=0000003c
#2291   pc=004000c8
#2292   pc=004000a4   x10(a0)=00000000
#2293   pc=004000a8   x1(ra)=004000a8
#2294   pc=004000ac   x1(ra)=004000b0
#2295   pc=00400014
#2296   pc=00400078
#2297   pc=004000b0
#2298   pc=004000b4   x8(s0/fp)=00000001
#2299   pc=004000b8
#2300   pc=004000bc   x15(a5)=ffffffff
#2301   pc=004000c0
#2302   pc=004000c4   x9(s1)=0000003b
#2303   pc=004000c8
#2304   pc=004000a4   x10(a0)=00000001
#2305   pc=004000a8   x1(ra)=004000a8
#2306   pc=004000ac   x1(ra)=004000b0
#2307   pc=00400014
#2308   pc=00400018   x15(a5)=00000001
#2309   pc=0040001c
#2310   pc=00400078
#2311   pc=004000b0   x18(s2)=0000006a
#2312   pc=004000b4   x8(s0/fp)=00000002
#2313   pc=004000b8   x15(a5)=00000000
#2314   pc=004000bc   x15(a5)=ffffffff
#2315   pc=004000c0
#2316   pc=004000c4   x9(s1)=0000003a
#2317   pc=004000c8
#2318   pc=004000a4   x10(a0)=00000002
#2319   pc=004000a8   x1(ra)=004000a8
#2320   pc=004000ac   x1(ra)=004000b0
#2321   pc=00400014
#2322   pc=00400018   x15(a5)=00000001
#2323   pc=0040001c
#2324   pc=00400020   x15(a5)=10000000
#2325   pc=00400024
#2326   pc=00400028
#2327   pc=0040002c   x14(a4)=00000001
#2328   pc=00400030
#2329   pc=00400034
#2330   pc=00400038
#2331   pc=0040003c
#2332   pc=00400040   x13(a3)=00000008
#2333   pc=00400044   x14(a4)=0ffffffc
#2334   pc=00400048   x13(a3)=10000004
#2335   pc=0040004c   x14(a4)=00000001
#2336   pc=00400050   x12(a2)=00000000
#2337   pc=00400054
#2338   pc=00400058
#2339   pc=0040005c   x15(a5)=10000004
#2340   pc=00400060
#2341   pc=00400064   x10(a0)=00000008
#2342   pc=00400068   x15(a5)=10000000
#2343   pc=0040006c
#2344   pc=00400070   x10(a0)=10000008
#2345   pc=00400074   x10(a0)=00000001
#2346   pc=00400078
#2347   pc=004000b0   x18(s2)=0000006b
#2348   pc=004000b4   x8(s0/fp)=00000003
#2349   pc=004000b8   x15(a5)=00000000
#2350   pc=004000bc   x15(a5)=ffffffff
#2351   pc=004000c0
#2352   pc=004000c4   x9(s1)=00000039
#2353   pc=004000c8
#2354   pc=004000a4   x10(a0)=00000003
#2355   pc=004000a8   x1(ra)=004000a8
#2356   pc=004000ac   x1(ra)=004000b0
#2357   pc=00400014
#2358   pc=00400018   x15(a5)=00000001
#2359   pc=0040001c
#2360   pc=00400020   x15(a5)=10000000
#2361   pc=00400024
#2362   pc=00400028
#2363   pc=0040002c
#2364   pc=00400030
#2365   pc=00400034
#2366   pc=00400038
#2367   pc=0040003c
#2368   pc=00400040   x13(a3)=0000000c
#2369   pc=00400044   x14(a4)=0ffffffc
#2370   pc=00400048   x13(a3)=10000008
#2371   pc=0040004c   x14(a4)=00000001
#2372   pc=00400050
#2373   pc=00400054
#2374   pc=00400058
#2375   pc=0040005c   x15(a5)=10000004
#2376   pc=00400060
#2377   pc=0040004c
#2378   pc=00400050   x12(a2)=00000001
#2379   pc=00400054   x14(a4)=00000002
#2380   pc=00400058
#2381   pc=0040005c   x15(a5)=10000008
#2382   pc=00400060
#2383   pc=00400064   x10(a0)=0000000c
#2384   pc=00400068   x15(a5)=10000000
#2385   pc=0040006c
#2386   pc=00400070   x10(a0)=1000000c
#2387   pc=00400074   x10(a0)=00000002
#2388   pc=00400078
#2389   pc=004000b0   x18(s2)=0000006d
#2390   pc=004000b4   x8(s0/fp)=00000004
#2391   pc=004000b8   x15(a5)=00000000
#2392   pc=004000bc   x15(a5)=ffffffff
#2393   pc=004000c0
#2394   pc=004000c4   x9(s1)=00000038
#2395   pc=004000c8
#2396   pc=004000a4   x10(a0)=00000004
#2397   pc=004000a8   x1(ra)=004000a8
#2398   pc=004000ac   x1(ra)=004000b0
#2399   pc=00400014
#2400   pc=00400018   x15(a5)=00000001
#2401   pc=0040001c
#2402   pc=00400020   x15(a5)=10000000
#2403   pc=00400024
#2404   pc=00400028
#2405   pc=0040002c   x14(a4)=00000001
#2406   pc=00400030
#2407   pc=00400034
#2408   pc=00400038
#2409   pc=0040003c
#2410   pc=00400040   x13(a3)=00000010
#2411   pc=00400044   x14(a4)=0ffffffc
#2412   pc=00400048   x13(a3)=1000000c
#2413   pc=0040004c   x14(a4)=00000001
#2414   pc=00400050   x12(a2)=00000000
#2415   pc=00400054
#2416   pc=00400058
#2417   pc=0040005c   x15(a5)=10000004
#2418   pc=00400060
#2419   pc=0040004c
#2420   pc=00400050   x12(a2)=00000001
#2421   pc=00400054   x14(a4)=00000002
#2422   pc=00400058
#2423   pc=0040005c   x15(a5)=10000008
#2424   pc=00400060
#2425   pc=0040004c
#2426   pc=00400050
#2427   pc=00400054   x14(a4)=00000003
#2428   pc=00400058
#2429   pc=0040005c   x15(a5)=1000000c
#2430   pc=00400060
#2431   pc=00400064   x10(a0)=00000010
#2432   pc=00400068   x15(a5)=10000000
#2433   pc=0040006c
#2434   pc=00400070   x10(a0)=10000010
#2435   pc=00400074   x10(a0)=00000003
#2436   pc=00400078
#2437   pc=004000b0   x18(s2)=00000070
#2438   pc=004000b4   x8(s0/fp)=00000005
#2439   pc=004000b8   x15(a5)=00000001
#2440   pc=004000bc   x15(a5)=00000000
#2441   pc=004000c0   x8(s0/fp)=00000000
#2442   pc=004000c4   x9(s1)=00000037
#2443   pc=004000c8
#2444   pc=004000a4   x10(a0)=00000000
#2445   pc=004000a8   x1(ra)=004000a8
#2446   pc=004000ac   x1(ra)=004000b0
#2447   pc=00400014
#2448   pc=00400078
#2449   pc=004000b0
#2450   pc=004000b4   x8(s0/fp)=00000001
#2451   pc=004000b8
#2452   pc=004000bc   x15(a5)=ffffffff
#2453   pc=004000c0
#2454   pc=004000c4   x9(s1)=00000036
#2455   pc=004000c8
#2456   pc=004000a4   x10(a0)=00000001
#2457   pc=004000a8   x1(ra)=004000a8
#2458   pc=004000ac   x1(ra)=004000b0
#2459   pc=00400014
#2460   pc=00400018   x15(a5)=00000001
#2461   pc=0040001c
#2462   pc=00400078
#2463   pc=004000b0   x18(s2)=00000071
#2464   pc=004000b4   x8(s0/fp)=00000002
#2465   pc=004000b8   x15(a5)=00000000
#2466   pc=004000bc   x15(a5)=ffffffff
#2467   pc=004000c0
#2468   pc=004000c4   x9(s1)=00000035
#2469   pc=004000c8
#2470   pc=004000a4   x10(a0)=00000002
#2471   pc=004000a8   x1(ra)=004000a8
#2472   pc=004000ac   x1(ra)=004000b0
#2473   pc=00400014
#2474   pc=00400018   x15(a5)=00000001
#2475   pc=0040001c
#2476   pc=00400020   x15(a5)=10000000
#2477   pc=00400024
#2478   pc=00400028
#2479   pc=0040002c   x14(a4)=00000001
#2480   pc=00400030
#2481   pc=00400034
#2482   pc=00400038
#2483   pc=0040003c
#2484   pc=00400040   x13(a3)=00000008
#2485   pc=00400044   x14(a4)=0ffffffc
#2486   pc=00400048   x13(a3)=10000004
#2487   pc=0040004c   x14(a4)=00000001
#2488   pc=00400050   x12(a2)=00000000
#2489   pc=00400054
#2490   pc=00400058
#2491   pc=0040005c   x15(a5)=10000004
#2492   pc=00400060
#2493   pc=00400064   x10(a0)=00000008
#2494   pc=00400068   x15(a5)=10000000
#2495   pc=0040006c
#2496   pc=00400070   x10(a0)=10000008
#2497   pc=00400074   x10(a0)=00000001
#2498   pc=00400078
#2499   pc=004000b0   x18(s2)=00000072
#2500   pc=004000b4   x8(s0/fp)=00000003
#2501   pc=004000b8   x15(a5)=00000000
#2502   pc=004000bc   x15(a5)=ffffffff
#2503   pc=004000c0
#2504   pc=004000c4   x9(s1)=00000034
#2505   pc=004000c8
#2506   pc=004000a4   x10(a0)=00000003
#2507   pc=004000a8   x1(ra)=004000a8
#2508   pc=004000ac   x1(ra)=004000b0
#2509   pc=00400014
#2510   pc=00400018   x15(a5)=00000001
#2511   pc=0040001c
#2512   pc=00400020   x15(a5)=10000000
#2513   pc=00400024
#2514   pc=00400028
#2515   pc=0040002c
#2516   pc=00400030
#2517   pc=00400034
#2518   pc=00400038
#2519   pc=0040003c
#2520   pc=00400040   x13(a3)=0000000c
#2521   pc=00400044   x14(a4)=0ffffffc
#2522   pc=00400048   x13(a3)=10000008
#2523   pc=0040004c   x14(a4)=00000001
#2524   pc=00400050
#2525   pc=00400054
#2526   pc=00400058
#2527   pc=0040005c   x15(a5)=10000004
#2528   pc=00400060
#2529   pc=0040004c
#2530   pc=00400050   x12(a2)=00000001
#2531   pc=00400054   x14(a4)=00000002
#2532   pc=00400058
#2533   pc=0040005c   x15(a5)=10000008
#2534   pc=00400060
#2535   pc=00400064   x10(a0)=0000000c
#2536   pc=00400068   x15(a5)=10000000
#2537   pc=0040006c
#2538   pc=00400070   x10(a0)=1000000c
#2539   pc=00400074   x10(a0)=00000002
#2540   pc=00400078
#2541   pc=004000b0   x18(s2)=00000074
#2542   pc=004000b4   x8(s0/fp)=00000004
#2543   pc=004000b8   x15(a5)=00000000
#2544   pc=004000bc   x15(a5)=ffffffff
#2545   pc=004000c0
#2546   pc=004000c4   x9(s1)=00000033
#2547   pc=004000c8
#2548   pc=004000a4   x10(a0)=00000004
#2549   pc=004000a8   x1(ra)=004000a8
#2550   pc=004000ac   x1(ra)=004000b0
#2551   pc=00400014
#2552   pc=00400018   x15(a5)=00000001
#2553   pc=0040001c
#2554   pc=00400020   x15(a5)=10000000
#2555   pc=00400024
#2556   pc=00400028
#2557   pc=0040002c   x14(a4)=00000001
#2558   pc=00400030
#2559   pc=00400034
#2560   pc=00400038
#2561   pc=0040003c
#2562   pc=00400040   x13(a3)=00000010
#2563   pc=00400044   x14(a4)=0ffffffc
#2564   pc=00400048   x13(a3)=1000000c
#2565   pc=0040004c   x14(a4)=00000001
#2566   pc=00400050   x12(a2)=00000000
#2567   pc=00400054
#2568   pc=00400058
#2569   pc=0040005c   x15(a5)=10000004
#2570   pc=00400060
#2571   pc=0040004c
#2572   pc=00400050   x12(a2)=00000001
#2573   pc=00400054   x14(a4)=00000002
#2574   pc=00400058
#2575   pc=0040005c   x15(a5)=10000008
#2576   pc=00400060
#2577   pc=0040004c
#2578   pc=00400050
#2579   pc=00400054   x14(a4)=00000003
#2580   pc=00400058
#2581   pc=0040005c   x15(a5)=1000000c
#2582   pc=00400060
#2583   pc=00400064   x10(a0)=00000010
#2584   pc=00400068   x15(a5)=10000000
#2585   pc=0040006c
#2586   pc=00400070   x10(a0)=10000010
#2587   pc=00400074   x10(a0)=00000003
#2588   pc=00400078
#2589   pc=004000b0   x18(s2)=00000077
#2590   pc=004000b4   x8(s0/fp)=00000005
#2591   pc=004000b8   x15(a5)=00000001
#2592   pc=004000bc   x15(a5)=00000000
#2593   pc=004000c0   x8(s0/fp)=00000000
#2594   pc=004000c4   x9(s1)=00000032
#2595   pc=004000c8
#2596   pc=004000a4   x10(a0)=00000000
#2597   pc=004000a8   x1(ra)=004000a8
#2598   pc=004000ac   x1(ra)=004000b0
#2599   pc=00400014
#2600   pc=00400078
#2601   pc=004000b0
#2602   pc=004000b4   x8(s0/fp)=00000001
#2603   pc=004000b8
#2604   pc=004000bc   x15(a5)=ffffffff
#2605   pc=004000c0
#2606   pc=004000c4   x9(s1)=00000031
#2607   pc=004000c8
#2608   pc=004000a4   x10(a0)=00000001
#2609   pc=004000a8   x1(ra)=004000a8
#2610   pc=004000ac   x1(ra)=004000b0
#2611   pc=00400014
#2612   pc=00400018   x15(a5)=00000001
#2613   pc=0040001c
#2614   pc=00400078
#2615   pc=004000b0   x18(s2)=00000078
#2616   pc=004000b4   x8(s0/fp)=00000002
#2617   pc=004000b8   x15(a5)=00000000
#2618   pc=004000bc   x15(a5)=ffffffff
#2619   pc=004000c0
#2620   pc=004000c4   x9(s1)=00000030
#2621   pc=004000c8
#2622   pc=004000a4   x10(a0)=00000002
#2623   pc=004000a8   x1(ra)=004000a8
#2624   pc=004000ac   x1(ra)=004000b0
#2625   pc=00400014
#2626   pc=00400018   x15(a5)=00000001
#2627   pc=0040001c
#2628   pc=00400020   x15(a5)=10000000
#2629   pc=00400024
#2630   pc=00400028
#2631   pc=0040002c   x14(a4)=00000001
#2632   pc=00400030
#2633   pc=00400034
#2634   pc=00400038
#2635   pc=0040003c
#2636   pc=00400040   x13(a3)=00000008
#2637   pc=00400044   x14(a4)=0ffffffc
#2638   pc=00400048   x13(a3)=10000004
#2639   pc=0040004c   x14(a4)=00000001
#2640   pc=00400050   x12(a2)=00000000
#2641   pc=00400054
#2642   pc=00400058
#2643   pc=0040005c   x15(a5)=10000004
#2644   pc=00400060
#2645   pc=00400064   x10(a0)=00000008
#2646   pc=00400068   x15(a5)=10000000
#2647   pc=0040006c
#2648   pc=00400070   x10(a0)=10000008
#2649   pc=00400074   x10(a0)=00000001
#2650   pc=00400078
#2651   pc=004000b0   x18(s2)=00000079
#2652   pc=004000b4   x8(s0/fp)=00000003
#2653   pc=004000b8   x15(a5)=00000000
#2654   pc=004000bc   x15(a5)=ffffffff
#2655   pc=004000c0
#2656   pc=004000c4   x9(s1)=0000002f
#2657   pc=004000c8
#2658   pc=004000a4   x10(a0)=00000003
#2659   pc=004000a8   x1(ra)=004000a8
#2660   pc=004000ac   x1(ra)=004000b0
#2661   pc=00400014
#2662   pc=00400018   x15(a5)=00000001
#2663   pc=0040001c
#2664   pc=00400020   x15(a5)=10000000
#2665   pc=00400024
#2666   pc=00400028
#2667   pc=0040002c
#2668   pc=00400030
#2669   pc=00400034
#2670   pc=00400038
#2671   pc=0040003c
#2672   pc=00400040   x13(a3)=0000000c
#2673   pc=00400044   x14(a4)=0ffffffc
#2674   pc=00400048   x13(a3)=10000008
#2675   pc=0040004c   x14(a4)=00000001
#2676   pc=00400050
#2677   pc=00400054
#2678   pc=00400058
#2679   pc=0040005c   x15(a5)=10000004
#2680   pc=00400060
#2681   pc=0040004c
#2682   pc=00400050   x12(a2)=00000001
#2683   pc=00400054   x14(a4)=00000002
#2684   pc=00400058
#2685   pc=0040005c   x15(a5)=10000008
#2686   pc=00400060
#2687   pc=00400064   x10(a0)=0000000c
#2688   pc=00400068   x15(a5)=10000000
#2689   pc=0040006c
#2690   pc=00400070   x10(a0)=1000000c
#2691   pc=00400074   x10(a0)=00000002
#2692   pc=00400078
#2693   pc=004000b0   x18(s2)=0000007b
#2694   pc=004000b4   x8(s0/fp)=00000004
#2695   pc=004000b8   x15(a5)=00000000
#2696   pc=004000bc   x15(a5)=ffffffff
#2697   pc=004000c0
#2698   pc=004000c4   x9(s1)=0000002e
#2699   pc=004000c8
#2700   pc=004000a4   x10(a0)=00000004
#2701   pc=004000a8   x1(ra)=004000a8
#2702   pc=004000ac   x1(ra)=004000b0
#2703   pc=00400014
#2704   pc=00400018   x15(a5)=00000001
#2705   pc=0040001c
#2706   pc=00400020   x15(a5)=10000000
#2707   pc=00400024
#2708   pc=00400028
#2709   pc=0040002c   x14(a4)=00000001
#2710   pc=00400030
#2711   pc=00400034
#2712   pc=00400038
#2713   pc=0040003c
#2714   pc=00400040   x13(a3)=00000010
#2715   pc=00400044   x14(a4)=0ffffffc
#2716   pc=00400048   x13(a3)=1000000c
#2717   pc=0040004c   x14(a4)=00000001
#2718   pc=00400050   x12(a2)=00000000
#2719   pc=00400054
#2720   pc=00400058
#2721   pc=0040005c   x15(a5)=10000004
#2722   pc=00400060
#2723   pc=0040004c
#2724   pc=00400050   x12(a2)=00000001
#2725   pc=00400054   x14(a4)=00000002
#2726   pc=00400058
#2727   pc=0040005c   x15(a5)=10000008
#2728   pc=00400060
#2729   pc=0040004c
#2730   pc=00400050
#2731   pc=00400054   x14(a4)=00000003
#2732   pc=00400058
#2733   pc=0040005c   x15(a5)=1000000c
#2734   pc=00400060
#2735   pc=00400064   x10(a0)=00000010
#2736   pc=00400068   x15(a5)=10000000
#2737   pc=0040006c
#2738   pc=00400070   x10(a0)=10000010
#2739   pc=00400074   x10(a0)=00000003
#2740   pc=00400078
#2741   pc=004000b0   x18(s2)=0000007e
#2742   pc=004000b4   x8(s0/fp)=00000005
#2743   pc=004000b8   x15(a5)=00000001
#2744   pc=004000bc   x15(a5)=00000000
#2745   pc=004000c0   x8(s0/fp)=00000000
#2746   pc=004000c4   x9(s1)=0000002d
#2747   pc=004000c8
#2748   pc=004000a4   x10(a0)=00000000
#2749   pc=004000a8   x1(ra)=004000a8
#2750   pc=004000ac   x1(ra)=004000b0
#2751   pc=00400014
#2752   pc=00400078
#2753   pc=004000b0
#2754   pc=004000b4   x8(s0/fp)=00000001
#2755   pc=004000b8
#2756   pc=004000bc   x15(a5)=ffffffff
#2757   pc=004000c0
#2758   pc=004000c4   x9(s1)=0000002c
#2759   pc=004000c8
#2760   pc=004000a4   x10(a0)=00000001
#2761   pc=004000a8   x1(ra)=004000a8
#2762   pc=004000ac   x1(ra)=004000b0
#2763   pc=00400014
#2764   pc=00400018   x15(a5)=00000001
#2765   pc=0040001c
#2766   pc=00400078
#2767   pc=004000b0   x18(s2)=0000007f
#2768   pc=004000b4   x8(s0/fp)=00000002
#2769   pc=004000b8   x15(a5)=00000000
#2770   pc=004000bc   x15(a5)=ffffffff
#2771   pc=004000c0
#2772   pc=004000c4   x9(s1)=0000002b
#2773   pc=004000c8
#2774   pc=004000a4   x10(a0)=00000002
#2775   pc=004000a8   x1(ra)=004000a8
#2776   pc=004000ac   x1(ra)=004000b0
#2777   pc=00400014
#2778   pc=00400018   x15(a5)=00000001
#2779   pc=0040001c
#2780   pc=00400020   x15(a5)=10000000
#2781   pc=00400024
#2782   pc=00400028
#2783   pc=0040002c   x14(a4)=00000001
#2784   pc=00400030
#2785   pc=00400034
#2786   pc=00400038
#2787   pc=0040003c
#2788   pc=00400040   x13(a3)=00000008
#2789   pc=00400044   x14(a4)=0ffffffc
#2790   pc=00400048   x13(a3)=10000004
#2791   pc=0040004c   x14(a4)=00000001
#2792   pc=00400050   x12(a2)=00000000
#2793   pc=00400054
#2794   pc=00400058
#2795   pc=0040005c   x15(a5)=10000004
#2796   pc=00400060
#2797   pc=00400064   x10(a0)=00000008
#2798   pc=00400068   x15(a5)=10000000
#2799   pc=0040006c
#2800   pc=00400070   x10(a0)=10000008
#2801   pc=00400074   x10(a0)=00000001
#2802   pc=00400078
#2803   pc=004000b0   x18(s2)=00000080
#2804   pc=004000b4   x8(s0/fp)=00000003
#2805   pc=004000b8   x15(a5)=00000000
#2806   pc=004000bc   x15(a5)=ffffffff
#2807   pc=004000c0
#2808   pc=004000c4   x9(s1)=0000002a
#2809   pc=004000c8
#2810   pc=004000a4   x10(a0)=00000003
#2811   pc=004000a8   x1(ra)=004000a8
#2812   pc=004000ac   x1(ra)=004000b0
#2813   pc=00400014
#2814   pc=00400018   x15(a5)=00000001
#2815   pc=0040001c
#2816   pc=00400020   x15(a5)=10000000
#2817   pc=00400024
#2818   pc=00400028
#2819   pc=0040002c
#2820   pc=00400030
#2821   pc=00400034
#2822   pc=00400038
#2823   pc=0040003c
#2824   pc=00400040   x13(a3)=0000000c
#2825   pc=00400044   x14(a4)=0ffffffc
#2826   pc=00400048   x13(a3)=10000008
#2827   pc=0040004c   x14(a4)=00000001
#2828   pc=00400050
#2829   pc=00400054
#2830   pc=00400058
#2831   pc=0040005c   x15(a5)=10000004
#2832   pc=00400060
#2833   pc=0040004c
#2834   pc=00400050   x12(a2)=00000001
#2835   pc=00400054   x14(a4)=00000002
#2836   pc=00400058
#2837   pc=0040005c   x15(a5)=10000008
#2838   pc=00400060
#2839   pc=00400064   x10(a0)=0000000c
#2840   pc=00400068   x15(a5)=10000000
#2841   pc=0040006c
#2842   pc=00400070   x10(a0)=1000000c
#2843   pc=00400074   x10(a0)=00000002
#2844   pc=00400078
#2845   pc=004000b0   x18(s2)=00000082
#2846   pc=004000b4   x8(s0/fp)=00000004
#2847   pc=004000b8   x15(a5)=00000000
#2848   pc=004000bc   x15(a5)=ffffffff
#2849   pc=004000c0
#2850   pc=004000c4   x9(s1)=00000029
#2851   pc=004000c8
#2852   pc=004000a4   x10(a0)=00000004
#2853   pc=004000a8   x1(ra)=004000a8
#2854   pc=004000ac   x1(ra)=004000b0
#2855   pc=00400014
#2856   pc=00400018   x15(a5)=00000001
#2857   pc=0040001c
#2858   pc=00400020   x15(a5)=10000000
#2859   pc=00400024
#2860   pc=00400028
#2861   pc=0040002c   x14(a4)=00000001
#2862   pc=00400030
#2863   pc=00400034
#2864   pc=00400038
#2865   pc=0040003c
#2866   pc=00400040   x13(a3)=00000010
#2867   pc=00400044   x14(a4)=0ffffffc
#2868   pc=00400048   x13(a3)=1000000c
#2869   pc=0040004c   x14(a4)=00000001
#2870   pc=00400050   x12(a2)=00000000
#2871   pc=00400054
#2872   pc=00400058
#2873   pc=0040005c   x15(a5)=10000004
#2874   pc=00400060
#2875   pc=0040004c
#2876   pc=00400050   x12(a2)=00000001
#2877   pc=00400054   x14(a4)=00000002
#2878   pc=00400058
#2879   pc=0040005c   x15(a5)=10000008
#2880   pc=00400060
#2881   pc=0040004c
#2882   pc=00400050
#2883   pc=00400054   x14(a4)=00000003
#2884   pc=00400058
#2885   pc=0040005c   x15(a5)=1000000c
#2886   pc=00400060
#2887   pc=00400064   x10(a0)=00000010
#2888   pc=00400068   x15(a5)=10000000
#2889   pc=0040006c
#2890   pc=00400070   x10(a0)=10000010
#2891   pc=00400074   x10(a0)=00000003
#2892   pc=00400078
#2893   pc=004000b0   x18(s2)=00000085
#2894   pc=004000b4   x8(s0/fp)=00000005
#2895   pc=004000b8   x15(a5)=00000001
#2896   pc=004000bc   x15(a5)=00000000
#2897   pc=004000c0   x8(s0/fp)=00000000
#2898   pc=004000c4   x9(s1)=00000028
#2899   pc=004000c8
#2900   pc=004000a4   x10(a0)=00000000
#2901   pc=004000a8   x1(ra)=004000a8
#2902   pc=004000ac   x1(ra)=004000b0
#2903   pc=00400014
#2904   pc=00400078
#2905   pc=004000b0
#2906   pc=004000b4   x8(s0/fp)=00000001
#2907   pc=004000b8
#2908   pc=004000bc   x15(a5)=ffffffff
#2909   pc=004000c0
#2910   pc=004000c4   x9(s1)=00000027
#2911   pc=004000c8
#2912   pc=004000a4   x10(a0)=00000001
#2913   pc=004000a8   x1(ra)=004000a8
#2914   pc=004000ac   x1(ra)=004000b0
#2915   pc=00400014
#2916   pc=00400018   x15(a5)=00000001
#2917   pc=0040001c
#2918   pc=00400078
#2919   pc=004000b0   x18(s2)=00000086
#2920   pc=004000b4   x8(s0/fp)=00000002
#2921   pc=004000b8   x15(a5)=00000000
#2922   pc=004000bc   x15(a5)=ffffffff
#2923   pc=004000c0
#2924   pc=004000c4   x9(s1)=00000026
#2925   pc=004000c8
#2926   pc=004000a4   x10(a0)=00000002
#2927   pc=004000a8   x1(ra)=004000a8
#2928   pc=004000ac   x1(ra)=004000b0
#2929   pc=00400014
#2930   pc=00400018   x15(a5)=00000001
#2931   pc=0040001c
#2932   pc=00400020   x15(a5)=10000000
#2933   pc=00400024
#2934   pc=00400028
#2935   pc=0040002c   x14(a4)=00000001
#2936   pc=00400030
#2937   pc=00400034
#2938   pc=00400038
#2939   pc=0040003c
#2940   pc=00400040   x13(a3)=00000008
#2941   pc=00400044   x14(a4)=0ffffffc
#2942   pc=00400048   x13(a3)=10000004
#2943   pc=0040004c   x14(a4)=00000001
#2944   pc=00400050   x12(a2)=00000000
#2945   pc=00400054
#2946   pc=00400058
#2947   pc=0040005c   x15(a5)=10000004
#2948   pc=00400060
#2949   pc=00400064   x10(a0)=00000008
#2950   pc=00400068   x15(a5)=10000000
#2951   pc=0040006c
#2952   pc=00400070   x10(a0)=10000008
#2953   pc=00400074   x10(a0)=00000001
#2954   pc=00400078
#2955   pc=004000b0   x18(s2)=00000087
#2956   pc=004000b4   x8(s0/fp)=00000003
#2957   pc=004000b8   x15(a5)=00000000
#2958   pc=004000bc   x15(a5)=ffffffff
#2959   pc=004000c0
#2960   pc=004000c4   x9(s1)=00000025
#2961   pc=004000c8
#2962   pc=004000a4   x10(a0)=00000003
#2963   pc=004000a8   x1(ra)=004000a8
#2964   pc=004000ac   x1(ra)=004000b0
#2965   pc=00400014
#2966   pc=00400018   x15(a5)=00000001
#2967   pc=0040001c
#2968   pc=00400020   x15(a5)=10000000
#2969   pc=00400024
#2970   pc=00400028
#2971   pc=0040002c
#2972   pc=00400030
#2973   pc=00400034
#2974   pc=00400038
#2975   pc=0040003c
#2976   pc=00400040   x13(a3)=0000000c
#2977   pc=00400044   x14(a4)=0ffffffc
#2978   pc=00400048   x13(a3)=10000008
#2979   pc=0040004c   x14(a4)=00000001
#2980   pc=00400050
#2981   pc=00400054
#2982   pc=00400058
#2983   pc=0040005c   x15(a5)=10000004
#2984   pc=00400060
#2985   pc=0040004c
#2986   pc=00400050   x12(a2)=00000001
#2987   pc=00400054   x14(a4)=00000002
#2988   pc=00400058
#2989   pc=0040005c   x15(a5)=10000008
#2990   pc=00400060
#2991   pc=00400064   x10(a0)=0000000c
#2992   pc=00400068   x15(a5)=10000000
#2993   pc=0040006c
#2994   pc=00400070   x10(a0)=1000000c
#2995   pc=00400074   x10(a0)=00000002
#2996   pc=00400078
#2997   pc=004000b0   x18(s2)=00000089
#2998   pc=004000b4   x8(s0/fp)=00000004
#2999   pc=004000b8   x15(a5)=00000000
#3000   pc=004000bc   x15(a5)=ffffffff
#3001   pc=004000c0
#3002   pc=004000c4   x9(s1)=00000024
#3003   pc=004000c8
#3004   pc=004000a4   x10(a0)=00000004
#3005   pc=004000a8   x1(ra)=004000a8
#3006   pc=004000ac   x1(ra)=004000b0
#3007   pc=00400014
#3008   pc=00400018   x15(a5)=00000001
#3009   pc=0040001c
#3010   pc=00400020   x15(a5)=10000000
#3011   pc=00400024
#3012   pc=00400028
#3013   pc=0040002c   x14(a4)=00000001
#3014   pc=00400030
#3015   pc=00400034
#3016   pc=00400038
#3017   pc=0040003c
#3018   pc=00400040   x13(a3)=00000010
#3019   pc=00400044   x14(a4)=0ffffffc
#3020   pc=00400048   x13(a3)=1000000c
#3021   pc=0040004c   x14(a4)=00000001
#3022   pc=00400050   x12(a2)=00000000
#3023   pc=00400054
#3024   pc=00400058
#3025   pc=0040005c   x15(a5)=10000004
#3026   pc=00400060
#3027   pc=0040004c
#3028   pc=00400050   x12(a2)=00000001
#3029   pc=00400054   x14(a4)=00000002
#3030   pc=00400058
#3031   pc=0040005c   x15(a5)=10000008
#3032   pc=00400060
#3033   pc=0040004c
#3034   pc=00400050
#3035   pc=00400054   x14(a4)=00000003
#3036   pc=00400058
#3037   pc=0040005c   x15(a5)=1000000c
#3038   pc=00400060
#3039   pc=00400064   x10(a0)=00000010
#3040   pc=00400068   x15(a5)=10000000
#3041   pc=0040006c
#3042   pc=00400070   x10(a0)=10000010
#3043   pc=00400074   x10(a0)=00000003
#3044   pc=00400078
#3045   pc=004000b0   x18(s2)=0000008c
#3046   pc=004000b4   x8(s0/fp)=00000005
#3047   pc=004000b8   x15(a5)=00000001
#3048   pc=004000bc   x15(a5)=00000000
#3049   pc=004000c0   x8(s0/fp)=00000000
#3050   pc=004000c4   x9(s1)=00000023
#3051   pc=004000c8
#3052   pc=004000a4   x10(a0)=00000000
#3053   pc=004000a8   x1(ra)=004000a8
#3054   pc=004000ac   x1(ra)=004000b0
#3055   pc=00400014
#3056   pc=00400078
#3057   pc=004000b0
#3058   pc=004000b4   x8(s0/fp)=00000001
#3059   pc=004000b8
#3060   pc=004000bc   x15(a5)=ffffffff
#3061   pc=004000c0
#3062   pc=004000c4   x9(s1)=00000022
#3063   pc=004000c8
#3064   pc=004000a4   x10(a0)=00000001
#3065   pc=004000a8   x1(ra)=004000a8
#3066   pc=004000ac   x1(ra)=004000b0
#3067   pc=00400014
#3068   pc=00400018   x15(a5)=00000001
#3069   pc=0040001c
#3070   pc=00400078
#3071   pc=004000b0   x18(s2)=0000008d
#3072   pc=004000b4   x8(s0/fp)=00000002
#3073   pc=004000b8   x15(a5)=00000000
#3074   pc=004000bc   x15(a5)=ffffffff
#3075   pc=004000c0
#3076   pc=004000c4   x9(s1)=00000021
#3077   pc=004000c8
#3078   pc=004000a4   x10(a0)=00000002
#3079   pc=004000a8   x1(ra)=004000a8
#3080   pc=004000ac   x1(ra)=004000b0
#3081   pc=00400014
#3082   pc=00400018   x15(a5)=00000001
#3083   pc=0040001c
#3084   pc=00400020   x15(a5)=10000000
#3085   pc=00400024
#3086   pc=00400028
#3087   pc=0040002c   x14(a4)=00000001
#3088   pc=00400030
#3089   pc=00400034
#3090   pc=00400038
#3091   pc=0040003c
#3092   pc=00400040   x13(a3)=00000008
#3093   pc=00400044   x14(a4)=0ffffffc
#3094   pc=00400048   x13(a3)=10000004
#3095   pc=0040004c   x14(a4)=00000001
#3096   pc=00400050   x12(a2)=00000000
#3097   pc=00400054
#3098   pc=00400058
#3099   pc=0040005c   x15(a5)=10000004
#3100   pc=00400060
#3101   pc=00400064   x10(a0)=00000008
#3102   pc=00400068   x15(a5)=10000000
#3103   pc=0040006c
#3104   pc=00400070   x10(a0)=10000008
#3105   pc=00400074   x10(a0)=00000001
#3106   pc=00400078
#3107   pc=004000b0   x18(s2)=0000008e
#3108   pc=004000b4   x8(s0/fp)=00000003
#3109   pc=004000b8   x15(a5)=00000000
#3110   pc=004000bc   x15(a5)=ffffffff
#3111   pc=004000c0
#3112   pc=004000c4   x9(s1)=00000020
#3113   pc=004000c8
#3114   pc=004000a4   x10(a0)=00000003
#3115   pc=004000a8   x1(ra)=004000a8
#3116   pc=004000ac   x1(ra)=004000b0
#3117   pc=00400014
#3118   pc=00400018   x15(a5)=00000001
#3119   pc=0040001c
#3120   pc=00400020   x15(a5)=10000000
#3121   pc=00400024
#3122   pc=00400028
#3123   pc=0040002c
#3124   pc=00400030
#3125   pc=00400034
#3126   pc=00400038
#3127   pc=0040003c
#3128   pc=00400040   x13(a3)=0000000c
#3129   pc=00400044   x14(a4)=0ffffffc
#3130   pc=00400048   x13(a3)=10000008
#3131   pc=0040004c   x14(a4)=00000001
#3132   pc=00400050
#3133   pc=00400054
#3134   pc=00400058
#3135   pc=0040005c   x15(a5)=10000004
#3136   pc=00400060
#3137   pc=0040004c
#3138   pc=00400050   x12(a2)=00000001
#3139   pc=00400054   x14(a4)=00000002
#3140   pc=00400058
#3141   pc=0040005c   x15(a5)=10000008
#3142   pc=00400060
#3143   pc=00400064   x10(a0)=0000000c
#3144   pc=00400068   x15(a5)=10000000
#3145   pc=0040006c
#3146   pc=00400070   x10(a0)=1000000c
#3147   pc=00400074   x10(a0)=00000002
#3148   pc=00400078
#3149   pc=004000b0   x18(s2)=00000090
#3150   pc=004000b4   x8(s0/fp)=00000004
#3151   pc=004000b8   x15(a5)=00000000
#3152   pc=004000bc   x15(a5)=ffffffff
#3153   pc=004000c0
#3154   pc=004000c4   x9(s1)=0000001f
#3155   pc=004000c8
#3156   pc=004000a4   x10(a0)=00000004
#3157   pc=004000a8   x1(ra)=004000a8
#3158   pc=004000ac   x1(ra)=004000b0
#3159   pc=00400014
#3160   pc=00400018   x15(a5)=00000001
#3161   pc=0040001c
#3162   pc=00400020   x15(a5)=10000000
#3163   pc=00400024
#3164   pc=00400028
#3165   pc=0040002c   x14(a4)=00000001
#3166   pc=00400030
#3167   pc=00400034
#3168   pc=00400038
#3169   pc=0040003c
#3170   pc=00400040   x13(a3)=00000010
#3171   pc=00400044   x14(a4)=0ffffffc
#3172   pc=00400048   x13(a3)=1000000c
#3173   pc=0040004c   x14(a4)=00000001
#3174   pc=00400050   x12(a2)=00000000
#3175   pc=00400054
#3176   pc=00400058
#3177   pc=0040005c   x15(a5)=10000004
#3178   pc=00400060
#3179   pc=0040004c
#3180   pc=00400050   x12(a2)=00000001
#3181   pc=00400054   x14(a4)=00000002
#3182   pc=00400058
#3183   pc=0040005c   x15(a5)=10000008
#3184   pc=00400060
#3185   pc=0040004c
#3186   pc=00400050
#3187   pc=00400054   x14(a4)=00000003
#3188   pc=00400058
#3189   pc=0040005c   x15(a5)=1000000c
#3190   pc=00400060
#3191   pc=00400064   x10(a0)=00000010
#3192   pc=00400068   x15(a5)=10000000
#3193   pc=0040006c
#3194   pc=00400070   x10(a0)=10000010
#3195   pc=00400074   x10(a0)=00000003
#3196   pc=00400078
#3197   pc=004000b0   x18(s2)=00000093
#3198   pc=004000b4   x8(s0/fp)=00000005
#3199   pc=004000b8   x15(a5)=00000001
#3200   pc=004000bc   x15(a5)=00000000
#3201   pc=004000c0   x8(s0/fp)=00000000
#3202   pc=004000c4   x9(s1)=0000001e
#3203   pc=004000c8
#3204   pc=004000a4   x10(a0)=00000000
#3205   pc=004000a8   x1(ra)=004000a8
#3206   pc=004000ac   x1(ra)=004000b0
#3207   pc=00400014
#3208   pc=00400078
#3209   pc=004000b0
#3210   pc=004000b4   x8(s0/fp)=00000001
#3211   pc=004000b8
#3212   pc=004000bc   x15(a5)=ffffffff
#3213   pc=004000c0
#3214   pc=004000c4   x9(s1)=0000001d
#3215   pc=004000c8
#3216   pc=004000a4   x10(a0)=00000001
#3217   pc=004000a8   x1(ra)=004000a8
#3218   pc=004000ac   x1(ra)=004000b0
#3219   pc=00400014
#3220   pc=00400018   x15(a5)=00000001
#3221   pc=0040001c
#3222   pc=00400078
#3223   pc=004000b0   x18(s2)=00000094
#3224   pc=004000b4   x8(s0/fp)=00000002
#3225   pc=004000b8   x15(a5)=00000000
#3226   pc=004000bc   x15(a5)=ffffffff
#3227   pc=004000c0
#3228   pc=004000c4   x9(s1)=0000001c
#3229   pc=004000c8
#3230   pc=004000a4   x10(a0)=00000002
#3231   pc=004000a8   x1(ra)=004000a8
#3232   pc=004000ac   x1(ra)=004000b0
#3233   pc=00400014
#3234   pc=00400018   x15(a5)=00000001
#3235   pc=0040001c
#3236   pc=00400020   x15(a5)=10000000
#3237   pc=00400024
#3238   pc=00400028
#3239   pc=0040002c   x14(a4)=00000001
#3240   pc=00400030
#3241   pc=00400034
#3242   pc=00400038
#3243   pc=0040003c
#3244   pc=00400040   x13(a3)=00000008
#3245   pc=00400044   x14(a4)=0ffffffc
#3246   pc=00400048   x13(a3)=10000004
#3247   pc=0040004c   x14(a4)=00000001
#3248   pc=00400050   x12(a2)=00000000
#3249   pc=00400054
#3250   pc=00400058
#3251   pc=0040005c   x15(a5)=10000004
#3252   pc=00400060
#3253   pc=00400064   x10(a0)=00000008
#3254   pc=00400068   x15(a5)=10000000
#3255   pc=0040006c
#3256   pc=00400070   x10(a0)=10000008
#3257   pc=00400074   x10(a0)=00000001
#3258   pc=00400078
#3259   pc=004000b0   x18(s2)=00000095
#3260   pc=004000b4   x8(s0/fp)=00000003
#3261   pc=004000b8   x15(a5)=00000000
#3262   pc=004000bc   x15(a5)=ffffffff
#3263   pc=004000c0
#3264   pc=004000c4   x9(s1)=0000001b
#3265   pc=004000c8
#3266   pc=004000a4   x10(a0)=00000003
#3267   pc=004000a8   x1(ra)=004000a8
#3268   pc=004000ac   x1(ra)=004000b0
#3269   pc=00400014
#3270   pc=00400018   x15(a5)=00000001
#3271   pc=0040001c
#3272   pc=00400020   x15(a5)=10000000
#3273   pc=00400024
#3274   pc=00400028
#3275   pc=0040002c
#3276   pc=00400030
#3277   pc=00400034
#3278   pc=00400038
#3279   pc=0040003c
#3280   pc=00400040   x13(a3)=0000000c
#3281   pc=00400044   x14(a4)=0ffffffc
#3282   pc=00400048   x13(a3)=10000008
#3283   pc=0040004c   x14(a4)=00000001
#3284   pc=00400050
#3285   pc=00400054
#3286   pc=00400058
#3287   pc=0040005c   x15(a5)=10000004
#3288   pc=00400060
#3289   pc=0040004c
#3290   pc=00400050   x12(a2)=00000001
#3291   pc=00400054   x14(a4)=00000002
#3292   pc=00400058
#3293   pc=0040005c   x15(a5)=10000008
#3294   pc=00400060
#3295   pc=00400064   x10(a0)=0000000c
#3296   pc=00400068   x15(a5)=10000000
#3297   pc=0040006c
#3298   pc=00400070   x10(a0)=1000000c
#3299   pc=00400074   x10(a0)=00000002
#3300   pc=00400078
#3301   pc=004000b0   x18(s2)=00000097
#3302   pc=004000b4   x8(s0/fp)=00000004
#3303   pc=004000b8   x15(a5)=00000000
#3304   pc=004000bc   x15(a5)=ffffffff
#3305   pc=004000c0
#3306   pc=004000c4   x9(s1)=0000001a
#3307   pc=004000c8
#3308   pc=004000a4   x10(a0)=00000004
#3309   pc=004000a8   x1(ra)=004000a8
#3310   pc=004000ac   x1(ra)=004000b0
#3311   pc=00400014
#3312   pc=00400018   x15(a5)=00000001
#3313   pc=0040001c
#3314   pc=00400020   x15(a5)=10000000
#3315   pc=00400024
#3316   pc=00400028
#3317   pc=0040002c   x14(a4)=00000001
#3318   pc=00400030
#3319   pc=00400034
#3320   pc=00400038
#3321   pc=0040003c
#3322   pc=00400040   x13(a3)=00000010
#3323   pc=00400044   x14(a4)=0ffffffc
#3324   pc=00400048   x13(a3)=1000000c
#3325   pc=0040004c   x14(a4)=00000001
#3326   pc=00400050   x12(a2)=00000000
#3327   pc=00400054
#3328   pc=00400058
#3329   pc=0040005c   x15(a5)=10000004
#3330   pc=00400060
#3331   pc=0040004c
#3332   pc=00400050   x12(a2)=00000001
#3333   pc=00400054   x14(a4)=00000002
#3334   pc=00400058
#3335   pc=0040005c   x15(a5)=10000008
#3336   pc=00400060
#3337   pc=0040004c
#3338   pc=00400050
#3339   pc=00400054   x14(a4)=00000003
#3340   pc=00400058
#3341   pc=0040005c   x15(a5)=1000000c
#3342   pc=00400060
#3343   pc=00400064   x10(a0)=00000010
#3344   pc=00400068   x15(a5)=10000000
#3345   pc=0040006c
#3346   pc=00400070   x10(a0)=10000010
#3347   pc=00400074   x10(a0)=00000003
#3348   pc=00400078
#3349   pc=004000b0   x18(s2)=0000009a
#3350   pc=004000b4   x8(s0/fp)=00000005
#3351   pc=004000b8   x15(a5)=00000001
#3352   pc=004000bc   x15(a5)=00000000
#3353   pc=004000c0   x8(s0/fp)=00000000
#3354   pc=004000c4   x9(s1)=00000019
#3355   pc=004000c8
#3356   pc=004000a4   x10(a0)=00000000
#3357   pc=004000a8   x1(ra)=004000a8
#3358   pc=004000ac   x1(ra)=004000b0
#3359   pc=00400014
#3360   pc=00400078
#3361   pc=004000b0
#3362   pc=004000b4   x8(s0/fp)=00000001
#3363   pc=004000b8
#3364   pc=004000bc   x15(a5)=ffffffff
#3365   pc=004000c0
#3366   pc=004000c4   x9(s1)=00000018
#3367   pc=004000c8
#3368   pc=004000a4   x10(a0)=00000001
#3369   pc=004000a8   x1(ra)=004000a8
#3370   pc=004000ac   x1(ra)=004000b0
#3371   pc=00400014
#3372   pc=00400018   x15(a5)=00000001
#3373   pc=0040001c
#3374   pc=00400078
#3375   pc=004000b0   x18(s2)=0000009b
#3376   pc=004000b4   x8(s0/fp)=00000002
#3377   pc=004000b8   x15(a5)=00000000
#3378   pc=004000bc   x15(a5)=ffffffff
#3379   pc=004000c0
#3380   pc=004000c4   x9(s1)=00000017
#3381   pc=004000c8
#3382   pc=004000a4   x10(a0)=00000002
#3383   pc=004000a8   x1(ra)=004000a8
#3384   pc=004000ac   x1(ra)=004000b0
#3385   pc=00400014
#3386   pc=00400018   x15(a5)=00000001
#3387   pc=0040001c
#3388   pc=00400020   x15(a5)=10000000
#3389   pc=00400024
#3390   pc=00400028
#3391   pc=0040002c   x14(a4)=00000001
#3392   pc=00400030
#3393   pc=00400034
#3394   pc=00400038
#3395   pc=0040003c
#3396   pc=00400040   x13(a3)=00000008
#3397   pc=00400044   x14(a4)=0ffffffc
#3398   pc=00400048   x13(a3)=10000004
#3399   pc=0040004c   x14(a4)=00000001
#3400   pc=00400050   x12(a2)=00000000
#3401   pc=00400054
#3402   pc=00400058
#3403   pc=0040005c   x15(a5)=10000004
#3404   pc=00400060
#3405   pc=00400064   x10(a0)=00000008
#3406   pc=00400068   x15(a5)=10000000
#3407   pc=0040006c
#3408   pc=00400070   x10(a0)=10000008
#3409   pc=00400074   x10(a0)=00000001
#3410   pc=00400078
#3411   pc=004000b0   x18(s2)=0000009c
#3412   pc=004000b4   x8(s0/fp)=00000003
#3413   pc=004000b8   x15(a5)=00000000
#3414   pc=004000bc   x15(a5)=ffffffff
#3415   pc=004000c0
#3416   pc=004000c4   x9(s1)=00000016
#3417   pc=004000c8
#3418   pc=004000a4   x10(a0)=00000003
#3419   pc=004000a8   x1(ra)=004000a8
#3420   pc=004000ac   x1(ra)=004000b0
#3421   pc=00400014
#3422   pc=00400018   x15(a5)=00000001
#3423   pc=0040001c
#3424   pc=00400020   x15(a5)=10000000
#3425   pc=00400024
#3426   pc=00400028
#3427   pc=0040002c
#3428   pc=00400030
#3429   pc=00400034
#3430   pc=00400038
#3431   pc=0040003c
#3432   pc=00400040   x13(a3)=0000000c
#3433   pc=00400044   x14(a4)=0ffffffc
#3434   pc=00400048   x13(a3)=10000008
#3435   pc=0040004c   x14(a4)=00000001
#3436   pc=00400050
#3437   pc=00400054
#3438   pc=00400058
#3439   pc=0040005c   x15(a5)=10000004
#3440   pc=00400060
#3441   pc=0040004c
#3442   pc=00400050   x12(a2)=00000001
#3443   pc=00400054   x14(a4)=00000002
#3444   pc=00400058
#3445   pc=0040005c   x15(a5)=10000008
#3446   pc=00400060
#3447   pc=00400064   x10(a0)=0000000c
#3448   pc=00400068   x15(a5)=10000000
#3449   pc=0040006c
#3450   pc=00400070   x10(a0)=1000000c
#3451   pc=00400074   x10(a0)=00000002
#3452   pc=00400078
#3453   pc=004000b0   x18(s2)=0000009e
#3454   pc=004000b4   x8(s0/fp)=00000004
#3455   pc=004000b8   x15(a5)=00000000
#3456   pc=004000bc   x15(a5)=ffffffff
#3457   pc=004000c0
#3458   pc=004000c4   x9(s1)=00000015
#3459   pc=004000c8
#3460   pc=004000a4   x10(a0)=00000004
#3461   pc=004000a8   x1(ra)=004000a8
#3462   pc=004000ac   x1(ra)=004000b0
#3463   pc=00400014
#3464   pc=00400018   x15(a5)=00000001
#3465   pc=0040001c
#3466   pc=00400020   x15(a5)=10000000
#3467   pc=00400024
#3468   pc=00400028
#3469   pc=0040002c   x14(a4)=00000001
#3470   pc=00400030
#3471   pc=00400034
#3472   pc=00400038
#3473   pc=0040003c
#3474   pc=00400040   x13(a3)=00000010
#3475   pc=00400044   x14(a4)=0ffffffc
#3476   pc=00400048   x13(a3)=1000000c
#3477   pc=0040004c   x14(a4)=00000001
#3478   pc=00400050   x12(a2)=00000000
#3479   pc=00400054
#3480   pc=00400058
#3481   pc=0040005c   x15(a5)=10000004
#3482   pc=00400060
#3483   pc=0040004c
#3484   pc=00400050   x12(a2)=00000001
#3485   pc=00400054   x14(a4)=00000002
#3486   pc=00400058
#3487   pc=0040005c   x15(a5)=10000008
#3488   pc=00400060
#3489   pc=0040004c
#3490   pc=00400050
#3491   pc=00400054   x14(a4)=00000003
#3492   pc=00400058
#3493   pc=0040005c   x15(a5)=1000000c
#3494   pc=00400060
#3495   pc=00400064   x10(a0)=00000010
#3496   pc=00400068   x15(a5)=10000000
#3497   pc=0040006c
#3498   pc=00400070   x10(a0)=10000010
#3499   pc=00400074   x10(a0)=00000003
#3500   pc=00400078
#3501   pc=004000b0   x18(s2)=000000a1
#3502   pc=004000b4   x8(s0/fp)=00000005
#3503   pc=004000b8   x15(a5)=00000001
#3504   pc=004000bc   x15(a5)=00000000
#3505   pc=004000c0   x8(s0/fp)=00000000
#3506   pc=004000c4   x9(s1)=00000014
#3507   pc=004000c8
#3508   pc=004000a4   x10(a0)=00000000
#3509   pc=004000a8   x1(ra)=004000a8
#3510   pc=004000ac   x1(ra)=004000b0
#3511   pc=00400014
#3512   pc=00400078
#3513   pc=004000b0
#3514   pc=004000b4   x8(s0/fp)=00000001
#3515   pc=004000b8
#3516   pc=004000bc   x15(a5)=ffffffff
#3517   pc=004000c0
#3518   pc=004000c4   x9(s1)=00000013
#3519   pc=004000c8
#3520   pc=004000a4   x10(a0)=00000001
#3521   pc=004000a8   x1(ra)=004000a8
#3522   pc=004000ac   x1(ra)=004000b0
#3523   pc=00400014
#3524   pc=00400018   x15(a5)=00000001
#3525   pc=0040001c
#3526   pc=00400078
#3527   pc=004000b0   x18(s2)=000000a2
#3528   pc=004000b4   x8(s0/fp)=00000002
#3529   pc=004000b8   x15(a5)=00000000
#3530   pc=004000bc   x15(a5)=ffffffff
#3531   pc=004000c0
#3532   pc=004000c4   x9(s1)=00000012
#3533   pc=004000c8
#3534   pc=004000a4   x10(a0)=00000002
#3535   pc=004000a8   x1(ra)=004000a8
#3536   pc=004000ac   x1(ra)=004000b0
#3537   pc=00400014
#3538   pc=00400018   x15(a5)=00000001
#3539   pc=0040001c
#3540   pc=00400020   x15(a5)=10000000
#3541   pc=00400024
#3542   pc=00400028
#3543   pc=0040002c   x14(a4)=00000001
#3544   pc=00400030
#3545   pc=00400034
#3546   pc=00400038
#3547   pc=0040003c
#3548   pc=00400040   x13(a3)=00000008
#3549   pc=00400044   x14(a4)=0ffffffc
#3550   pc=00400048   x13(a3)=10000004
#3551   pc=0040004c   x14(a4)=00000001
#3552   pc=00400050   x12(a2)=00000000
#3553   pc=00400054
#3554   pc=00400058
#3555   pc=0040005c   x15(a5)=10000004
#3556   pc=00400060
#3557   pc=00400064   x10(a0)=00000008
#3558   pc=00400068   x15(a5)=10000000
#3559   pc=0040006c
#3560   pc=00400070   x10(a0)=10000008
#3561   pc=00400074   x10(a0)=00000001
#3562   pc=00400078
#3563   pc=004000b0   x18(s2)=000000a3
#3564   pc=004000b4   x8(s0/fp)=00000003
#3565   pc=004000b8   x15(a5)=00000000
#3566   pc=004000bc   x15(a5)=ffffffff
#3567   pc=004000c0
#3568   pc=004000c4   x9(s1)=00000011
#3569   pc=004000c8
#3570   pc=004000a4   x10(a0)=00000003
#3571   pc=004000a8   x1(ra)=004000a8
#3572   pc=004000ac   x1(ra)=004000b0
#3573   pc=00400014
#3574   pc=00400018   x15(a5)=00000001
#3575   pc=0040001c
#3576   pc=00400020   x15(a5)=10000000
#3577   pc=00400024
#3578   pc=00400028
#3579   pc=0040002c
#3580   pc=00400030
#3581   pc=00400034
#3582   pc=00400038
#3583   pc=0040003c
#3584   pc=00400040   x13(a3)=0000000c
#3585   pc=00400044   x14(a4)=0ffffffc
#3586   pc=00400048   x13(a3)=10000008
#3587   pc=0040004c   x14(a4)=00000001
#3588   pc=00400050
#3589   pc=00400054
#3590   pc=00400058
#3591   pc=0040005c   x15(a5)=10000004
#3592   pc=00400060
#3593   pc=0040004c
#3594   pc=00400050   x12(a2)=00000001
#3595   pc=00400054   x14(a4)=00000002
#3596   pc=00400058
#3597   pc=0040005c   x15(a5)=10000008
#3598   pc=00400060
#3599   pc=00400064   x10(a0)=0000000c
#3600   pc=00400068   x15(a5)=10000000
#3601   pc=0040006c
#3602   pc=00400070   x10(a0)=1000000c
#3603   pc=00400074   x10(a0)=00000002
#3604   pc=00400078
#3605   pc=004000b0   x18(s2)=000000a5
#3606   pc=004000b4   x8(s0/fp)=00000004
#3607   pc=004000b8   x15(a5)=00000000
#3608   pc=004000bc   x15(a5)=ffffffff
#3609   pc=004000c0
#3610   pc=004000c4   x9(s1)=00000010
#3611   pc=004000c8
#3612   pc=004000a4   x10(a0)=00000004
#3613   pc=004000a8   x1(ra)=004000a8
#3614   pc=004000ac   x1(ra)=004000b0
#3615   pc=00400014
#3616   pc=00400018   x15(a5)=00000001
#3617   pc=0040001c
#3618   pc=00400020   x15(a5)=10000000
#3619   pc=00400024
#3620   pc=00400028
#3621   pc=0040002c   x14(a4)=00000001
#3622   pc=00400030
#3623   pc=00400034
#3624   pc=00400038
#3625   pc=0040003c
#3626   pc=00400040   x13(a3)=00000010
#3627   pc=00400044   x14(a4)=0ffffffc
#3628   pc=00400048   x13(a3)=1000000c
#3629   pc=0040004c   x14(a4)=00000001
#3630   pc=00400050   x12(a2)=00000000
#3631   pc=00400054
#3632   pc=00400058
#3633   pc=0040005c   x15(a5)=10000004
#3634   pc=00400060
#3635   pc=0040004c
#3636   pc=00400050   x12(a2)=00000001
#3637   pc=00400054   x14(a4)=00000002
#3638   pc=00400058
#3639   pc=0040005c   x15(a5)=10000008
#3640   pc=00400060
#3641   pc=0040004c
#3642   pc=00400050
#3643   pc=00400054   x14(a4)=00000003
#3644   pc=00400058
#3645   pc=0040005c   x15(a5)=1000000c
#3646   pc=00400060
#3647   pc=00400064   x10(a0)=00000010
#3648   pc=00400068   x15(a5)=10000000
#3649   pc=0040006c
#3650   pc=00400070   x10(a0)=10000010
#3651   pc=00400074   x10(a0)=00000003
#3652   pc=00400078
#3653   pc=004000b0   x18(s2)=000000a8
#3654   pc=004000b4   x8(s0/fp)=00000005
#3655   pc=004000b8   x15(a5)=00000001
#3656   pc=004000bc   x15(a5)=00000000
#3657   pc=004000c0   x8(s0/fp)=00000000
#3658   pc=004000c4   x9(s1)=0000000f
#3659   pc=004000c8
#3660   pc=004000a4   x10(a0)=00000000
#3661   pc=004000a8   x1(ra)=004000a8
#3662   pc=004000ac   x1(ra)=004000b0
#3663   pc=00400014
#3664   pc=00400078
#3665   pc=004000b0
#3666   pc=004000b4   x8(s0/fp)=00000001
#3667   pc=004000b8
#3668   pc=004000bc   x15(a5)=ffffffff
#3669   pc=004000c0
#3670   pc=004000c4   x9(s1)=0000000e
#3671   pc=004000c8
#3672   pc=004000a4   x10(a0)=00000001
#3673   pc=004000a8   x1(ra)=004000a8
#3674   pc=004000ac   x1(ra)=004000b0
#3675   pc=00400014
#3676   pc=00400018   x15(a5)=00000001
#3677   pc=0040001c
#3678   pc=00400078
#3679   pc=004000b0   x18(s2)=000000a9
#3680   pc=004000b4   x8(s0/fp)=00000002
#3681   pc=004000b8   x15(a5)=00000000
#3682   pc=004000bc   x15(a5)=ffffffff
#3683   pc=004000c0
#3684   pc=004000c4   x9(s1)=0000000d
#3685   pc=004000c8
#3686   pc=004000a4   x10(a0)=00000002
#3687   pc=004000a8   x1(ra)=004000a8
#3688   pc=004000ac   x1(ra)=004000b0
#3689   pc=00400014
#3690   pc=00400018   x15(a5)=00000001
#3691   pc=0040001c
#3692   pc=00400020   x15(a5)=10000000
#3693   pc=00400024
#3694   pc=00400028
#3695   pc=0040002c   x14(a4)=00000001
#3696   pc=00400030
#3697   pc=00400034
#3698   pc=00400038
#3699   pc=0040003c
#3700   pc=00400040   x13(a3)=00000008
#3701   pc=00400044   x14(a4)=0ffffffc
#3702   pc=00400048   x13(a3)=10000004
#3703   pc=0040004c   x14(a4)=00000001
#3704   pc=00400050   x12(a2)=00000000
#3705   pc=00400054
#3706   pc=00400058
#3707   pc=0040005c   x15(a5)=10000004
#3708   pc=00400060
#3709   pc=00400064   x10(a0)=00000008
#3710   pc=00400068   x15(a5)=10000000
#3711   pc=0040006c
#3712   pc=00400070   x10(a0)=10000008
#3713   pc=00400074   x10(a0)=00000001
#3714   pc=00400078
#3715   pc=004000b0   x18(s2)=000000aa
#3716   pc=004000b4   x8(s0/fp)=00000003
#3717   pc=004000b8   x15(a5)=00000000
#3718   pc=004000bc   x15(a5)=ffffffff
#3719   pc=004000c0
#3720   pc=004000c4   x9(s1)=0000000c
#3721   pc=004000c8
#3722   pc=004000a4   x10(a0)=00000003
#3723   pc=004000a8   x1(ra)=004000a8
#3724   pc=004000ac   x1(ra)=004000b0
#3725   pc=00400014
#3726   pc=00400018   x15(a5)=00000001
#3727   pc=0040001c
#3728   pc=00400020   x15(a5)=10000000
#3729   pc=00400024
#3730   pc=00400028
#3731   pc=0040002c
#3732   pc=00400030
#3733   pc=00400034
#3734   pc=00400038
#3735   pc=0040003c
#3736   pc=00400040   x13(a3)=0000000c
#3737   pc=00400044   x14(a4)=0ffffffc
#3738   pc=00400048   x13(a3)=10000008
#3739   pc=0040004c   x14(a4)=00000001
#3740   pc=00400050
#3741   pc=00400054
#3742   pc=00400058
#3743   pc=0040005c   x15(a5)=10000004
#3744   pc=00400060
#3745   pc=0040004c
#3746   pc=00400050   x12(a2)=00000001
#3747   pc=00400054   x14(a4)=00000002
#3748   pc=00400058
#3749   pc=0040005c   x15(a5)=10000008
#3750   pc=00400060
#3751   pc=00400064   x10(a0)=0000000c
#3752   pc=00400068   x15(a5)=10000000
#3753   pc=0040006c
#3754   pc=00400070   x10(a0)=1000000c
#3755   pc=00400074   x10(a0)=00000002
#3756   pc=00400078
#3757   pc=004000b0   x18(s2)=000000ac
#3758   pc=004000b4   x8(s0/fp)=00000004
#3759   pc=004000b8   x15(a5)=00000000
#3760   pc=004000bc   x15(a5)=ffffffff
#3761   pc=004000c0
#3762   pc=004000c4   x9(s1)=0000000b
#3763   pc=004000c8
#3764   pc=004000a4   x10(a0)=00000004
#3765   pc=004000a8   x1(ra)=004000a8
#3766   pc=004000ac   x1(ra)=004000b0
#3767   pc=00400014
#3768   pc=00400018   x15(a5)=00000001
#3769   pc=0040001c
#3770   pc=00400020   x15(a5)=10000000
#3771   pc=00400024
#3772   pc=00400028
#3773   pc=0040002c   x14(a4)=00000001
#3774   pc=00400030
#3775   pc=00400034
#3776   pc=00400038
#3777   pc=0040003c
#3778   pc=00400040   x13(a3)=00000010
#3779   pc=00400044   x14(a4)=0ffffffc
#3780   pc=00400048   x13(a3)=1000000c
#3781   pc=0040004c   x14(a4)=00000001
#3782   pc=00400050   x12(a2)=00000000
#3783   pc=00400054
#3784   pc=00400058
#3785   pc=0040005c   x15(a5)=10000004
#3786   pc=00400060
#3787   pc=0040004c
#3788   pc=00400050   x12(a2)=00000001
#3789   pc=00400054   x14(a4)=00000002
#3790   pc=00400058
#3791   pc=0040005c   x15(a5)=10000008
#3792   pc=00400060
#3793   pc=0040004c
#3794   pc=00400050
#3795   pc=00400054   x14(a4)=00000003
#3796   pc=00400058
#3797   pc=0040005c   x15(a5)=1000000c
#3798   pc=00400060
#3799   pc=00400064   x10(a0)=00000010
#3800   pc=00400068   x15(a5)=10000000
#3801   pc=0040006c
#3802   pc=00400070   x10(a0)=10000010
#3803   pc=00400074   x10(a0)=00000003
#3804   pc=00400078
#3805   pc=004000b0   x18(s2)=000000af
#3806   pc=004000b4   x8(s0/fp)=00000005
#3807   pc=004000b8   x15(a5)=00000001
#3808   pc=004000bc   x15(a5)=00000000
#3809   pc=004000c0   x8(s0/fp)=00000000
#3810   pc=004000c4   x9(s1)=0000000a
#3811   pc=004000c8
#3812   pc=004000a4   x10(a0)=00000000
#3813   pc=004000a8   x1(ra)=004000a8
#3814   pc=004000ac   x1(ra)=004000b0
#3815   pc=00400014
#3816   pc=00400078
#3817   pc=004000b0
#3818   pc=004000b4   x8(s0/fp)=00000001
#3819   pc=004000b8
#3820   pc=004000bc   x15(a5)=ffffffff
#3821   pc=004000c0
#3822   pc=004000c4   x9(s1)=00000009
#3823   pc=004000c8
#3824   pc=004000a4   x10(a0)=00000001
#3825   pc=004000a8   x1(ra)=004000a8
#3826   pc=004000ac   x1(ra)=004000b0
#3827   pc=00400014
#3828   pc=00400018   x15(a5)=00000001
#3829   pc=0040001c
#3830   pc=00400078
#3831   pc=004000b0   x18(s2)=000000b0
#3832   pc=004000b4   x8(s0/fp)=00000002
#3833   pc=004000b8   x15(a5)=00000000
#3834   pc=004000bc   x15(a5)=ffffffff
#3835   pc=004000c0
#3836   pc=004000c4   x9(s1)=00000008
#3837   pc=004000c8
#3838   pc=004000a4   x10(a0)=00000002
#3839   pc=004000a8   x1(ra)=004000a8
#3840   pc=004000ac   x1(ra)=004000b0
#3841   pc=00400014
#3842   pc=00400018   x15(a5)=00000001
#3843   pc=0040001c
#3844   pc=00400020   x15(a5)=10000000
#3845   pc=00400024
#3846   pc=00400028
#3847   pc=0040002c   x14(a4)=00000001
#3848   pc=00400030
#3849   pc=00400034
#3850   pc=00400038
#3851   pc=0040003c
#3852   pc=00400040   x13(a3)=00000008
#3853   pc=00400044   x14(a4)=0ffffffc
#3854   pc=00400048   x13(a3)=10000004
#3855   pc=0040004c   x14(a4)=00000001
#3856   pc=00400050   x12(a2)=00000000
#3857   pc=00400054
#3858   pc=00400058
#3859   pc=0040005c   x15(a5)=10000004
#3860   pc=00400060
#3861   pc=00400064   x10(a0)=00000008
#3862   pc=00400068   x15(a5)=10000000
#3863   pc=0040006c
#3864   pc=00400070   x10(a0)=10000008
#3865   pc=00400074   x10(a0)=00000001
#3866   pc=00400078
#3867   pc=004000b0   x18(s2)=000000b1
#3868   pc=004000b4   x8(s0/fp)=00000003
#3869   pc=004000b8   x15(a5)=00000000
#3870   pc=004000bc   x15(a5)=ffffffff
#3871   pc=004000c0
#3872   pc=004000c4   x9(s1)=00000007
#3873   pc=004000c8
#3874   pc=004000a4   x10(a0)=00000003
#3875   pc=004000a8   x1(ra)=004000a8
#3876   pc=004000ac   x1(ra)=004000b0
#3877   pc=00400014
#3878   pc=00400018   x15(a5)=00000001
#3879   pc=0040001c
#3880   pc=00400020   x15(a5)=10000000
#3881   pc=00400024
#3882   pc=00400028
#3883   pc=0040002c
#3884   pc=00400030
#3885   pc=00400034
#3886   pc=00400038
#3887   pc=0040003c
#3888   pc=00400040   x13(a3)=0000000c
#3889   pc=00400044   x14(a4)=0ffffffc
#3890   pc=00400048   x13(a3)=10000008
#3891   pc=0040004c   x14(a4)=00000001
#3892   pc=00400050
#3893   pc=00400054
#3894   pc=00400058
#3895   pc=0040005c   x15(a5)=10000004
#3896   pc=00400060
#3897   pc=0040004c
#3898   pc=00400050   x12(a2)=00000001
#3899   pc=00400054   x14(a4)=00000002
#3900   pc=00400058
#3901   pc=0040005c   x15(a5)=10000008
#3902   pc=00400060
#3903   pc=00400064   x10(a0)=0000000c
#3904   pc=00400068   x15(a5)=10000000
#3905   pc=0040006c
#3906   pc=00400070   x10(a0)=1000000c
#3907   pc=00400074   x10(a0)=00000002
#3908   pc=00400078
#3909   pc=004000b0   x18(s2)=000000b3
#3910   pc=004000b4   x8(s0/fp)=00000004
#3911   pc=004000b8   x15(a5)=00000000
#3912   pc=004000bc   x15(a5)=ffffffff
#3913   pc=004000c0
#3914   pc=004000c4   x9(s1)=00000006
#3915   pc=004000c8
#3916   pc=004000a4   x10(a0)=00000004
#3917   pc=004000a8   x1(ra)=004000a8
#3918   pc=004000ac   x1(ra)=004000b0
#3919   pc=00400014
#3920   pc=00400018   x15(a5)=00000001
#3921   pc=0040001c
#3922   pc=00400020   x15(a5)=10000000
#3923   pc=00400024
#3924   pc=00400028
#3925   pc=0040002c   x14(a4)=00000001
#3926   pc=00400030
#3927   pc=00400034
#3928   pc=00400038
#3929   pc=0040003c
#3930   pc=00400040   x13(a3)=00000010
#3931   pc=00400044   x14(a4)=0ffffffc
#3932   pc=00400048   x13(a3)=1000000c
#3933   pc=0040004c   x14(a4)=00000001
#3934   pc=00400050   x12(a2)=00000000
#3935   pc=00400054
#3936   pc=00400058
#3937   pc=0040005c   x15(a5)=10000004
#3938   pc=00400060
#3939   pc=0040004c
#3940   pc=00400050   x12(a2)=00000001
#3941   pc=00400054   x14(a4)=00000002
#3942   pc=00400058
#3943   pc=0040005c   x15(a5)=10000008
#3944   pc=00400060
#3945   pc=0040004c
#3946   pc=00400050
#3947   pc=00400054   x14(a4)=00000003
#3948   pc=00400058
#3949   pc=0040005c   x15(a5)=1000000c
#3950   pc=00400060
#3951   pc=00400064   x10(a0)=00000010
#3952   pc=00400068   x15(a5)=10000000
#3953   pc=0040006c
#3954   pc=00400070   x10(a0)=10000010
#3955   pc=00400074   x10(a0)=00000003
#3956   pc=00400078
#3957   pc=004000b0   x18(s2)=000000b6
#3958   pc=004000b4   x8(s0/fp)=00000005
#3959   pc=004000b8   x15(a5)=00000001
#3960   pc=004000bc   x15(a5)=00000000
#3961   pc=004000c0   x8(s0/fp)=00000000
#3962   pc=004000c4   x9(s1)=00000005
#3963   pc=004000c8
#3964   pc=004000a4   x10(a0)=00000000
#3965   pc=004000a8   x1(ra)=004000a8
#3966   pc=004000ac   x1(ra)=004000b0
#3967   pc=00400014
#3968   pc=00400078
#3969   pc=004000b0
#3970   pc=004000b4   x8(s0/fp)=00000001
#3971   pc=004000b8
#3972   pc=004000bc   x15(a5)=ffffffff
#3973   pc=004000c0
#3974   pc=004000c4   x9(s1)=00000004
#3975   pc=004000c8
#3976   pc=004000a4   x10(a0)=00000001
#3977   pc=004000a8   x1(ra)=004000a8
#3978   pc=004000ac   x1(ra)=004000b0
#3979   pc=00400014
#3980   pc=00400018   x15(a5)=00000001
#3981   pc=0040001c
#3982   pc=00400078
#3983   pc=004000b0   x18(s2)=000000b7
#3984   pc=004000b4   x8(s0/fp)=00000002
#3985   pc=004000b8   x15(a5)=00000000
#3986   pc=004000bc   x15(a5)=ffffffff
#3987   pc=004000c0
#3988   pc=004000c4   x9(s1)=00000003
#3989   pc=004000c8
#3990   pc=004000a4   x10(a0)=00000002
#3991   pc=004000a8   x1(ra)=004000a8
#3992   pc=004000ac   x1(ra)=004000b0
#3993   pc=00400014
#3994   pc=00400018   x15(a5)=00000001
#3995   pc=0040001c
#3996   pc=00400020   x15(a5)=10000000
#3997   pc=00400024
#3998   pc=00400028
#3999   pc=0040002c   x14(a4)=00000001
#4000   pc=00400030
#4001   pc=00400034
#4002   pc=00400038
#4003   pc=0040003c
#4004   pc=00400040   x13(a3)=00000008
#4005   pc=00400044   x14(a4)=0ffffffc
#4006   pc=00400048   x13(a3)=10000004
#4007   pc=0040004c   x14(a4)=00000001
#4008   pc=00400050   x12(a2)=00000000
#4009   pc=00400054
#4010   pc=00400058
#4011   pc=0040005c   x15(a5)=10000004
#4012   pc=00400060
#4013   pc=00400064   x10(a0)=00000008
#4014   pc=00400068   x15(a5)=10000000
#4015   pc=0040006c
#4016   pc=00400070   x10(a0)=10000008
#4017   pc=00400074   x10(a0)=00000001
#4018   pc=00400078
#4019   pc=004000b0   x18(s2)=000000b8
#4020   pc=004000b4   x8(s0/fp)=00000003
#4021   pc=004000b8   x15(a5)=00000000
#4022   pc=004000bc   x15(a5)=ffffffff
#4023   pc=004000c0
#4024   pc=004000c4   x9(s1)=00000002
#4025   pc=004000c8
#4026   pc=004000a4   x10(a0)=00000003
#4027   pc=004000a8   x1(ra)=004000a8
#4028   pc=004000ac   x1(ra)=004000b0
#4029   pc=00400014
#4030   pc=00400018   x15(a5)=00000001
#4031   pc=0040001c
#4032   pc=00400020   x15(a5)=10000000
#4033   pc=00400024
#4034   pc=00400028
#4035   pc=0040002c
#4036   pc=00400030
#4037   pc=00400034
#4038   pc=00400038
#4039   pc=0040003c
#4040   pc=00400040   x13(a3)=0000000c
#4041   pc=00400044   x14(a4)=0ffffffc
#4042   pc=00400048   x13(a3)=10000008
#4043   pc=0040004c   x14(a4)=00000001
#4044   pc=00400050
#4045   pc=00400054
#4046   pc=00400058
#4047   pc=0040005c   x15(a5)=10000004
#4048   pc=00400060
#4049   pc=0040004c
#4050   pc=00400050   x12(a2)=00000001
#4051   pc=00400054   x14(a4)=00000002
#4052   pc=00400058
#4053   pc=0040005c   x15(a5)=10000008
#4054   pc=00400060
#4055   pc=00400064   x10(a0)=0000000c
#4056   pc=00400068   x15(a5)=10000000
#4057   pc=0040006c
#4058   pc=00400070   x10(a0)=1000000c
#4059   pc=00400074   x10(a0)=00000002
#4060   pc=00400078
#4061   pc=004000b0   x18(s2)=000000ba
#4062   pc=004000b4   x8(s0/fp)=00000004
#4063   pc=004000b8   x15(a5)=00000000
#4064   pc=004000bc   x15(a5)=ffffffff
#4065   pc=004000c0
#4066   pc=004000c4   x9(s1)=00000001
#4067   pc=004000c8
#4068   pc=004000a4   x10(a0)=00000004
#4069   pc=004000a8   x1(ra)=004000a8
#4070   pc=004000ac   x1(ra)=004000b0
#4071   pc=00400014
#4072   pc=00400018   x15(a5)=00000001
#4073   pc=0040001c
#4074   pc=00400020   x15(a5)=10000000
#4075   pc=00400024
#4076   pc=00400028
#4077   pc=0040002c   x14(a4)=00000001
#4078   pc=00400030
#4079   pc=00400034
#4080   pc=00400038
#4081   pc=0040003c
#4082   pc=00400040   x13(a3)=00000010
#4083   pc=00400044   x14(a4)=0ffffffc
#4084   pc=00400048   x13(a3)=1000000c
#4085   pc=0040004c   x14(a4)=00000001
#4086   pc=00400050   x12(a2)=00000000
#4087   pc=00400054
#4088   pc=00400058
#4089   pc=0040005c   x15(a5)=10000004
#4090   pc=00400060
#4091   pc=0040004c
#4092   pc=00400050   x12(a2)=00000001
#4093   pc=00400054   x14(a4)=00000002
#4094   pc=00400058
#4095   pc=0040005c   x15(a5)=10000008
#4096   pc=00400060
#4097   pc=0040004c
#4098   pc=00400050
#4099   pc=00400054   x14(a4)=00000003
#4100   pc=00400058
#4101   pc=0040005c   x15(a5)=1000000c
#4102   pc=00400060
#4103   pc=00400064   x10(a0)=00000010
#4104   pc=00400068   x15(a5)=10000000
#4105   pc=0040006c
#4106   pc=00400070   x10(a0)=10000010
#4107   pc=00400074   x10(a0)=00000003
#4108   pc=00400078
#4109   pc=004000b0   x18(s2)=000000bd
#4110   pc=004000b4   x8(s0/fp)=00000005
#4111   pc=004000b8   x15(a5)=00000001
#4112   pc=004000bc   x15(a5)=00000000
#4113   pc=004000c0   x8(s0/fp)=00000000
#4114   pc=004000c4   x9(s1)=00000000
#4115   pc=004000c8
#4116   pc=004000cc   x10(a0)=000000bd
#4117   pc=004000d0   x1(ra)=00400004
#4118   pc=004000d4
#4119   pc=004000d8
#4120   pc=004000dc   x18(s2)=00000000
#4121   pc=004000e0   x19(s3)=00000000
#4122   pc=004000e4   x2(sp)=7ff00000
#4123   pc=004000e8
#4124   pc=00400004   x2(sp)=000000bd
#4125   pc=00400008   x3(gp)=00000000
#4126   pc=0040000c   x10(a0)=0000000a
#4127   pc=00400010
