anchor  pc=00400000 cycle=0 insn=00000000   x1(ra)=00000000  x2(sp)=7ff00000  x3(gp)=10000000  x4(tp)=00000000  x5(t0)=00000000  x6(t1)=00000000  x7(t2)=00000000  x8(s0/fp)=00000000  x9(s1)=00000000  x10(a0)=00000000  x11(a1)=00000000  x12(a2)=00000000  x13(a3)=00000000  x14(a4)=00000000  x15(a5)=00000000  x16(a6)=00000000  x17(a7)=00000000  x18(s2)=00000000  x19(s3)=00000000  x20(s4)=00000000  x21(s5)=00000000  x22(s6)=00000000  x23(s7)=00000000  x24(s8)=00000000  x25(s9)=00000000  x26(s10)=00000000  x27(s11)=00000000  x28(t3)=00000000  x29(t4)=00000000  x30(t5)=00000000  x31(t6)=00000000
#1      pc=00400000 cycle=16 insn=07c000ef   x1(ra)=00400004
#2      pc=0040007c cycle=26 insn=fe010113   x2(sp)=7fefffe0
#3      pc=00400080 cycle=35 insn=00112e23
#4      pc=00400084 cycle=46 insn=00812c23
#5      pc=00400088 cycle=49 insn=00912a23
#6      pc=0040008c cycle=52 insn=01212823
#7      pc=00400090 cycle=55 insn=01312623
#8      pc=00400094 cycle=55 insn=08700493   x9(s1)=00000087
#9      pc=00400098 cycle=55 insn=00000913
#10     pc=0040009c cycle=55 insn=00000413
#11     pc=004000a0 cycle=55 insn=00400993   x19(s3)=00000004
#12     pc=004000a4 cycle=55 insn=00040513
#13     pc=004000a8 cycle=55 insn=00000097   x1(ra)=004000a8
#14     pc=004000ac cycle=56 insn=f6c080e7   x1(ra)=004000b0
#15     pc=00400014 cycle=71 insn=06050263
#16     pc=00400078 cycle=78 insn=00008067
#17     pc=004000b0 cycle=89 insn=00a90933
#18     pc=004000b4 cycle=89 insn=00140413   x8(s0/fp)=00000001
#19     pc=004000b8 cycle=91 insn=0089a7b3
#20     pc=004000bc cycle=93 insn=fff78793   x15(a5)=ffffffff
#21     pc=004000c0 cycle=98 insn=00f47433
#22     pc=004000c4 cycle=98 insn=fff48493   x9(s1)=00000086
#23     pc=004000c8 cycle=101 insn=fc049ee3
#24     pc=004000a4 cycle=107 insn=00040513   x10(a0)=00000001
#25     pc=004000a8 cycle=107 insn=00000097   x1(ra)=004000a8
#26     pc=004000ac cycle=110 insn=f6c080e7   x1(ra)=004000b0
#27     pc=00400014 cycle=117 insn=06050263
#28     pc=00400018 cycle=117 insn=00100793   x15(a5)=00000001
#29     pc=0040001c cycle=119 insn=04f50e63
#30     pc=00400078 cycle=126 insn=00008067
#31     pc=004000b0 cycle=132 insn=00a90933   x18(s2)=00000001
#32     pc=004000b4 cycle=132 insn=00140413   x8(s0/fp)=00000002
#33     pc=004000b8 cycle=134 insn=0089a7b3   x15(a5)=00000000
#34     pc=004000bc cycle=136 insn=fff78793   x15(a5)=ffffffff
#35     pc=004000c0 cycle=138 insn=00f47433
#36     pc=004000c4 cycle=138 insn=fff48493   x9(s1)=00000085
#37     pc=004000c8 cycle=138 insn=fc049ee3
#38     pc=004000a4 cycle=142 insn=00040513   x10(a0)=00000002
#39     pc=004000a8 cycle=142 insn=00000097   x1(ra)=004000a8
#40     pc=004000ac cycle=145 insn=f6c080e7   x1(ra)=004000b0
#41     pc=00400014 cycle=146 insn=06050263
#42     pc=00400018 cycle=146 insn=00100793   x15(a5)=00000001
#43     pc=0040001c cycle=148 insn=04f50e63
#44     pc=00400020 cycle=154 insn=100007b7   x15(a5)=10000000
#45     pc=00400024 cycle=156 insn=00078793
#46     pc=00400028 cycle=158 insn=0007a023
#47     pc=0040002c cycle=158 insn=00100713   x14(a4)=00000001
#48     pc=00400030 cycle=169 insn=00e7a223
#49     pc=00400034 cycle=169 insn=02a75863
#50     pc=00400038 cycle=169 insn=100007b7
#51     pc=0040003c cycle=169 insn=00078793
#52     pc=00400040 cycle=172 insn=00251693   x13(a3)=00000008
#53     pc=00400044 cycle=172 insn=ffc78713   x14(a4)=0ffffffc
#54     pc=00400048 cycle=174 insn=00e686b3   x13(a3)=10000004
#55     pc=0040004c cycle=175 insn=0047a703   x14(a4)=00000001
#56     pc=00400050 cycle=184 insn=0007a603
#57     pc=00400054 cycle=186 insn=00c70733
#58     pc=00400058 cycle=188 insn=00e7a423
#59     pc=0040005c cycle=188 insn=00478793   x15(a5)=10000004
#60     pc=00400060 cycle=191 insn=fed796e3
#61     pc=00400064 cycle=191 insn=00251513   x10(a0)=00000008
#62     pc=00400068 cycle=191 insn=100007b7   x15(a5)=10000000
#63     pc=0040006c cycle=192 insn=00078793
#64     pc=00400070 cycle=194 insn=00a78533   x10(a0)=10000008
#65     pc=00400074 cycle=199 insn=00052503   x10(a0)=00000001
#66     pc=00400078 cycle=199 insn=00008067
#67     pc=004000b0 cycle=201 insn=00a90933   x18(s2)=00000002
#68     pc=004000b4 cycle=201 insn=00140413   x8(s0/fp)=00000003
#69     pc=004000b8 cycle=201 insn=0089a7b3   x15(a5)=00000000
#70     pc=004000bc cycle=201 insn=fff78793   x15(a5)=ffffffff
#71     pc=004000c0 cycle=201 insn=00f47433
#72     pc=004000c4 cycle=201 insn=fff48493   x9(s1)=00000084
#73     pc=004000c8 cycle=201 insn=fc049ee3
#74     pc=004000a4 cycle=202 insn=00040513   x10(a0)=00000003
#75     pc=004000a8 cycle=202 insn=00000097   x1(ra)=004000a8
#76     pc=004000ac cycle=202 insn=f6c080e7   x1(ra)=004000b0
#77     pc=00400014 cycle=205 insn=06050263
#78     pc=00400018 cycle=205 insn=00100793   x15(a5)=00000001
#79     pc=0040001c cycle=206 insn=04f50e63
#80     pc=00400020 cycle=206 insn=100007b7   x15(a5)=10000000
#81     pc=00400024 cycle=206 insn=00078793
#82     pc=00400028 cycle=207 insn=0007a023
#83     pc=0040002c cycle=207 insn=00100713
#84     pc=00400030 cycle=210 insn=00e7a223
#85     pc=00400034 cycle=210 insn=02a75863
#86     pc=00400038 cycle=210 insn=100007b7
#87     pc=0040003c cycle=210 insn=00078793
#88     pc=00400040 cycle=210 insn=00251693   x13(a3)=0000000c
#89     pc=00400044 cycle=210 insn=ffc78713   x14(a4)=0ffffffc
#90     pc=00400048 cycle=211 insn=00e686b3   x13(a3)=10000008
#91     pc=0040004c cycle=216 insn=0047a703   x14(a4)=00000001
#92     pc=00400050 cycle=217 insn=0007a603
#93     pc=00400054 cycle=219 insn=00c70733
#94     pc=00400058 cycle=221 insn=00e7a423
#95     pc=0040005c cycle=221 insn=00478793   x15(a5)=10000004
#96     pc=00400060 cycle=221 insn=fed796e3
#97     pc=0040004c cycle=227 insn=0047a703
#98     pc=00400050 cycle=228 insn=0007a603   x12(a2)=00000001
#99     pc=00400054 cycle=230 insn=00c70733   x14(a4)=00000002
#100    pc=00400058 cycle=232 insn=00e7a423
#101    pc=0040005c cycle=232 insn=00478793   x15(a5)=10000008
#102    pc=00400060 cycle=232 insn=fed796e3
#103    pc=00400064 cycle=232 insn=00251513   x10(a0)=0000000c
#104    pc=00400068 cycle=232 insn=100007b7   x15(a5)=10000000
#105    pc=0040006c cycle=232 insn=00078793
#106    pc=00400070 cycle=232 insn=00a78533   x10(a0)=1000000c
#107    pc=00400074 cycle=238 insn=00052503   x10(a0)=00000002
#108    pc=00400078 cycle=238 insn=00008067
#109    pc=004000b0 cycle=240 insn=00a90933   x18(s2)=00000004
#110    pc=004000b4 cycle=240 insn=00140413   x8(s0/fp)=00000004
#111    pc=004000b8 cycle=240 insn=0089a7b3   x15(a5)=00000000
#112    pc=004000bc cycle=240 insn=fff78793   x15(a5)=ffffffff
#113    pc=004000c0 cycle=240 insn=00f47433
#114    pc=004000c4 cycle=240 insn=fff48493   x9(s1)=00000083
#115    pc=004000c8 cycle=240 insn=fc049ee3
#116    pc=004000a4 cycle=241 insn=00040513   x10(a0)=00000004
#117    pc=004000a8 cycle=241 insn=00000097   x1(ra)=004000a8
#118    pc=004000ac cycle=241 insn=f6c080e7   x1(ra)=004000b0
#119    pc=00400014 cycle=241 insn=06050263
#120    pc=00400018 cycle=241 insn=00100793   x15(a5)=00000001
#121    pc=0040001c cycle=241 insn=04f50e63
#122    pc=00400020 cycle=241 insn=100007b7   x15(a5)=10000000
#123    pc=00400024 cycle=242 insn=00078793
#124    pc=00400028 cycle=243 insn=0007a023
#125    pc=0040002c cycle=243 insn=00100713   x14(a4)=00000001
#126    pc=00400030 cycle=246 insn=00e7a223
#127    pc=00400034 cycle=246 insn=02a75863
#128    pc=00400038 cycle=246 insn=100007b7
#129    pc=0040003c cycle=246 insn=00078793
#130    pc=00400040 cycle=246 insn=00251693   x13(a3)=00000010
#131    pc=00400044 cycle=247 insn=ffc78713   x14(a4)=0ffffffc
#132    pc=00400048 cycle=249 insn=00e686b3   x13(a3)=1000000c
#133    pc=0040004c cycle=252 insn=0047a703   x14(a4)=00000001
#134    pc=00400050 cycle=253 insn=0007a603   x12(a2)=00000000
#135    pc=00400054 cycle=255 insn=00c70733
#136    pc=00400058 cycle=257 insn=00e7a423
#137    pc=0040005c cycle=257 insn=00478793   x15(a5)=10000004
#138    pc=00400060 cycle=257 insn=fed796e3
#139    pc=0040004c cycle=263 insn=0047a703
#140    pc=00400050 cycle=264 insn=0007a603   x12(a2)=00000001
#141    pc=00400054 cycle=266 insn=00c70733   x14(a4)=00000002
#142    pc=00400058 cycle=268 insn=00e7a423
#143    pc=0040005c cycle=268 insn=00478793   x15(a5)=10000008
#144    pc=00400060 cycle=268 insn=fed796e3
#145    pc=0040004c cycle=274 insn=0047a703
#146    pc=00400050 cycle=275 insn=0007a603
#147    pc=00400054 cycle=277 insn=00c70733   x14(a4)=00000003
#148    pc=00400058 cycle=279 insn=00e7a423
#149    pc=0040005c cycle=279 insn=00478793   x15(a5)=1000000c
#150    pc=00400060 cycle=279 insn=fed796e3
#151    pc=00400064 cycle=279 insn=00251513   x10(a0)=00000010
#152    pc=00400068 cycle=279 insn=100007b7   x15(a5)=10000000
#153    pc=0040006c cycle=280 insn=00078793
#154    pc=00400070 cycle=282 insn=00a78533   x10(a0)=10000010
#155    pc=00400074 cycle=293 insn=00052503   x10(a0)=00000003
#156    pc=00400078 cycle=293 insn=00008067
#157    pc=004000b0 cycle=295 insn=00a90933   x18(s2)=00000007
#158    pc=004000b4 cycle=295 insn=00140413   x8(s0/fp)=00000005
#159    pc=004000b8 cycle=295 insn=0089a7b3   x15(a5)=00000001
#160    pc=004000bc cycle=295 insn=fff78793   x15(a5)=00000000
#161    pc=004000c0 cycle=295 insn=00f47433   x8(s0/fp)=00000000
#162    pc=004000c4 cycle=295 insn=fff48493   x9(s1)=00000082
#163    pc=004000c8 cycle=295 insn=fc049ee3
#164    pc=004000a4 cycle=296 insn=00040513   x10(a0)=00000000
#165    pc=004000a8 cycle=296 insn=00000097   x1(ra)=004000a8
#166    pc=004000ac cycle=296 insn=f6c080e7   x1(ra)=004000b0
#167    pc=00400014 cycle=296 insn=06050263
#168    pc=00400078 cycle=300 insn=00008067
#169    pc=004000b0 cycle=302 insn=00a90933
#170    pc=004000b4 cycle=302 insn=00140413   x8(s0/fp)=00000001
#171    pc=004000b8 cycle=304 insn=0089a7b3
#172    pc=004000bc cycle=306 insn=fff78793   x15(a5)=ffffffff
#173    pc=004000c0 cycle=308 insn=00f47433
#174    pc=004000c4 cycle=308 insn=fff48493   x9(s1)=00000081
#175    pc=004000c8 cycle=308 insn=fc049ee3
#176    pc=004000a4 cycle=310 insn=00040513   x10(a0)=00000001
#177    pc=004000a8 cycle=310 insn=00000097   x1(ra)=004000a8
#178    pc=004000ac cycle=310 insn=f6c080e7   x1(ra)=004000b0
#179    pc=00400014 cycle=313 insn=06050263
#180    pc=00400018 cycle=313 insn=00100793   x15(a5)=00000001
#181    pc=0040001c cycle=314 insn=04f50e63
#182    pc=00400078 cycle=321 insn=00008067
#183    pc=004000b0 cycle=323 insn=00a90933   x18(s2)=00000008
#184    pc=004000b4 cycle=323 insn=00140413   x8(s0/fp)=00000002
#185    pc=004000b8 cycle=325 insn=0089a7b3   x15(a5)=00000000
#186    pc=004000bc cycle=327 insn=fff78793   x15(a5)=ffffffff
#187    pc=004000c0 cycle=329 insn=00f47433
#188    pc=004000c4 cycle=329 insn=fff48493   x9(s1)=00000080
#189    pc=004000c8 cycle=329 insn=fc049ee3
#190    pc=004000a4 cycle=331 insn=00040513   x10(a0)=00000002
#191    pc=004000a8 cycle=331 insn=00000097   x1(ra)=004000a8
#192    pc=004000ac cycle=331 insn=f6c080e7   x1(ra)=004000b0
#193    pc=00400014 cycle=334 insn=06050263
#194    pc=00400018 cycle=334 insn=00100793   x15(a5)=00000001
#195    pc=0040001c cycle=335 insn=04f50e63
#196    pc=00400020 cycle=335 insn=100007b7   x15(a5)=10000000
#197    pc=00400024 cycle=335 insn=00078793
#198    pc=00400028 cycle=336 insn=0007a023
#199    pc=0040002c cycle=336 insn=00100713   x14(a4)=00000001
#200    pc=00400030 cycle=339 insn=00e7a223
#201    pc=00400034 cycle=339 insn=02a75863
#202    pc=00400038 cycle=339 insn=100007b7
#203    pc=0040003c cycle=339 insn=00078793
#204    pc=00400040 cycle=339 insn=00251693   x13(a3)=00000008
#205    pc=00400044 cycle=339 insn=ffc78713   x14(a4)=0ffffffc
#206    pc=00400048 cycle=339 insn=00e686b3   x13(a3)=10000004
#207    pc=0040004c cycle=345 insn=0047a703   x14(a4)=00000001
#208    pc=00400050 cycle=346 insn=0007a603   x12(a2)=00000000
#209    pc=00400054 cycle=348 insn=00c70733
#210    pc=00400058 cycle=350 insn=00e7a423
#211    pc=0040005c cycle=350 insn=00478793   x15(a5)=10000004
#212    pc=00400060 cycle=350 insn=fed796e3
#213    pc=00400064 cycle=350 insn=00251513   x10(a0)=00000008
#214    pc=00400068 cycle=350 insn=100007b7   x15(a5)=10000000
#215    pc=0040006c cycle=350 insn=00078793
#216    pc=00400070 cycle=350 insn=00a78533   x10(a0)=10000008
#217    pc=00400074 cycle=364 insn=00052503   x10(a0)=00000001
#218    pc=00400078 cycle=364 insn=00008067
#219    pc=004000b0 cycle=366 insn=00a90933   x18(s2)=00000009
#220    pc=004000b4 cycle=366 insn=00140413   x8(s0/fp)=00000003
#221    pc=004000b8 cycle=366 insn=0089a7b3   x15(a5)=00000000
#222    pc=004000bc cycle=366 insn=fff78793   x15(a5)=ffffffff
#223    pc=004000c0 cycle=366 insn=00f47433
#224    pc=004000c4 cycle=366 insn=fff48493   x9(s1)=0000007f
#225    pc=004000c8 cycle=366 insn=fc049ee3
#226    pc=004000a4 cycle=367 insn=00040513   x10(a0)=00000003
#227    pc=004000a8 cycle=367 insn=00000097   x1(ra)=004000a8
#228    pc=004000ac cycle=367 insn=f6c080e7   x1(ra)=004000b0
#229    pc=00400014 cycle=367 insn=06050263
#230    pc=00400018 cycle=367 insn=00100793   x15(a5)=00000001
#231    pc=0040001c cycle=367 insn=04f50e63
#232    pc=00400020 cycle=367 insn=100007b7   x15(a5)=10000000
#233    pc=00400024 cycle=368 insn=00078793
#234    pc=00400028 cycle=369 insn=0007a023
#235    pc=0040002c cycle=369 insn=00100713
#236    pc=00400030 cycle=372 insn=00e7a223
#237    pc=00400034 cycle=372 insn=02a75863
#238    pc=00400038 cycle=372 insn=100007b7
#239    pc=0040003c cycle=372 insn=00078793
#240    pc=00400040 cycle=372 insn=00251693   x13(a3)=0000000c
#241    pc=00400044 cycle=373 insn=ffc78713   x14(a4)=0ffffffc
#242    pc=00400048 cycle=375 insn=00e686b3   x13(a3)=10000008
#243    pc=0040004c cycle=378 insn=0047a703   x14(a4)=00000001
#244    pc=00400060 cycle=378 insn=fed796e3
#245    pc=0040004c cycle=387 insn=0047a703
#246    pc=00400050 cycle=388 insn=0007a603
#247    pc=00400054 cycle=390 insn=00c70733
#248    pc=00400058 cycle=392 insn=00e7a423
#249    pc=0040005c cycle=392 insn=00478793   x15(a5)=10000004
#250    pc=00400060 cycle=392 insn=fed796e3
#251    pc=0040004c cycle=398 insn=0047a703
#252    pc=00400050 cycle=399 insn=0007a603   x12(a2)=00000001
#253    pc=00400054 cycle=401 insn=00c70733   x14(a4)=00000002
#254    pc=00400058 cycle=403 insn=00e7a423
#255    pc=0040005c cycle=403 insn=00478793   x15(a5)=10000008
#256    pc=00400060 cycle=403 insn=fed796e3
#257    pc=00400064 cycle=404 insn=00251513   x10(a0)=0000000c
#258    pc=00400068 cycle=404 insn=100007b7   x15(a5)=10000000
#259    pc=0040006c cycle=406 insn=00078793
#260    pc=00400070 cycle=408 insn=00a78533   x10(a0)=1000000c
#261    pc=00400074 cycle=413 insn=00052503   x10(a0)=00000002
#262    pc=00400078 cycle=413 insn=00008067
#263    pc=004000b0 cycle=415 insn=00a90933   x18(s2)=0000000b
#264    pc=004000b4 cycle=415 insn=00140413   x8(s0/fp)=00000004
#265    pc=004000b8 cycle=415 insn=0089a7b3   x15(a5)=00000000
#266    pc=004000bc cycle=415 insn=fff78793   x15(a5)=ffffffff
#267    pc=004000c0 cycle=415 insn=00f47433
#268    pc=004000c4 cycle=415 insn=fff48493   x9(s1)=0000007e
#269    pc=004000c8 cycle=415 insn=fc049ee3
#270    pc=004000a4 cycle=416 insn=00040513   x10(a0)=00000004
#271    pc=004000a8 cycle=416 insn=00000097   x1(ra)=004000a8
#272    pc=004000ac cycle=416 insn=f6c080e7   x1(ra)=004000b0
#273    pc=00400014 cycle=419 insn=06050263
#274    pc=00400018 cycle=419 insn=00100793   x15(a5)=00000001
#275    pc=0040001c cycle=420 insn=04f50e63
#276    pc=00400020 cycle=420 insn=100007b7   x15(a5)=10000000
#277    pc=00400024 cycle=420 insn=00078793
#278    pc=00400028 cycle=421 insn=0007a023
#279    pc=0040002c cycle=421 insn=00100713   x14(a4)=00000001
#280    pc=00400030 cycle=424 insn=00e7a223
#281    pc=00400034 cycle=424 insn=02a75863
#282    pc=00400038 cycle=424 insn=100007b7
#283    pc=0040003c cycle=424 insn=00078793
#284    pc=00400040 cycle=424 insn=00251693   x13(a3)=00000010
#285    pc=00400044 cycle=424 insn=ffc78713   x14(a4)=0ffffffc
#286    pc=00400048 cycle=425 insn=00e686b3   x13(a3)=1000000c
#287    pc=0040004c cycle=430 insn=0047a703   x14(a4)=00000001
#288    pc=00400050 cycle=431 insn=0007a603   x12(a2)=00000000
#289    pc=00400054 cycle=433 insn=00c70733
#290    pc=00400058 cycle=435 insn=00e7a423
#291    pc=0040005c cycle=435 insn=00478793   x15(a5)=10000004
#292    pc=00400060 cycle=435 insn=fed796e3
#293    pc=0040004c cycle=441 insn=0047a703
#294    pc=00400050 cycle=442 insn=0007a603   x12(a2)=00000001
#295    pc=00400054 cycle=444 insn=00c70733   x14(a4)=00000002
#296    pc=00400058 cycle=446 insn=00e7a423
#297    pc=0040005c cycle=446 insn=00478793   x15(a5)=10000008
#298    pc=00400060 cycle=446 insn=fed796e3
#299    pc=0040004c cycle=452 insn=0047a703
#300    pc=00400050 cycle=453 insn=0007a603
#301    pc=00400054 cycle=455 insn=00c70733   x14(a4)=00000003
#302    pc=00400058 cycle=457 insn=00e7a423
#303    pc=0040005c cycle=457 insn=00478793   x15(a5)=1000000c
#304    pc=00400060 cycle=457 insn=fed796e3
#305    pc=00400064 cycle=457 insn=00251513   x10(a0)=00000010
#306    pc=00400068 cycle=457 insn=100007b7   x15(a5)=10000000
#307    pc=0040006c cycle=457 insn=00078793
#308    pc=00400070 cycle=457 insn=00a78533   x10(a0)=10000010
#309    pc=00400074 cycle=463 insn=00052503   x10(a0)=00000003
#310    pc=00400078 cycle=463 insn=00008067
#311    pc=004000b0 cycle=465 insn=00a90933   x18(s2)=0000000e
#312    pc=004000b4 cycle=465 insn=00140413   x8(s0/fp)=00000005
#313    pc=004000b8 cycle=465 insn=0089a7b3   x15(a5)=00000001
#314    pc=004000bc cycle=465 insn=fff78793   x15(a5)=00000000
#315    pc=004000c0 cycle=465 insn=00f47433   x8(s0/fp)=00000000
#316    pc=004000c4 cycle=465 insn=fff48493   x9(s1)=0000007d
#317    pc=004000c8 cycle=465 insn=fc049ee3
#318    pc=004000a4 cycle=466 insn=00040513   x10(a0)=00000000
#319    pc=004000a8 cycle=466 insn=00000097   x1(ra)=004000a8
#320    pc=004000ac cycle=466 insn=f6c080e7   x1(ra)=004000b0
#321    pc=00400014 cycle=466 insn=06050263
#322    pc=00400078 cycle=471 insn=00008067
#323    pc=004000b0 cycle=473 insn=00a90933
#324    pc=004000b4 cycle=473 insn=00140413   x8(s0/fp)=00000001
#325    pc=004000b8 cycle=475 insn=0089a7b3
#326    pc=004000bc cycle=477 insn=fff78793   x15(a5)=ffffffff
#327    pc=004000c0 cycle=479 insn=00f47433
#328    pc=004000c4 cycle=479 insn=fff48493   x9(s1)=0000007c
#329    pc=004000c8 cycle=479 insn=fc049ee3
#330    pc=004000a4 cycle=481 insn=00040513   x10(a0)=00000001
#331    pc=004000a8 cycle=481 insn=00000097   x1(ra)=004000a8
#332    pc=004000ac cycle=481 insn=f6c080e7   x1(ra)=004000b0
#333    pc=00400014 cycle=484 insn=06050263
#334    pc=00400018 cycle=484 insn=00100793   x15(a5)=00000001
#335    pc=0040001c cycle=485 insn=04f50e63
#336    pc=00400078 cycle=492 insn=00008067
#337    pc=004000b0 cycle=494 insn=00a90933   x18(s2)=0000000f
#338    pc=004000b4 cycle=494 insn=00140413   x8(s0/fp)=00000002
#339    pc=004000b8 cycle=496 insn=0089a7b3   x15(a5)=00000000
#340    pc=004000bc cycle=498 insn=fff78793   x15(a5)=ffffffff
#341    pc=004000c0 cycle=500 insn=00f47433
#342    pc=004000c4 cycle=500 insn=fff48493   x9(s1)=0000007b
#343    pc=004000c8 cycle=500 insn=fc049ee3
#344    pc=004000a4 cycle=502 insn=00040513   x10(a0)=00000002
#345    pc=004000a8 cycle=502 insn=00000097   x1(ra)=004000a8
#346    pc=004000ac cycle=502 insn=f6c080e7   x1(ra)=004000b0
#347    pc=00400014 cycle=505 insn=06050263
#348    pc=00400018 cycle=505 insn=00100793   x15(a5)=00000001
#349    pc=0040001c cycle=506 insn=04f50e63
#350    pc=00400020 cycle=506 insn=100007b7   x15(a5)=10000000
#351    pc=00400024 cycle=506 insn=00078793
#352    pc=00400028 cycle=507 insn=0007a023
#353    pc=0040002c cycle=507 insn=00100713   x14(a4)=00000001
#354    pc=00400030 cycle=510 insn=00e7a223
#355    pc=00400034 cycle=510 insn=02a75863
#356    pc=00400038 cycle=510 insn=100007b7
#357    pc=0040003c cycle=510 insn=00078793
#358    pc=00400040 cycle=510 insn=00251693   x13(a3)=00000008
#359    pc=00400044 cycle=510 insn=ffc78713   x14(a4)=0ffffffc
#360    pc=00400048 cycle=510 insn=00e686b3   x13(a3)=10000004
#361    pc=0040004c cycle=516 insn=0047a703   x14(a4)=00000001
#362    pc=00400050 cycle=517 insn=0007a603   x12(a2)=00000000
#363    pc=00400054 cycle=519 insn=00c70733
#364    pc=00400058 cycle=521 insn=00e7a423
#365    pc=0040005c cycle=521 insn=00478793   x15(a5)=10000004
#366    pc=00400060 cycle=521 insn=fed796e3
#367    pc=00400064 cycle=521 insn=00251513   x10(a0)=00000008
#368    pc=00400068 cycle=521 insn=100007b7   x15(a5)=10000000
#369    pc=0040006c cycle=521 insn=00078793
#370    pc=00400070 cycle=521 insn=00a78533   x10(a0)=10000008
#371    pc=00400074 cycle=527 insn=00052503   x10(a0)=00000001
#372    pc=00400078 cycle=527 insn=00008067
#373    pc=004000b0 cycle=529 insn=00a90933   x18(s2)=00000010
#374    pc=004000b4 cycle=529 insn=00140413   x8(s0/fp)=00000003
#375    pc=004000b8 cycle=529 insn=0089a7b3   x15(a5)=00000000
#376    pc=004000bc cycle=529 insn=fff78793   x15(a5)=ffffffff
#377    pc=004000c0 cycle=529 insn=00f47433
#378    pc=004000c4 cycle=529 insn=fff48493   x9(s1)=0000007a
#379    pc=004000c8 cycle=529 insn=fc049ee3
#380    pc=004000a4 cycle=530 insn=00040513   x10(a0)=00000003
#381    pc=004000a8 cycle=530 insn=00000097   x1(ra)=004000a8
#382    pc=004000ac cycle=530 insn=f6c080e7   x1(ra)=004000b0
#383    pc=00400014 cycle=530 insn=06050263
#384    pc=00400018 cycle=530 insn=00100793   x15(a5)=00000001
#385    pc=0040001c cycle=530 insn=04f50e63
#386    pc=00400020 cycle=530 insn=100007b7   x15(a5)=10000000
#387    pc=00400024 cycle=531 insn=00078793
#388    pc=00400028 cycle=532 insn=0007a023
#389    pc=0040002c cycle=532 insn=00100713
#390    pc=00400030 cycle=535 insn=00e7a223
#391    pc=00400034 cycle=535 insn=02a75863
#392    pc=00400038 cycle=535 insn=100007b7
#393    pc=0040003c cycle=535 insn=00078793
#394    pc=00400040 cycle=535 insn=00251693   x13(a3)=0000000c
#395    pc=00400044 cycle=536 insn=ffc78713   x14(a4)=0ffffffc
#396    pc=00400048 cycle=538 insn=00e686b3   x13(a3)=10000008
#397    pc=0040004c cycle=541 insn=0047a703   x14(a4)=00000001
#398    pc=00400060 cycle=541 insn=fed796e3
#399    pc=0040004c cycle=550 insn=0047a703
#400    pc=00400050 cycle=551 insn=0007a603
#401    pc=00400054 cycle=553 insn=00c70733
#402    pc=00400058 cycle=555 insn=00e7a423
#403    pc=0040005c cycle=555 insn=00478793   x15(a5)=10000004
#404    pc=00400060 cycle=555 insn=fed796e3
#405    pc=0040004c cycle=561 insn=0047a703
#406    pc=00400050 cycle=562 insn=0007a603   x12(a2)=00000001
#407    pc=00400054 cycle=564 insn=00c70733   x14(a4)=00000002
#408    pc=00400058 cycle=566 insn=00e7a423
#409    pc=0040005c cycle=566 insn=00478793   x15(a5)=10000008
#410    pc=00400060 cycle=566 insn=fed796e3
#411    pc=00400064 cycle=566 insn=00251513   x10(a0)=0000000c
#412    pc=00400068 cycle=566 insn=100007b7   x15(a5)=10000000
#413    pc=0040006c cycle=566 insn=00078793
#414    pc=00400070 cycle=566 insn=00a78533   x10(a0)=1000000c
#415    pc=00400074 cycle=572 insn=00052503   x10(a0)=00000002
#416    pc=00400078 cycle=572 insn=00008067
#417    pc=004000b0 cycle=574 insn=00a90933   x18(s2)=00000012
#418    pc=004000b4 cycle=574 insn=00140413   x8(s0/fp)=00000004
#419    pc=004000b8 cycle=574 insn=0089a7b3   x15(a5)=00000000
#420    pc=004000bc cycle=574 insn=fff78793   x15(a5)=ffffffff
#421    pc=004000c0 cycle=574 insn=00f47433
#422    pc=004000c4 cycle=574 insn=fff48493   x9(s1)=00000079
#423    pc=004000c8 cycle=574 insn=fc049ee3
#424    pc=004000a4 cycle=575 insn=00040513   x10(a0)=00000004
#425    pc=004000a8 cycle=575 insn=00000097   x1(ra)=004000a8
#426    pc=004000ac cycle=575 insn=f6c080e7   x1(ra)=004000b0
#427    pc=00400014 cycle=577 insn=06050263
#428    pc=00400018 cycle=577 insn=00100793   x15(a5)=00000001
#429    pc=0040001c cycle=578 insn=04f50e63
#430    pc=00400020 cycle=578 insn=100007b7   x15(a5)=10000000
#431    pc=00400024 cycle=578 insn=00078793
#432    pc=00400028 cycle=579 insn=0007a023
#433    pc=0040002c cycle=579 insn=00100713   x14(a4)=00000001
#434    pc=00400030 cycle=582 insn=00e7a223
#435    pc=00400034 cycle=582 insn=02a75863
#436    pc=00400038 cycle=582 insn=100007b7
#437    pc=0040003c cycle=582 insn=00078793
#438    pc=00400040 cycle=582 insn=00251693   x13(a3)=00000010
#439    pc=00400044 cycle=582 insn=ffc78713   x14(a4)=0ffffffc
#440    pc=00400048 cycle=583 insn=00e686b3   x13(a3)=1000000c
#441    pc=0040004c cycle=588 insn=0047a703   x14(a4)=00000001
#442    pc=00400050 cycle=589 insn=0007a603   x12(a2)=00000000
#443    pc=00400054 cycle=591 insn=00c70733
#444    pc=00400058 cycle=593 insn=00e7a423
#445    pc=0040005c cycle=593 insn=00478793   x15(a5)=10000004
#446    pc=00400060 cycle=593 insn=fed796e3
#447    pc=0040004c cycle=599 insn=0047a703
#448    pc=00400050 cycle=600 insn=0007a603   x12(a2)=00000001
#449    pc=00400054 cycle=602 insn=00c70733   x14(a4)=00000002
#450    pc=00400058 cycle=604 insn=00e7a423
#451    pc=0040005c cycle=604 insn=00478793   x15(a5)=10000008
#452    pc=00400060 cycle=604 insn=fed796e3
#453    pc=0040004c cycle=610 insn=0047a703
#454    pc=00400050 cycle=611 insn=0007a603
#455    pc=00400054 cycle=613 insn=00c70733   x14(a4)=00000003
#456    pc=00400058 cycle=615 insn=00e7a423
#457    pc=0040005c cycle=615 insn=00478793   x15(a5)=1000000c
#458    pc=00400060 cycle=615 insn=fed796e3
#459    pc=00400064 cycle=615 insn=00251513   x10(a0)=00000010
#460    pc=00400068 cycle=615 insn=100007b7   x15(a5)=10000000
#461    pc=0040006c cycle=615 insn=00078793
#462    pc=00400070 cycle=615 insn=00a78533   x10(a0)=10000010
#463    pc=00400074 cycle=621 insn=00052503   x10(a0)=00000003
#464    pc=00400078 cycle=621 insn=00008067
#465    pc=004000b0 cycle=623 insn=00a90933   x18(s2)=00000015
#466    pc=004000b4 cycle=623 insn=00140413   x8(s0/fp)=00000005
#467    pc=004000b8 cycle=623 insn=0089a7b3   x15(a5)=00000001
#468    pc=004000bc cycle=623 insn=fff78793   x15(a5)=00000000
#469    pc=004000c0 cycle=623 insn=00f47433   x8(s0/fp)=00000000
#470    pc=004000c4 cycle=623 insn=fff48493   x9(s1)=00000078
#471    pc=004000c8 cycle=623 insn=fc049ee3
#472    pc=004000a4 cycle=624 insn=00040513   x10(a0)=00000000
#473    pc=004000a8 cycle=624 insn=00000097   x1(ra)=004000a8
#474    pc=004000ac cycle=624 insn=f6c080e7   x1(ra)=004000b0
#475    pc=00400014 cycle=624 insn=06050263
#476    pc=00400078 cycle=629 insn=00008067
#477    pc=004000b0 cycle=631 insn=00a90933
#478    pc=004000b4 cycle=631 insn=00140413   x8(s0/fp)=00000001
#479    pc=004000b8 cycle=633 insn=0089a7b3
#480    pc=004000bc cycle=635 insn=fff78793   x15(a5)=ffffffff
#481    pc=004000c0 cycle=637 insn=00f47433
#482    pc=004000c4 cycle=637 insn=fff48493   x9(s1)=00000077
#483    pc=004000c8 cycle=637 insn=fc049ee3
#484    pc=004000a4 cycle=639 insn=00040513   x10(a0)=00000001
#485    pc=004000a8 cycle=639 insn=00000097   x1(ra)=004000a8
#486    pc=004000ac cycle=639 insn=f6c080e7   x1(ra)=004000b0
#487    pc=00400014 cycle=642 insn=06050263
#488    pc=00400018 cycle=642 insn=00100793   x15(a5)=00000001
#489    pc=0040001c cycle=643 insn=04f50e63
#490    pc=00400078 cycle=650 insn=00008067
#491    pc=004000b0 cycle=652 insn=00a90933   x18(s2)=00000016
#492    pc=004000b4 cycle=652 insn=00140413   x8(s0/fp)=00000002
#493    pc=004000b8 cycle=654 insn=0089a7b3   x15(a5)=00000000
#494    pc=004000bc cycle=656 insn=fff78793   x15(a5)=ffffffff
#495    pc=004000c0 cycle=658 insn=00f47433
#496    pc=004000c4 cycle=658 insn=fff48493   x9(s1)=00000076
#497    pc=004000c8 cycle=658 insn=fc049ee3
#498    pc=004000a4 cycle=660 insn=00040513   x10(a0)=00000002
#499    pc=004000a8 cycle=660 insn=00000097   x1(ra)=004000a8
#500    pc=004000ac cycle=660 insn=f6c080e7   x1(ra)=004000b0
#501    pc=00400014 cycle=663 insn=06050263
#502    pc=00400018 cycle=663 insn=00100793   x15(a5)=00000001
#503    pc=0040001c cycle=664 insn=04f50e63
#504    pc=00400020 cycle=664 insn=100007b7   x15(a5)=10000000
#505    pc=00400024 cycle=664 insn=00078793
#506    pc=00400028 cycle=665 insn=0007a023
#507    pc=0040002c cycle=665 insn=00100713   x14(a4)=00000001
#508    pc=00400030 cycle=668 insn=00e7a223
#509    pc=00400034 cycle=668 insn=02a75863
#510    pc=00400038 cycle=668 insn=100007b7
#511    pc=0040003c cycle=668 insn=00078793
#512    pc=00400040 cycle=668 insn=00251693   x13(a3)=00000008
#513    pc=00400044 cycle=668 insn=ffc78713   x14(a4)=0ffffffc
#514    pc=00400048 cycle=668 insn=00e686b3   x13(a3)=10000004
#515    pc=0040004c cycle=674 insn=0047a703   x14(a4)=00000001
#516    pc=00400050 cycle=675 insn=0007a603   x12(a2)=00000000
#517    pc=00400054 cycle=677 insn=00c70733
#518    pc=00400058 cycle=679 insn=00e7a423
#519    pc=0040005c cycle=679 insn=00478793   x15(a5)=10000004
#520    pc=00400060 cycle=679 insn=fed796e3
#521    pc=00400064 cycle=679 insn=00251513   x10(a0)=00000008
#522    pc=00400068 cycle=679 insn=100007b7   x15(a5)=10000000
#523    pc=0040006c cycle=679 insn=00078793
#524    pc=00400070 cycle=679 insn=00a78533   x10(a0)=10000008
#525    pc=00400074 cycle=685 insn=00052503   x10(a0)=00000001
#526    pc=00400078 cycle=685 insn=00008067
#527    pc=004000b0 cycle=687 insn=00a90933   x18(s2)=00000017
#528    pc=004000b4 cycle=687 insn=00140413   x8(s0/fp)=00000003
#529    pc=004000b8 cycle=687 insn=0089a7b3   x15(a5)=00000000
#530    pc=004000bc cycle=687 insn=fff78793   x15(a5)=ffffffff
#531    pc=004000c0 cycle=687 insn=00f47433
#532    pc=004000c4 cycle=687 insn=fff48493   x9(s1)=00000075
#533    pc=004000c8 cycle=687 insn=fc049ee3
#534    pc=004000a4 cycle=688 insn=00040513   x10(a0)=00000003
#535    pc=004000a8 cycle=688 insn=00000097   x1(ra)=004000a8
#536    pc=004000ac cycle=688 insn=f6c080e7   x1(ra)=004000b0
#537    pc=00400014 cycle=688 insn=06050263
#538    pc=00400018 cycle=688 insn=00100793   x15(a5)=00000001
#539    pc=0040001c cycle=688 insn=04f50e63
#540    pc=00400020 cycle=688 insn=100007b7   x15(a5)=10000000
#541    pc=00400024 cycle=689 insn=00078793
#542    pc=00400028 cycle=690 insn=0007a023
#543    pc=0040002c cycle=690 insn=00100713
#544    pc=00400030 cycle=693 insn=00e7a223
#545    pc=00400034 cycle=693 insn=02a75863
#546    pc=00400038 cycle=693 insn=100007b7
#547    pc=0040003c cycle=693 insn=00078793
#548    pc=00400040 cycle=693 insn=00251693   x13(a3)=0000000c
#549    pc=00400044 cycle=694 insn=ffc78713   x14(a4)=0ffffffc
#550    pc=00400048 cycle=696 insn=00e686b3   x13(a3)=10000008
#551    pc=0040004c cycle=699 insn=0047a703   x14(a4)=00000001
#552    pc=00400060 cycle=699 insn=fed796e3
#553    pc=0040004c cycle=708 insn=0047a703
#554    pc=00400050 cycle=709 insn=0007a603
#555    pc=00400054 cycle=711 insn=00c70733
#556    pc=00400058 cycle=713 insn=00e7a423
#557    pc=0040005c cycle=713 insn=00478793   x15(a5)=10000004
#558    pc=00400060 cycle=713 insn=fed796e3
#559    pc=0040004c cycle=719 insn=0047a703
#560    pc=00400050 cycle=720 insn=0007a603   x12(a2)=00000001
#561    pc=00400054 cycle=722 insn=00c70733   x14(a4)=00000002
#562    pc=00400058 cycle=724 insn=00e7a423
#563    pc=0040005c cycle=724 insn=00478793   x15(a5)=10000008
#564    pc=00400060 cycle=724 insn=fed796e3
#565    pc=00400064 cycle=724 insn=00251513   x10(a0)=0000000c
#566    pc=00400068 cycle=724 insn=100007b7   x15(a5)=10000000
#567    pc=0040006c cycle=724 insn=00078793
#568    pc=00400070 cycle=724 insn=00a78533   x10(a0)=1000000c
#569    pc=00400074 cycle=730 insn=00052503   x10(a0)=00000002
#570    pc=00400078 cycle=730 insn=00008067
#571    pc=004000b0 cycle=732 insn=00a90933   x18(s2)=00000019
#572    pc=004000b4 cycle=732 insn=00140413   x8(s0/fp)=00000004
#573    pc=004000b8 cycle=732 insn=0089a7b3   x15(a5)=00000000
#574    pc=004000bc cycle=732 insn=fff78793   x15(a5)=ffffffff
#575    pc=004000c0 cycle=732 insn=00f47433
#576    pc=004000c4 cycle=732 insn=fff48493   x9(s1)=00000074
#577    pc=004000c8 cycle=732 insn=fc049ee3
#578    pc=004000a4 cycle=733 insn=00040513   x10(a0)=00000004
#579    pc=004000a8 cycle=733 insn=00000097   x1(ra)=004000a8
#580    pc=004000ac cycle=733 insn=f6c080e7   x1(ra)=004000b0
#581    pc=00400014 cycle=735 insn=06050263
#582    pc=00400018 cycle=735 insn=00100793   x15(a5)=00000001
#583    pc=0040001c cycle=736 insn=04f50e63
#584    pc=00400020 cycle=736 insn=100007b7   x15(a5)=10000000
#585    pc=00400024 cycle=736 insn=00078793
#586    pc=00400028 cycle=737 insn=0007a023
#587    pc=0040002c cycle=737 insn=00100713   x14(a4)=00000001
#588    pc=00400030 cycle=740 insn=00e7a223
#589    pc=00400034 cycle=740 insn=02a75863
#590    pc=00400038 cycle=740 insn=100007b7
#591    pc=0040003c cycle=740 insn=00078793
#592    pc=00400040 cycle=740 insn=00251693   x13(a3)=00000010
#593    pc=00400044 cycle=740 insn=ffc78713   x14(a4)=0ffffffc
#594    pc=00400048 cycle=741 insn=00e686b3   x13(a3)=1000000c
#595    pc=0040004c cycle=746 insn=0047a703   x14(a4)=00000001
#596    pc=00400050 cycle=747 insn=0007a603   x12(a2)=00000000
#597    pc=00400054 cycle=749 insn=00c70733
#598    pc=00400058 cycle=751 insn=00e7a423
#599    pc=0040005c cycle=751 insn=00478793   x15(a5)=10000004
#600    pc=00400060 cycle=751 insn=fed796e3
#601    pc=0040004c cycle=757 insn=0047a703
#602    pc=00400050 cycle=758 insn=0007a603   x12(a2)=00000001
#603    pc=00400054 cycle=760 insn=00c70733   x14(a4)=00000002
#604    pc=00400058 cycle=762 insn=00e7a423
#605    pc=0040005c cycle=762 insn=00478793   x15(a5)=10000008
#606    pc=00400060 cycle=762 insn=fed796e3
#607    pc=0040004c cycle=768 insn=0047a703
#608    pc=00400050 cycle=769 insn=0007a603
#609    pc=00400054 cycle=771 insn=00c70733   x14(a4)=00000003
#610    pc=00400058 cycle=773 insn=00e7a423
#611    pc=0040005c cycle=773 insn=00478793   x15(a5)=1000000c
#612    pc=00400060 cycle=773 insn=fed796e3
#613    pc=00400064 cycle=773 insn=00251513   x10(a0)=00000010
#614    pc=00400068 cycle=773 insn=100007b7   x15(a5)=10000000
#615    pc=0040006c cycle=773 insn=00078793
#616    pc=00400070 cycle=773 insn=00a78533   x10(a0)=10000010
#617    pc=00400074 cycle=779 insn=00052503   x10(a0)=00000003
#618    pc=00400078 cycle=779 insn=00008067
#619    pc=004000b0 cycle=781 insn=00a90933   x18(s2)=0000001c
#620    pc=004000b4 cycle=781 insn=00140413   x8(s0/fp)=00000005
#621    pc=004000b8 cycle=781 insn=0089a7b3   x15(a5)=00000001
#622    pc=004000bc cycle=781 insn=fff78793   x15(a5)=00000000
#623    pc=004000c0 cycle=781 insn=00f47433   x8(s0/fp)=00000000
#624    pc=004000c4 cycle=781 insn=fff48493   x9(s1)=00000073
#625    pc=004000c8 cycle=781 insn=fc049ee3
#626    pc=004000a4 cycle=782 insn=00040513   x10(a0)=00000000
#627    pc=004000a8 cycle=782 insn=00000097   x1(ra)=004000a8
#628    pc=004000ac cycle=782 insn=f6c080e7   x1(ra)=004000b0
#629    pc=00400014 cycle=782 insn=06050263
#630    pc=00400078 cycle=787 insn=00008067
#631    pc=004000b0 cycle=789 insn=00a90933
#632    pc=004000b4 cycle=789 insn=00140413   x8(s0/fp)=00000001
#633    pc=004000b8 cycle=791 insn=0089a7b3
#634    pc=004000bc cycle=793 insn=fff78793   x15(a5)=ffffffff
#635    pc=004000c0 cycle=795 insn=00f47433
#636    pc=004000c4 cycle=795 insn=fff48493   x9(s1)=00000072
#637    pc=004000c8 cycle=795 insn=fc049ee3
#638    pc=004000a4 cycle=797 insn=00040513   x10(a0)=00000001
#639    pc=004000a8 cycle=797 insn=00000097   x1(ra)=004000a8
#640    pc=004000ac cycle=797 insn=f6c080e7   x1(ra)=004000b0
#641    pc=00400014 cycle=800 insn=06050263
#642    pc=00400018 cycle=800 insn=00100793   x15(a5)=00000001
#643    pc=0040001c cycle=801 insn=04f50e63
#644    pc=00400078 cycle=808 insn=00008067
#645    pc=004000b0 cycle=810 insn=00a90933   x18(s2)=0000001d
#646    pc=004000b4 cycle=810 insn=00140413   x8(s0/fp)=00000002
#647    pc=004000b8 cycle=812 insn=0089a7b3   x15(a5)=00000000
#648    pc=004000bc cycle=814 insn=fff78793   x15(a5)=ffffffff
#649    pc=004000c0 cycle=816 insn=00f47433
#650    pc=004000c4 cycle=816 insn=fff48493   x9(s1)=00000071
#651    pc=004000c8 cycle=816 insn=fc049ee3
#652    pc=004000a4 cycle=818 insn=00040513   x10(a0)=00000002
#653    pc=004000a8 cycle=818 insn=00000097   x1(ra)=004000a8
#654    pc=004000ac cycle=818 insn=f6c080e7   x1(ra)=004000b0
#655    pc=00400014 cycle=821 insn=06050263
#656    pc=00400018 cycle=821 insn=00100793   x15(a5)=00000001
#657    pc=0040001c cycle=822 insn=04f50e63
#658    pc=00400020 cycle=822 insn=100007b7   x15(a5)=10000000
#659    pc=00400024 cycle=822 insn=00078793
#660    pc=00400028 cycle=823 insn=0007a023
#661    pc=0040002c cycle=823 insn=00100713   x14(a4)=00000001
#662    pc=00400030 cycle=826 insn=00e7a223
#663    pc=00400034 cycle=826 insn=02a75863
#664    pc=00400038 cycle=826 insn=100007b7
#665    pc=0040003c cycle=826 insn=00078793
#666    pc=00400040 cycle=826 insn=00251693   x13(a3)=00000008
#667    pc=00400044 cycle=826 insn=ffc78713   x14(a4)=0ffffffc
#668    pc=00400048 cycle=826 insn=00e686b3   x13(a3)=10000004
#669    pc=0040004c cycle=832 insn=0047a703   x14(a4)=00000001
#670    pc=00400050 cycle=833 insn=0007a603   x12(a2)=00000000
#671    pc=00400054 cycle=835 insn=00c70733
#672    pc=00400058 cycle=837 insn=00e7a423
#673    pc=0040005c cycle=837 insn=00478793   x15(a5)=10000004
#674    pc=00400060 cycle=837 insn=fed796e3
#675    pc=00400064 cycle=837 insn=00251513   x10(a0)=00000008
#676    pc=00400068 cycle=837 insn=100007b7   x15(a5)=10000000
#677    pc=0040006c cycle=837 insn=00078793
#678    pc=00400070 cycle=837 insn=00a78533   x10(a0)=10000008
#679    pc=00400074 cycle=843 insn=00052503   x10(a0)=00000001
#680    pc=00400078 cycle=843 insn=00008067
#681    pc=004000b0 cycle=845 insn=00a90933   x18(s2)=0000001e
#682    pc=004000b4 cycle=845 insn=00140413   x8(s0/fp)=00000003
#683    pc=004000b8 cycle=845 insn=0089a7b3   x15(a5)=00000000
#684    pc=004000bc cycle=845 insn=fff78793   x15(a5)=ffffffff
#685    pc=004000c0 cycle=845 insn=00f47433
#686    pc=004000c4 cycle=845 insn=fff48493   x9(s1)=00000070
#687    pc=004000c8 cycle=845 insn=fc049ee3
#688    pc=004000a4 cycle=846 insn=00040513   x10(a0)=00000003
#689    pc=004000a8 cycle=846 insn=00000097   x1(ra)=004000a8
#690    pc=004000ac cycle=846 insn=f6c080e7   x1(ra)=004000b0
#691    pc=00400014 cycle=846 insn=06050263
#692    pc=00400018 cycle=846 insn=00100793   x15(a5)=00000001
#693    pc=0040001c cycle=846 insn=04f50e63
#694    pc=00400020 cycle=846 insn=100007b7   x15(a5)=10000000
#695    pc=00400024 cycle=847 insn=00078793
#696    pc=00400028 cycle=848 insn=0007a023
#697    pc=0040002c cycle=848 insn=00100713
#698    pc=00400030 cycle=851 insn=00e7a223
#699    pc=00400034 cycle=851 insn=02a75863
#700    pc=00400038 cycle=851 insn=100007b7
#701    pc=0040003c cycle=851 insn=00078793
#702    pc=00400040 cycle=851 insn=00251693   x13(a3)=0000000c
#703    pc=00400044 cycle=852 insn=ffc78713   x14(a4)=0ffffffc
#704    pc=00400048 cycle=854 insn=00e686b3   x13(a3)=10000008
#705    pc=0040004c cycle=857 insn=0047a703   x14(a4)=00000001
#706    pc=00400060 cycle=857 insn=fed796e3
#707    pc=0040004c cycle=866 insn=0047a703
#708    pc=00400050 cycle=867 insn=0007a603
#709    pc=00400054 cycle=869 insn=00c70733
#710    pc=00400058 cycle=871 insn=00e7a423
#711    pc=0040005c cycle=871 insn=00478793   x15(a5)=10000004
#712    pc=00400060 cycle=871 insn=fed796e3
#713    pc=0040004c cycle=877 insn=0047a703
#714    pc=00400050 cycle=878 insn=0007a603   x12(a2)=00000001
#715    pc=00400054 cycle=880 insn=00c70733   x14(a4)=00000002
#716    pc=00400058 cycle=882 insn=00e7a423
#717    pc=0040005c cycle=882 insn=00478793   x15(a5)=10000008
#718    pc=00400060 cycle=882 insn=fed796e3
#719    pc=00400064 cycle=882 insn=00251513   x10(a0)=0000000c
#720    pc=00400068 cycle=882 insn=100007b7   x15(a5)=10000000
#721    pc=0040006c cycle=882 insn=00078793
#722    pc=00400070 cycle=882 insn=00a78533   x10(a0)=1000000c
#723    pc=00400074 cycle=888 insn=00052503   x10(a0)=00000002
#724    pc=00400078 cycle=888 insn=00008067
#725    pc=004000b0 cycle=890 insn=00a90933   x18(s2)=00000020
#726    pc=004000b4 cycle=890 insn=00140413   x8(s0/fp)=00000004
#727    pc=004000b8 cycle=890 insn=0089a7b3   x15(a5)=00000000
#728    pc=004000bc cycle=890 insn=fff78793   x15(a5)=ffffffff
#729    pc=004000c0 cycle=890 insn=00f47433
#730    pc=004000c4 cycle=890 insn=fff48493   x9(s1)=0000006f
#731    pc=004000c8 cycle=890 insn=fc049ee3
#732    pc=004000a4 cycle=891 insn=00040513   x10(a0)=00000004
#733    pc=004000a8 cycle=891 insn=00000097   x1(ra)=004000a8
#734    pc=004000ac cycle=891 insn=f6c080e7   x1(ra)=004000b0
#735    pc=00400014 cycle=893 insn=06050263
#736    pc=00400018 cycle=893 insn=00100793   x15(a5)=00000001
#737    pc=0040001c cycle=894 insn=04f50e63
#738    pc=00400020 cycle=894 insn=100007b7   x15(a5)=10000000
#739    pc=00400024 cycle=894 insn=00078793
#740    pc=00400028 cycle=895 insn=0007a023
#741    pc=0040002c cycle=895 insn=00100713   x14(a4)=00000001
#742    pc=00400030 cycle=898 insn=00e7a223
#743    pc=00400034 cycle=898 insn=02a75863
#744    pc=00400038 cycle=898 insn=100007b7
#745    pc=0040003c cycle=898 insn=00078793
#746    pc=00400040 cycle=898 insn=00251693   x13(a3)=00000010
#747    pc=00400044 cycle=898 insn=ffc78713   x14(a4)=0ffffffc
#748    pc=00400048 cycle=899 insn=00e686b3   x13(a3)=1000000c
#749    pc=0040004c cycle=904 insn=0047a703   x14(a4)=00000001
#750    pc=00400050 cycle=905 insn=0007a603   x12(a2)=00000000
#751    pc=00400054 cycle=907 insn=00c70733
#752    pc=00400058 cycle=909 insn=00e7a423
#753    pc=0040005c cycle=909 insn=00478793   x15(a5)=10000004
#754    pc=00400060 cycle=909 insn=fed796e3
#755    pc=0040004c cycle=915 insn=0047a703
#756    pc=00400050 cycle=916 insn=0007a603   x12(a2)=00000001
#757    pc=00400054 cycle=918 insn=00c70733   x14(a4)=00000002
#758    pc=00400058 cycle=920 insn=00e7a423
#759    pc=0040005c cycle=920 insn=00478793   x15(a5)=10000008
#760    pc=00400060 cycle=920 insn=fed796e3
#761    pc=0040004c cycle=926 insn=0047a703
#762    pc=00400050 cycle=927 insn=0007a603
#763    pc=00400054 cycle=929 insn=00c70733   x14(a4)=00000003
#764    pc=00400058 cycle=931 insn=00e7a423
#765    pc=0040005c cycle=931 insn=00478793   x15(a5)=1000000c
#766    pc=00400060 cycle=931 insn=fed796e3
#767    pc=00400064 cycle=931 insn=00251513   x10(a0)=00000010
#768    pc=00400068 cycle=931 insn=100007b7   x15(a5)=10000000
#769    pc=0040006c cycle=931 insn=00078793
#770    pc=00400070 cycle=931 insn=00a78533   x10(a0)=10000010
#771    pc=00400074 cycle=937 insn=00052503   x10(a0)=00000003
#772    pc=00400078 cycle=937 insn=00008067
#773    pc=004000b0 cycle=939 insn=00a90933   x18(s2)=00000023
#774    pc=004000b4 cycle=939 insn=00140413   x8(s0/fp)=00000005
#775    pc=004000b8 cycle=939 insn=0089a7b3   x15(a5)=00000001
#776    pc=004000bc cycle=939 insn=fff78793   x15(a5)=00000000
#777    pc=004000c0 cycle=939 insn=00f47433   x8(s0/fp)=00000000
#778    pc=004000c4 cycle=939 insn=fff48493   x9(s1)=0000006e
#779    pc=004000c8 cycle=939 insn=fc049ee3
#780    pc=004000a4 cycle=940 insn=00040513   x10(a0)=00000000
#781    pc=004000a8 cycle=940 insn=00000097   x1(ra)=004000a8
#782    pc=004000ac cycle=940 insn=f6c080e7   x1(ra)=004000b0
#783    pc=00400014 cycle=940 insn=06050263
#784    pc=00400078 cycle=945 insn=00008067
#785    pc=004000b0 cycle=947 insn=00a90933
#786    pc=004000b4 cycle=947 insn=00140413   x8(s0/fp)=00000001
#787    pc=004000b8 cycle=949 insn=0089a7b3
#788    pc=004000bc cycle=951 insn=fff78793   x15(a5)=ffffffff
#789    pc=004000c0 cycle=953 insn=00f47433
#790    pc=004000c4 cycle=953 insn=fff48493   x9(s1)=0000006d
#791    pc=004000c8 cycle=953 insn=fc049ee3
#792    pc=004000a4 cycle=955 insn=00040513   x10(a0)=00000001
#793    pc=004000a8 cycle=955 insn=00000097   x1(ra)=004000a8
#794    pc=004000ac cycle=955 insn=f6c080e7   x1(ra)=004000b0
#795    pc=00400014 cycle=958 insn=06050263
#796    pc=00400018 cycle=958 insn=00100793   x15(a5)=00000001
#797    pc=0040001c cycle=959 insn=04f50e63
#798    pc=00400078 cycle=966 insn=00008067
#799    pc=004000b0 cycle=968 insn=00a90933   x18(s2)=00000024
#800    pc=004000b4 cycle=968 insn=00140413   x8(s0/fp)=00000002
#801    pc=004000b8 cycle=970 insn=0089a7b3   x15(a5)=00000000
#802    pc=004000bc cycle=972 insn=fff78793   x15(a5)=ffffffff
#803    pc=004000c0 cycle=974 insn=00f47433
#804    pc=004000c4 cycle=974 insn=fff48493   x9(s1)=0000006c
#805    pc=004000c8 cycle=974 insn=fc049ee3
#806    pc=004000a4 cycle=976 insn=00040513   x10(a0)=00000002
#807    pc=004000a8 cycle=976 insn=00000097   x1(ra)=004000a8
#808    pc=004000ac cycle=976 insn=f6c080e7   x1(ra)=004000b0
#809    pc=00400014 cycle=979 insn=06050263
#810    pc=00400018 cycle=979 insn=00100793   x15(a5)=00000001
#811    pc=0040001c cycle=980 insn=04f50e63
#812    pc=00400020 cycle=980 insn=100007b7   x15(a5)=10000000
#813    pc=00400024 cycle=980 insn=00078793
#814    pc=00400028 cycle=981 insn=0007a023
#815    pc=0040002c cycle=981 insn=00100713   x14(a4)=00000001
#816    pc=00400030 cycle=984 insn=00e7a223
#817    pc=00400034 cycle=984 insn=02a75863
#818    pc=00400038 cycle=984 insn=100007b7
#819    pc=0040003c cycle=984 insn=00078793
#820    pc=00400040 cycle=984 insn=00251693   x13(a3)=00000008
#821    pc=00400044 cycle=984 insn=ffc78713   x14(a4)=0ffffffc
#822    pc=00400048 cycle=984 insn=00e686b3   x13(a3)=10000004
#823    pc=0040004c cycle=990 insn=0047a703   x14(a4)=00000001
#824    pc=00400050 cycle=991 insn=0007a603   x12(a2)=00000000
#825    pc=00400054 cycle=993 insn=00c70733
#826    pc=00400058 cycle=995 insn=00e7a423
#827    pc=0040005c cycle=995 insn=00478793   x15(a5)=10000004
#828    pc=00400060 cycle=995 insn=fed796e3
#829    pc=00400064 cycle=995 insn=00251513   x10(a0)=00000008
#830    pc=00400068 cycle=995 insn=100007b7   x15(a5)=10000000
#831    pc=0040006c cycle=995 insn=00078793
#832    pc=00400070 cycle=995 insn=00a78533   x10(a0)=10000008
#833    pc=00400074 cycle=1001 insn=00052503   x10(a0)=00000001
#834    pc=00400078 cycle=1001 insn=00008067
#835    pc=004000b0 cycle=1003 insn=00a90933   x18(s2)=00000025
#836    pc=004000b4 cycle=1003 insn=00140413   x8(s0/fp)=00000003
#837    pc=004000b8 cycle=1003 insn=0089a7b3   x15(a5)=00000000
#838    pc=004000bc cycle=1003 insn=fff78793   x15(a5)=ffffffff
#839    pc=004000c0 cycle=1003 insn=00f47433
#840    pc=004000c4 cycle=1003 insn=fff48493   x9(s1)=0000006b
#841    pc=004000c8 cycle=1003 insn=fc049ee3
#842    pc=004000a4 cycle=1004 insn=00040513   x10(a0)=00000003
#843    pc=004000a8 cycle=1004 insn=00000097   x1(ra)=004000a8
#844    pc=004000ac cycle=1004 insn=f6c080e7   x1(ra)=004000b0
#845    pc=00400014 cycle=1004 insn=06050263
#846    pc=00400018 cycle=1004 insn=00100793   x15(a5)=00000001
#847    pc=0040001c cycle=1004 insn=04f50e63
#848    pc=00400020 cycle=1004 insn=100007b7   x15(a5)=10000000
#849    pc=00400024 cycle=1005 insn=00078793
#850    pc=00400028 cycle=1006 insn=0007a023
#851    pc=0040002c cycle=1006 insn=00100713
#852    pc=00400030 cycle=1009 insn=00e7a223
#853    pc=00400034 cycle=1009 insn=02a75863
#854    pc=00400038 cycle=1009 insn=100007b7
#855    pc=0040003c cycle=1009 insn=00078793
#856    pc=00400040 cycle=1009 insn=00251693   x13(a3)=0000000c
#857    pc=00400044 cycle=1010 insn=ffc78713   x14(a4)=0ffffffc
#858    pc=00400048 cycle=1012 insn=00e686b3   x13(a3)=10000008
#859    pc=0040004c cycle=1015 insn=0047a703   x14(a4)=00000001
#860    pc=00400060 cycle=1015 insn=fed796e3
#861    pc=0040004c cycle=1024 insn=0047a703
#862    pc=00400050 cycle=1025 insn=0007a603
#863    pc=00400054 cycle=1027 insn=00c70733
#864    pc=00400058 cycle=1029 insn=00e7a423
#865    pc=0040005c cycle=1029 insn=00478793   x15(a5)=10000004
#866    pc=00400060 cycle=1029 insn=fed796e3
#867    pc=0040004c cycle=1035 insn=0047a703
#868    pc=00400050 cycle=1036 insn=0007a603   x12(a2)=00000001
#869    pc=00400054 cycle=1038 insn=00c70733   x14(a4)=00000002
#870    pc=00400058 cycle=1040 insn=00e7a423
#871    pc=0040005c cycle=1040 insn=00478793   x15(a5)=10000008
#872    pc=00400060 cycle=1040 insn=fed796e3
#873    pc=00400064 cycle=1040 insn=00251513   x10(a0)=0000000c
#874    pc=00400068 cycle=1040 insn=100007b7   x15(a5)=10000000
#875    pc=0040006c cycle=1040 insn=00078793
#876    pc=00400070 cycle=1040 insn=00a78533   x10(a0)=1000000c
#877    pc=00400074 cycle=1046 insn=00052503   x10(a0)=00000002
#878    pc=00400078 cycle=1046 insn=00008067
#879    pc=004000b0 cycle=1048 insn=00a90933   x18(s2)=00000027
#880    pc=004000b4 cycle=1048 insn=00140413   x8(s0/fp)=00000004
#881    pc=004000b8 cycle=1048 insn=0089a7b3   x15(a5)=00000000
#882    pc=004000bc cycle=1048 insn=fff78793   x15(a5)=ffffffff
#883    pc=004000c0 cycle=1048 insn=00f47433
#884    pc=004000c4 cycle=1048 insn=fff48493   x9(s1)=0000006a
#885    pc=004000c8 cycle=1048 insn=fc049ee3
#886    pc=004000a4 cycle=1049 insn=00040513   x10(a0)=00000004
#887    pc=004000a8 cycle=1049 insn=00000097   x1(ra)=004000a8
#888    pc=004000ac cycle=1049 insn=f6c080e7   x1(ra)=004000b0
#889    pc=00400014 cycle=1051 insn=06050263
#890    pc=00400018 cycle=1051 insn=00100793   x15(a5)=00000001
#891    pc=0040001c cycle=1052 insn=04f50e63
#892    pc=00400020 cycle=1052 insn=100007b7   x15(a5)=10000000
#893    pc=00400024 cycle=1052 insn=00078793
#894    pc=00400028 cycle=1053 insn=0007a023
#895    pc=0040002c cycle=1053 insn=00100713   x14(a4)=00000001
#896    pc=00400030 cycle=1056 insn=00e7a223
#897    pc=00400034 cycle=1056 insn=02a75863
#898    pc=00400038 cycle=1056 insn=100007b7
#899    pc=0040003c cycle=1056 insn=00078793
#900    pc=00400040 cycle=1056 insn=00251693   x13(a3)=00000010
#901    pc=00400044 cycle=1056 insn=ffc78713   x14(a4)=0ffffffc
#902    pc=00400048 cycle=1057 insn=00e686b3   x13(a3)=1000000c
#903    pc=0040004c cycle=1062 insn=0047a703   x14(a4)=00000001
#904    pc=00400050 cycle=1063 insn=0007a603   x12(a2)=00000000
#905    pc=00400054 cycle=1065 insn=00c70733
#906    pc=00400058 cycle=1067 insn=00e7a423
#907    pc=0040005c cycle=1067 insn=00478793   x15(a5)=10000004
#908    pc=00400060 cycle=1067 insn=fed796e3
#909    pc=0040004c cycle=1073 insn=0047a703
#910    pc=00400050 cycle=1074 insn=0007a603   x12(a2)=00000001
#911    pc=00400054 cycle=1076 insn=00c70733   x14(a4)=00000002
#912    pc=00400058 cycle=1078 insn=00e7a423
#913    pc=0040005c cycle=1078 insn=00478793   x15(a5)=10000008
#914    pc=00400060 cycle=1078 insn=fed796e3
#915    pc=0040004c cycle=1084 insn=0047a703
#916    pc=00400050 cycle=1085 insn=0007a603
#917    pc=00400054 cycle=1087 insn=00c70733   x14(a4)=00000003
#918    pc=00400058 cycle=1089 insn=00e7a423
#919    pc=0040005c cycle=1089 insn=00478793   x15(a5)=1000000c
#920    pc=00400060 cycle=1089 insn=fed796e3
#921    pc=00400064 cycle=1089 insn=00251513   x10(a0)=00000010
#922    pc=00400068 cycle=1089 insn=100007b7   x15(a5)=10000000
#923    pc=0040006c cycle=1089 insn=00078793
#924    pc=00400070 cycle=1089 insn=00a78533   x10(a0)=10000010
#925    pc=00400074 cycle=1095 insn=00052503   x10(a0)=00000003
#926    pc=00400078 cycle=1095 insn=00008067
#927    pc=004000b0 cycle=1097 insn=00a90933   x18(s2)=0000002a
#928    pc=004000b4 cycle=1097 insn=00140413   x8(s0/fp)=00000005
#929    pc=004000b8 cycle=1097 insn=0089a7b3   x15(a5)=00000001
#930    pc=004000bc cycle=1097 insn=fff78793   x15(a5)=00000000
#931    pc=004000c0 cycle=1097 insn=00f47433   x8(s0/fp)=00000000
#932    pc=004000c4 cycle=1097 insn=fff48493   x9(s1)=00000069
#933    pc=004000c8 cycle=1097 insn=fc049ee3
#934    pc=004000a4 cycle=1098 insn=00040513   x10(a0)=00000000
#935    pc=004000a8 cycle=1098 insn=00000097   x1(ra)=004000a8
#936    pc=004000ac cycle=1098 insn=f6c080e7   x1(ra)=004000b0
#937    pc=00400014 cycle=1098 insn=06050263
#938    pc=00400078 cycle=1103 insn=00008067
#939    pc=004000b0 cycle=1105 insn=00a90933
#940    pc=004000b4 cycle=1105 insn=00140413   x8(s0/fp)=00000001
#941    pc=004000b8 cycle=1107 insn=0089a7b3
#942    pc=004000bc cycle=1109 insn=fff78793   x15(a5)=ffffffff
#943    pc=004000c0 cycle=1111 insn=00f47433
#944    pc=004000c4 cycle=1111 insn=fff48493   x9(s1)=00000068
#945    pc=004000c8 cycle=1111 insn=fc049ee3
#946    pc=004000a4 cycle=1113 insn=00040513   x10(a0)=00000001
#947    pc=004000a8 cycle=1113 insn=00000097   x1(ra)=004000a8
#948    pc=004000ac cycle=1113 insn=f6c080e7   x1(ra)=004000b0
#949    pc=00400014 cycle=1116 insn=06050263
#950    pc=00400018 cycle=1116 insn=00100793   x15(a5)=00000001
#951    pc=0040001c cycle=1117 insn=04f50e63
#952    pc=00400078 cycle=1124 insn=00008067
#953    pc=004000b0 cycle=1126 insn=00a90933   x18(s2)=0000002b
#954    pc=004000b4 cycle=1126 insn=00140413   x8(s0/fp)=00000002
#955    pc=004000b8 cycle=1128 insn=0089a7b3   x15(a5)=00000000
#956    pc=004000bc cycle=1130 insn=fff78793   x15(a5)=ffffffff
#957    pc=004000c0 cycle=1132 insn=00f47433
#958    pc=004000c4 cycle=1132 insn=fff48493   x9(s1)=00000067
#959    pc=004000c8 cycle=1132 insn=fc049ee3
#960    pc=004000a4 cycle=1134 insn=00040513   x10(a0)=00000002
#961    pc=004000a8 cycle=1134 insn=00000097   x1(ra)=004000a8
#962    pc=004000ac cycle=1134 insn=f6c080e7   x1(ra)=004000b0
#963    pc=00400014 cycle=1137 insn=06050263
#964    pc=00400018 cycle=1137 insn=00100793   x15(a5)=00000001
#965    pc=0040001c cycle=1138 insn=04f50e63
#966    pc=00400020 cycle=1138 insn=100007b7   x15(a5)=10000000
#967    pc=00400024 cycle=1138 insn=00078793
#968    pc=00400028 cycle=1139 insn=0007a023
#969    pc=0040002c cycle=1139 insn=00100713   x14(a4)=00000001
#970    pc=00400030 cycle=1142 insn=00e7a223
#971    pc=00400034 cycle=1142 insn=02a75863
#972    pc=00400038 cycle=1142 insn=100007b7
#973    pc=0040003c cycle=1142 insn=00078793
#974    pc=00400040 cycle=1142 insn=00251693   x13(a3)=00000008
#975    pc=00400044 cycle=1142 insn=ffc78713   x14(a4)=0ffffffc
#976    pc=00400048 cycle=1142 insn=00e686b3   x13(a3)=10000004
#977    pc=0040004c cycle=1148 insn=0047a703   x14(a4)=00000001
#978    pc=00400050 cycle=1149 insn=0007a603   x12(a2)=00000000
#979    pc=00400054 cycle=1151 insn=00c70733
#980    pc=00400058 cycle=1153 insn=00e7a423
#981    pc=0040005c cycle=1153 insn=00478793   x15(a5)=10000004
#982    pc=00400060 cycle=1153 insn=fed796e3
#983    pc=00400064 cycle=1153 insn=00251513   x10(a0)=00000008
#984    pc=00400068 cycle=1153 insn=100007b7   x15(a5)=10000000
#985    pc=0040006c cycle=1153 insn=00078793
#986    pc=00400070 cycle=1153 insn=00a78533   x10(a0)=10000008
#987    pc=00400074 cycle=1159 insn=00052503   x10(a0)=00000001
#988    pc=00400078 cycle=1159 insn=00008067
#989    pc=004000b0 cycle=1161 insn=00a90933   x18(s2)=0000002c
#990    pc=004000b4 cycle=1161 insn=00140413   x8(s0/fp)=00000003
#991    pc=004000b8 cycle=1161 insn=0089a7b3   x15(a5)=00000000
#992    pc=004000bc cycle=1161 insn=fff78793   x15(a5)=ffffffff
#993    pc=004000c0 cycle=1161 insn=00f47433
#994    pc=004000c4 cycle=1161 insn=fff48493   x9(s1)=00000066
#995    pc=004000c8 cycle=1161 insn=fc049ee3
#996    pc=004000a4 cycle=1162 insn=00040513   x10(a0)=00000003
#997    pc=004000a8 cycle=1162 insn=00000097   x1(ra)=004000a8
#998    pc=004000ac cycle=1162 insn=f6c080e7   x1(ra)=004000b0
#999    pc=00400014 cycle=1162 insn=06050263
#1000   pc=00400018 cycle=1162 insn=00100793   x15(a5)=00000001
#1001   pc=0040001c cycle=1162 insn=04f50e63
#1002   pc=00400020 cycle=1162 insn=100007b7   x15(a5)=10000000
#1003   pc=00400024 cycle=1163 insn=00078793
#1004   pc=00400028 cycle=1164 insn=0007a023
#1005   pc=0040002c cycle=1164 insn=00100713
#1006   pc=00400030 cycle=1167 insn=00e7a223
#1007   pc=00400034 cycle=1167 insn=02a75863
#1008   pc=00400038 cycle=1167 insn=100007b7
#1009   pc=0040003c cycle=1167 insn=00078793
#1010   pc=00400040 cycle=1167 insn=00251693   x13(a3)=0000000c
#1011   pc=00400044 cycle=1168 insn=ffc78713   x14(a4)=0ffffffc
#1012   pc=00400048 cycle=1170 insn=00e686b3   x13(a3)=10000008
#1013   pc=0040004c cycle=1173 insn=0047a703   x14(a4)=00000001
#1014   pc=00400060 cycle=1173 insn=fed796e3
#1015   pc=0040004c cycle=1182 insn=0047a703
#1016   pc=00400050 cycle=1183 insn=0007a603
#1017   pc=00400054 cycle=1185 insn=00c70733
#1018   pc=00400058 cycle=1187 insn=00e7a423
#1019   pc=0040005c cycle=1187 insn=00478793   x15(a5)=10000004
#1020   pc=00400060 cycle=1187 insn=fed796e3
#1021   pc=0040004c cycle=1193 insn=0047a703
#1022   pc=00400050 cycle=1194 insn=0007a603   x12(a2)=00000001
#1023   pc=00400054 cycle=1196 insn=00c70733   x14(a4)=00000002
#1024   pc=00400058 cycle=1198 insn=00e7a423
#1025   pc=0040005c cycle=1198 insn=00478793   x15(a5)=10000008
#1026   pc=00400060 cycle=1198 insn=fed796e3
#1027   pc=00400064 cycle=1198 insn=00251513   x10(a0)=0000000c
#1028   pc=00400068 cycle=1198 insn=100007b7   x15(a5)=10000000
#1029   pc=0040006c cycle=1198 insn=00078793
#1030   pc=00400070 cycle=1198 insn=00a78533   x10(a0)=1000000c
#1031   pc=00400074 cycle=1204 insn=00052503   x10(a0)=00000002
#1032   pc=00400078 cycle=1204 insn=00008067
#1033   pc=004000b0 cycle=1206 insn=00a90933   x18(s2)=0000002e
#1034   pc=004000b4 cycle=1206 insn=00140413   x8(s0/fp)=00000004
#1035   pc=004000b8 cycle=1206 insn=0089a7b3   x15(a5)=00000000
#1036   pc=004000bc cycle=1206 insn=fff78793   x15(a5)=ffffffff
#1037   pc=004000c0 cycle=1206 insn=00f47433
#1038   pc=004000c4 cycle=1206 insn=fff48493   x9(s1)=00000065
#1039   pc=004000c8 cycle=1206 insn=fc049ee3
#1040   pc=004000a4 cycle=1207 insn=00040513   x10(a0)=00000004
#1041   pc=004000a8 cycle=1207 insn=00000097   x1(ra)=004000a8
#1042   pc=004000ac cycle=1207 insn=f6c080e7   x1(ra)=004000b0
#1043   pc=00400014 cycle=1209 insn=06050263
#1044   pc=00400018 cycle=1209 insn=00100793   x15(a5)=00000001
#1045   pc=0040001c cycle=1210 insn=04f50e63
#1046   pc=00400020 cycle=1210 insn=100007b7   x15(a5)=10000000
#1047   pc=00400024 cycle=1210 insn=00078793
#1048   pc=00400028 cycle=1211 insn=0007a023
#1049   pc=0040002c cycle=1211 insn=00100713   x14(a4)=00000001
#1050   pc=00400030 cycle=1214 insn=00e7a223
#1051   pc=00400034 cycle=1214 insn=02a75863
#1052   pc=00400038 cycle=1214 insn=100007b7
#1053   pc=0040003c cycle=1214 insn=00078793
#1054   pc=00400040 cycle=1214 insn=00251693   x13(a3)=00000010
#1055   pc=00400044 cycle=1214 insn=ffc78713   x14(a4)=0ffffffc
#1056   pc=00400048 cycle=1215 insn=00e686b3   x13(a3)=1000000c
#1057   pc=0040004c cycle=1220 insn=0047a703   x14(a4)=00000001
#1058   pc=00400050 cycle=1221 insn=0007a603   x12(a2)=00000000
#1059   pc=00400054 cycle=1223 insn=00c70733
#1060   pc=00400058 cycle=1225 insn=00e7a423
#1061   pc=0040005c cycle=1225 insn=00478793   x15(a5)=10000004
#1062   pc=00400060 cycle=1225 insn=fed796e3
#1063   pc=0040004c cycle=1231 insn=0047a703
#1064   pc=00400050 cycle=1232 insn=0007a603   x12(a2)=00000001
#1065   pc=00400054 cycle=1234 insn=00c70733   x14(a4)=00000002
#1066   pc=00400058 cycle=1236 insn=00e7a423
#1067   pc=0040005c cycle=1236 insn=00478793   x15(a5)=10000008
#1068   pc=00400060 cycle=1236 insn=fed796e3
#1069   pc=0040004c cycle=1242 insn=0047a703
#1070   pc=00400050 cycle=1243 insn=0007a603
#1071   pc=00400054 cycle=1245 insn=00c70733   x14(a4)=00000003
#1072   pc=00400058 cycle=1247 insn=00e7a423
#1073   pc=0040005c cycle=1247 insn=00478793   x15(a5)=1000000c
#1074   pc=00400060 cycle=1247 insn=fed796e3
#1075   pc=00400064 cycle=1247 insn=00251513   x10(a0)=00000010
#1076   pc=00400068 cycle=1247 insn=100007b7   x15(a5)=10000000
#1077   pc=0040006c cycle=1247 insn=00078793
#1078   pc=00400070 cycle=1247 insn=00a78533   x10(a0)=10000010
#1079   pc=00400074 cycle=1253 insn=00052503   x10(a0)=00000003
#1080   pc=00400078 cycle=1253 insn=00008067
#1081   pc=004000b0 cycle=1255 insn=00a90933   x18(s2)=00000031
#1082   pc=004000b4 cycle=1255 insn=00140413   x8(s0/fp)=00000005
#1083   pc=004000b8 cycle=1255 insn=0089a7b3   x15(a5)=00000001
#1084   pc=004000bc cycle=1255 insn=fff78793   x15(a5)=00000000
#1085   pc=004000c0 cycle=1255 insn=00f47433   x8(s0/fp)=00000000
#1086   pc=004000c4 cycle=1255 insn=fff48493   x9(s1)=00000064
#1087   pc=004000c8 cycle=1255 insn=fc049ee3
#1088   pc=004000a4 cycle=1256 insn=00040513   x10(a0)=00000000
#1089   pc=004000a8 cycle=1256 insn=00000097   x1(ra)=004000a8
#1090   pc=004000ac cycle=1256 insn=f6c080e7   x1(ra)=004000b0
#1091   pc=00400014 cycle=1256 insn=06050263
#1092   pc=00400078 cycle=1261 insn=00008067
#1093   pc=004000b0 cycle=1263 insn=00a90933
#1094   pc=004000b4 cycle=1263 insn=00140413   x8(s0/fp)=00000001
#1095   pc=004000b8 cycle=1265 insn=0089a7b3
#1096   pc=004000bc cycle=1267 insn=fff78793   x15(a5)=ffffffff
#1097   pc=004000c0 cycle=1269 insn=00f47433
#1098   pc=004000c4 cycle=1269 insn=fff48493   x9(s1)=00000063
#1099   pc=004000c8 cycle=1269 insn=fc049ee3
#1100   pc=004000a4 cycle=1271 insn=00040513   x10(a0)=00000001
#1101   pc=004000a8 cycle=1271 insn=00000097   x1(ra)=004000a8
#1102   pc=004000ac cycle=1271 insn=f6c080e7   x1(ra)=004000b0
#1103   pc=00400014 cycle=1274 insn=06050263
#1104   pc=00400018 cycle=1274 insn=00100793   x15(a5)=00000001
#1105   pc=0040001c cycle=1275 insn=04f50e63
#1106   pc=00400078 cycle=1282 insn=00008067
#1107   pc=004000b0 cycle=1284 insn=00a90933   x18(s2)=00000032
#1108   pc=004000b4 cycle=1284 insn=00140413   x8(s0/fp)=00000002
#1109   pc=004000b8 cycle=1286 insn=0089a7b3   x15(a5)=00000000
#1110   pc=004000bc cycle=1288 insn=fff78793   x15(a5)=ffffffff
#1111   pc=004000c0 cycle=1290 insn=00f47433
#1112   pc=004000c4 cycle=1290 insn=fff48493   x9(s1)=00000062
#1113   pc=004000c8 cycle=1290 insn=fc049ee3
#1114   pc=004000a4 cycle=1292 insn=00040513   x10(a0)=00000002
#1115   pc=004000a8 cycle=1292 insn=00000097   x1(ra)=004000a8
#1116   pc=004000ac cycle=1292 insn=f6c080e7   x1(ra)=004000b0
#1117   pc=00400014 cycle=1295 insn=06050263
#1118   pc=00400018 cycle=1295 insn=00100793   x15(a5)=00000001
#1119   pc=0040001c cycle=1296 insn=04f50e63
#1120   pc=00400020 cycle=1296 insn=100007b7   x15(a5)=10000000
#1121   pc=00400024 cycle=1296 insn=00078793
#1122   pc=00400028 cycle=1297 insn=0007a023
#1123   pc=0040002c cycle=1297 insn=00100713   x14(a4)=00000001
#1124   pc=00400030 cycle=1300 insn=00e7a223
#1125   pc=00400034 cycle=1300 insn=02a75863
#1126   pc=00400038 cycle=1300 insn=100007b7
#1127   pc=0040003c cycle=1300 insn=00078793
#1128   pc=00400040 cycle=1300 insn=00251693   x13(a3)=00000008
#1129   pc=00400044 cycle=1300 insn=ffc78713   x14(a4)=0ffffffc
#1130   pc=00400048 cycle=1300 insn=00e686b3   x13(a3)=10000004
#1131   pc=0040004c cycle=1306 insn=0047a703   x14(a4)=00000001
#1132   pc=00400050 cycle=1307 insn=0007a603   x12(a2)=00000000
#1133   pc=00400054 cycle=1309 insn=00c70733
#1134   pc=00400058 cycle=1311 insn=00e7a423
#1135   pc=0040005c cycle=1311 insn=00478793   x15(a5)=10000004
#1136   pc=00400060 cycle=1311 insn=fed796e3
#1137   pc=00400064 cycle=1311 insn=00251513   x10(a0)=00000008
#1138   pc=00400068 cycle=1311 insn=100007b7   x15(a5)=10000000
#1139   pc=0040006c cycle=1311 insn=00078793
#1140   pc=00400070 cycle=1311 insn=00a78533   x10(a0)=10000008
#1141   pc=00400074 cycle=1317 insn=00052503   x10(a0)=00000001
#1142   pc=00400078 cycle=1317 insn=00008067
#1143   pc=004000b0 cycle=1319 insn=00a90933   x18(s2)=00000033
#1144   pc=004000b4 cycle=1319 insn=00140413   x8(s0/fp)=00000003
#1145   pc=004000b8 cycle=1319 insn=0089a7b3   x15(a5)=00000000
#1146   pc=004000bc cycle=1319 insn=fff78793   x15(a5)=ffffffff
#1147   pc=004000c0 cycle=1319 insn=00f47433
#1148   pc=004000c4 cycle=1319 insn=fff48493   x9(s1)=00000061
#1149   pc=004000c8 cycle=1319 insn=fc049ee3
#1150   pc=004000a4 cycle=1320 insn=00040513   x10(a0)=00000003
#1151   pc=004000a8 cycle=1320 insn=00000097   x1(ra)=004000a8
#1152   pc=004000ac cycle=1320 insn=f6c080e7   x1(ra)=004000b0
#1153   pc=00400014 cycle=1320 insn=06050263
#1154   pc=00400018 cycle=1320 insn=00100793   x15(a5)=00000001
#1155   pc=0040001c cycle=1320 insn=04f50e63
#1156   pc=00400020 cycle=1320 insn=100007b7   x15(a5)=10000000
#1157   pc=00400024 cycle=1321 insn=00078793
#1158   pc=00400028 cycle=1322 insn=0007a023
#1159   pc=0040002c cycle=1322 insn=00100713
#1160   pc=00400030 cycle=1325 insn=00e7a223
#1161   pc=00400034 cycle=1325 insn=02a75863
#1162   pc=00400038 cycle=1325 insn=100007b7
#1163   pc=0040003c cycle=1325 insn=00078793
#1164   pc=00400040 cycle=1325 insn=00251693   x13(a3)=0000000c
#1165   pc=00400044 cycle=1326 insn=ffc78713   x14(a4)=0ffffffc
#1166   pc=00400048 cycle=1328 insn=00e686b3   x13(a3)=10000008
#1167   pc=0040004c cycle=1331 insn=0047a703   x14(a4)=00000001
#1168   pc=00400060 cycle=1331 insn=fed796e3
#1169   pc=0040004c cycle=1340 insn=0047a703
#1170   pc=00400050 cycle=1341 insn=0007a603
#1171   pc=00400054 cycle=1343 insn=00c70733
#1172   pc=00400058 cycle=1345 insn=00e7a423
#1173   pc=0040005c cycle=1345 insn=00478793   x15(a5)=10000004
#1174   pc=00400060 cycle=1345 insn=fed796e3
#1175   pc=0040004c cycle=1351 insn=0047a703
#1176   pc=00400050 cycle=1352 insn=0007a603   x12(a2)=00000001
#1177   pc=00400054 cycle=1354 insn=00c70733   x14(a4)=00000002
#1178   pc=00400058 cycle=1356 insn=00e7a423
#1179   pc=0040005c cycle=1356 insn=00478793   x15(a5)=10000008
#1180   pc=00400060 cycle=1356 insn=fed796e3
#1181   pc=00400064 cycle=1356 insn=00251513   x10(a0)=0000000c
#1182   pc=00400068 cycle=1356 insn=100007b7   x15(a5)=10000000
#1183   pc=0040006c cycle=1356 insn=00078793
#1184   pc=00400070 cycle=1356 insn=00a78533   x10(a0)=1000000c
#1185   pc=00400074 cycle=1362 insn=00052503   x10(a0)=00000002
#1186   pc=00400078 cycle=1362 insn=00008067
#1187   pc=004000b0 cycle=1364 insn=00a90933   x18(s2)=00000035
#1188   pc=004000b4 cycle=1364 insn=00140413   x8(s0/fp)=00000004
#1189   pc=004000b8 cycle=1364 insn=0089a7b3   x15(a5)=00000000
#1190   pc=004000bc cycle=1364 insn=fff78793   x15(a5)=ffffffff
#1191   pc=004000c0 cycle=1364 insn=00f47433
#1192   pc=004000c4 cycle=1364 insn=fff48493   x9(s1)=00000060
#1193   pc=004000c8 cycle=1364 insn=fc049ee3
#1194   pc=004000a4 cycle=1365 insn=00040513   x10(a0)=00000004
#1195   pc=004000a8 cycle=1365 insn=00000097   x1(ra)=004000a8
#1196   pc=004000ac cycle=1365 insn=f6c080e7   x1(ra)=004000b0
#1197   pc=00400014 cycle=1367 insn=06050263
#1198   pc=00400018 cycle=1367 insn=00100793   x15(a5)=00000001
#1199   pc=0040001c cycle=1368 insn=04f50e63
#1200   pc=00400020 cycle=1368 insn=100007b7   x15(a5)=10000000
#1201   pc=00400024 cycle=1368 insn=00078793
#1202   pc=00400028 cycle=1369 insn=0007a023
#1203   pc=0040002c cycle=1369 insn=00100713   x14(a4)=00000001
#1204   pc=00400030 cycle=1372 insn=00e7a223
#1205   pc=00400034 cycle=1372 insn=02a75863
#1206   pc=00400038 cycle=1372 insn=100007b7
#1207   pc=0040003c cycle=1372 insn=00078793
#1208   pc=00400040 cycle=1372 insn=00251693   x13(a3)=00000010
#1209   pc=00400044 cycle=1372 insn=ffc78713   x14(a4)=0ffffffc
#1210   pc=00400048 cycle=1373 insn=00e686b3   x13(a3)=1000000c
#1211   pc=0040004c cycle=1378 insn=0047a703   x14(a4)=00000001
#1212   pc=00400050 cycle=1379 insn=0007a603   x12(a2)=00000000
#1213   pc=00400054 cycle=1381 insn=00c70733
#1214   pc=00400058 cycle=1383 insn=00e7a423
#1215   pc=0040005c cycle=1383 insn=00478793   x15(a5)=10000004
#1216   pc=00400060 cycle=1383 insn=fed796e3
#1217   pc=0040004c cycle=1389 insn=0047a703
#1218   pc=00400050 cycle=1390 insn=0007a603   x12(a2)=00000001
#1219   pc=00400054 cycle=1392 insn=00c70733   x14(a4)=00000002
#1220   pc=00400058 cycle=1394 insn=00e7a423
#1221   pc=0040005c cycle=1394 insn=00478793   x15(a5)=10000008
#1222   pc=00400060 cycle=1394 insn=fed796e3
#1223   pc=0040004c cycle=1400 insn=0047a703
#1224   pc=00400050 cycle=1401 insn=0007a603
#1225   pc=00400054 cycle=1403 insn=00c70733   x14(a4)=00000003
#1226   pc=00400058 cycle=1405 insn=00e7a423
#1227   pc=0040005c cycle=1405 insn=00478793   x15(a5)=1000000c
#1228   pc=00400060 cycle=1405 insn=fed796e3
#1229   pc=00400064 cycle=1405 insn=00251513   x10(a0)=00000010
#1230   pc=00400068 cycle=1405 insn=100007b7   x15(a5)=10000000
#1231   pc=0040006c cycle=1405 insn=00078793
#1232   pc=00400070 cycle=1405 insn=00a78533   x10(a0)=10000010
#1233   pc=00400074 cycle=1411 insn=00052503   x10(a0)=00000003
#1234   pc=00400078 cycle=1411 insn=00008067
#1235   pc=004000b0 cycle=1413 insn=00a90933   x18(s2)=00000038
#1236   pc=004000b4 cycle=1413 insn=00140413   x8(s0/fp)=00000005
#1237   pc=004000b8 cycle=1413 insn=0089a7b3   x15(a5)=00000001
#1238   pc=004000bc cycle=1413 insn=fff78793   x15(a5)=00000000
#1239   pc=004000c0 cycle=1413 insn=00f47433   x8(s0/fp)=00000000
#1240   pc=004000c4 cycle=1413 insn=fff48493   x9(s1)=0000005f
#1241   pc=004000c8 cycle=1413 insn=fc049ee3
#1242   pc=004000a4 cycle=1414 insn=00040513   x10(a0)=00000000
#1243   pc=004000a8 cycle=1414 insn=00000097   x1(ra)=004000a8
#1244   pc=004000ac cycle=1414 insn=f6c080e7   x1(ra)=004000b0
#1245   pc=00400014 cycle=1414 insn=06050263
#1246   pc=00400078 cycle=1419 insn=00008067
#1247   pc=004000b0 cycle=1421 insn=00a90933
#1248   pc=004000b4 cycle=1421 insn=00140413   x8(s0/fp)=00000001
#1249   pc=004000b8 cycle=1423 insn=0089a7b3
#1250   pc=004000bc cycle=1425 insn=fff78793   x15(a5)=ffffffff
#1251   pc=004000c0 cycle=1427 insn=00f47433
#1252   pc=004000c4 cycle=1427 insn=fff48493   x9(s1)=0000005e
#1253   pc=004000c8 cycle=1427 insn=fc049ee3
#1254   pc=004000a4 cycle=1429 insn=00040513   x10(a0)=00000001
#1255   pc=004000a8 cycle=1429 insn=00000097   x1(ra)=004000a8
#1256   pc=004000ac cycle=1429 insn=f6c080e7   x1(ra)=004000b0
#1257   pc=00400014 cycle=1432 insn=06050263
#1258   pc=00400018 cycle=1432 insn=00100793   x15(a5)=00000001
#1259   pc=0040001c cycle=1433 insn=04f50e63
#1260   pc=00400078 cycle=1440 insn=00008067
#1261   pc=004000b0 cycle=1442 insn=00a90933   x18(s2)=00000039
#1262   pc=004000b4 cycle=1442 insn=00140413   x8(s0/fp)=00000002
#1263   pc=004000b8 cycle=1444 insn=0089a7b3   x15(a5)=00000000
#1264   pc=004000bc cycle=1446 insn=fff78793   x15(a5)=ffffffff
#1265   pc=004000c0 cycle=1448 insn=00f47433
#1266   pc=004000c4 cycle=1448 insn=fff48493   x9(s1)=0000005d
#1267   pc=004000c8 cycle=1448 insn=fc049ee3
#1268   pc=004000a4 cycle=1450 insn=00040513   x10(a0)=00000002
#1269   pc=004000a8 cycle=1450 insn=00000097   x1(ra)=004000a8
#1270   pc=004000ac cycle=1450 insn=f6c080e7   x1(ra)=004000b0
#1271   pc=00400014 cycle=1453 insn=06050263
#1272   pc=00400018 cycle=1453 insn=00100793   x15(a5)=00000001
#1273   pc=0040001c cycle=1454 insn=04f50e63
#1274   pc=00400020 cycle=1454 insn=100007b7   x15(a5)=10000000
#1275   pc=00400024 cycle=1454 insn=00078793
#1276   pc=00400028 cycle=1455 insn=0007a023
#1277   pc=0040002c cycle=1455 insn=00100713   x14(a4)=00000001
#1278   pc=00400030 cycle=1458 insn=00e7a223
#1279   pc=00400034 cycle=1458 insn=02a75863
#1280   pc=00400038 cycle=1458 insn=100007b7
#1281   pc=0040003c cycle=1458 insn=00078793
#1282   pc=00400040 cycle=1458 insn=00251693   x13(a3)=00000008
#1283   pc=00400044 cycle=1458 insn=ffc78713   x14(a4)=0ffffffc
#1284   pc=00400048 cycle=1458 insn=00e686b3   x13(a3)=10000004
#1285   pc=0040004c cycle=1464 insn=0047a703   x14(a4)=00000001
#1286   pc=00400050 cycle=1465 insn=0007a603   x12(a2)=00000000
#1287   pc=00400054 cycle=1467 insn=00c70733
#1288   pc=00400058 cycle=1469 insn=00e7a423
#1289   pc=0040005c cycle=1469 insn=00478793   x15(a5)=10000004
#1290   pc=00400060 cycle=1469 insn=fed796e3
#1291   pc=00400064 cycle=1469 insn=00251513   x10(a0)=00000008
#1292   pc=00400068 cycle=1469 insn=100007b7   x15(a5)=10000000
#1293   pc=0040006c cycle=1469 insn=00078793
#1294   pc=00400070 cycle=1469 insn=00a78533   x10(a0)=10000008
#1295   pc=00400074 cycle=1475 insn=00052503   x10(a0)=00000001
#1296   pc=00400078 cycle=1475 insn=00008067
#1297   pc=004000b0 cycle=1477 insn=00a90933   x18(s2)=0000003a
#1298   pc=004000b4 cycle=1477 insn=00140413   x8(s0/fp)=00000003
#1299   pc=004000b8 cycle=1477 insn=0089a7b3   x15(a5)=00000000
#1300   pc=004000bc cycle=1477 insn=fff78793   x15(a5)=ffffffff
#1301   pc=004000c0 cycle=1477 insn=00f47433
#1302   pc=004000c4 cycle=1477 insn=fff48493   x9(s1)=0000005c
#1303   pc=004000c8 cycle=1477 insn=fc049ee3
#1304   pc=004000a4 cycle=1478 insn=00040513   x10(a0)=00000003
#1305   pc=004000a8 cycle=1478 insn=00000097   x1(ra)=004000a8
#1306   pc=004000ac cycle=1478 insn=f6c080e7   x1(ra)=004000b0
#1307   pc=00400014 cycle=1478 insn=06050263
#1308   pc=00400018 cycle=1478 insn=00100793   x15(a5)=00000001
#1309   pc=0040001c cycle=1478 insn=04f50e63
#1310   pc=00400020 cycle=1478 insn=100007b7   x15(a5)=10000000
#1311   pc=00400024 cycle=1479 insn=00078793
#1312   pc=00400028 cycle=1480 insn=0007a023
#1313   pc=0040002c cycle=1480 insn=00100713
#1314   pc=00400030 cycle=1483 insn=00e7a223
#1315   pc=00400034 cycle=1483 insn=02a75863
#1316   pc=00400038 cycle=1483 insn=100007b7
#1317   pc=0040003c cycle=1483 insn=00078793
#1318   pc=00400040 cycle=1483 insn=00251693   x13(a3)=0000000c
#1319   pc=00400044 cycle=1484 insn=ffc78713   x14(a4)=0ffffffc
#1320   pc=00400048 cycle=1486 insn=00e686b3   x13(a3)=10000008
#1321   pc=0040004c cycle=1489 insn=0047a703   x14(a4)=00000001
#1322   pc=00400060 cycle=1489 insn=fed796e3
#1323   pc=0040004c cycle=1498 insn=0047a703
#1324   pc=00400050 cycle=1499 insn=0007a603
#1325   pc=00400054 cycle=1501 insn=00c70733
#1326   pc=00400058 cycle=1503 insn=00e7a423
#1327   pc=0040005c cycle=1503 insn=00478793   x15(a5)=10000004
#1328   pc=00400060 cycle=1503 insn=fed796e3
#1329   pc=0040004c cycle=1509 insn=0047a703
#1330   pc=00400050 cycle=1510 insn=0007a603   x12(a2)=00000001
#1331   pc=00400054 cycle=1512 insn=00c70733   x14(a4)=00000002
#1332   pc=00400058 cycle=1514 insn=00e7a423
#1333   pc=0040005c cycle=1514 insn=00478793   x15(a5)=10000008
#1334   pc=00400060 cycle=1514 insn=fed796e3
#1335   pc=00400064 cycle=1514 insn=00251513   x10(a0)=0000000c
#1336   pc=00400068 cycle=1514 insn=100007b7   x15(a5)=10000000
#1337   pc=0040006c cycle=1514 insn=00078793
#1338   pc=00400070 cycle=1514 insn=00a78533   x10(a0)=1000000c
#1339   pc=00400074 cycle=1520 insn=00052503   x10(a0)=00000002
#1340   pc=00400078 cycle=1520 insn=00008067
#1341   pc=004000b0 cycle=1522 insn=00a90933   x18(s2)=0000003c
#1342   pc=004000b4 cycle=1522 insn=00140413   x8(s0/fp)=00000004
#1343   pc=004000b8 cycle=1522 insn=0089a7b3   x15(a5)=00000000
#1344   pc=004000bc cycle=1522 insn=fff78793   x15(a5)=ffffffff
#1345   pc=004000c0 cycle=1522 insn=00f47433
#1346   pc=004000c4 cycle=1522 insn=fff48493   x9(s1)=0000005b
#1347   pc=004000c8 cycle=1522 insn=fc049ee3
#1348   pc=004000a4 cycle=1523 insn=00040513   x10(a0)=00000004
#1349   pc=004000a8 cycle=1523 insn=00000097   x1(ra)=004000a8
#1350   pc=004000ac cycle=1523 insn=f6c080e7   x1(ra)=004000b0
#1351   pc=00400014 cycle=1525 insn=06050263
#1352   pc=00400018 cycle=1525 insn=00100793   x15(a5)=00000001
#1353   pc=0040001c cycle=1526 insn=04f50e63
#1354   pc=00400020 cycle=1526 insn=100007b7   x15(a5)=10000000
#1355   pc=00400024 cycle=1526 insn=00078793
#1356   pc=00400028 cycle=1527 insn=0007a023
#1357   pc=0040002c cycle=1527 insn=00100713   x14(a4)=00000001
#1358   pc=00400030 cycle=1530 insn=00e7a223
#1359   pc=00400034 cycle=1530 insn=02a75863
#1360   pc=00400038 cycle=1530 insn=100007b7
#1361   pc=0040003c cycle=1530 insn=00078793
#1362   pc=00400040 cycle=1530 insn=00251693   x13(a3)=00000010
#1363   pc=00400044 cycle=1530 insn=ffc78713   x14(a4)=0ffffffc
#1364   pc=00400048 cycle=1531 insn=00e686b3   x13(a3)=1000000c
#1365   pc=0040004c cycle=1536 insn=0047a703   x14(a4)=00000001
#1366   pc=00400050 cycle=1537 insn=0007a603   x12(a2)=00000000
#1367   pc=00400054 cycle=1539 insn=00c70733
#1368   pc=00400058 cycle=1541 insn=00e7a423
#1369   pc=0040005c cycle=1541 insn=00478793   x15(a5)=10000004
#1370   pc=00400060 cycle=1541 insn=fed796e3
#1371   pc=0040004c cycle=1547 insn=0047a703
#1372   pc=00400050 cycle=1548 insn=0007a603   x12(a2)=00000001
#1373   pc=00400054 cycle=1550 insn=00c70733   x14(a4)=00000002
#1374   pc=00400058 cycle=1552 insn=00e7a423
#1375   pc=0040005c cycle=1552 insn=00478793   x15(a5)=10000008
#1376   pc=00400060 cycle=1552 insn=fed796e3
#1377   pc=0040004c cycle=1558 insn=0047a703
#1378   pc=00400050 cycle=1559 insn=0007a603
#1379   pc=00400054 cycle=1561 insn=00c70733   x14(a4)=00000003
#1380   pc=00400058 cycle=1563 insn=00e7a423
#1381   pc=0040005c cycle=1563 insn=00478793   x15(a5)=1000000c
#1382   pc=00400060 cycle=1563 insn=fed796e3
#1383   pc=00400064 cycle=1563 insn=00251513   x10(a0)=00000010
#1384   pc=00400068 cycle=1563 insn=100007b7   x15(a5)=10000000
#1385   pc=0040006c cycle=1563 insn=00078793
#1386   pc=00400070 cycle=1563 insn=00a78533   x10(a0)=10000010
#1387   pc=00400074 cycle=1569 insn=00052503   x10(a0)=00000003
#1388   pc=00400078 cycle=1569 insn=00008067
#1389   pc=004000b0 cycle=1571 insn=00a90933   x18(s2)=0000003f
#1390   pc=004000b4 cycle=1571 insn=00140413   x8(s0/fp)=00000005
#1391   pc=004000b8 cycle=1571 insn=0089a7b3   x15(a5)=00000001
#1392   pc=004000bc cycle=1571 insn=fff78793   x15(a5)=00000000
#1393   pc=004000c0 cycle=1571 insn=00f47433   x8(s0/fp)=00000000
#1394   pc=004000c4 cycle=1571 insn=fff48493   x9(s1)=0000005a
#1395   pc=004000c8 cycle=1571 insn=fc049ee3
#1396   pc=004000a4 cycle=1572 insn=00040513   x10(a0)=00000000
#1397   pc=004000a8 cycle=1572 insn=00000097   x1(ra)=004000a8
#1398   pc=004000ac cycle=1572 insn=f6c080e7   x1(ra)=004000b0
#1399   pc=00400014 cycle=1572 insn=06050263
#1400   pc=00400078 cycle=1577 insn=00008067
#1401   pc=004000b0 cycle=1579 insn=00a90933
#1402   pc=004000b4 cycle=1579 insn=00140413   x8(s0/fp)=00000001
#1403   pc=004000b8 cycle=1581 insn=0089a7b3
#1404   pc=004000bc cycle=1583 insn=fff78793   x15(a5)=ffffffff
#1405   pc=004000c0 cycle=1585 insn=00f47433
#1406   pc=004000c4 cycle=1585 insn=fff48493   x9(s1)=00000059
#1407   pc=004000c8 cycle=1585 insn=fc049ee3
#1408   pc=004000a4 cycle=1587 insn=00040513   x10(a0)=00000001
#1409   pc=004000a8 cycle=1587 insn=00000097   x1(ra)=004000a8
#1410   pc=004000ac cycle=1587 insn=f6c080e7   x1(ra)=004000b0
#1411   pc=00400014 cycle=1590 insn=06050263
#1412   pc=00400018 cycle=1590 insn=00100793   x15(a5)=00000001
#1413   pc=0040001c cycle=1591 insn=04f50e63
#1414   pc=00400078 cycle=1598 insn=00008067
#1415   pc=004000b0 cycle=1600 insn=00a90933   x18(s2)=00000040
#1416   pc=004000b4 cycle=1600 insn=00140413   x8(s0/fp)=00000002
#1417   pc=004000b8 cycle=1602 insn=0089a7b3   x15(a5)=00000000
#1418   pc=004000bc cycle=1604 insn=fff78793   x15(a5)=ffffffff
#1419   pc=004000c0 cycle=1606 insn=00f47433
#1420   pc=004000c4 cycle=1606 insn=fff48493   x9(s1)=00000058
#1421   pc=004000c8 cycle=1606 insn=fc049ee3
#1422   pc=004000a4 cycle=1608 insn=00040513   x10(a0)=00000002
#1423   pc=004000a8 cycle=1608 insn=00000097   x1(ra)=004000a8
#1424   pc=004000ac cycle=1608 insn=f6c080e7   x1(ra)=004000b0
#1425   pc=00400014 cycle=1611 insn=06050263
#1426   pc=00400018 cycle=1611 insn=00100793   x15(a5)=00000001
#1427   pc=0040001c cycle=1612 insn=04f50e63
#1428   pc=00400020 cycle=1612 insn=100007b7   x15(a5)=10000000
#1429   pc=00400024 cycle=1612 insn=00078793
#1430   pc=00400028 cycle=1613 insn=0007a023
#1431   pc=0040002c cycle=1613 insn=00100713   x14(a4)=00000001
#1432   pc=00400030 cycle=1616 insn=00e7a223
#1433   pc=00400034 cycle=1616 insn=02a75863
#1434   pc=00400038 cycle=1616 insn=100007b7
#1435   pc=0040003c cycle=1616 insn=00078793
#1436   pc=00400040 cycle=1616 insn=00251693   x13(a3)=00000008
#1437   pc=00400044 cycle=1616 insn=ffc78713   x14(a4)=0ffffffc
#1438   pc=00400048 cycle=1616 insn=00e686b3   x13(a3)=10000004
#1439   pc=0040004c cycle=1622 insn=0047a703   x14(a4)=00000001
#1440   pc=00400050 cycle=1623 insn=0007a603   x12(a2)=00000000
#1441   pc=00400054 cycle=1625 insn=00c70733
#1442   pc=00400058 cycle=1627 insn=00e7a423
#1443   pc=0040005c cycle=1627 insn=00478793   x15(a5)=10000004
#1444   pc=00400060 cycle=1627 insn=fed796e3
#1445   pc=00400064 cycle=1627 insn=00251513   x10(a0)=00000008
#1446   pc=00400068 cycle=1627 insn=100007b7   x15(a5)=10000000
#1447   pc=0040006c cycle=1627 insn=00078793
#1448   pc=00400070 cycle=1627 insn=00a78533   x10(a0)=10000008
#1449   pc=00400074 cycle=1633 insn=00052503   x10(a0)=00000001
#1450   pc=00400078 cycle=1633 insn=00008067
#1451   pc=004000b0 cycle=1635 insn=00a90933   x18(s2)=00000041
#1452   pc=004000b4 cycle=1635 insn=00140413   x8(s0/fp)=00000003
#1453   pc=004000b8 cycle=1635 insn=0089a7b3   x15(a5)=00000000
#1454   pc=004000bc cycle=1635 insn=fff78793   x15(a5)=ffffffff
#1455   pc=004000c0 cycle=1635 insn=00f47433
#1456   pc=004000c4 cycle=1635 insn=fff48493   x9(s1)=00000057
#1457   pc=004000c8 cycle=1635 insn=fc049ee3
#1458   pc=004000a4 cycle=1636 insn=00040513   x10(a0)=00000003
#1459   pc=004000a8 cycle=1636 insn=00000097   x1(ra)=004000a8
#1460   pc=004000ac cycle=1636 insn=f6c080e7   x1(ra)=004000b0
#1461   pc=00400014 cycle=1636 insn=06050263
#1462   pc=00400018 cycle=1636 insn=00100793   x15(a5)=00000001
#1463   pc=0040001c cycle=1636 insn=04f50e63
#1464   pc=00400020 cycle=1636 insn=100007b7   x15(a5)=10000000
#1465   pc=00400024 cycle=1637 insn=00078793
#1466   pc=00400028 cycle=1638 insn=0007a023
#1467   pc=0040002c cycle=1638 insn=00100713
#1468   pc=00400030 cycle=1641 insn=00e7a223
#1469   pc=00400034 cycle=1641 insn=02a75863
#1470   pc=00400038 cycle=1641 insn=100007b7
#1471   pc=0040003c cycle=1641 insn=00078793
#1472   pc=00400040 cycle=1641 insn=00251693   x13(a3)=0000000c
#1473   pc=00400044 cycle=1642 insn=ffc78713   x14(a4)=0ffffffc
#1474   pc=00400048 cycle=1644 insn=00e686b3   x13(a3)=10000008
#1475   pc=0040004c cycle=1647 insn=0047a703   x14(a4)=00000001
#1476   pc=00400060 cycle=1647 insn=fed796e3
#1477   pc=0040004c cycle=1656 insn=0047a703
#1478   pc=00400050 cycle=1657 insn=0007a603
#1479   pc=00400054 cycle=1659 insn=00c70733
#1480   pc=00400058 cycle=1661 insn=00e7a423
#1481   pc=0040005c cycle=1661 insn=00478793   x15(a5)=10000004
#1482   pc=00400060 cycle=1661 insn=fed796e3
#1483   pc=0040004c cycle=1667 insn=0047a703
#1484   pc=00400050 cycle=1668 insn=0007a603   x12(a2)=00000001
#1485   pc=00400054 cycle=1670 insn=00c70733   x14(a4)=00000002
#1486   pc=00400058 cycle=1672 insn=00e7a423
#1487   pc=0040005c cycle=1672 insn=00478793   x15(a5)=10000008
#1488   pc=00400060 cycle=1672 insn=fed796e3
#1489   pc=00400064 cycle=1672 insn=00251513   x10(a0)=0000000c
#1490   pc=00400068 cycle=1672 insn=100007b7   x15(a5)=10000000
#1491   pc=0040006c cycle=1672 insn=00078793
#1492   pc=00400070 cycle=1672 insn=00a78533   x10(a0)=1000000c
#1493   pc=00400074 cycle=1678 insn=00052503   x10(a0)=00000002
#1494   pc=00400078 cycle=1678 insn=00008067
#1495   pc=004000b0 cycle=1680 insn=00a90933   x18(s2)=00000043
#1496   pc=004000b4 cycle=1680 insn=00140413   x8(s0/fp)=00000004
#1497   pc=004000b8 cycle=1680 insn=0089a7b3   x15(a5)=00000000
#1498   pc=004000bc cycle=1680 insn=fff78793   x15(a5)=ffffffff
#1499   pc=004000c0 cycle=1680 insn=00f47433
#1500   pc=004000c4 cycle=1680 insn=fff48493   x9(s1)=00000056
#1501   pc=004000c8 cycle=1680 insn=fc049ee3
#1502   pc=004000a4 cycle=1681 insn=00040513   x10(a0)=00000004
#1503   pc=004000a8 cycle=1681 insn=00000097   x1(ra)=004000a8
#1504   pc=004000ac cycle=1681 insn=f6c080e7   x1(ra)=004000b0
#1505   pc=00400014 cycle=1683 insn=06050263
#1506   pc=00400018 cycle=1683 insn=00100793   x15(a5)=00000001
#1507   pc=0040001c cycle=1684 insn=04f50e63
#1508   pc=00400020 cycle=1684 insn=100007b7   x15(a5)=10000000
#1509   pc=00400024 cycle=1684 insn=00078793
#1510   pc=00400028 cycle=1685 insn=0007a023
#1511   pc=0040002c cycle=1685 insn=00100713   x14(a4)=00000001
#1512   pc=00400030 cycle=1688 insn=00e7a223
#1513   pc=00400034 cycle=1688 insn=02a75863
#1514   pc=00400038 cycle=1688 insn=100007b7
#1515   pc=0040003c cycle=1688 insn=00078793
#1516   pc=00400040 cycle=1688 insn=00251693   x13(a3)=00000010
#1517   pc=00400044 cycle=1688 insn=ffc78713   x14(a4)=0ffffffc
#1518   pc=00400048 cycle=1689 insn=00e686b3   x13(a3)=1000000c
#1519   pc=0040004c cycle=1694 insn=0047a703   x14(a4)=00000001
#1520   pc=00400050 cycle=1695 insn=0007a603   x12(a2)=00000000
#1521   pc=00400054 cycle=1697 insn=00c70733
#1522   pc=00400058 cycle=1699 insn=00e7a423
#1523   pc=0040005c cycle=1699 insn=00478793   x15(a5)=10000004
#1524   pc=00400060 cycle=1699 insn=fed796e3
#1525   pc=0040004c cycle=1705 insn=0047a703
#1526   pc=00400050 cycle=1706 insn=0007a603   x12(a2)=00000001
#1527   pc=00400054 cycle=1708 insn=00c70733   x14(a4)=00000002
#1528   pc=00400058 cycle=1710 insn=00e7a423
#1529   pc=0040005c cycle=1710 insn=00478793   x15(a5)=10000008
#1530   pc=00400060 cycle=1710 insn=fed796e3
#1531   pc=0040004c cycle=1716 insn=0047a703
#1532   pc=00400050 cycle=1717 insn=0007a603
#1533   pc=00400054 cycle=1719 insn=00c70733   x14(a4)=00000003
#1534   pc=00400058 cycle=1721 insn=00e7a423
#1535   pc=0040005c cycle=1721 insn=00478793   x15(a5)=1000000c
#1536   pc=00400060 cycle=1721 insn=fed796e3
#1537   pc=00400064 cycle=1721 insn=00251513   x10(a0)=00000010
#1538   pc=00400068 cycle=1721 insn=100007b7   x15(a5)=10000000
#1539   pc=0040006c cycle=1721 insn=00078793
#1540   pc=00400070 cycle=1721 insn=00a78533   x10(a0)=10000010
#1541   pc=00400074 cycle=1727 insn=00052503   x10(a0)=00000003
#1542   pc=00400078 cycle=1727 insn=00008067
#1543   pc=004000b0 cycle=1729 insn=00a90933   x18(s2)=00000046
#1544   pc=004000b4 cycle=1729 insn=00140413   x8(s0/fp)=00000005
#1545   pc=004000b8 cycle=1729 insn=0089a7b3   x15(a5)=00000001
#1546   pc=004000bc cycle=1729 insn=fff78793   x15(a5)=00000000
#1547   pc=004000c0 cycle=1729 insn=00f47433   x8(s0/fp)=00000000
#1548   pc=004000c4 cycle=1729 insn=fff48493   x9(s1)=00000055
#1549   pc=004000c8 cycle=1729 insn=fc049ee3
#1550   pc=004000a4 cycle=1730 insn=00040513   x10(a0)=00000000
#1551   pc=004000a8 cycle=1730 insn=00000097   x1(ra)=004000a8
#1552   pc=004000ac cycle=1730 insn=f6c080e7   x1(ra)=004000b0
#1553   pc=00400014 cycle=1730 insn=06050263
#1554   pc=00400078 cycle=1735 insn=00008067
#1555   pc=004000b0 cycle=1737 insn=00a90933
#1556   pc=004000b4 cycle=1737 insn=00140413   x8(s0/fp)=00000001
#1557   pc=004000b8 cycle=1739 insn=0089a7b3
#1558   pc=004000bc cycle=1741 insn=fff78793   x15(a5)=ffffffff
#1559   pc=004000c0 cycle=1743 insn=00f47433
#1560   pc=004000c4 cycle=1743 insn=fff48493   x9(s1)=00000054
#1561   pc=004000c8 cycle=1743 insn=fc049ee3
#1562   pc=004000a4 cycle=1745 insn=00040513   x10(a0)=00000001
#1563   pc=004000a8 cycle=1745 insn=00000097   x1(ra)=004000a8
#1564   pc=004000ac cycle=1745 insn=f6c080e7   x1(ra)=004000b0
#1565   pc=00400014 cycle=1748 insn=06050263
#1566   pc=00400018 cycle=1748 insn=00100793   x15(a5)=00000001
#1567   pc=0040001c cycle=1749 insn=04f50e63
#1568   pc=00400078 cycle=1756 insn=00008067
#1569   pc=004000b0 cycle=1758 insn=00a90933   x18(s2)=00000047
#1570   pc=004000b4 cycle=1758 insn=00140413   x8(s0/fp)=00000002
#1571   pc=004000b8 cycle=1760 insn=0089a7b3   x15(a5)=00000000
#1572   pc=004000bc cycle=1762 insn=fff78793   x15(a5)=ffffffff
#1573   pc=004000c0 cycle=1764 insn=00f47433
#1574   pc=004000c4 cycle=1764 insn=fff48493   x9(s1)=00000053
#1575   pc=004000c8 cycle=1764 insn=fc049ee3
#1576   pc=004000a4 cycle=1766 insn=00040513   x10(a0)=00000002
#1577   pc=004000a8 cycle=1766 insn=00000097   x1(ra)=004000a8
#1578   pc=004000ac cycle=1766 insn=f6c080e7   x1(ra)=004000b0
#1579   pc=00400014 cycle=1769 insn=06050263
#1580   pc=00400018 cycle=1769 insn=00100793   x15(a5)=00000001
#1581   pc=0040001c cycle=1770 insn=04f50e63
#1582   pc=00400020 cycle=1770 insn=100007b7   x15(a5)=10000000
#1583   pc=00400024 cycle=1770 insn=00078793
#1584   pc=00400028 cycle=1771 insn=0007a023
#1585   pc=0040002c cycle=1771 insn=00100713   x14(a4)=00000001
#1586   pc=00400030 cycle=1774 insn=00e7a223
#1587   pc=00400034 cycle=1774 insn=02a75863
#1588   pc=00400038 cycle=1774 insn=100007b7
#1589   pc=0040003c cycle=1774 insn=00078793
#1590   pc=00400040 cycle=1774 insn=00251693   x13(a3)=00000008
#1591   pc=00400044 cycle=1774 insn=ffc78713   x14(a4)=0ffffffc
#1592   pc=00400048 cycle=1774 insn=00e686b3   x13(a3)=10000004
#1593   pc=0040004c cycle=1780 insn=0047a703   x14(a4)=00000001
#1594   pc=00400050 cycle=1781 insn=0007a603   x12(a2)=00000000
#1595   pc=00400054 cycle=1783 insn=00c70733
#1596   pc=00400058 cycle=1785 insn=00e7a423
#1597   pc=0040005c cycle=1785 insn=00478793   x15(a5)=10000004
#1598   pc=00400060 cycle=1785 insn=fed796e3
#1599   pc=00400064 cycle=1785 insn=00251513   x10(a0)=00000008
#1600   pc=00400068 cycle=1785 insn=100007b7   x15(a5)=10000000
#1601   pc=0040006c cycle=1785 insn=00078793
#1602   pc=00400070 cycle=1785 insn=00a78533   x10(a0)=10000008
#1603   pc=00400074 cycle=1791 insn=00052503   x10(a0)=00000001
#1604   pc=00400078 cycle=1791 insn=00008067
#1605   pc=004000b0 cycle=1793 insn=00a90933   x18(s2)=00000048
#1606   pc=004000b4 cycle=1793 insn=00140413   x8(s0/fp)=00000003
#1607   pc=004000b8 cycle=1793 insn=0089a7b3   x15(a5)=00000000
#1608   pc=004000bc cycle=1793 insn=fff78793   x15(a5)=ffffffff
#1609   pc=004000c0 cycle=1793 insn=00f47433
#1610   pc=004000c4 cycle=1793 insn=fff48493   x9(s1)=00000052
#1611   pc=004000c8 cycle=1793 insn=fc049ee3
#1612   pc=004000a4 cycle=1794 insn=00040513   x10(a0)=00000003
#1613   pc=004000a8 cycle=1794 insn=00000097   x1(ra)=004000a8
#1614   pc=004000ac cycle=1794 insn=f6c080e7   x1(ra)=004000b0
#1615   pc=00400014 cycle=1794 insn=06050263
#1616   pc=00400018 cycle=1794 insn=00100793   x15(a5)=00000001
#1617   pc=0040001c cycle=1794 insn=04f50e63
#1618   pc=00400020 cycle=1794 insn=100007b7   x15(a5)=10000000
#1619   pc=00400024 cycle=1795 insn=00078793
#1620   pc=00400028 cycle=1796 insn=0007a023
#1621   pc=0040002c cycle=1796 insn=00100713
#1622   pc=00400030 cycle=1799 insn=00e7a223
#1623   pc=00400034 cycle=1799 insn=02a75863
#1624   pc=00400038 cycle=1799 insn=100007b7
#1625   pc=0040003c cycle=1799 insn=00078793
#1626   pc=00400040 cycle=1799 insn=00251693   x13(a3)=0000000c
#1627   pc=00400044 cycle=1800 insn=ffc78713   x14(a4)=0ffffffc
#1628   pc=00400048 cycle=1802 insn=00e686b3   x13(a3)=10000008
#1629   pc=0040004c cycle=1805 insn=0047a703   x14(a4)=00000001
#1630   pc=00400060 cycle=1805 insn=fed796e3
#1631   pc=0040004c cycle=1814 insn=0047a703
#1632   pc=00400050 cycle=1815 insn=0007a603
#1633   pc=00400054 cycle=1817 insn=00c70733
#1634   pc=00400058 cycle=1819 insn=00e7a423
#1635   pc=0040005c cycle=1819 insn=00478793   x15(a5)=10000004
#1636   pc=00400060 cycle=1819 insn=fed796e3
#1637   pc=0040004c cycle=1825 insn=0047a703
#1638   pc=00400050 cycle=1826 insn=0007a603   x12(a2)=00000001
#1639   pc=00400054 cycle=1828 insn=00c70733   x14(a4)=00000002
#1640   pc=00400058 cycle=1830 insn=00e7a423
#1641   pc=0040005c cycle=1830 insn=00478793   x15(a5)=10000008
#1642   pc=00400060 cycle=1830 insn=fed796e3
#1643   pc=00400064 cycle=1830 insn=00251513   x10(a0)=0000000c
#1644   pc=00400068 cycle=1830 insn=100007b7   x15(a5)=10000000
#1645   pc=0040006c cycle=1830 insn=00078793
#1646   pc=00400070 cycle=1830 insn=00a78533   x10(a0)=1000000c
#1647   pc=00400074 cycle=1836 insn=00052503   x10(a0)=00000002
#1648   pc=00400078 cycle=1836 insn=00008067
#1649   pc=004000b0 cycle=1838 insn=00a90933   x18(s2)=0000004a
#1650   pc=004000b4 cycle=1838 insn=00140413   x8(s0/fp)=00000004
#1651   pc=004000b8 cycle=1838 insn=0089a7b3   x15(a5)=00000000
#1652   pc=004000bc cycle=1838 insn=fff78793   x15(a5)=ffffffff
#1653   pc=004000c0 cycle=1838 insn=00f47433
#1654   pc=004000c4 cycle=1838 insn=fff48493   x9(s1)=00000051
#1655   pc=004000c8 cycle=1838 insn=fc049ee3
#1656   pc=004000a4 cycle=1839 insn=00040513   x10(a0)=00000004
#1657   pc=004000a8 cycle=1839 insn=00000097   x1(ra)=004000a8
#1658   pc=004000ac cycle=1839 insn=f6c080e7   x1(ra)=004000b0
#1659   pc=00400014 cycle=1841 insn=06050263
#1660   pc=00400018 cycle=1841 insn=00100793   x15(a5)=00000001
#1661   pc=0040001c cycle=1842 insn=04f50e63
#1662   pc=00400020 cycle=1842 insn=100007b7   x15(a5)=10000000
#1663   pc=00400024 cycle=1842 insn=00078793
#1664   pc=00400028 cycle=1843 insn=0007a023
#1665   pc=0040002c cycle=1843 insn=00100713   x14(a4)=00000001
#1666   pc=00400030 cycle=1846 insn=00e7a223
#1667   pc=00400034 cycle=1846 insn=02a75863
#1668   pc=00400038 cycle=1846 insn=100007b7
#1669   pc=0040003c cycle=1846 insn=00078793
#1670   pc=00400040 cycle=1846 insn=00251693   x13(a3)=00000010
#1671   pc=00400044 cycle=1846 insn=ffc78713   x14(a4)=0ffffffc
#1672   pc=00400048 cycle=1847 insn=00e686b3   x13(a3)=1000000c
#1673   pc=0040004c cycle=1852 insn=0047a703   x14(a4)=00000001
#1674   pc=00400050 cycle=1853 insn=0007a603   x12(a2)=00000000
#1675   pc=00400054 cycle=1855 insn=00c70733
#1676   pc=00400058 cycle=1857 insn=00e7a423
#1677   pc=0040005c cycle=1857 insn=00478793   x15(a5)=10000004
#1678   pc=00400060 cycle=1857 insn=fed796e3
#1679   pc=0040004c cycle=1863 insn=0047a703
#1680   pc=00400050 cycle=1864 insn=0007a603   x12(a2)=00000001
#1681   pc=00400054 cycle=1866 insn=00c70733   x14(a4)=00000002
#1682   pc=00400058 cycle=1868 insn=00e7a423
#1683   pc=0040005c cycle=1868 insn=00478793   x15(a5)=10000008
#1684   pc=00400060 cycle=1868 insn=fed796e3
#1685   pc=0040004c cycle=1874 insn=0047a703
#1686   pc=00400050 cycle=1875 insn=0007a603
#1687   pc=00400054 cycle=1877 insn=00c70733   x14(a4)=00000003
#1688   pc=00400058 cycle=1879 insn=00e7a423
#1689   pc=0040005c cycle=1879 insn=00478793   x15(a5)=1000000c
#1690   pc=00400060 cycle=1879 insn=fed796e3
#1691   pc=00400064 cycle=1879 insn=00251513   x10(a0)=00000010
#1692   pc=00400068 cycle=1879 insn=100007b7   x15(a5)=10000000
#1693   pc=0040006c cycle=1879 insn=00078793
#1694   pc=00400070 cycle=1879 insn=00a78533   x10(a0)=10000010
#1695   pc=00400074 cycle=1885 insn=00052503   x10(a0)=00000003
#1696   pc=00400078 cycle=1885 insn=00008067
#1697   pc=004000b0 cycle=1887 insn=00a90933   x18(s2)=0000004d
#1698   pc=004000b4 cycle=1887 insn=00140413   x8(s0/fp)=00000005
#1699   pc=004000b8 cycle=1887 insn=0089a7b3   x15(a5)=00000001
#1700   pc=004000bc cycle=1887 insn=fff78793   x15(a5)=00000000
#1701   pc=004000c0 cycle=1887 insn=00f47433   x8(s0/fp)=00000000
#1702   pc=004000c4 cycle=1887 insn=fff48493   x9(s1)=00000050
#1703   pc=004000c8 cycle=1887 insn=fc049ee3
#1704   pc=004000a4 cycle=1888 insn=00040513   x10(a0)=00000000
#1705   pc=004000a8 cycle=1888 insn=00000097   x1(ra)=004000a8
#1706   pc=004000ac cycle=1888 insn=f6c080e7   x1(ra)=004000b0
#1707   pc=00400014 cycle=1888 insn=06050263
#1708   pc=00400078 cycle=1893 insn=00008067
#1709   pc=004000b0 cycle=1895 insn=00a90933
#1710   pc=004000b4 cycle=1895 insn=00140413   x8(s0/fp)=00000001
#1711   pc=004000b8 cycle=1897 insn=0089a7b3
#1712   pc=004000bc cycle=1899 insn=fff78793   x15(a5)=ffffffff
#1713   pc=004000c0 cycle=1901 insn=00f47433
#1714   pc=004000c4 cycle=1901 insn=fff48493   x9(s1)=0000004f
#1715   pc=004000c8 cycle=1901 insn=fc049ee3
#1716   pc=004000a4 cycle=1903 insn=00040513   x10(a0)=00000001
#1717   pc=004000a8 cycle=1903 insn=00000097   x1(ra)=004000a8
#1718   pc=004000ac cycle=1903 insn=f6c080e7   x1(ra)=004000b0
#1719   pc=00400014 cycle=1906 insn=06050263
#1720   pc=00400018 cycle=1906 insn=00100793   x15(a5)=00000001
#1721   pc=0040001c cycle=1907 insn=04f50e63
#1722   pc=00400078 cycle=1914 insn=00008067
#1723   pc=004000b0 cycle=1916 insn=00a90933   x18(s2)=0000004e
#1724   pc=004000b4 cycle=1916 insn=00140413   x8(s0/fp)=00000002
#1725   pc=004000b8 cycle=1918 insn=0089a7b3   x15(a5)=00000000
#1726   pc=004000bc cycle=1920 insn=fff78793   x15(a5)=ffffffff
#1727   pc=004000c0 cycle=1922 insn=00f47433
#1728   pc=004000c4 cycle=1922 insn=fff48493   x9(s1)=0000004e
#1729   pc=004000c8 cycle=1922 insn=fc049ee3
#1730   pc=004000a4 cycle=1924 insn=00040513   x10(a0)=00000002
#1731   pc=004000a8 cycle=1924 insn=00000097   x1(ra)=004000a8
#1732   pc=004000ac cycle=1924 insn=f6c080e7   x1(ra)=004000b0
#1733   pc=00400014 cycle=1927 insn=06050263
#1734   pc=00400018 cycle=1927 insn=00100793   x15(a5)=00000001
#1735   pc=0040001c cycle=1928 insn=04f50e63
#1736   pc=00400020 cycle=1928 insn=100007b7   x15(a5)=10000000
#1737   pc=00400024 cycle=1928 insn=00078793
#1738   pc=00400028 cycle=1929 insn=0007a023
#1739   pc=0040002c cycle=1929 insn=00100713   x14(a4)=00000001
#1740   pc=00400030 cycle=1932 insn=00e7a223
#1741   pc=00400034 cycle=1932 insn=02a75863
#1742   pc=00400038 cycle=1932 insn=100007b7
#1743   pc=0040003c cycle=1932 insn=00078793
#1744   pc=00400040 cycle=1932 insn=00251693   x13(a3)=00000008
#1745   pc=00400044 cycle=1932 insn=ffc78713   x14(a4)=0ffffffc
#1746   pc=00400048 cycle=1932 insn=00e686b3   x13(a3)=10000004
#1747   pc=0040004c cycle=1938 insn=0047a703   x14(a4)=00000001
#1748   pc=00400050 cycle=1939 insn=0007a603   x12(a2)=00000000
#1749   pc=00400054 cycle=1941 insn=00c70733
#1750   pc=00400058 cycle=1943 insn=00e7a423
#1751   pc=0040005c cycle=1943 insn=00478793   x15(a5)=10000004
#1752   pc=00400060 cycle=1943 insn=fed796e3
#1753   pc=00400064 cycle=1943 insn=00251513   x10(a0)=00000008
#1754   pc=00400068 cycle=1943 insn=100007b7   x15(a5)=10000000
#1755   pc=0040006c cycle=1943 insn=00078793
#1756   pc=00400070 cycle=1943 insn=00a78533   x10(a0)=10000008
#1757   pc=00400074 cycle=1949 insn=00052503   x10(a0)=00000001
#1758   pc=00400078 cycle=1949 insn=00008067
#1759   pc=004000b0 cycle=1951 insn=00a90933   x18(s2)=0000004f
#1760   pc=004000b4 cycle=1951 insn=00140413   x8(s0/fp)=00000003
#1761   pc=004000b8 cycle=1951 insn=0089a7b3   x15(a5)=00000000
#1762   pc=004000bc cycle=1951 insn=fff78793   x15(a5)=ffffffff
#1763   pc=004000c0 cycle=1951 insn=00f47433
#1764   pc=004000c4 cycle=1951 insn=fff48493   x9(s1)=0000004d
#1765   pc=004000c8 cycle=1951 insn=fc049ee3
#1766   pc=004000a4 cycle=1952 insn=00040513   x10(a0)=00000003
#1767   pc=004000a8 cycle=1952 insn=00000097   x1(ra)=004000a8
#1768   pc=004000ac cycle=1952 insn=f6c080e7   x1(ra)=004000b0
#1769   pc=00400014 cycle=1952 insn=06050263
#1770   pc=00400018 cycle=1952 insn=00100793   x15(a5)=00000001
#1771   pc=0040001c cycle=1952 insn=04f50e63
#1772   pc=00400020 cycle=1952 insn=100007b7   x15(a5)=10000000
#1773   pc=00400024 cycle=1953 insn=00078793
#1774   pc=00400028 cycle=1954 insn=0007a023
#1775   pc=0040002c cycle=1954 insn=00100713
#1776   pc=00400030 cycle=1957 insn=00e7a223
#1777   pc=00400034 cycle=1957 insn=02a75863
#1778   pc=00400038 cycle=1957 insn=100007b7
#1779   pc=0040003c cycle=1957 insn=00078793
#1780   pc=00400040 cycle=1957 insn=00251693   x13(a3)=0000000c
#1781   pc=00400044 cycle=1958 insn=ffc78713   x14(a4)=0ffffffc
#1782   pc=00400048 cycle=1960 insn=00e686b3   x13(a3)=10000008
#1783   pc=0040004c cycle=1963 insn=0047a703   x14(a4)=00000001
#1784   pc=00400060 cycle=1963 insn=fed796e3
#1785   pc=0040004c cycle=1972 insn=0047a703
#1786   pc=00400050 cycle=1973 insn=0007a603
#1787   pc=00400054 cycle=1975 insn=00c70733
#1788   pc=00400058 cycle=1977 insn=00e7a423
#1789   pc=0040005c cycle=1977 insn=00478793   x15(a5)=10000004
#1790   pc=00400060 cycle=1977 insn=fed796e3
#1791   pc=0040004c cycle=1983 insn=0047a703
#1792   pc=00400050 cycle=1984 insn=0007a603   x12(a2)=00000001
#1793   pc=00400054 cycle=1986 insn=00c70733   x14(a4)=00000002
#1794   pc=00400058 cycle=1988 insn=00e7a423
#1795   pc=0040005c cycle=1988 insn=00478793   x15(a5)=10000008
#1796   pc=00400060 cycle=1988 insn=fed796e3
#1797   pc=00400064 cycle=1988 insn=00251513   x10(a0)=0000000c
#1798   pc=00400068 cycle=1988 insn=100007b7   x15(a5)=10000000
#1799   pc=0040006c cycle=1988 insn=00078793
#1800   pc=00400070 cycle=1988 insn=00a78533   x10(a0)=1000000c
#1801   pc=00400074 cycle=1994 insn=00052503   x10(a0)=00000002
#1802   pc=00400078 cycle=1994 insn=00008067
#1803   pc=004000b0 cycle=1996 insn=00a90933   x18(s2)=00000051
#1804   pc=004000b4 cycle=1996 insn=00140413   x8(s0/fp)=00000004
#1805   pc=004000b8 cycle=1996 insn=0089a7b3   x15(a5)=00000000
#1806   pc=004000bc cycle=1996 insn=fff78793   x15(a5)=ffffffff
#1807   pc=004000c0 cycle=1996 insn=00f47433
#1808   pc=004000c4 cycle=1996 insn=fff48493   x9(s1)=0000004c
#1809   pc=004000c8 cycle=1996 insn=fc049ee3
#1810   pc=004000a4 cycle=1997 insn=00040513   x10(a0)=00000004
#1811   pc=004000a8 cycle=1997 insn=00000097   x1(ra)=004000a8
#1812   pc=004000ac cycle=1997 insn=f6c080e7   x1(ra)=004000b0
#1813   pc=00400014 cycle=1999 insn=06050263
#1814   pc=00400018 cycle=1999 insn=00100793   x15(a5)=00000001
#1815   pc=0040001c cycle=2000 insn=04f50e63
#1816   pc=00400020 cycle=2000 insn=100007b7   x15(a5)=10000000
#1817   pc=00400024 cycle=2000 insn=00078793
#1818   pc=00400028 cycle=2001 insn=0007a023
#1819   pc=0040002c cycle=2001 insn=00100713   x14(a4)=00000001
#1820   pc=00400030 cycle=2004 insn=00e7a223
#1821   pc=00400034 cycle=2004 insn=02a75863
#1822   pc=00400038 cycle=2004 insn=100007b7
#1823   pc=0040003c cycle=2004 insn=00078793
#1824   pc=00400040 cycle=2004 insn=00251693   x13(a3)=00000010
#1825   pc=00400044 cycle=2004 insn=ffc78713   x14(a4)=0ffffffc
#1826   pc=00400048 cycle=2005 insn=00e686b3   x13(a3)=1000000c
#1827   pc=0040004c cycle=2010 insn=0047a703   x14(a4)=00000001
#1828   pc=00400050 cycle=2011 insn=0007a603   x12(a2)=00000000
#1829   pc=00400054 cycle=2013 insn=00c70733
#1830   pc=00400058 cycle=2015 insn=00e7a423
#1831   pc=0040005c cycle=2015 insn=00478793   x15(a5)=10000004
#1832   pc=00400060 cycle=2015 insn=fed796e3
#1833   pc=0040004c cycle=2021 insn=0047a703
#1834   pc=00400050 cycle=2022 insn=0007a603   x12(a2)=00000001
#1835   pc=00400054 cycle=2024 insn=00c70733   x14(a4)=00000002
#1836   pc=00400058 cycle=2026 insn=00e7a423
#1837   pc=0040005c cycle=2026 insn=00478793   x15(a5)=10000008
#1838   pc=00400060 cycle=2026 insn=fed796e3
#1839   pc=0040004c cycle=2032 insn=0047a703
#1840   pc=00400050 cycle=2033 insn=0007a603
#1841   pc=00400054 cycle=2035 insn=00c70733   x14(a4)=00000003
#1842   pc=00400058 cycle=2037 insn=00e7a423
#1843   pc=0040005c cycle=2037 insn=00478793   x15(a5)=1000000c
#1844   pc=00400060 cycle=2037 insn=fed796e3
#1845   pc=00400064 cycle=2037 insn=00251513   x10(a0)=00000010
#1846   pc=00400068 cycle=2037 insn=100007b7   x15(a5)=10000000
#1847   pc=0040006c cycle=2037 insn=00078793
#1848   pc=00400070 cycle=2037 insn=00a78533   x10(a0)=10000010
#1849   pc=00400074 cycle=2043 insn=00052503   x10(a0)=00000003
#1850   pc=00400078 cycle=2043 insn=00008067
#1851   pc=004000b0 cycle=2045 insn=00a90933   x18(s2)=00000054
#1852   pc=004000b4 cycle=2045 insn=00140413   x8(s0/fp)=00000005
#1853   pc=004000b8 cycle=2045 insn=0089a7b3   x15(a5)=00000001
#1854   pc=004000bc cycle=2045 insn=fff78793   x15(a5)=00000000
#1855   pc=004000c0 cycle=2045 insn=00f47433   x8(s0/fp)=00000000
#1856   pc=004000c4 cycle=2045 insn=fff48493   x9(s1)=0000004b
#1857   pc=004000c8 cycle=2045 insn=fc049ee3
#1858   pc=004000a4 cycle=2046 insn=00040513   x10(a0)=00000000
#1859   pc=004000a8 cycle=2046 insn=00000097   x1(ra)=004000a8
#1860   pc=004000ac cycle=2046 insn=f6c080e7   x1(ra)=004000b0
#1861   pc=00400014 cycle=2046 insn=06050263
#1862   pc=00400078 cycle=2051 insn=00008067
#1863   pc=004000b0 cycle=2053 insn=00a90933
#1864   pc=004000b4 cycle=2053 insn=00140413   x8(s0/fp)=00000001
#1865   pc=004000b8 cycle=2055 insn=0089a7b3
#1866   pc=004000bc cycle=2057 insn=fff78793   x15(a5)=ffffffff
#1867   pc=004000c0 cycle=2059 insn=00f47433
#1868   pc=004000c4 cycle=2059 insn=fff48493   x9(s1)=0000004a
#1869   pc=004000c8 cycle=2059 insn=fc049ee3
#1870   pc=004000a4 cycle=2061 insn=00040513   x10(a0)=00000001
#1871   pc=004000a8 cycle=2061 insn=00000097   x1(ra)=004000a8
#1872   pc=004000ac cycle=2061 insn=f6c080e7   x1(ra)=004000b0
#1873   pc=00400014 cycle=2064 insn=06050263
#1874   pc=00400018 cycle=2064 insn=00100793   x15(a5)=00000001
#1875   pc=0040001c cycle=2065 insn=04f50e63
#1876   pc=00400078 cycle=2072 insn=00008067
#1877   pc=004000b0 cycle=2074 insn=00a90933   x18(s2)=00000055
#1878   pc=004000b4 cycle=2074 insn=00140413   x8(s0/fp)=00000002
#1879   pc=004000b8 cycle=2076 insn=0089a7b3   x15(a5)=00000000
#1880   pc=004000bc cycle=2078 insn=fff78793   x15(a5)=ffffffff
#1881   pc=004000c0 cycle=2080 insn=00f47433
#1882   pc=004000c4 cycle=2080 insn=fff48493   x9(s1)=00000049
#1883   pc=004000c8 cycle=2080 insn=fc049ee3
#1884   pc=004000a4 cycle=2082 insn=00040513   x10(a0)=00000002
#1885   pc=004000a8 cycle=2082 insn=00000097   x1(ra)=004000a8
#1886   pc=004000ac cycle=2082 insn=f6c080e7   x1(ra)=004000b0
#1887   pc=00400014 cycle=2085 insn=06050263
#1888   pc=00400018 cycle=2085 insn=00100793   x15(a5)=00000001
#1889   pc=0040001c cycle=2086 insn=04f50e63
#1890   pc=00400020 cycle=2086 insn=100007b7   x15(a5)=10000000
#1891   pc=00400024 cycle=2086 insn=00078793
#1892   pc=00400028 cycle=2087 insn=0007a023
#1893   pc=0040002c cycle=2087 insn=00100713   x14(a4)=00000001
#1894   pc=00400030 cycle=2090 insn=00e7a223
#1895   pc=00400034 cycle=2090 insn=02a75863
#1896   pc=00400038 cycle=2090 insn=100007b7
#1897   pc=0040003c cycle=2090 insn=00078793
#1898   pc=00400040 cycle=2090 insn=00251693   x13(a3)=00000008
#1899   pc=00400044 cycle=2090 insn=ffc78713   x14(a4)=0ffffffc
#1900   pc=00400048 cycle=2090 insn=00e686b3   x13(a3)=10000004
#1901   pc=0040004c cycle=2096 insn=0047a703   x14(a4)=00000001
#1902   pc=00400050 cycle=2097 insn=0007a603   x12(a2)=00000000
#1903   pc=00400054 cycle=2099 insn=00c70733
#1904   pc=00400058 cycle=2101 insn=00e7a423
#1905   pc=0040005c cycle=2101 insn=00478793   x15(a5)=10000004
#1906   pc=00400060 cycle=2101 insn=fed796e3
#1907   pc=00400064 cycle=2101 insn=00251513   x10(a0)=00000008
#1908   pc=00400068 cycle=2101 insn=100007b7   x15(a5)=10000000
#1909   pc=0040006c cycle=2101 insn=00078793
#1910   pc=00400070 cycle=2101 insn=00a78533   x10(a0)=10000008
#1911   pc=00400074 cycle=2107 insn=00052503   x10(a0)=00000001
#1912   pc=00400078 cycle=2107 insn=00008067
#1913   pc=004000b0 cycle=2109 insn=00a90933   x18(s2)=00000056
#1914   pc=004000b4 cycle=2109 insn=00140413   x8(s0/fp)=00000003
#1915   pc=004000b8 cycle=2109 insn=0089a7b3   x15(a5)=00000000
#1916   pc=004000bc cycle=2109 insn=fff78793   x15(a5)=ffffffff
#1917   pc=004000c0 cycle=2109 insn=00f47433
#1918   pc=004000c4 cycle=2109 insn=fff48493   x9(s1)=00000048
#1919   pc=004000c8 cycle=2109 insn=fc049ee3
#1920   pc=004000a4 cycle=2110 insn=00040513   x10(a0)=00000003
#1921   pc=004000a8 cycle=2110 insn=00000097   x1(ra)=004000a8
#1922   pc=004000ac cycle=2110 insn=f6c080e7   x1(ra)=004000b0
#1923   pc=00400014 cycle=2110 insn=06050263
#1924   pc=00400018 cycle=2110 insn=00100793   x15(a5)=00000001
#1925   pc=0040001c cycle=2110 insn=04f50e63
#1926   pc=00400020 cycle=2110 insn=100007b7   x15(a5)=10000000
#1927   pc=00400024 cycle=2111 insn=00078793
#1928   pc=00400028 cycle=2112 insn=0007a023
#1929   pc=0040002c cycle=2112 insn=00100713
#1930   pc=00400030 cycle=2115 insn=00e7a223
#1931   pc=00400034 cycle=2115 insn=02a75863
#1932   pc=00400038 cycle=2115 insn=100007b7
#1933   pc=0040003c cycle=2115 insn=00078793
#1934   pc=00400040 cycle=2115 insn=00251693   x13(a3)=0000000c
#1935   pc=00400044 cycle=2116 insn=ffc78713   x14(a4)=0ffffffc
#1936   pc=00400048 cycle=2118 insn=00e686b3   x13(a3)=10000008
#1937   pc=0040004c cycle=2121 insn=0047a703   x14(a4)=00000001
#1938   pc=00400060 cycle=2121 insn=fed796e3
#1939   pc=0040004c cycle=2130 insn=0047a703
#1940   pc=00400050 cycle=2131 insn=0007a603
#1941   pc=00400054 cycle=2133 insn=00c70733
#1942   pc=00400058 cycle=2135 insn=00e7a423
#1943   pc=0040005c cycle=2135 insn=00478793   x15(a5)=10000004
#1944   pc=00400060 cycle=2135 insn=fed796e3
#1945   pc=0040004c cycle=2141 insn=0047a703
#1946   pc=00400050 cycle=2142 insn=0007a603   x12(a2)=00000001
#1947   pc=00400054 cycle=2144 insn=00c70733   x14(a4)=00000002
#1948   pc=00400058 cycle=2146 insn=00e7a423
#1949   pc=0040005c cycle=2146 insn=00478793   x15(a5)=10000008
#1950   pc=00400060 cycle=2146 insn=fed796e3
#1951   pc=00400064 cycle=2146 insn=00251513   x10(a0)=0000000c
#1952   pc=00400068 cycle=2146 insn=100007b7   x15(a5)=10000000
#1953   pc=0040006c cycle=2146 insn=00078793
#1954   pc=00400070 cycle=2146 insn=00a78533   x10(a0)=1000000c
#1955   pc=00400074 cycle=2152 insn=00052503   x10(a0)=00000002
#1956   pc=00400078 cycle=2152 insn=00008067
#1957   pc=004000b0 cycle=2154 insn=00a90933   x18(s2)=00000058
#1958   pc=004000b4 cycle=2154 insn=00140413   x8(s0/fp)=00000004
#1959   pc=004000b8 cycle=2154 insn=0089a7b3   x15(a5)=00000000
#1960   pc=004000bc cycle=2154 insn=fff78793   x15(a5)=ffffffff
#1961   pc=004000c0 cycle=2154 insn=00f47433
#1962   pc=004000c4 cycle=2154 insn=fff48493   x9(s1)=00000047
#1963   pc=004000c8 cycle=2154 insn=fc049ee3
#1964   pc=004000a4 cycle=2155 insn=00040513   x10(a0)=00000004
#1965   pc=004000a8 cycle=2155 insn=00000097   x1(ra)=004000a8
#1966   pc=004000ac cycle=2155 insn=f6c080e7   x1(ra)=004000b0
#1967   pc=00400014 cycle=2157 insn=06050263
#1968   pc=00400018 cycle=2157 insn=00100793   x15(a5)=00000001
#1969   pc=0040001c cycle=2158 insn=04f50e63
#1970   pc=00400020 cycle=2158 insn=100007b7   x15(a5)=10000000
#1971   pc=00400024 cycle=2158 insn=00078793
#1972   pc=00400028 cycle=2159 insn=0007a023
#1973   pc=0040002c cycle=2159 insn=00100713   x14(a4)=00000001
#1974   pc=00400030 cycle=2162 insn=00e7a223
#1975   pc=00400034 cycle=2162 insn=02a75863
#1976   pc=00400038 cycle=2162 insn=100007b7
#1977   pc=0040003c cycle=2162 insn=00078793
#1978   pc=00400040 cycle=2162 insn=00251693   x13(a3)=00000010
#1979   pc=00400044 cycle=2162 insn=ffc78713   x14(a4)=0ffffffc
#1980   pc=00400048 cycle=2163 insn=00e686b3   x13(a3)=1000000c
#1981   pc=0040004c cycle=2168 insn=0047a703   x14(a4)=00000001
#1982   pc=00400050 cycle=2169 insn=0007a603   x12(a2)=00000000
#1983   pc=00400054 cycle=2171 insn=00c70733
#1984   pc=00400058 cycle=2173 insn=00e7a423
#1985   pc=0040005c cycle=2173 insn=00478793   x15(a5)=10000004
#1986   pc=00400060 cycle=2173 insn=fed796e3
#1987   pc=0040004c cycle=2179 insn=0047a703
#1988   pc=00400050 cycle=2180 insn=0007a603   x12(a2)=00000001
#1989   pc=00400054 cycle=2182 insn=00c70733   x14(a4)=00000002
#1990   pc=00400058 cycle=2184 insn=00e7a423
#1991   pc=0040005c cycle=2184 insn=00478793   x15(a5)=10000008
#1992   pc=00400060 cycle=2184 insn=fed796e3
#1993   pc=0040004c cycle=2190 insn=0047a703
#1994   pc=00400050 cycle=2191 insn=0007a603
#1995   pc=00400054 cycle=2193 insn=00c70733   x14(a4)=00000003
#1996   pc=00400058 cycle=2195 insn=00e7a423
#1997   pc=0040005c cycle=2195 insn=00478793   x15(a5)=1000000c
#1998   pc=00400060 cycle=2195 insn=fed796e3
#1999   pc=00400064 cycle=2195 insn=00251513   x10(a0)=00000010
#2000   pc=00400068 cycle=2195 insn=100007b7   x15(a5)=10000000
#2001   pc=0040006c cycle=2195 insn=00078793
#2002   pc=00400070 cycle=2195 insn=00a78533   x10(a0)=10000010
#2003   pc=00400074 cycle=2201 insn=00052503   x10(a0)=00000003
#2004   pc=00400078 cycle=2201 insn=00008067
#2005   pc=004000b0 cycle=2203 insn=00a90933   x18(s2)=0000005b
#2006   pc=004000b4 cycle=2203 insn=00140413   x8(s0/fp)=00000005
#2007   pc=004000b8 cycle=2203 insn=0089a7b3   x15(a5)=00000001
#2008   pc=004000bc cycle=2203 insn=fff78793   x15(a5)=00000000
#2009   pc=004000c0 cycle=2203 insn=00f47433   x8(s0/fp)=00000000
#2010   pc=004000c4 cycle=2203 insn=fff48493   x9(s1)=00000046
#2011   pc=004000c8 cycle=2203 insn=fc049ee3
#2012   pc=004000a4 cycle=2204 insn=00040513   x10(a0)=00000000
#2013   pc=004000a8 cycle=2204 insn=00000097   x1(ra)=004000a8
#2014   pc=004000ac cycle=2204 insn=f6c080e7   x1(ra)=004000b0
#2015   pc=00400014 cycle=2204 insn=06050263
#2016   pc=00400078 cycle=2209 insn=00008067
#2017   pc=004000b0 cycle=2211 insn=00a90933
#2018   pc=004000b4 cycle=2211 insn=00140413   x8(s0/fp)=00000001
#2019   pc=004000b8 cycle=2213 insn=0089a7b3
#2020   pc=004000bc cycle=2215 insn=fff78793   x15(a5)=ffffffff
#2021   pc=004000c0 cycle=2217 insn=00f47433
#2022   pc=004000c4 cycle=2217 insn=fff48493   x9(s1)=00000045
#2023   pc=004000c8 cycle=2217 insn=fc049ee3
#2024   pc=004000a4 cycle=2219 insn=00040513   x10(a0)=00000001
#2025   pc=004000a8 cycle=2219 insn=00000097   x1(ra)=004000a8
#2026   pc=004000ac cycle=2219 insn=f6c080e7   x1(ra)=004000b0
#2027   pc=00400014 cycle=2222 insn=06050263
#2028   pc=00400018 cycle=2222 insn=00100793   x15(a5)=00000001
#2029   pc=0040001c cycle=2223 insn=04f50e63
#2030   pc=00400078 cycle=2230 insn=00008067
#2031   pc=004000b0 cycle=2232 insn=00a90933   x18(s2)=0000005c
#2032   pc=004000b4 cycle=2232 insn=00140413   x8(s0/fp)=00000002
#2033   pc=004000b8 cycle=2234 insn=0089a7b3   x15(a5)=00000000
#2034   pc=004000bc cycle=2236 insn=fff78793   x15(a5)=ffffffff
#2035   pc=004000c0 cycle=2238 insn=00f47433
#2036   pc=004000c4 cycle=2238 insn=fff48493   x9(s1)=00000044
#2037   pc=004000c8 cycle=2238 insn=fc049ee3
#2038   pc=004000a4 cycle=2240 insn=00040513   x10(a0)=00000002
#2039   pc=004000a8 cycle=2240 insn=00000097   x1(ra)=004000a8
#2040   pc=004000ac cycle=2240 insn=f6c080e7   x1(ra)=004000b0
#2041   pc=00400014 cycle=2243 insn=06050263
#2042   pc=00400018 cycle=2243 insn=00100793   x15(a5)=00000001
#2043   pc=0040001c cycle=2244 insn=04f50e63
#2044   pc=00400020 cycle=2244 insn=100007b7   x15(a5)=10000000
#2045   pc=00400024 cycle=2244 insn=00078793
#2046   pc=00400028 cycle=2245 insn=0007a023
#2047   pc=0040002c cycle=2245 insn=00100713   x14(a4)=00000001
#2048   pc=00400030 cycle=2248 insn=00e7a223
#2049   pc=00400034 cycle=2248 insn=02a75863
#2050   pc=00400038 cycle=2248 insn=100007b7
#2051   pc=0040003c cycle=2248 insn=00078793
#2052   pc=00400040 cycle=2248 insn=00251693   x13(a3)=00000008
#2053   pc=00400044 cycle=2248 insn=ffc78713   x14(a4)=0ffffffc
#2054   pc=00400048 cycle=2248 insn=00e686b3   x13(a3)=10000004
#2055   pc=0040004c cycle=2254 insn=0047a703   x14(a4)=00000001
#2056   pc=00400050 cycle=2255 insn=0007a603   x12(a2)=00000000
#2057   pc=00400054 cycle=2257 insn=00c70733
#2058   pc=00400058 cycle=2259 insn=00e7a423
#2059   pc=0040005c cycle=2259 insn=00478793   x15(a5)=10000004
#2060   pc=00400060 cycle=2259 insn=fed796e3
#2061   pc=00400064 cycle=2259 insn=00251513   x10(a0)=00000008
#2062   pc=00400068 cycle=2259 insn=100007b7   x15(a5)=10000000
#2063   pc=0040006c cycle=2259 insn=00078793
#2064   pc=00400070 cycle=2259 insn=00a78533   x10(a0)=10000008
#2065   pc=00400074 cycle=2265 insn=00052503   x10(a0)=00000001
#2066   pc=00400078 cycle=2265 insn=00008067
#2067   pc=004000b0 cycle=2267 insn=00a90933   x18(s2)=0000005d
#2068   pc=004000b4 cycle=2267 insn=00140413   x8(s0/fp)=00000003
#2069   pc=004000b8 cycle=2267 insn=0089a7b3   x15(a5)=00000000
#2070   pc=004000bc cycle=2267 insn=fff78793   x15(a5)=ffffffff
#2071   pc=004000c0 cycle=2267 insn=00f47433
#2072   pc=004000c4 cycle=2267 insn=fff48493   x9(s1)=00000043
#2073   pc=004000c8 cycle=2267 insn=fc049ee3
#2074   pc=004000a4 cycle=2268 insn=00040513   x10(a0)=00000003
#2075   pc=004000a8 cycle=2268 insn=00000097   x1(ra)=004000a8
#2076   pc=004000ac cycle=2268 insn=f6c080e7   x1(ra)=004000b0
#2077   pc=00400014 cycle=2268 insn=06050263
#2078   pc=00400018 cycle=2268 insn=00100793   x15(a5)=00000001
#2079   pc=0040001c cycle=2268 insn=04f50e63
#2080   pc=00400020 cycle=2268 insn=100007b7   x15(a5)=10000000
#2081   pc=00400024 cycle=2269 insn=00078793
#2082   pc=00400028 cycle=2270 insn=0007a023
#2083   pc=0040002c cycle=2270 insn=00100713
#2084   pc=00400030 cycle=2273 insn=00e7a223
#2085   pc=00400034 cycle=2273 insn=02a75863
#2086   pc=00400038 cycle=2273 insn=100007b7
#2087   pc=0040003c cycle=2273 insn=00078793
#2088   pc=00400040 cycle=2273 insn=00251693   x13(a3)=0000000c
#2089   pc=00400044 cycle=2274 insn=ffc78713   x14(a4)=0ffffffc
#2090   pc=00400048 cycle=2276 insn=00e686b3   x13(a3)=10000008
#2091   pc=0040004c cycle=2279 insn=0047a703   x14(a4)=00000001
#2092   pc=00400060 cycle=2279 insn=fed796e3
#2093   pc=0040004c cycle=2288 insn=0047a703
#2094   pc=00400050 cycle=2289 insn=0007a603
#2095   pc=00400054 cycle=2291 insn=00c70733
#2096   pc=00400058 cycle=2293 insn=00e7a423
#2097   pc=0040005c cycle=2293 insn=00478793   x15(a5)=10000004
#2098   pc=00400060 cycle=2293 insn=fed796e3
#2099   pc=0040004c cycle=2299 insn=0047a703
#2100   pc=00400050 cycle=2300 insn=0007a603   x12(a2)=00000001
#2101   pc=00400054 cycle=2302 insn=00c70733   x14(a4)=00000002
#2102   pc=00400058 cycle=2304 insn=00e7a423
#2103   pc=0040005c cycle=2304 insn=00478793   x15(a5)=10000008
#2104   pc=00400060 cycle=2304 insn=fed796e3
#2105   pc=00400064 cycle=2304 insn=00251513   x10(a0)=0000000c
#2106   pc=00400068 cycle=2304 insn=100007b7   x15(a5)=10000000
#2107   pc=0040006c cycle=2304 insn=00078793
#2108   pc=00400070 cycle=2304 insn=00a78533   x10(a0)=1000000c
#2109   pc=00400074 cycle=2310 insn=00052503   x10(a0)=00000002
#2110   pc=00400078 cycle=2310 insn=00008067
#2111   pc=004000b0 cycle=2312 insn=00a90933   x18(s2)=0000005f
#2112   pc=004000b4 cycle=2312 insn=00140413   x8(s0/fp)=00000004
#2113   pc=004000b8 cycle=2312 insn=0089a7b3   x15(a5)=00000000
#2114   pc=004000bc cycle=2312 insn=fff78793   x15(a5)=ffffffff
#2115   pc=004000c0 cycle=2312 insn=00f47433
#2116   pc=004000c4 cycle=2312 insn=fff48493   x9(s1)=00000042
#2117   pc=004000c8 cycle=2312 insn=fc049ee3
#2118   pc=004000a4 cycle=2313 insn=00040513   x10(a0)=00000004
#2119   pc=004000a8 cycle=2313 insn=00000097   x1(ra)=004000a8
#2120   pc=004000ac cycle=2313 insn=f6c080e7   x1(ra)=004000b0
#2121   pc=00400014 cycle=2315 insn=06050263
#2122   pc=00400018 cycle=2315 insn=00100793   x15(a5)=00000001
#2123   pc=0040001c cycle=2316 insn=04f50e63
#2124   pc=00400020 cycle=2316 insn=100007b7   x15(a5)=10000000
#2125   pc=00400024 cycle=2316 insn=00078793
#2126   pc=00400028 cycle=2317 insn=0007a023
#2127   pc=0040002c cycle=2317 insn=00100713   x14(a4)=00000001
#2128   pc=00400030 cycle=2320 insn=00e7a223
#2129   pc=00400034 cycle=2320 insn=02a75863
#2130   pc=00400038 cycle=2320 insn=100007b7
#2131   pc=0040003c cycle=2320 insn=00078793
#2132   pc=00400040 cycle=2320 insn=00251693   x13(a3)=00000010
#2133   pc=00400044 cycle=2320 insn=ffc78713   x14(a4)=0ffffffc
#2134   pc=00400048 cycle=2321 insn=00e686b3   x13(a3)=1000000c
#2135   pc=0040004c cycle=2326 insn=0047a703   x14(a4)=00000001
#2136   pc=00400050 cycle=2327 insn=0007a603   x12(a2)=00000000
#2137   pc=00400054 cycle=2329 insn=00c70733
#2138   pc=00400058 cycle=2331 insn=00e7a423
#2139   pc=0040005c cycle=2331 insn=00478793   x15(a5)=10000004
#2140   pc=00400060 cycle=2331 insn=fed796e3
#2141   pc=0040004c cycle=2337 insn=0047a703
#2142   pc=00400050 cycle=2338 insn=0007a603   x12(a2)=00000001
#2143   pc=00400054 cycle=2340 insn=00c70733   x14(a4)=00000002
#2144   pc=00400058 cycle=2342 insn=00e7a423
#2145   pc=0040005c cycle=2342 insn=00478793   x15(a5)=10000008
#2146   pc=00400060 cycle=2342 insn=fed796e3
#2147   pc=0040004c cycle=2348 insn=0047a703
#2148   pc=00400050 cycle=2349 insn=0007a603
#2149   pc=00400054 cycle=2351 insn=00c70733   x14(a4)=00000003
#2150   pc=00400058 cycle=2353 insn=00e7a423
#2151   pc=0040005c cycle=2353 insn=00478793   x15(a5)=1000000c
#2152   pc=00400060 cycle=2353 insn=fed796e3
#2153   pc=00400064 cycle=2353 insn=00251513   x10(a0)=00000010
#2154   pc=00400068 cycle=2353 insn=100007b7   x15(a5)=10000000
#2155   pc=0040006c cycle=2353 insn=00078793
#2156   pc=00400070 cycle=2353 insn=00a78533   x10(a0)=10000010
#2157   pc=00400074 cycle=2359 insn=00052503   x10(a0)=00000003
#2158   pc=00400078 cycle=2359 insn=00008067
#2159   pc=004000b0 cycle=2361 insn=00a90933   x18(s2)=00000062
#2160   pc=004000b4 cycle=2361 insn=00140413   x8(s0/fp)=00000005
#2161   pc=004000b8 cycle=2361 insn=0089a7b3   x15(a5)=00000001
#2162   pc=004000bc cycle=2361 insn=fff78793   x15(a5)=00000000
#2163   pc=004000c0 cycle=2361 insn=00f47433   x8(s0/fp)=00000000
#2164   pc=004000c4 cycle=2361 insn=fff48493   x9(s1)=00000041
#2165   pc=004000c8 cycle=2361 insn=fc049ee3
#2166   pc=004000a4 cycle=2362 insn=00040513   x10(a0)=00000000
#2167   pc=004000a8 cycle=2362 insn=00000097   x1(ra)=004000a8
#2168   pc=004000ac cycle=2362 insn=f6c080e7   x1(ra)=004000b0
#2169   pc=00400014 cycle=2362 insn=06050263
#2170   pc=00400078 cycle=2367 insn=00008067
#2171   pc=004000b0 cycle=2369 insn=00a90933
#2172   pc=004000b4 cycle=2369 insn=00140413   x8(s0/fp)=00000001
#2173   pc=004000b8 cycle=2371 insn=0089a7b3
#2174   pc=004000bc cycle=2373 insn=fff78793   x15(a5)=ffffffff
#2175   pc=004000c0 cycle=2375 insn=00f47433
#2176   pc=004000c4 cycle=2375 insn=fff48493   x9(s1)=00000040
#2177   pc=004000c8 cycle=2375 insn=fc049ee3
#2178   pc=004000a4 cycle=2377 insn=00040513   x10(a0)=00000001
#2179   pc=004000a8 cycle=2377 insn=00000097   x1(ra)=004000a8
#2180   pc=004000ac cycle=2377 insn=f6c080e7   x1(ra)=004000b0
#2181   pc=00400014 cycle=2380 insn=06050263
#2182   pc=00400018 cycle=2380 insn=00100793   x15(a5)=00000001
#2183   pc=0040001c cycle=2381 insn=04f50e63
#2184   pc=00400078 cycle=2388 insn=00008067
#2185   pc=004000b0 cycle=2390 insn=00a90933   x18(s2)=00000063
#2186   pc=004000b4 cycle=2390 insn=00140413   x8(s0/fp)=00000002
#2187   pc=004000b8 cycle=2392 insn=0089a7b3   x15(a5)=00000000
#2188   pc=004000bc cycle=2394 insn=fff78793   x15(a5)=ffffffff
#2189   pc=004000c0 cycle=2396 insn=00f47433
#2190   pc=004000c4 cycle=2396 insn=fff48493   x9(s1)=0000003f
#2191   pc=004000c8 cycle=2396 insn=fc049ee3
#2192   pc=004000a4 cycle=2398 insn=00040513   x10(a0)=00000002
#2193   pc=004000a8 cycle=2398 insn=00000097   x1(ra)=004000a8
#2194   pc=004000ac cycle=2398 insn=f6c080e7   x1(ra)=004000b0
#2195   pc=00400014 cycle=2401 insn=06050263
#2196   pc=00400018 cycle=2401 insn=00100793   x15(a5)=00000001
#2197   pc=0040001c cycle=2402 insn=04f50e63
#2198   pc=00400020 cycle=2402 insn=100007b7   x15(a5)=10000000
#2199   pc=00400024 cycle=2402 insn=00078793
#2200   pc=00400028 cycle=2403 insn=0007a023
#2201   pc=0040002c cycle=2403 insn=00100713   x14(a4)=00000001
#2202   pc=00400030 cycle=2406 insn=00e7a223
#2203   pc=00400034 cycle=2406 insn=02a75863
#2204   pc=00400038 cycle=2406 insn=100007b7
#2205   pc=0040003c cycle=2406 insn=00078793
#2206   pc=00400040 cycle=2406 insn=00251693   x13(a3)=00000008
#2207   pc=00400044 cycle=2406 insn=ffc78713   x14(a4)=0ffffffc
#2208   pc=00400048 cycle=2406 insn=00e686b3   x13(a3)=10000004
#2209   pc=0040004c cycle=2412 insn=0047a703   x14(a4)=00000001
#2210   pc=00400050 cycle=2413 insn=0007a603   x12(a2)=00000000
#2211   pc=00400054 cycle=2415 insn=00c70733
#2212   pc=00400058 cycle=2417 insn=00e7a423
#2213   pc=0040005c cycle=2417 insn=00478793   x15(a5)=10000004
#2214   pc=00400060 cycle=2417 insn=fed796e3
#2215   pc=00400064 cycle=2417 insn=00251513   x10(a0)=00000008
#2216   pc=00400068 cycle=2417 insn=100007b7   x15(a5)=10000000
#2217   pc=0040006c cycle=2417 insn=00078793
#2218   pc=00400070 cycle=2417 insn=00a78533   x10(a0)=10000008
#2219   pc=00400074 cycle=2423 insn=00052503   x10(a0)=00000001
#2220   pc=00400078 cycle=2423 insn=00008067
#2221   pc=004000b0 cycle=2425 insn=00a90933   x18(s2)=00000064
#2222   pc=004000b4 cycle=2425 insn=00140413   x8(s0/fp)=00000003
#2223   pc=004000b8 cycle=2425 insn=0089a7b3   x15(a5)=00000000
#2224   pc=004000bc cycle=2425 insn=fff78793   x15(a5)=ffffffff
#2225   pc=004000c0 cycle=2425 insn=00f47433
#2226   pc=004000c4 cycle=2425 insn=fff48493   x9(s1)=0000003e
#2227   pc=004000c8 cycle=2425 insn=fc049ee3
#2228   pc=004000a4 cycle=2426 insn=00040513   x10(a0)=00000003
#2229   pc=004000a8 cycle=2426 insn=00000097   x1(ra)=004000a8
#2230   pc=004000ac cycle=2426 insn=f6c080e7   x1(ra)=004000b0
#2231   pc=00400014 cycle=2426 insn=06050263
#2232   pc=00400018 cycle=2426 insn=00100793   x15(a5)=00000001
#2233   pc=0040001c cycle=2426 insn=04f50e63
#2234   pc=00400020 cycle=2426 insn=100007b7   x15(a5)=10000000
#2235   pc=00400024 cycle=2427 insn=00078793
#2236   pc=00400028 cycle=2428 insn=0007a023
#2237   pc=0040002c cycle=2428 insn=00100713
#2238   pc=00400030 cycle=2431 insn=00e7a223
#2239   pc=00400034 cycle=2431 insn=02a75863
#2240   pc=00400038 cycle=2431 insn=100007b7
#2241   pc=0040003c cycle=2431 insn=00078793
#2242   pc=00400040 cycle=2431 insn=00251693   x13(a3)=0000000c
#2243   pc=00400044 cycle=2432 insn=ffc78713   x14(a4)=0ffffffc
#2244   pc=00400048 cycle=2434 insn=00e686b3   x13(a3)=10000008
#2245   pc=0040004c cycle=2437 insn=0047a703   x14(a4)=00000001
#2246   pc=00400060 cycle=2437 insn=fed796e3
#2247   pc=0040004c cycle=2446 insn=0047a703
#2248   pc=00400050 cycle=2447 insn=0007a603
#2249   pc=00400054 cycle=2449 insn=00c70733
#2250   pc=00400058 cycle=2451 insn=00e7a423
#2251   pc=0040005c cycle=2451 insn=00478793   x15(a5)=10000004
#2252   pc=00400060 cycle=2451 insn=fed796e3
#2253   pc=0040004c cycle=2457 insn=0047a703
#2254   pc=00400050 cycle=2458 insn=0007a603   x12(a2)=00000001
#2255   pc=00400054 cycle=2460 insn=00c70733   x14(a4)=00000002
#2256   pc=00400058 cycle=2462 insn=00e7a423
#2257   pc=0040005c cycle=2462 insn=00478793   x15(a5)=10000008
#2258   pc=00400060 cycle=2462 insn=fed796e3
#2259   pc=00400064 cycle=2462 insn=00251513   x10(a0)=0000000c
#2260   pc=00400068 cycle=2462 insn=100007b7   x15(a5)=10000000
#2261   pc=0040006c cycle=2462 insn=00078793
#2262   pc=00400070 cycle=2462 insn=00a78533   x10(a0)=1000000c
#2263   pc=00400074 cycle=2468 insn=00052503   x10(a0)=00000002
#2264   pc=00400078 cycle=2468 insn=00008067
#2265   pc=004000b0 cycle=2470 insn=00a90933   x18(s2)=00000066
#2266   pc=004000b4 cycle=2470 insn=00140413   x8(s0/fp)=00000004
#2267   pc=004000b8 cycle=2470 insn=0089a7b3   x15(a5)=00000000
#2268   pc=004000bc cycle=2470 insn=fff78793   x15(a5)=ffffffff
#2269   pc=004000c0 cycle=2470 insn=00f47433
#2270   pc=004000c4 cycle=2470 insn=fff48493   x9(s1)=0000003d
#2271   pc=004000c8 cycle=2470 insn=fc049ee3
#2272   pc=004000a4 cycle=2471 insn=00040513   x10(a0)=00000004
#2273   pc=004000a8 cycle=2471 insn=00000097   x1(ra)=004000a8
#2274   pc=004000ac cycle=2471 insn=f6c080e7   x1(ra)=004000b0
#2275   pc=00400014 cycle=2473 insn=06050263
#2276   pc=00400018 cycle=2473 insn=00100793   x15(a5)=00000001
#2277   pc=0040001c cycle=2474 insn=04f50e63
#2278   pc=00400020 cycle=2474 insn=100007b7   x15(a5)=10000000
#2279   pc=00400024 cycle=2474 insn=00078793
#2280   pc=00400028 cycle=2475 insn=0007a023
#2281   pc=0040002c cycle=2475 insn=00100713   x14(a4)=00000001
#2282   pc=00400030 cycle=2478 insn=00e7a223
#2283   pc=00400034 cycle=2478 insn=02a75863
#2284   pc=00400038 cycle=2478 insn=100007b7
#2285   pc=0040003c cycle=2478 insn=00078793
#2286   pc=00400040 cycle=2478 insn=00251693   x13(a3)=00000010
#2287   pc=00400044 cycle=2478 insn=ffc78713   x14(a4)=0ffffffc
#2288   pc=00400048 cycle=2479 insn=00e686b3   x13(a3)=1000000c
#2289   pc=0040004c cycle=2484 insn=0047a703   x14(a4)=00000001
#2290   pc=00400050 cycle=2485 insn=0007a603   x12(a2)=00000000
#2291   pc=00400054 cycle=2487 insn=00c70733
#2292   pc=00400058 cycle=2489 insn=00e7a423
#2293   pc=0040005c cycle=2489 insn=00478793   x15(a5)=10000004
#2294   pc=00400060 cycle=2489 insn=fed796e3
#2295   pc=0040004c cycle=2495 insn=0047a703
#2296   pc=00400050 cycle=2496 insn=0007a603   x12(a2)=00000001
#2297   pc=00400054 cycle=2498 insn=00c70733   x14(a4)=00000002
#2298   pc=00400058 cycle=2500 insn=00e7a423
#2299   pc=0040005c cycle=2500 insn=00478793   x15(a5)=10000008
#2300   pc=00400060 cycle=2500 insn=fed796e3
#2301   pc=0040004c cycle=2506 insn=0047a703
#2302   pc=00400050 cycle=2507 insn=0007a603
#2303   pc=00400054 cycle=2509 insn=00c70733   x14(a4)=00000003
#2304   pc=00400058 cycle=2511 insn=00e7a423
#2305   pc=0040005c cycle=2511 insn=00478793   x15(a5)=1000000c
#2306   pc=00400060 cycle=2511 insn=fed796e3
#2307   pc=00400064 cycle=2511 insn=00251513   x10(a0)=00000010
#2308   pc=00400068 cycle=2511 insn=100007b7   x15(a5)=10000000
#2309   pc=0040006c cycle=2511 insn=00078793
#2310   pc=00400070 cycle=2511 insn=00a78533   x10(a0)=10000010
#2311   pc=00400074 cycle=2517 insn=00052503   x10(a0)=00000003
#2312   pc=00400078 cycle=2517 insn=00008067
#2313   pc=004000b0 cycle=2519 insn=00a90933   x18(s2)=00000069
#2314   pc=004000b4 cycle=2519 insn=00140413   x8(s0/fp)=00000005
#2315   pc=004000b8 cycle=2519 insn=0089a7b3   x15(a5)=00000001
#2316   pc=004000bc cycle=2519 insn=fff78793   x15(a5)=00000000
#2317   pc=004000c0 cycle=2519 insn=00f47433   x8(s0/fp)=00000000
#2318   pc=004000c4 cycle=2519 insn=fff48493   x9(s1)=0000003c
#2319   pc=004000c8 cycle=2519 insn=fc049ee3
#2320   pc=004000a4 cycle=2520 insn=00040513   x10(a0)=00000000
#2321   pc=004000a8 cycle=2520 insn=00000097   x1(ra)=004000a8
#2322   pc=004000ac cycle=2520 insn=f6c080e7   x1(ra)=004000b0
#2323   pc=00400014 cycle=2520 insn=06050263
#2324   pc=00400078 cycle=2525 insn=00008067
#2325   pc=004000b0 cycle=2527 insn=00a90933
#2326   pc=004000b4 cycle=2527 insn=00140413   x8(s0/fp)=00000001
#2327   pc=004000b8 cycle=2529 insn=0089a7b3
#2328   pc=004000bc cycle=2531 insn=fff78793   x15(a5)=ffffffff
#2329   pc=004000c0 cycle=2533 insn=00f47433
#2330   pc=004000c4 cycle=2533 insn=fff48493   x9(s1)=0000003b
#2331   pc=004000c8 cycle=2533 insn=fc049ee3
#2332   pc=004000a4 cycle=2535 insn=00040513   x10(a0)=00000001
#2333   pc=004000a8 cycle=2535 insn=00000097   x1(ra)=004000a8
#2334   pc=004000ac cycle=2535 insn=f6c080e7   x1(ra)=004000b0
#2335   pc=00400014 cycle=2538 insn=06050263
#2336   pc=00400018 cycle=2538 insn=00100793   x15(a5)=00000001
#2337   pc=0040001c cycle=2539 insn=04f50e63
#2338   pc=00400078 cycle=2546 insn=00008067
#2339   pc=004000b0 cycle=2548 insn=00a90933   x18(s2)=0000006a
#2340   pc=004000b4 cycle=2548 insn=00140413   x8(s0/fp)=00000002
#2341   pc=004000b8 cycle=2550 insn=0089a7b3   x15(a5)=00000000
#2342   pc=004000bc cycle=2552 insn=fff78793   x15(a5)=ffffffff
#2343   pc=004000c0 cycle=2554 insn=00f47433
#2344   pc=004000c4 cycle=2554 insn=fff48493   x9(s1)=0000003a
#2345   pc=004000c8 cycle=2554 insn=fc049ee3
#2346   pc=004000a4 cycle=2556 insn=00040513   x10(a0)=00000002
#2347   pc=004000a8 cycle=2556 insn=00000097   x1(ra)=004000a8
#2348   pc=004000ac cycle=2556 insn=f6c080e7   x1(ra)=004000b0
#2349   pc=00400014 cycle=2559 insn=06050263
#2350   pc=00400018 cycle=2559 insn=00100793   x15(a5)=00000001
#2351   pc=0040001c cycle=2560 insn=04f50e63
#2352   pc=00400020 cycle=2560 insn=100007b7   x15(a5)=10000000
#2353   pc=00400024 cycle=2560 insn=00078793
#2354   pc=00400028 cycle=2561 insn=0007a023
#2355   pc=0040002c cycle=2561 insn=00100713   x14(a4)=00000001
#2356   pc=00400030 cycle=2564 insn=00e7a223
#2357   pc=00400034 cycle=2564 insn=02a75863
#2358   pc=00400038 cycle=2564 insn=100007b7
#2359   pc=0040003c cycle=2564 insn=00078793
#2360   pc=00400040 cycle=2564 insn=00251693   x13(a3)=00000008
#2361   pc=00400044 cycle=2564 insn=ffc78713   x14(a4)=0ffffffc
#2362   pc=00400048 cycle=2564 insn=00e686b3   x13(a3)=10000004
#2363   pc=0040004c cycle=2570 insn=0047a703   x14(a4)=00000001
#2364   pc=00400050 cycle=2571 insn=0007a603   x12(a2)=00000000
#2365   pc=00400054 cycle=2573 insn=00c70733
#2366   pc=00400058 cycle=2575 insn=00e7a423
#2367   pc=0040005c cycle=2575 insn=00478793   x15(a5)=10000004
#2368   pc=00400060 cycle=2575 insn=fed796e3
#2369   pc=00400064 cycle=2575 insn=00251513   x10(a0)=00000008
#2370   pc=00400068 cycle=2575 insn=100007b7   x15(a5)=10000000
#2371   pc=0040006c cycle=2575 insn=00078793
#2372   pc=00400070 cycle=2575 insn=00a78533   x10(a0)=10000008
#2373   pc=00400074 cycle=2581 insn=00052503   x10(a0)=00000001
#2374   pc=00400078 cycle=2581 insn=00008067
#2375   pc=004000b0 cycle=2583 insn=00a90933   x18(s2)=0000006b
#2376   pc=004000b4 cycle=2583 insn=00140413   x8(s0/fp)=00000003
#2377   pc=004000b8 cycle=2583 insn=0089a7b3   x15(a5)=00000000
#2378   pc=004000bc cycle=2583 insn=fff78793   x15(a5)=ffffffff
#2379   pc=004000c0 cycle=2583 insn=00f47433
#2380   pc=004000c4 cycle=2583 insn=fff48493   x9(s1)=00000039
#2381   pc=004000c8 cycle=2583 insn=fc049ee3
#2382   pc=004000a4 cycle=2584 insn=00040513   x10(a0)=00000003
#2383   pc=004000a8 cycle=2584 insn=00000097   x1(ra)=004000a8
#2384   pc=004000ac cycle=2584 insn=f6c080e7   x1(ra)=004000b0
#2385   pc=00400014 cycle=2584 insn=06050263
#2386   pc=00400018 cycle=2584 insn=00100793   x15(a5)=00000001
#2387   pc=0040001c cycle=2584 insn=04f50e63
#2388   pc=00400020 cycle=2584 insn=100007b7   x15(a5)=10000000
#2389   pc=00400024 cycle=2585 insn=00078793
#2390   pc=00400028 cycle=2586 insn=0007a023
#2391   pc=0040002c cycle=2586 insn=00100713
#2392   pc=00400030 cycle=2589 insn=00e7a223
#2393   pc=00400034 cycle=2589 insn=02a75863
#2394   pc=00400038 cycle=2589 insn=100007b7
#2395   pc=0040003c cycle=2589 insn=00078793
#2396   pc=00400040 cycle=2589 insn=00251693   x13(a3)=0000000c
#2397   pc=00400044 cycle=2590 insn=ffc78713   x14(a4)=0ffffffc
#2398   pc=00400048 cycle=2592 insn=00e686b3   x13(a3)=10000008
#2399   pc=0040004c cycle=2595 insn=0047a703   x14(a4)=00000001
#2400   pc=00400060 cycle=2595 insn=fed796e3
#2401   pc=0040004c cycle=2604 insn=0047a703
#2402   pc=00400050 cycle=2605 insn=0007a603
#2403   pc=00400054 cycle=2607 insn=00c70733
#2404   pc=00400058 cycle=2609 insn=00e7a423
#2405   pc=0040005c cycle=2609 insn=00478793   x15(a5)=10000004
#2406   pc=00400060 cycle=2609 insn=fed796e3
#2407   pc=0040004c cycle=2615 insn=0047a703
#2408   pc=00400050 cycle=2616 insn=0007a603   x12(a2)=00000001
#2409   pc=00400054 cycle=2618 insn=00c70733   x14(a4)=00000002
#2410   pc=00400058 cycle=2620 insn=00e7a423
#2411   pc=0040005c cycle=2620 insn=00478793   x15(a5)=10000008
#2412   pc=00400060 cycle=2620 insn=fed796e3
#2413   pc=00400064 cycle=2620 insn=00251513   x10(a0)=0000000c
#2414   pc=00400068 cycle=2620 insn=100007b7   x15(a5)=10000000
#2415   pc=0040006c cycle=2620 insn=00078793
#2416   pc=00400070 cycle=2620 insn=00a78533   x10(a0)=1000000c
#2417   pc=00400074 cycle=2626 insn=00052503   x10(a0)=00000002
#2418   pc=00400078 cycle=2626 insn=00008067
#2419   pc=004000b0 cycle=2628 insn=00a90933   x18(s2)=0000006d
#2420   pc=004000b4 cycle=2628 insn=00140413   x8(s0/fp)=00000004
#2421   pc=004000b8 cycle=2628 insn=0089a7b3   x15(a5)=00000000
#2422   pc=004000bc cycle=2628 insn=fff78793   x15(a5)=ffffffff
#2423   pc=004000c0 cycle=2628 insn=00f47433
#2424   pc=004000c4 cycle=2628 insn=fff48493   x9(s1)=00000038
#2425   pc=004000c8 cycle=2628 insn=fc049ee3
#2426   pc=004000a4 cycle=2629 insn=00040513   x10(a0)=00000004
#2427   pc=004000a8 cycle=2629 insn=00000097   x1(ra)=004000a8
#2428   pc=004000ac cycle=2629 insn=f6c080e7   x1(ra)=004000b0
#2429   pc=00400014 cycle=2631 insn=06050263
#2430   pc=00400018 cycle=2631 insn=00100793   x15(a5)=00000001
#2431   pc=0040001c cycle=2632 insn=04f50e63
#2432   pc=00400020 cycle=2632 insn=100007b7   x15(a5)=10000000
#2433   pc=00400024 cycle=2632 insn=00078793
#2434   pc=00400028 cycle=2633 insn=0007a023
#2435   pc=0040002c cycle=2633 insn=00100713   x14(a4)=00000001
#2436   pc=00400030 cycle=2636 insn=00e7a223
#2437   pc=00400034 cycle=2636 insn=02a75863
#2438   pc=00400038 cycle=2636 insn=100007b7
#2439   pc=0040003c cycle=2636 insn=00078793
#2440   pc=00400040 cycle=2636 insn=00251693   x13(a3)=00000010
#2441   pc=00400044 cycle=2636 insn=ffc78713   x14(a4)=0ffffffc
#2442   pc=00400048 cycle=2637 insn=00e686b3   x13(a3)=1000000c
#2443   pc=0040004c cycle=2642 insn=0047a703   x14(a4)=00000001
#2444   pc=00400050 cycle=2643 insn=0007a603   x12(a2)=00000000
#2445   pc=00400054 cycle=2645 insn=00c70733
#2446   pc=00400058 cycle=2647 insn=00e7a423
#2447   pc=0040005c cycle=2647 insn=00478793   x15(a5)=10000004
#2448   pc=00400060 cycle=2647 insn=fed796e3
#2449   pc=0040004c cycle=2653 insn=0047a703
#2450   pc=00400050 cycle=2654 insn=0007a603   x12(a2)=00000001
#2451   pc=00400054 cycle=2656 insn=00c70733   x14(a4)=00000002
#2452   pc=00400058 cycle=2658 insn=00e7a423
#2453   pc=0040005c cycle=2658 insn=00478793   x15(a5)=10000008
#2454   pc=00400060 cycle=2658 insn=fed796e3
#2455   pc=0040004c cycle=2664 insn=0047a703
#2456   pc=00400050 cycle=2665 insn=0007a603
#2457   pc=00400054 cycle=2667 insn=00c70733   x14(a4)=00000003
#2458   pc=00400058 cycle=2669 insn=00e7a423
#2459   pc=0040005c cycle=2669 insn=00478793   x15(a5)=1000000c
#2460   pc=00400060 cycle=2669 insn=fed796e3
#2461   pc=00400064 cycle=2669 insn=00251513   x10(a0)=00000010
#2462   pc=00400068 cycle=2669 insn=100007b7   x15(a5)=10000000
#2463   pc=0040006c cycle=2669 insn=00078793
#2464   pc=00400070 cycle=2669 insn=00a78533   x10(a0)=10000010
#2465   pc=00400074 cycle=2675 insn=00052503   x10(a0)=00000003
#2466   pc=00400078 cycle=2675 insn=00008067
#2467   pc=004000b0 cycle=2677 insn=00a90933   x18(s2)=00000070
#2468   pc=004000b4 cycle=2677 insn=00140413   x8(s0/fp)=00000005
#2469   pc=004000b8 cycle=2677 insn=0089a7b3   x15(a5)=00000001
#2470   pc=004000bc cycle=2677 insn=fff78793   x15(a5)=00000000
#2471   pc=004000c0 cycle=2677 insn=00f47433   x8(s0/fp)=00000000
#2472   pc=004000c4 cycle=2677 insn=fff48493   x9(s1)=00000037
#2473   pc=004000c8 cycle=2677 insn=fc049ee3
#2474   pc=004000a4 cycle=2678 insn=00040513   x10(a0)=00000000
#2475   pc=004000a8 cycle=2678 insn=00000097   x1(ra)=004000a8
#2476   pc=004000ac cycle=2678 insn=f6c080e7   x1(ra)=004000b0
#2477   pc=00400014 cycle=2678 insn=06050263
#2478   pc=00400078 cycle=2683 insn=00008067
#2479   pc=004000b0 cycle=2685 insn=00a90933
#2480   pc=004000b4 cycle=2685 insn=00140413   x8(s0/fp)=00000001
#2481   pc=004000b8 cycle=2687 insn=0089a7b3
#2482   pc=004000bc cycle=2689 insn=fff78793   x15(a5)=ffffffff
#2483   pc=004000c0 cycle=2691 insn=00f47433
#2484   pc=004000c4 cycle=2691 insn=fff48493   x9(s1)=00000036
#2485   pc=004000c8 cycle=2691 insn=fc049ee3
#2486   pc=004000a4 cycle=2693 insn=00040513   x10(a0)=00000001
#2487   pc=004000a8 cycle=2693 insn=00000097   x1(ra)=004000a8
#2488   pc=004000ac cycle=2693 insn=f6c080e7   x1(ra)=004000b0
#2489   pc=00400014 cycle=2696 insn=06050263
#2490   pc=00400018 cycle=2696 insn=00100793   x15(a5)=00000001
#2491   pc=0040001c cycle=2697 insn=04f50e63
#2492   pc=00400078 cycle=2704 insn=00008067
#2493   pc=004000b0 cycle=2706 insn=00a90933   x18(s2)=00000071
#2494   pc=004000b4 cycle=2706 insn=00140413   x8(s0/fp)=00000002
#2495   pc=004000b8 cycle=2708 insn=0089a7b3   x15(a5)=00000000
#2496   pc=004000bc cycle=2710 insn=fff78793   x15(a5)=ffffffff
#2497   pc=004000c0 cycle=2712 insn=00f47433
#2498   pc=004000c4 cycle=2712 insn=fff48493   x9(s1)=00000035
#2499   pc=004000c8 cycle=2712 insn=fc049ee3
#2500   pc=004000a4 cycle=2714 insn=00040513   x10(a0)=00000002
#2501   pc=004000a8 cycle=2714 insn=00000097   x1(ra)=004000a8
#2502   pc=004000ac cycle=2714 insn=f6c080e7   x1(ra)=004000b0
#2503   pc=00400014 cycle=2717 insn=06050263
#2504   pc=00400018 cycle=2717 insn=00100793   x15(a5)=00000001
#2505   pc=0040001c cycle=2718 insn=04f50e63
#2506   pc=00400020 cycle=2718 insn=100007b7   x15(a5)=10000000
#2507   pc=00400024 cycle=2718 insn=00078793
#2508   pc=00400028 cycle=2719 insn=0007a023
#2509   pc=0040002c cycle=2719 insn=00100713   x14(a4)=00000001
#2510   pc=00400030 cycle=2722 insn=00e7a223
#2511   pc=00400034 cycle=2722 insn=02a75863
#2512   pc=00400038 cycle=2722 insn=100007b7
#2513   pc=0040003c cycle=2722 insn=00078793
#2514   pc=00400040 cycle=2722 insn=00251693   x13(a3)=00000008
#2515   pc=00400044 cycle=2722 insn=ffc78713   x14(a4)=0ffffffc
#2516   pc=00400048 cycle=2722 insn=00e686b3   x13(a3)=10000004
#2517   pc=0040004c cycle=2728 insn=0047a703   x14(a4)=00000001
#2518   pc=00400050 cycle=2729 insn=0007a603   x12(a2)=00000000
#2519   pc=00400054 cycle=2731 insn=00c70733
#2520   pc=00400058 cycle=2733 insn=00e7a423
#2521   pc=0040005c cycle=2733 insn=00478793   x15(a5)=10000004
#2522   pc=00400060 cycle=2733 insn=fed796e3
#2523   pc=00400064 cycle=2733 insn=00251513   x10(a0)=00000008
#2524   pc=00400068 cycle=2733 insn=100007b7   x15(a5)=10000000
#2525   pc=0040006c cycle=2733 insn=00078793
#2526   pc=00400070 cycle=2733 insn=00a78533   x10(a0)=10000008
#2527   pc=00400074 cycle=2739 insn=00052503   x10(a0)=00000001
#2528   pc=00400078 cycle=2739 insn=00008067
#2529   pc=004000b0 cycle=2741 insn=00a90933   x18(s2)=00000072
#2530   pc=004000b4 cycle=2741 insn=00140413   x8(s0/fp)=00000003
#2531   pc=004000b8 cycle=2741 insn=0089a7b3   x15(a5)=00000000
#2532   pc=004000bc cycle=2741 insn=fff78793   x15(a5)=ffffffff
#2533   pc=004000c0 cycle=2741 insn=00f47433
#2534   pc=004000c4 cycle=2741 insn=fff48493   x9(s1)=00000034
#2535   pc=004000c8 cycle=2741 insn=fc049ee3
#2536   pc=004000a4 cycle=2742 insn=00040513   x10(a0)=00000003
#2537   pc=004000a8 cycle=2742 insn=00000097   x1(ra)=004000a8
#2538   pc=004000ac cycle=2742 insn=f6c080e7   x1(ra)=004000b0
#2539   pc=00400014 cycle=2742 insn=06050263
#2540   pc=00400018 cycle=2742 insn=00100793   x15(a5)=00000001
#2541   pc=0040001c cycle=2742 insn=04f50e63
#2542   pc=00400020 cycle=2742 insn=100007b7   x15(a5)=10000000
#2543   pc=00400024 cycle=2743 insn=00078793
#2544   pc=00400028 cycle=2744 insn=0007a023
#2545   pc=0040002c cycle=2744 insn=00100713
#2546   pc=00400030 cycle=2747 insn=00e7a223
#2547   pc=00400034 cycle=2747 insn=02a75863
#2548   pc=00400038 cycle=2747 insn=100007b7
#2549   pc=0040003c cycle=2747 insn=00078793
#2550   pc=00400040 cycle=2747 insn=00251693   x13(a3)=0000000c
#2551   pc=00400044 cycle=2748 insn=ffc78713   x14(a4)=0ffffffc
#2552   pc=00400048 cycle=2750 insn=00e686b3   x13(a3)=10000008
#2553   pc=0040004c cycle=2753 insn=0047a703   x14(a4)=00000001
#2554   pc=00400060 cycle=2753 insn=fed796e3
#2555   pc=0040004c cycle=2762 insn=0047a703
#2556   pc=00400050 cycle=2763 insn=0007a603
#2557   pc=00400054 cycle=2765 insn=00c70733
#2558   pc=00400058 cycle=2767 insn=00e7a423
#2559   pc=0040005c cycle=2767 insn=00478793   x15(a5)=10000004
#2560   pc=00400060 cycle=2767 insn=fed796e3
#2561   pc=0040004c cycle=2773 insn=0047a703
#2562   pc=00400050 cycle=2774 insn=0007a603   x12(a2)=00000001
#2563   pc=00400054 cycle=2776 insn=00c70733   x14(a4)=00000002
#2564   pc=00400058 cycle=2778 insn=00e7a423
#2565   pc=0040005c cycle=2778 insn=00478793   x15(a5)=10000008
#2566   pc=00400060 cycle=2778 insn=fed796e3
#2567   pc=00400064 cycle=2778 insn=00251513   x10(a0)=0000000c
#2568   pc=00400068 cycle=2778 insn=100007b7   x15(a5)=10000000
#2569   pc=0040006c cycle=2778 insn=00078793
#2570   pc=00400070 cycle=2778 insn=00a78533   x10(a0)=1000000c
#2571   pc=00400074 cycle=2784 insn=00052503   x10(a0)=00000002
#2572   pc=00400078 cycle=2784 insn=00008067
#2573   pc=004000b0 cycle=2786 insn=00a90933   x18(s2)=00000074
#2574   pc=004000b4 cycle=2786 insn=00140413   x8(s0/fp)=00000004
#2575   pc=004000b8 cycle=2786 insn=0089a7b3   x15(a5)=00000000
#2576   pc=004000bc cycle=2786 insn=fff78793   x15(a5)=ffffffff
#2577   pc=004000c0 cycle=2786 insn=00f47433
#2578   pc=004000c4 cycle=2786 insn=fff48493   x9(s1)=00000033
#2579   pc=004000c8 cycle=2786 insn=fc049ee3
#2580   pc=004000a4 cycle=2787 insn=00040513   x10(a0)=00000004
#2581   pc=004000a8 cycle=2787 insn=00000097   x1(ra)=004000a8
#2582   pc=004000ac cycle=2787 insn=f6c080e7   x1(ra)=004000b0
#2583   pc=00400014 cycle=2789 insn=06050263
#2584   pc=00400018 cycle=2789 insn=00100793   x15(a5)=00000001
#2585   pc=0040001c cycle=2790 insn=04f50e63
#2586   pc=00400020 cycle=2790 insn=100007b7   x15(a5)=10000000
#2587   pc=00400024 cycle=2790 insn=00078793
#2588   pc=00400028 cycle=2791 insn=0007a023
#2589   pc=0040002c cycle=2791 insn=00100713   x14(a4)=00000001
#2590   pc=00400030 cycle=2794 insn=00e7a223
#2591   pc=00400034 cycle=2794 insn=02a75863
#2592   pc=00400038 cycle=2794 insn=100007b7
#2593   pc=0040003c cycle=2794 insn=00078793
#2594   pc=00400040 cycle=2794 insn=00251693   x13(a3)=00000010
#2595   pc=00400044 cycle=2794 insn=ffc78713   x14(a4)=0ffffffc
#2596   pc=00400048 cycle=2795 insn=00e686b3   x13(a3)=1000000c
#2597   pc=0040004c cycle=2800 insn=0047a703   x14(a4)=00000001
#2598   pc=00400050 cycle=2801 insn=0007a603   x12(a2)=00000000
#2599   pc=00400054 cycle=2803 insn=00c70733
#2600   pc=00400058 cycle=2805 insn=00e7a423
#2601   pc=0040005c cycle=2805 insn=00478793   x15(a5)=10000004
#2602   pc=00400060 cycle=2805 insn=fed796e3
#2603   pc=0040004c cycle=2811 insn=0047a703
#2604   pc=00400050 cycle=2812 insn=0007a603   x12(a2)=00000001
#2605   pc=00400054 cycle=2814 insn=00c70733   x14(a4)=00000002
#2606   pc=00400058 cycle=2816 insn=00e7a423
#2607   pc=0040005c cycle=2816 insn=00478793   x15(a5)=10000008
#2608   pc=00400060 cycle=2816 insn=fed796e3
#2609   pc=0040004c cycle=2822 insn=0047a703
#2610   pc=00400050 cycle=2823 insn=0007a603
#2611   pc=00400054 cycle=2825 insn=00c70733   x14(a4)=00000003
#2612   pc=00400058 cycle=2827 insn=00e7a423
#2613   pc=0040005c cycle=2827 insn=00478793   x15(a5)=1000000c
#2614   pc=00400060 cycle=2827 insn=fed796e3
#2615   pc=00400064 cycle=2827 insn=00251513   x10(a0)=00000010
#2616   pc=00400068 cycle=2827 insn=100007b7   x15(a5)=10000000
#2617   pc=0040006c cycle=2827 insn=00078793
#2618   pc=00400070 cycle=2827 insn=00a78533   x10(a0)=10000010
#2619   pc=00400074 cycle=2833 insn=00052503   x10(a0)=00000003
#2620   pc=00400078 cycle=2833 insn=00008067
#2621   pc=004000b0 cycle=2835 insn=00a90933   x18(s2)=00000077
#2622   pc=004000b4 cycle=2835 insn=00140413   x8(s0/fp)=00000005
#2623   pc=004000b8 cycle=2835 insn=0089a7b3   x15(a5)=00000001
#2624   pc=004000bc cycle=2835 insn=fff78793   x15(a5)=00000000
#2625   pc=004000c0 cycle=2835 insn=00f47433   x8(s0/fp)=00000000
#2626   pc=004000c4 cycle=2835 insn=fff48493   x9(s1)=00000032
#2627   pc=004000c8 cycle=2835 insn=fc049ee3
#2628   pc=004000a4 cycle=2836 insn=00040513   x10(a0)=00000000
#2629   pc=004000a8 cycle=2836 insn=00000097   x1(ra)=004000a8
#2630   pc=004000ac cycle=2836 insn=f6c080e7   x1(ra)=004000b0
#2631   pc=00400014 cycle=2836 insn=06050263
#2632   pc=00400078 cycle=2841 insn=00008067
#2633   pc=004000b0 cycle=2843 insn=00a90933
#2634   pc=004000b4 cycle=2843 insn=00140413   x8(s0/fp)=00000001
#2635   pc=004000b8 cycle=2845 insn=0089a7b3
#2636   pc=004000bc cycle=2847 insn=fff78793   x15(a5)=ffffffff
#2637   pc=004000c0 cycle=2849 insn=00f47433
#2638   pc=004000c4 cycle=2849 insn=fff48493   x9(s1)=00000031
#2639   pc=004000c8 cycle=2849 insn=fc049ee3
#2640   pc=004000a4 cycle=2851 insn=00040513   x10(a0)=00000001
#2641   pc=004000a8 cycle=2851 insn=00000097   x1(ra)=004000a8
#2642   pc=004000ac cycle=2851 insn=f6c080e7   x1(ra)=004000b0
#2643   pc=00400014 cycle=2854 insn=06050263
#2644   pc=00400018 cycle=2854 insn=00100793   x15(a5)=00000001
#2645   pc=0040001c cycle=2855 insn=04f50e63
#2646   pc=00400078 cycle=2862 insn=00008067
#2647   pc=004000b0 cycle=2864 insn=00a90933   x18(s2)=00000078
#2648   pc=004000b4 cycle=2864 insn=00140413   x8(s0/fp)=00000002
#2649   pc=004000b8 cycle=2866 insn=0089a7b3   x15(a5)=00000000
#2650   pc=004000bc cycle=2868 insn=fff78793   x15(a5)=ffffffff
#2651   pc=004000c0 cycle=2870 insn=00f47433
#2652   pc=004000c4 cycle=2870 insn=fff48493   x9(s1)=00000030
#2653   pc=004000c8 cycle=2870 insn=fc049ee3
#2654   pc=004000a4 cycle=2872 insn=00040513   x10(a0)=00000002
#2655   pc=004000a8 cycle=2872 insn=00000097   x1(ra)=004000a8
#2656   pc=004000ac cycle=2872 insn=f6c080e7   x1(ra)=004000b0
#2657   pc=00400014 cycle=2875 insn=06050263
#2658   pc=00400018 cycle=2875 insn=00100793   x15(a5)=00000001
#2659   pc=0040001c cycle=2876 insn=04f50e63
#2660   pc=00400020 cycle=2876 insn=100007b7   x15(a5)=10000000
#2661   pc=00400024 cycle=2876 insn=00078793
#2662   pc=00400028 cycle=2877 insn=0007a023
#2663   pc=0040002c cycle=2877 insn=00100713   x14(a4)=00000001
#2664   pc=00400030 cycle=2880 insn=00e7a223
#2665   pc=00400034 cycle=2880 insn=02a75863
#2666   pc=00400038 cycle=2880 insn=100007b7
#2667   pc=0040003c cycle=2880 insn=00078793
#2668   pc=00400040 cycle=2880 insn=00251693   x13(a3)=00000008
#2669   pc=00400044 cycle=2880 insn=ffc78713   x14(a4)=0ffffffc
#2670   pc=00400048 cycle=2880 insn=00e686b3   x13(a3)=10000004
#2671   pc=0040004c cycle=2886 insn=0047a703   x14(a4)=00000001
#2672   pc=00400050 cycle=2887 insn=0007a603   x12(a2)=00000000
#2673   pc=00400054 cycle=2889 insn=00c70733
#2674   pc=00400058 cycle=2891 insn=00e7a423
#2675   pc=0040005c cycle=2891 insn=00478793   x15(a5)=10000004
#2676   pc=00400060 cycle=2891 insn=fed796e3
#2677   pc=00400064 cycle=2891 insn=00251513   x10(a0)=00000008
#2678   pc=00400068 cycle=2891 insn=100007b7   x15(a5)=10000000
#2679   pc=0040006c cycle=2891 insn=00078793
#2680   pc=00400070 cycle=2891 insn=00a78533   x10(a0)=10000008
#2681   pc=00400074 cycle=2897 insn=00052503   x10(a0)=00000001
#2682   pc=00400078 cycle=2897 insn=00008067
#2683   pc=004000b0 cycle=2899 insn=00a90933   x18(s2)=00000079
#2684   pc=004000b4 cycle=2899 insn=00140413   x8(s0/fp)=00000003
#2685   pc=004000b8 cycle=2899 insn=0089a7b3   x15(a5)=00000000
#2686   pc=004000bc cycle=2899 insn=fff78793   x15(a5)=ffffffff
#2687   pc=004000c0 cycle=2899 insn=00f47433
#2688   pc=004000c4 cycle=2899 insn=fff48493   x9(s1)=0000002f
#2689   pc=004000c8 cycle=2899 insn=fc049ee3
#2690   pc=004000a4 cycle=2900 insn=00040513   x10(a0)=00000003
#2691   pc=004000a8 cycle=2900 insn=00000097   x1(ra)=004000a8
#2692   pc=004000ac cycle=2900 insn=f6c080e7   x1(ra)=004000b0
#2693   pc=00400014 cycle=2900 insn=06050263
#2694   pc=00400018 cycle=2900 insn=00100793   x15(a5)=00000001
#2695   pc=0040001c cycle=2900 insn=04f50e63
#2696   pc=00400020 cycle=2900 insn=100007b7   x15(a5)=10000000
#2697   pc=00400024 cycle=2901 insn=00078793
#2698   pc=00400028 cycle=2902 insn=0007a023
#2699   pc=0040002c cycle=2902 insn=00100713
#2700   pc=00400030 cycle=2905 insn=00e7a223
#2701   pc=00400034 cycle=2905 insn=02a75863
#2702   pc=00400038 cycle=2905 insn=100007b7
#2703   pc=0040003c cycle=2905 insn=00078793
#2704   pc=00400040 cycle=2905 insn=00251693   x13(a3)=0000000c
#2705   pc=00400044 cycle=2906 insn=ffc78713   x14(a4)=0ffffffc
#2706   pc=00400048 cycle=2908 insn=00e686b3   x13(a3)=10000008
#2707   pc=0040004c cycle=2911 insn=0047a703   x14(a4)=00000001
#2708   pc=00400060 cycle=2911 insn=fed796e3
#2709   pc=0040004c cycle=2920 insn=0047a703
#2710   pc=00400050 cycle=2921 insn=0007a603
#2711   pc=00400054 cycle=2923 insn=00c70733
#2712   pc=00400058 cycle=2925 insn=00e7a423
#2713   pc=0040005c cycle=2925 insn=00478793   x15(a5)=10000004
#2714   pc=00400060 cycle=2925 insn=fed796e3
#2715   pc=0040004c cycle=2931 insn=0047a703
#2716   pc=00400050 cycle=2932 insn=0007a603   x12(a2)=00000001
#2717   pc=00400054 cycle=2934 insn=00c70733   x14(a4)=00000002
#2718   pc=00400058 cycle=2936 insn=00e7a423
#2719   pc=0040005c cycle=2936 insn=00478793   x15(a5)=10000008
#2720   pc=00400060 cycle=2936 insn=fed796e3
#2721   pc=00400064 cycle=2936 insn=00251513   x10(a0)=0000000c
#2722   pc=00400068 cycle=2936 insn=100007b7   x15(a5)=10000000
#2723   pc=0040006c cycle=2936 insn=00078793
#2724   pc=00400070 cycle=2936 insn=00a78533   x10(a0)=1000000c
#2725   pc=00400074 cycle=2942 insn=00052503   x10(a0)=00000002
#2726   pc=00400078 cycle=2942 insn=00008067
#2727   pc=004000b0 cycle=2944 insn=00a90933   x18(s2)=0000007b
#2728   pc=004000b4 cycle=2944 insn=00140413   x8(s0/fp)=00000004
#2729   pc=004000b8 cycle=2944 insn=0089a7b3   x15(a5)=00000000
#2730   pc=004000bc cycle=2944 insn=fff78793   x15(a5)=ffffffff
#2731   pc=004000c0 cycle=2944 insn=00f47433
#2732   pc=004000c4 cycle=2944 insn=fff48493   x9(s1)=0000002e
#2733   pc=004000c8 cycle=2944 insn=fc049ee3
#2734   pc=004000a4 cycle=2945 insn=00040513   x10(a0)=00000004
#2735   pc=004000a8 cycle=2945 insn=00000097   x1(ra)=004000a8
#2736   pc=004000ac cycle=2945 insn=f6c080e7   x1(ra)=004000b0
#2737   pc=00400014 cycle=2947 insn=06050263
#2738   pc=00400018 cycle=2947 insn=00100793   x15(a5)=00000001
#2739   pc=0040001c cycle=2948 insn=04f50e63
#2740   pc=00400020 cycle=2948 insn=100007b7   x15(a5)=10000000
#2741   pc=00400024 cycle=2948 insn=00078793
#2742   pc=00400028 cycle=2949 insn=0007a023
#2743   pc=0040002c cycle=2949 insn=00100713   x14(a4)=00000001
#2744   pc=00400030 cycle=2952 insn=00e7a223
#2745   pc=00400034 cycle=2952 insn=02a75863
#2746   pc=00400038 cycle=2952 insn=100007b7
#2747   pc=0040003c cycle=2952 insn=00078793
#2748   pc=00400040 cycle=2952 insn=00251693   x13(a3)=00000010
#2749   pc=00400044 cycle=2952 insn=ffc78713   x14(a4)=0ffffffc
#2750   pc=00400048 cycle=2953 insn=00e686b3   x13(a3)=1000000c
#2751   pc=0040004c cycle=2958 insn=0047a703   x14(a4)=00000001
#2752   pc=00400050 cycle=2959 insn=0007a603   x12(a2)=00000000
#2753   pc=00400054 cycle=2961 insn=00c70733
#2754   pc=00400058 cycle=2963 insn=00e7a423
#2755   pc=0040005c cycle=2963 insn=00478793   x15(a5)=10000004
#2756   pc=00400060 cycle=2963 insn=fed796e3
#2757   pc=0040004c cycle=2969 insn=0047a703
#2758   pc=00400050 cycle=2970 insn=0007a603   x12(a2)=00000001
#2759   pc=00400054 cycle=2972 insn=00c70733   x14(a4)=00000002
#2760   pc=00400058 cycle=2974 insn=00e7a423
#2761   pc=0040005c cycle=2974 insn=00478793   x15(a5)=10000008
#2762   pc=00400060 cycle=2974 insn=fed796e3
#2763   pc=0040004c cycle=2980 insn=0047a703
#2764   pc=00400050 cycle=2981 insn=0007a603
#2765   pc=00400054 cycle=2983 insn=00c70733   x14(a4)=00000003
#2766   pc=00400058 cycle=2985 insn=00e7a423
#2767   pc=0040005c cycle=2985 insn=00478793   x15(a5)=1000000c
#2768   pc=00400060 cycle=2985 insn=fed796e3
#2769   pc=00400064 cycle=2985 insn=00251513   x10(a0)=00000010
#2770   pc=00400068 cycle=2985 insn=100007b7   x15(a5)=10000000
#2771   pc=0040006c cycle=2985 insn=00078793
#2772   pc=00400070 cycle=2985 insn=00a78533   x10(a0)=10000010
#2773   pc=00400074 cycle=2991 insn=00052503   x10(a0)=00000003
#2774   pc=00400078 cycle=2991 insn=00008067
#2775   pc=004000b0 cycle=2993 insn=00a90933   x18(s2)=0000007e
#2776   pc=004000b4 cycle=2993 insn=00140413   x8(s0/fp)=00000005
#2777   pc=004000b8 cycle=2993 insn=0089a7b3   x15(a5)=00000001
#2778   pc=004000bc cycle=2993 insn=fff78793   x15(a5)=00000000
#2779   pc=004000c0 cycle=2993 insn=00f47433   x8(s0/fp)=00000000
#2780   pc=004000c4 cycle=2993 insn=fff48493   x9(s1)=0000002d
#2781   pc=004000c8 cycle=2993 insn=fc049ee3
#2782   pc=004000a4 cycle=2994 insn=00040513   x10(a0)=00000000
#2783   pc=004000a8 cycle=2994 insn=00000097   x1(ra)=004000a8
#2784   pc=004000ac cycle=2994 insn=f6c080e7   x1(ra)=004000b0
#2785   pc=00400014 cycle=2994 insn=06050263
#2786   pc=00400078 cycle=2999 insn=00008067
#2787   pc=004000b0 cycle=3001 insn=00a90933
#2788   pc=004000b4 cycle=3001 insn=00140413   x8(s0/fp)=00000001
#2789   pc=004000b8 cycle=3003 insn=0089a7b3
#2790   pc=004000bc cycle=3005 insn=fff78793   x15(a5)=ffffffff
#2791   pc=004000c0 cycle=3007 insn=00f47433
#2792   pc=004000c4 cycle=3007 insn=fff48493   x9(s1)=0000002c
#2793   pc=004000c8 cycle=3007 insn=fc049ee3
#2794   pc=004000a4 cycle=3009 insn=00040513   x10(a0)=00000001
#2795   pc=004000a8 cycle=3009 insn=00000097   x1(ra)=004000a8
#2796   pc=004000ac cycle=3009 insn=f6c080e7   x1(ra)=004000b0
#2797   pc=00400014 cycle=3012 insn=06050263
#2798   pc=00400018 cycle=3012 insn=00100793   x15(a5)=00000001
#2799   pc=0040001c cycle=3013 insn=04f50e63
#2800   pc=00400078 cycle=3020 insn=00008067
#2801   pc=004000b0 cycle=3022 insn=00a90933   x18(s2)=0000007f
#2802   pc=004000b4 cycle=3022 insn=00140413   x8(s0/fp)=00000002
#2803   pc=004000b8 cycle=3024 insn=0089a7b3   x15(a5)=00000000
#2804   pc=004000bc cycle=3026 insn=fff78793   x15(a5)=ffffffff
#2805   pc=004000c0 cycle=3028 insn=00f47433
#2806   pc=004000c4 cycle=3028 insn=fff48493   x9(s1)=0000002b
#2807   pc=004000c8 cycle=3028 insn=fc049ee3
#2808   pc=004000a4 cycle=3030 insn=00040513   x10(a0)=00000002
#2809   pc=004000a8 cycle=3030 insn=00000097   x1(ra)=004000a8
#2810   pc=004000ac cycle=3030 insn=f6c080e7   x1(ra)=004000b0
#2811   pc=00400014 cycle=3033 insn=06050263
#2812   pc=00400018 cycle=3033 insn=00100793   x15(a5)=00000001
#2813   pc=0040001c cycle=3034 insn=04f50e63
#2814   pc=00400020 cycle=3034 insn=100007b7   x15(a5)=10000000
#2815   pc=00400024 cycle=3034 insn=00078793
#2816   pc=00400028 cycle=3035 insn=0007a023
#2817   pc=0040002c cycle=3035 insn=00100713   x14(a4)=00000001
#2818   pc=00400030 cycle=3038 insn=00e7a223
#2819   pc=00400034 cycle=3038 insn=02a75863
#2820   pc=00400038 cycle=3038 insn=100007b7
#2821   pc=0040003c cycle=3038 insn=00078793
#2822   pc=00400040 cycle=3038 insn=00251693   x13(a3)=00000008
#2823   pc=00400044 cycle=3038 insn=ffc78713   x14(a4)=0ffffffc
#2824   pc=00400048 cycle=3038 insn=00e686b3   x13(a3)=10000004
#2825   pc=0040004c cycle=3044 insn=0047a703   x14(a4)=00000001
#2826   pc=00400050 cycle=3045 insn=0007a603   x12(a2)=00000000
#2827   pc=00400054 cycle=3047 insn=00c70733
#2828   pc=00400058 cycle=3049 insn=00e7a423
#2829   pc=0040005c cycle=3049 insn=00478793   x15(a5)=10000004
#2830   pc=00400060 cycle=3049 insn=fed796e3
#2831   pc=00400064 cycle=3049 insn=00251513   x10(a0)=00000008
#2832   pc=00400068 cycle=3049 insn=100007b7   x15(a5)=10000000
#2833   pc=0040006c cycle=3049 insn=00078793
#2834   pc=00400070 cycle=3049 insn=00a78533   x10(a0)=10000008
#2835   pc=00400074 cycle=3055 insn=00052503   x10(a0)=00000001
#2836   pc=00400078 cycle=3055 insn=00008067
#2837   pc=004000b0 cycle=3057 insn=00a90933   x18(s2)=00000080
#2838   pc=004000b4 cycle=3057 insn=00140413   x8(s0/fp)=00000003
#2839   pc=004000b8 cycle=3057 insn=0089a7b3   x15(a5)=00000000
#2840   pc=004000bc cycle=3057 insn=fff78793   x15(a5)=ffffffff
#2841   pc=004000c0 cycle=3057 insn=00f47433
#2842   pc=004000c4 cycle=3057 insn=fff48493   x9(s1)=0000002a
#2843   pc=004000c8 cycle=3057 insn=fc049ee3
#2844   pc=004000a4 cycle=3058 insn=00040513   x10(a0)=00000003
#2845   pc=004000a8 cycle=3058 insn=00000097   x1(ra)=004000a8
#2846   pc=004000ac cycle=3058 insn=f6c080e7   x1(ra)=004000b0
#2847   pc=00400014 cycle=3058 insn=06050263
#2848   pc=00400018 cycle=3058 insn=00100793   x15(a5)=00000001
#2849   pc=0040001c cycle=3058 insn=04f50e63
#2850   pc=00400020 cycle=3058 insn=100007b7   x15(a5)=10000000
#2851   pc=00400024 cycle=3059 insn=00078793
#2852   pc=00400028 cycle=3060 insn=0007a023
#2853   pc=0040002c cycle=3060 insn=00100713
#2854   pc=00400030 cycle=3063 insn=00e7a223
#2855   pc=00400034 cycle=3063 insn=02a75863
#2856   pc=00400038 cycle=3063 insn=100007b7
#2857   pc=0040003c cycle=3063 insn=00078793
#2858   pc=00400040 cycle=3063 insn=00251693   x13(a3)=0000000c
#2859   pc=00400044 cycle=3064 insn=ffc78713   x14(a4)=0ffffffc
#2860   pc=00400048 cycle=3066 insn=00e686b3   x13(a3)=10000008
#2861   pc=0040004c cycle=3069 insn=0047a703   x14(a4)=00000001
#2862   pc=00400060 cycle=3069 insn=fed796e3
#2863   pc=0040004c cycle=3078 insn=0047a703
#2864   pc=00400050 cycle=3079 insn=0007a603
#2865   pc=00400054 cycle=3081 insn=00c70733
#2866   pc=00400058 cycle=3083 insn=00e7a423
#2867   pc=0040005c cycle=3083 insn=00478793   x15(a5)=10000004
#2868   pc=00400060 cycle=3083 insn=fed796e3
#2869   pc=0040004c cycle=3089 insn=0047a703
#2870   pc=00400050 cycle=3090 insn=0007a603   x12(a2)=00000001
#2871   pc=00400054 cycle=3092 insn=00c70733   x14(a4)=00000002
#2872   pc=00400058 cycle=3094 insn=00e7a423
#2873   pc=0040005c cycle=3094 insn=00478793   x15(a5)=10000008
#2874   pc=00400060 cycle=3094 insn=fed796e3
#2875   pc=00400064 cycle=3094 insn=00251513   x10(a0)=0000000c
#2876   pc=00400068 cycle=3094 insn=100007b7   x15(a5)=10000000
#2877   pc=0040006c cycle=3094 insn=00078793
#2878   pc=00400070 cycle=3094 insn=00a78533   x10(a0)=1000000c
#2879   pc=00400074 cycle=3100 insn=00052503   x10(a0)=00000002
#2880   pc=00400078 cycle=3100 insn=00008067
#2881   pc=004000b0 cycle=3102 insn=00a90933   x18(s2)=00000082
#2882   pc=004000b4 cycle=3102 insn=00140413   x8(s0/fp)=00000004
#2883   pc=004000b8 cycle=3102 insn=0089a7b3   x15(a5)=00000000
#2884   pc=004000bc cycle=3102 insn=fff78793   x15(a5)=ffffffff
#2885   pc=004000c0 cycle=3102 insn=00f47433
#2886   pc=004000c4 cycle=3102 insn=fff48493   x9(s1)=00000029
#2887   pc=004000c8 cycle=3102 insn=fc049ee3
#2888   pc=004000a4 cycle=3103 insn=00040513   x10(a0)=00000004
#2889   pc=004000a8 cycle=3103 insn=00000097   x1(ra)=004000a8
#2890   pc=004000ac cycle=3103 insn=f6c080e7   x1(ra)=004000b0
#2891   pc=00400014 cycle=3105 insn=06050263
#2892   pc=00400018 cycle=3105 insn=00100793   x15(a5)=00000001
#2893   pc=0040001c cycle=3106 insn=04f50e63
#2894   pc=00400020 cycle=3106 insn=100007b7   x15(a5)=10000000
#2895   pc=00400024 cycle=3106 insn=00078793
#2896   pc=00400028 cycle=3107 insn=0007a023
#2897   pc=0040002c cycle=3107 insn=00100713   x14(a4)=00000001
#2898   pc=00400030 cycle=3110 insn=00e7a223
#2899   pc=00400034 cycle=3110 insn=02a75863
#2900   pc=00400038 cycle=3110 insn=100007b7
#2901   pc=0040003c cycle=3110 insn=00078793
#2902   pc=00400040 cycle=3110 insn=00251693   x13(a3)=00000010
#2903   pc=00400044 cycle=3110 insn=ffc78713   x14(a4)=0ffffffc
#2904   pc=00400048 cycle=3111 insn=00e686b3   x13(a3)=1000000c
#2905   pc=0040004c cycle=3116 insn=0047a703   x14(a4)=00000001
#2906   pc=00400050 cycle=3117 insn=0007a603   x12(a2)=00000000
#2907   pc=00400054 cycle=3119 insn=00c70733
#2908   pc=00400058 cycle=3121 insn=00e7a423
#2909   pc=0040005c cycle=3121 insn=00478793   x15(a5)=10000004
#2910   pc=00400060 cycle=3121 insn=fed796e3
#2911   pc=0040004c cycle=3127 insn=0047a703
#2912   pc=00400050 cycle=3128 insn=0007a603   x12(a2)=00000001
#2913   pc=00400054 cycle=3130 insn=00c70733   x14(a4)=00000002
#2914   pc=00400058 cycle=3132 insn=00e7a423
#2915   pc=0040005c cycle=3132 insn=00478793   x15(a5)=10000008
#2916   pc=00400060 cycle=3132 insn=fed796e3
#2917   pc=0040004c cycle=3138 insn=0047a703
#2918   pc=00400050 cycle=3139 insn=0007a603
#2919   pc=00400054 cycle=3141 insn=00c70733   x14(a4)=00000003
#2920   pc=00400058 cycle=3143 insn=00e7a423
#2921   pc=0040005c cycle=3143 insn=00478793   x15(a5)=1000000c
#2922   pc=00400060 cycle=3143 insn=fed796e3
#2923   pc=00400064 cycle=3143 insn=00251513   x10(a0)=00000010
#2924   pc=00400068 cycle=3143 insn=100007b7   x15(a5)=10000000
#2925   pc=0040006c cycle=3143 insn=00078793
#2926   pc=00400070 cycle=3143 insn=00a78533   x10(a0)=10000010
#2927   pc=00400074 cycle=3149 insn=00052503   x10(a0)=00000003
#2928   pc=00400078 cycle=3149 insn=00008067
#2929   pc=004000b0 cycle=3151 insn=00a90933   x18(s2)=00000085
#2930   pc=004000b4 cycle=3151 insn=00140413   x8(s0/fp)=00000005
#2931   pc=004000b8 cycle=3151 insn=0089a7b3   x15(a5)=00000001
#2932   pc=004000bc cycle=3151 insn=fff78793   x15(a5)=00000000
#2933   pc=004000c0 cycle=3151 insn=00f47433   x8(s0/fp)=00000000
#2934   pc=004000c4 cycle=3151 insn=fff48493   x9(s1)=00000028
#2935   pc=004000c8 cycle=3151 insn=fc049ee3
#2936   pc=004000a4 cycle=3152 insn=00040513   x10(a0)=00000000
#2937   pc=004000a8 cycle=3152 insn=00000097   x1(ra)=004000a8
#2938   pc=004000ac cycle=3152 insn=f6c080e7   x1(ra)=004000b0
#2939   pc=00400014 cycle=3152 insn=06050263
#2940   pc=00400078 cycle=3157 insn=00008067
#2941   pc=004000b0 cycle=3159 insn=00a90933
#2942   pc=004000b4 cycle=3159 insn=00140413   x8(s0/fp)=00000001
#2943   pc=004000b8 cycle=3161 insn=0089a7b3
#2944   pc=004000bc cycle=3163 insn=fff78793   x15(a5)=ffffffff
#2945   pc=004000c0 cycle=3165 insn=00f47433
#2946   pc=004000c4 cycle=3165 insn=fff48493   x9(s1)=00000027
#2947   pc=004000c8 cycle=3165 insn=fc049ee3
#2948   pc=004000a4 cycle=3167 insn=00040513   x10(a0)=00000001
#2949   pc=004000a8 cycle=3167 insn=00000097   x1(ra)=004000a8
#2950   pc=004000ac cycle=3167 insn=f6c080e7   x1(ra)=004000b0
#2951   pc=00400014 cycle=3170 insn=06050263
#2952   pc=00400018 cycle=3170 insn=00100793   x15(a5)=00000001
#2953   pc=0040001c cycle=3171 insn=04f50e63
#2954   pc=00400078 cycle=3178 insn=00008067
#2955   pc=004000b0 cycle=3180 insn=00a90933   x18(s2)=00000086
#2956   pc=004000b4 cycle=3180 insn=00140413   x8(s0/fp)=00000002
#2957   pc=004000b8 cycle=3182 insn=0089a7b3   x15(a5)=00000000
#2958   pc=004000bc cycle=3184 insn=fff78793   x15(a5)=ffffffff
#2959   pc=004000c0 cycle=3186 insn=00f47433
#2960   pc=004000c4 cycle=3186 insn=fff48493   x9(s1)=00000026
#2961   pc=004000c8 cycle=3186 insn=fc049ee3
#2962   pc=004000a4 cycle=3188 insn=00040513   x10(a0)=00000002
#2963   pc=004000a8 cycle=3188 insn=00000097   x1(ra)=004000a8
#2964   pc=004000ac cycle=3188 insn=f6c080e7   x1(ra)=004000b0
#2965   pc=00400014 cycle=3191 insn=06050263
#2966   pc=00400018 cycle=3191 insn=00100793   x15(a5)=00000001
#2967   pc=0040001c cycle=3192 insn=04f50e63
#2968   pc=00400020 cycle=3192 insn=100007b7   x15(a5)=10000000
#2969   pc=00400024 cycle=3192 insn=00078793
#2970   pc=00400028 cycle=3193 insn=0007a023
#2971   pc=0040002c cycle=3193 insn=00100713   x14(a4)=00000001
#2972   pc=00400030 cycle=3196 insn=00e7a223
#2973   pc=00400034 cycle=3196 insn=02a75863
#2974   pc=00400038 cycle=3196 insn=100007b7
#2975   pc=0040003c cycle=3196 insn=00078793
#2976   pc=00400040 cycle=3196 insn=00251693   x13(a3)=00000008
#2977   pc=00400044 cycle=3196 insn=ffc78713   x14(a4)=0ffffffc
#2978   pc=00400048 cycle=3196 insn=00e686b3   x13(a3)=10000004
#2979   pc=0040004c cycle=3202 insn=0047a703   x14(a4)=00000001
#2980   pc=00400050 cycle=3203 insn=0007a603   x12(a2)=00000000
#2981   pc=00400054 cycle=3205 insn=00c70733
#2982   pc=00400058 cycle=3207 insn=00e7a423
#2983   pc=0040005c cycle=3207 insn=00478793   x15(a5)=10000004
#2984   pc=00400060 cycle=3207 insn=fed796e3
#2985   pc=00400064 cycle=3207 insn=00251513   x10(a0)=00000008
#2986   pc=00400068 cycle=3207 insn=100007b7   x15(a5)=10000000
#2987   pc=0040006c cycle=3207 insn=00078793
#2988   pc=00400070 cycle=3207 insn=00a78533   x10(a0)=10000008
#2989   pc=00400074 cycle=3213 insn=00052503   x10(a0)=00000001
#2990   pc=00400078 cycle=3213 insn=00008067
#2991   pc=004000b0 cycle=3215 insn=00a90933   x18(s2)=00000087
#2992   pc=004000b4 cycle=3215 insn=00140413   x8(s0/fp)=00000003
#2993   pc=004000b8 cycle=3215 insn=0089a7b3   x15(a5)=00000000
#2994   pc=004000bc cycle=3215 insn=fff78793   x15(a5)=ffffffff
#2995   pc=004000c0 cycle=3215 insn=00f47433
#2996   pc=004000c4 cycle=3215 insn=fff48493   x9(s1)=00000025
#2997   pc=004000c8 cycle=3215 insn=fc049ee3
#2998   pc=004000a4 cycle=3216 insn=00040513   x10(a0)=00000003
#2999   pc=004000a8 cycle=3216 insn=00000097   x1(ra)=004000a8
#3000   pc=004000ac cycle=3216 insn=f6c080e7   x1(ra)=004000b0
#3001   pc=00400014 cycle=3216 insn=06050263
#3002   pc=00400018 cycle=3216 insn=00100793   x15(a5)=00000001
#3003   pc=0040001c cycle=3216 insn=04f50e63
#3004   pc=00400020 cycle=3216 insn=100007b7   x15(a5)=10000000
#3005   pc=00400024 cycle=3217 insn=00078793
#3006   pc=00400028 cycle=3218 insn=0007a023
#3007   pc=0040002c cycle=3218 insn=00100713
#3008   pc=00400030 cycle=3221 insn=00e7a223
#3009   pc=00400034 cycle=3221 insn=02a75863
#3010   pc=00400038 cycle=3221 insn=100007b7
#3011   pc=0040003c cycle=3221 insn=00078793
#3012   pc=00400040 cycle=3221 insn=00251693   x13(a3)=0000000c
#3013   pc=00400044 cycle=3222 insn=ffc78713   x14(a4)=0ffffffc
#3014   pc=00400048 cycle=3224 insn=00e686b3   x13(a3)=10000008
#3015   pc=0040004c cycle=3227 insn=0047a703   x14(a4)=00000001
#3016   pc=00400060 cycle=3227 insn=fed796e3
#3017   pc=0040004c cycle=3236 insn=0047a703
#3018   pc=00400050 cycle=3237 insn=0007a603
#3019   pc=00400054 cycle=3239 insn=00c70733
#3020   pc=00400058 cycle=3241 insn=00e7a423
#3021   pc=0040005c cycle=3241 insn=00478793   x15(a5)=10000004
#3022   pc=00400060 cycle=3241 insn=fed796e3
#3023   pc=0040004c cycle=3247 insn=0047a703
#3024   pc=00400050 cycle=3248 insn=0007a603   x12(a2)=00000001
#3025   pc=00400054 cycle=3250 insn=00c70733   x14(a4)=00000002
#3026   pc=00400058 cycle=3252 insn=00e7a423
#3027   pc=0040005c cycle=3252 insn=00478793   x15(a5)=10000008
#3028   pc=00400060 cycle=3252 insn=fed796e3
#3029   pc=00400064 cycle=3252 insn=00251513   x10(a0)=0000000c
#3030   pc=00400068 cycle=3252 insn=100007b7   x15(a5)=10000000
#3031   pc=0040006c cycle=3252 insn=00078793
#3032   pc=00400070 cycle=3252 insn=00a78533   x10(a0)=1000000c
#3033   pc=00400074 cycle=3258 insn=00052503   x10(a0)=00000002
#3034   pc=00400078 cycle=3258 insn=00008067
#3035   pc=004000b0 cycle=3260 insn=00a90933   x18(s2)=00000089
#3036   pc=004000b4 cycle=3260 insn=00140413   x8(s0/fp)=00000004
#3037   pc=004000b8 cycle=3260 insn=0089a7b3   x15(a5)=00000000
#3038   pc=004000bc cycle=3260 insn=fff78793   x15(a5)=ffffffff
#3039   pc=004000c0 cycle=3260 insn=00f47433
#3040   pc=004000c4 cycle=3260 insn=fff48493   x9(s1)=00000024
#3041   pc=004000c8 cycle=3260 insn=fc049ee3
#3042   pc=004000a4 cycle=3261 insn=00040513   x10(a0)=00000004
#3043   pc=004000a8 cycle=3261 insn=00000097   x1(ra)=004000a8
#3044   pc=004000ac cycle=3261 insn=f6c080e7   x1(ra)=004000b0
#3045   pc=00400014 cycle=3263 insn=06050263
#3046   pc=00400018 cycle=3263 insn=00100793   x15(a5)=00000001
#3047   pc=0040001c cycle=3264 insn=04f50e63
#3048   pc=00400020 cycle=3264 insn=100007b7   x15(a5)=10000000
#3049   pc=00400024 cycle=3264 insn=00078793
#3050   pc=00400028 cycle=3265 insn=0007a023
#3051   pc=0040002c cycle=3265 insn=00100713   x14(a4)=00000001
#3052   pc=00400030 cycle=3268 insn=00e7a223
#3053   pc=00400034 cycle=3268 insn=02a75863
#3054   pc=00400038 cycle=3268 insn=100007b7
#3055   pc=0040003c cycle=3268 insn=00078793
#3056   pc=00400040 cycle=3268 insn=00251693   x13(a3)=00000010
#3057   pc=00400044 cycle=3268 insn=ffc78713   x14(a4)=0ffffffc
#3058   pc=00400048 cycle=3269 insn=00e686b3   x13(a3)=1000000c
#3059   pc=0040004c cycle=3274 insn=0047a703   x14(a4)=00000001
#3060   pc=00400050 cycle=3275 insn=0007a603   x12(a2)=00000000
#3061   pc=00400054 cycle=3277 insn=00c70733
#3062   pc=00400058 cycle=3279 insn=00e7a423
#3063   pc=0040005c cycle=3279 insn=00478793   x15(a5)=10000004
#3064   pc=00400060 cycle=3279 insn=fed796e3
#3065   pc=0040004c cycle=3285 insn=0047a703
#3066   pc=00400050 cycle=3286 insn=0007a603   x12(a2)=00000001
#3067   pc=00400054 cycle=3288 insn=00c70733   x14(a4)=00000002
#3068   pc=00400058 cycle=3290 insn=00e7a423
#3069   pc=0040005c cycle=3290 insn=00478793   x15(a5)=10000008
#3070   pc=00400060 cycle=3290 insn=fed796e3
#3071   pc=0040004c cycle=3296 insn=0047a703
#3072   pc=00400050 cycle=3297 insn=0007a603
#3073   pc=00400054 cycle=3299 insn=00c70733   x14(a4)=00000003
#3074   pc=00400058 cycle=3301 insn=00e7a423
#3075   pc=0040005c cycle=3301 insn=00478793   x15(a5)=1000000c
#3076   pc=00400060 cycle=3301 insn=fed796e3
#3077   pc=00400064 cycle=3301 insn=00251513   x10(a0)=00000010
#3078   pc=00400068 cycle=3301 insn=100007b7   x15(a5)=10000000
#3079   pc=0040006c cycle=3301 insn=00078793
#3080   pc=00400070 cycle=3301 insn=00a78533   x10(a0)=10000010
#3081   pc=00400074 cycle=3307 insn=00052503   x10(a0)=00000003
#3082   pc=00400078 cycle=3307 insn=00008067
#3083   pc=004000b0 cycle=3309 insn=00a90933   x18(s2)=0000008c
#3084   pc=004000b4 cycle=3309 insn=00140413   x8(s0/fp)=00000005
#3085   pc=004000b8 cycle=3309 insn=0089a7b3   x15(a5)=00000001
#3086   pc=004000bc cycle=3309 insn=fff78793   x15(a5)=00000000
#3087   pc=004000c0 cycle=3309 insn=00f47433   x8(s0/fp)=00000000
#3088   pc=004000c4 cycle=3309 insn=fff48493   x9(s1)=00000023
#3089   pc=004000c8 cycle=3309 insn=fc049ee3
#3090   pc=004000a4 cycle=3310 insn=00040513   x10(a0)=00000000
#3091   pc=004000a8 cycle=3310 insn=00000097   x1(ra)=004000a8
#3092   pc=004000ac cycle=3310 insn=f6c080e7   x1(ra)=004000b0
#3093   pc=00400014 cycle=3310 insn=06050263
#3094   pc=00400078 cycle=3315 insn=00008067
#3095   pc=004000b0 cycle=3317 insn=00a90933
#3096   pc=004000b4 cycle=3317 insn=00140413   x8(s0/fp)=00000001
#3097   pc=004000b8 cycle=3319 insn=0089a7b3
#3098   pc=004000bc cycle=3321 insn=fff78793   x15(a5)=ffffffff
#3099   pc=004000c0 cycle=3323 insn=00f47433
#3100   pc=004000c4 cycle=3323 insn=fff48493   x9(s1)=00000022
#3101   pc=004000c8 cycle=3323 insn=fc049ee3
#3102   pc=004000a4 cycle=3325 insn=00040513   x10(a0)=00000001
#3103   pc=004000a8 cycle=3325 insn=00000097   x1(ra)=004000a8
#3104   pc=004000ac cycle=3325 insn=f6c080e7   x1(ra)=004000b0
#3105   pc=00400014 cycle=3328 insn=06050263
#3106   pc=00400018 cycle=3328 insn=00100793   x15(a5)=00000001
#3107   pc=0040001c cycle=3329 insn=04f50e63
#3108   pc=00400078 cycle=3336 insn=00008067
#3109   pc=004000b0 cycle=3338 insn=00a90933   x18(s2)=0000008d
#3110   pc=004000b4 cycle=3338 insn=00140413   x8(s0/fp)=00000002
#3111   pc=004000b8 cycle=3340 insn=0089a7b3   x15(a5)=00000000
#3112   pc=004000bc cycle=3342 insn=fff78793   x15(a5)=ffffffff
#3113   pc=004000c0 cycle=3344 insn=00f47433
#3114   pc=004000c4 cycle=3344 insn=fff48493   x9(s1)=00000021
#3115   pc=004000c8 cycle=3344 insn=fc049ee3
#3116   pc=004000a4 cycle=3346 insn=00040513   x10(a0)=00000002
#3117   pc=004000a8 cycle=3346 insn=00000097   x1(ra)=004000a8
#3118   pc=004000ac cycle=3346 insn=f6c080e7   x1(ra)=004000b0
#3119   pc=00400014 cycle=3349 insn=06050263
#3120   pc=00400018 cycle=3349 insn=00100793   x15(a5)=00000001
#3121   pc=0040001c cycle=3350 insn=04f50e63
#3122   pc=00400020 cycle=3350 insn=100007b7   x15(a5)=10000000
#3123   pc=00400024 cycle=3350 insn=00078793
#3124   pc=00400028 cycle=3351 insn=0007a023
#3125   pc=0040002c cycle=3351 insn=00100713   x14(a4)=00000001
#3126   pc=00400030 cycle=3354 insn=00e7a223
#3127   pc=00400034 cycle=3354 insn=02a75863
#3128   pc=00400038 cycle=3354 insn=100007b7
#3129   pc=0040003c cycle=3354 insn=00078793
#3130   pc=00400040 cycle=3354 insn=00251693   x13(a3)=00000008
#3131   pc=00400044 cycle=3354 insn=ffc78713   x14(a4)=0ffffffc
#3132   pc=00400048 cycle=3354 insn=00e686b3   x13(a3)=10000004
#3133   pc=0040004c cycle=3360 insn=0047a703   x14(a4)=00000001
#3134   pc=00400050 cycle=3361 insn=0007a603   x12(a2)=00000000
#3135   pc=00400054 cycle=3363 insn=00c70733
#3136   pc=00400058 cycle=3365 insn=00e7a423
#3137   pc=0040005c cycle=3365 insn=00478793   x15(a5)=10000004
#3138   pc=00400060 cycle=3365 insn=fed796e3
#3139   pc=00400064 cycle=3365 insn=00251513   x10(a0)=00000008
#3140   pc=00400068 cycle=3365 insn=100007b7   x15(a5)=10000000
#3141   pc=0040006c cycle=3365 insn=00078793
#3142   pc=00400070 cycle=3365 insn=00a78533   x10(a0)=10000008
#3143   pc=00400074 cycle=3371 insn=00052503   x10(a0)=00000001
#3144   pc=00400078 cycle=3371 insn=00008067
#3145   pc=004000b0 cycle=3373 insn=00a90933   x18(s2)=0000008e
#3146   pc=004000b4 cycle=3373 insn=00140413   x8(s0/fp)=00000003
#3147   pc=004000b8 cycle=3373 insn=0089a7b3   x15(a5)=00000000
#3148   pc=004000bc cycle=3373 insn=fff78793   x15(a5)=ffffffff
#3149   pc=004000c0 cycle=3373 insn=00f47433
#3150   pc=004000c4 cycle=3373 insn=fff48493   x9(s1)=00000020
#3151   pc=004000c8 cycle=3373 insn=fc049ee3
#3152   pc=004000a4 cycle=3374 insn=00040513   x10(a0)=00000003
#3153   pc=004000a8 cycle=3374 insn=00000097   x1(ra)=004000a8
#3154   pc=004000ac cycle=3374 insn=f6c080e7   x1(ra)=004000b0
#3155   pc=00400014 cycle=3374 insn=06050263
#3156   pc=00400018 cycle=3374 insn=00100793   x15(a5)=00000001
#3157   pc=0040001c cycle=3374 insn=04f50e63
#3158   pc=00400020 cycle=3374 insn=100007b7   x15(a5)=10000000
#3159   pc=00400024 cycle=3375 insn=00078793
#3160   pc=00400028 cycle=3376 insn=0007a023
#3161   pc=0040002c cycle=3376 insn=00100713
#3162   pc=00400030 cycle=3379 insn=00e7a223
#3163   pc=00400034 cycle=3379 insn=02a75863
#3164   pc=00400038 cycle=3379 insn=100007b7
#3165   pc=0040003c cycle=3379 insn=00078793
#3166   pc=00400040 cycle=3379 insn=00251693   x13(a3)=0000000c
#3167   pc=00400044 cycle=3380 insn=ffc78713   x14(a4)=0ffffffc
#3168   pc=00400048 cycle=3382 insn=00e686b3   x13(a3)=10000008
#3169   pc=0040004c cycle=3385 insn=0047a703   x14(a4)=00000001
#3170   pc=00400060 cycle=3385 insn=fed796e3
#3171   pc=0040004c cycle=3394 insn=0047a703
#3172   pc=00400050 cycle=3395 insn=0007a603
#3173   pc=00400054 cycle=3397 insn=00c70733
#3174   pc=00400058 cycle=3399 insn=00e7a423
#3175   pc=0040005c cycle=3399 insn=00478793   x15(a5)=10000004
#3176   pc=00400060 cycle=3399 insn=fed796e3
#3177   pc=0040004c cycle=3405 insn=0047a703
#3178   pc=00400050 cycle=3406 insn=0007a603   x12(a2)=00000001
#3179   pc=00400054 cycle=3408 insn=00c70733   x14(a4)=00000002
#3180   pc=00400058 cycle=3410 insn=00e7a423
#3181   pc=0040005c cycle=3410 insn=00478793   x15(a5)=10000008
#3182   pc=00400060 cycle=3410 insn=fed796e3
#3183   pc=00400064 cycle=3410 insn=00251513   x10(a0)=0000000c
#3184   pc=00400068 cycle=3410 insn=100007b7   x15(a5)=10000000
#3185   pc=0040006c cycle=3410 insn=00078793
#3186   pc=00400070 cycle=3410 insn=00a78533   x10(a0)=1000000c
#3187   pc=00400074 cycle=3416 insn=00052503   x10(a0)=00000002
#3188   pc=00400078 cycle=3416 insn=00008067
#3189   pc=004000b0 cycle=3418 insn=00a90933   x18(s2)=00000090
#3190   pc=004000b4 cycle=3418 insn=00140413   x8(s0/fp)=00000004
#3191   pc=004000b8 cycle=3418 insn=0089a7b3   x15(a5)=00000000
#3192   pc=004000bc cycle=3418 insn=fff78793   x15(a5)=ffffffff
#3193   pc=004000c0 cycle=3418 insn=00f47433
#3194   pc=004000c4 cycle=3418 insn=fff48493   x9(s1)=0000001f
#3195   pc=004000c8 cycle=3418 insn=fc049ee3
#3196   pc=004000a4 cycle=3419 insn=00040513   x10(a0)=00000004
#3197   pc=004000a8 cycle=3419 insn=00000097   x1(ra)=004000a8
#3198   pc=004000ac cycle=3419 insn=f6c080e7   x1(ra)=004000b0
#3199   pc=00400014 cycle=3421 insn=06050263
#3200   pc=00400018 cycle=3421 insn=00100793   x15(a5)=00000001
#3201   pc=0040001c cycle=3422 insn=04f50e63
#3202   pc=00400020 cycle=3422 insn=100007b7   x15(a5)=10000000
#3203   pc=00400024 cycle=3422 insn=00078793
#3204   pc=00400028 cycle=3423 insn=0007a023
#3205   pc=0040002c cycle=3423 insn=00100713   x14(a4)=00000001
#3206   pc=00400030 cycle=3426 insn=00e7a223
#3207   pc=00400034 cycle=3426 insn=02a75863
#3208   pc=00400038 cycle=3426 insn=100007b7
#3209   pc=0040003c cycle=3426 insn=00078793
#3210   pc=00400040 cycle=3426 insn=00251693   x13(a3)=00000010
#3211   pc=00400044 cycle=3426 insn=ffc78713   x14(a4)=0ffffffc
#3212   pc=00400048 cycle=3427 insn=00e686b3   x13(a3)=1000000c
#3213   pc=0040004c cycle=3432 insn=0047a703   x14(a4)=00000001
#3214   pc=00400050 cycle=3433 insn=0007a603   x12(a2)=00000000
#3215   pc=00400054 cycle=3435 insn=00c70733
#3216   pc=00400058 cycle=3437 insn=00e7a423
#3217   pc=0040005c cycle=3437 insn=00478793   x15(a5)=10000004
#3218   pc=00400060 cycle=3437 insn=fed796e3
#3219   pc=0040004c cycle=3443 insn=0047a703
#3220   pc=00400050 cycle=3444 insn=0007a603   x12(a2)=00000001
#3221   pc=00400054 cycle=3446 insn=00c70733   x14(a4)=00000002
#3222   pc=00400058 cycle=3448 insn=00e7a423
#3223   pc=0040005c cycle=3448 insn=00478793   x15(a5)=10000008
#3224   pc=00400060 cycle=3448 insn=fed796e3
#3225   pc=0040004c cycle=3454 insn=0047a703
#3226   pc=00400050 cycle=3455 insn=0007a603
#3227   pc=00400054 cycle=3457 insn=00c70733   x14(a4)=00000003
#3228   pc=00400058 cycle=3459 insn=00e7a423
#3229   pc=0040005c cycle=3459 insn=00478793   x15(a5)=1000000c
#3230   pc=00400060 cycle=3459 insn=fed796e3
#3231   pc=00400064 cycle=3459 insn=00251513   x10(a0)=00000010
#3232   pc=00400068 cycle=3459 insn=100007b7   x15(a5)=10000000
#3233   pc=0040006c cycle=3459 insn=00078793
#3234   pc=00400070 cycle=3459 insn=00a78533   x10(a0)=10000010
#3235   pc=00400074 cycle=3465 insn=00052503   x10(a0)=00000003
#3236   pc=00400078 cycle=3465 insn=00008067
#3237   pc=004000b0 cycle=3467 insn=00a90933   x18(s2)=00000093
#3238   pc=004000b4 cycle=3467 insn=00140413   x8(s0/fp)=00000005
#3239   pc=004000b8 cycle=3467 insn=0089a7b3   x15(a5)=00000001
#3240   pc=004000bc cycle=3467 insn=fff78793   x15(a5)=00000000
#3241   pc=004000c0 cycle=3467 insn=00f47433   x8(s0/fp)=00000000
#3242   pc=004000c4 cycle=3467 insn=fff48493   x9(s1)=0000001e
#3243   pc=004000c8 cycle=3467 insn=fc049ee3
#3244   pc=004000a4 cycle=3468 insn=00040513   x10(a0)=00000000
#3245   pc=004000a8 cycle=3468 insn=00000097   x1(ra)=004000a8
#3246   pc=004000ac cycle=3468 insn=f6c080e7   x1(ra)=004000b0
#3247   pc=00400014 cycle=3468 insn=06050263
#3248   pc=00400078 cycle=3473 insn=00008067
#3249   pc=004000b0 cycle=3475 insn=00a90933
#3250   pc=004000b4 cycle=3475 insn=00140413   x8(s0/fp)=00000001
#3251   pc=004000b8 cycle=3477 insn=0089a7b3
#3252   pc=004000bc cycle=3479 insn=fff78793   x15(a5)=ffffffff
#3253   pc=004000c0 cycle=3481 insn=00f47433
#3254   pc=004000c4 cycle=3481 insn=fff48493   x9(s1)=0000001d
#3255   pc=004000c8 cycle=3481 insn=fc049ee3
#3256   pc=004000a4 cycle=3483 insn=00040513   x10(a0)=00000001
#3257   pc=004000a8 cycle=3483 insn=00000097   x1(ra)=004000a8
#3258   pc=004000ac cycle=3483 insn=f6c080e7   x1(ra)=004000b0
#3259   pc=00400014 cycle=3486 insn=06050263
#3260   pc=00400018 cycle=3486 insn=00100793   x15(a5)=00000001
#3261   pc=0040001c cycle=3487 insn=04f50e63
#3262   pc=00400078 cycle=3494 insn=00008067
#3263   pc=004000b0 cycle=3496 insn=00a90933   x18(s2)=00000094
#3264   pc=004000b4 cycle=3496 insn=00140413   x8(s0/fp)=00000002
#3265   pc=004000b8 cycle=3498 insn=0089a7b3   x15(a5)=00000000
#3266   pc=004000bc cycle=3500 insn=fff78793   x15(a5)=ffffffff
#3267   pc=004000c0 cycle=3502 insn=00f47433
#3268   pc=004000c4 cycle=3502 insn=fff48493   x9(s1)=0000001c
#3269   pc=004000c8 cycle=3502 insn=fc049ee3
#3270   pc=004000a4 cycle=3504 insn=00040513   x10(a0)=00000002
#3271   pc=004000a8 cycle=3504 insn=00000097   x1(ra)=004000a8
#3272   pc=004000ac cycle=3504 insn=f6c080e7   x1(ra)=004000b0
#3273   pc=00400014 cycle=3507 insn=06050263
#3274   pc=00400018 cycle=3507 insn=00100793   x15(a5)=00000001
#3275   pc=0040001c cycle=3508 insn=04f50e63
#3276   pc=00400020 cycle=3508 insn=100007b7   x15(a5)=10000000
#3277   pc=00400024 cycle=3508 insn=00078793
#3278   pc=00400028 cycle=3509 insn=0007a023
#3279   pc=0040002c cycle=3509 insn=00100713   x14(a4)=00000001
#3280   pc=00400030 cycle=3512 insn=00e7a223
#3281   pc=00400034 cycle=3512 insn=02a75863
#3282   pc=00400038 cycle=3512 insn=100007b7
#3283   pc=0040003c cycle=3512 insn=00078793
#3284   pc=00400040 cycle=3512 insn=00251693   x13(a3)=00000008
#3285   pc=00400044 cycle=3512 insn=ffc78713   x14(a4)=0ffffffc
#3286   pc=00400048 cycle=3512 insn=00e686b3   x13(a3)=10000004
#3287   pc=0040004c cycle=3518 insn=0047a703   x14(a4)=00000001
#3288   pc=00400050 cycle=3519 insn=0007a603   x12(a2)=00000000
#3289   pc=00400054 cycle=3521 insn=00c70733
#3290   pc=00400058 cycle=3523 insn=00e7a423
#3291   pc=0040005c cycle=3523 insn=00478793   x15(a5)=10000004
#3292   pc=00400060 cycle=3523 insn=fed796e3
#3293   pc=00400064 cycle=3523 insn=00251513   x10(a0)=00000008
#3294   pc=00400068 cycle=3523 insn=100007b7   x15(a5)=10000000
#3295   pc=0040006c cycle=3523 insn=00078793
#3296   pc=00400070 cycle=3523 insn=00a78533   x10(a0)=10000008
#3297   pc=00400074 cycle=3529 insn=00052503   x10(a0)=00000001
#3298   pc=00400078 cycle=3529 insn=00008067
#3299   pc=004000b0 cycle=3531 insn=00a90933   x18(s2)=00000095
#3300   pc=004000b4 cycle=3531 insn=00140413   x8(s0/fp)=00000003
#3301   pc=004000b8 cycle=3531 insn=0089a7b3   x15(a5)=00000000
#3302   pc=004000bc cycle=3531 insn=fff78793   x15(a5)=ffffffff
#3303   pc=004000c0 cycle=3531 insn=00f47433
#3304   pc=004000c4 cycle=3531 insn=fff48493   x9(s1)=0000001b
#3305   pc=004000c8 cycle=3531 insn=fc049ee3
#3306   pc=004000a4 cycle=3532 insn=00040513   x10(a0)=00000003
#3307   pc=004000a8 cycle=3532 insn=00000097   x1(ra)=004000a8
#3308   pc=004000ac cycle=3532 insn=f6c080e7   x1(ra)=004000b0
#3309   pc=00400014 cycle=3532 insn=06050263
#3310   pc=00400018 cycle=3532 insn=00100793   x15(a5)=00000001
#3311   pc=0040001c cycle=3532 insn=04f50e63
#3312   pc=00400020 cycle=3532 insn=100007b7   x15(a5)=10000000
#3313   pc=00400024 cycle=3533 insn=00078793
#3314   pc=00400028 cycle=3534 insn=0007a023
#3315   pc=0040002c cycle=3534 insn=00100713
#3316   pc=00400030 cycle=3537 insn=00e7a223
#3317   pc=00400034 cycle=3537 insn=02a75863
#3318   pc=00400038 cycle=3537 insn=100007b7
#3319   pc=0040003c cycle=3537 insn=00078793
#3320   pc=00400040 cycle=3537 insn=00251693   x13(a3)=0000000c
#3321   pc=00400044 cycle=3538 insn=ffc78713   x14(a4)=0ffffffc
#3322   pc=00400048 cycle=3540 insn=00e686b3   x13(a3)=10000008
#3323   pc=0040004c cycle=3543 insn=0047a703   x14(a4)=00000001
#3324   pc=00400060 cycle=3543 insn=fed796e3
#3325   pc=0040004c cycle=3552 insn=0047a703
#3326   pc=00400050 cycle=3553 insn=0007a603
#3327   pc=00400054 cycle=3555 insn=00c70733
#3328   pc=00400058 cycle=3557 insn=00e7a423
#3329   pc=0040005c cycle=3557 insn=00478793   x15(a5)=10000004
#3330   pc=00400060 cycle=3557 insn=fed796e3
#3331   pc=0040004c cycle=3563 insn=0047a703
#3332   pc=00400050 cycle=3564 insn=0007a603   x12(a2)=00000001
#3333   pc=00400054 cycle=3566 insn=00c70733   x14(a4)=00000002
#3334   pc=00400058 cycle=3568 insn=00e7a423
#3335   pc=0040005c cycle=3568 insn=00478793   x15(a5)=10000008
#3336   pc=00400060 cycle=3568 insn=fed796e3
#3337   pc=00400064 cycle=3568 insn=00251513   x10(a0)=0000000c
#3338   pc=00400068 cycle=3568 insn=100007b7   x15(a5)=10000000
#3339   pc=0040006c cycle=3568 insn=00078793
#3340   pc=00400070 cycle=3568 insn=00a78533   x10(a0)=1000000c
#3341   pc=00400074 cycle=3574 insn=00052503   x10(a0)=00000002
#3342   pc=00400078 cycle=3574 insn=00008067
#3343   pc=004000b0 cycle=3576 insn=00a90933   x18(s2)=00000097
#3344   pc=004000b4 cycle=3576 insn=00140413   x8(s0/fp)=00000004
#3345   pc=004000b8 cycle=3576 insn=0089a7b3   x15(a5)=00000000
#3346   pc=004000bc cycle=3576 insn=fff78793   x15(a5)=ffffffff
#3347   pc=004000c0 cycle=3576 insn=00f47433
#3348   pc=004000c4 cycle=3576 insn=fff48493   x9(s1)=0000001a
#3349   pc=004000c8 cycle=3576 insn=fc049ee3
#3350   pc=004000a4 cycle=3577 insn=00040513   x10(a0)=00000004
#3351   pc=004000a8 cycle=3577 insn=00000097   x1(ra)=004000a8
#3352   pc=004000ac cycle=3577 insn=f6c080e7   x1(ra)=004000b0
#3353   pc=00400014 cycle=3579 insn=06050263
#3354   pc=00400018 cycle=3579 insn=00100793   x15(a5)=00000001
#3355   pc=0040001c cycle=3580 insn=04f50e63
#3356   pc=00400020 cycle=3580 insn=100007b7   x15(a5)=10000000
#3357   pc=00400024 cycle=3580 insn=00078793
#3358   pc=00400028 cycle=3581 insn=0007a023
#3359   pc=0040002c cycle=3581 insn=00100713   x14(a4)=00000001
#3360   pc=00400030 cycle=3584 insn=00e7a223
#3361   pc=00400034 cycle=3584 insn=02a75863
#3362   pc=00400038 cycle=3584 insn=100007b7
#3363   pc=0040003c cycle=3584 insn=00078793
#3364   pc=00400040 cycle=3584 insn=00251693   x13(a3)=00000010
#3365   pc=00400044 cycle=3584 insn=ffc78713   x14(a4)=0ffffffc
#3366   pc=00400048 cycle=3585 insn=00e686b3   x13(a3)=1000000c
#3367   pc=0040004c cycle=3590 insn=0047a703   x14(a4)=00000001
#3368   pc=00400050 cycle=3591 insn=0007a603   x12(a2)=00000000
#3369   pc=00400054 cycle=3593 insn=00c70733
#3370   pc=00400058 cycle=3595 insn=00e7a423
#3371   pc=0040005c cycle=3595 insn=00478793   x15(a5)=10000004
#3372   pc=00400060 cycle=3595 insn=fed796e3
#3373   pc=0040004c cycle=3601 insn=0047a703
#3374   pc=00400050 cycle=3602 insn=0007a603   x12(a2)=00000001
#3375   pc=00400054 cycle=3604 insn=00c70733   x14(a4)=00000002
#3376   pc=00400058 cycle=3606 insn=00e7a423
#3377   pc=0040005c cycle=3606 insn=00478793   x15(a5)=10000008
#3378   pc=00400060 cycle=3606 insn=fed796e3
#3379   pc=0040004c cycle=3612 insn=0047a703
#3380   pc=00400050 cycle=3613 insn=0007a603
#3381   pc=00400054 cycle=3615 insn=00c70733   x14(a4)=00000003
#3382   pc=00400058 cycle=3617 insn=00e7a423
#3383   pc=0040005c cycle=3617 insn=00478793   x15(a5)=1000000c
#3384   pc=00400060 cycle=3617 insn=fed796e3
#3385   pc=00400064 cycle=3617 insn=00251513   x10(a0)=00000010
#3386   pc=00400068 cycle=3617 insn=100007b7   x15(a5)=10000000
#3387   pc=0040006c cycle=3617 insn=00078793
#3388   pc=00400070 cycle=3617 insn=00a78533   x10(a0)=10000010
#3389   pc=00400074 cycle=3623 insn=00052503   x10(a0)=00000003
#3390   pc=00400078 cycle=3623 insn=00008067
#3391   pc=004000b0 cycle=3625 insn=00a90933   x18(s2)=0000009a
#3392   pc=004000b4 cycle=3625 insn=00140413   x8(s0/fp)=00000005
#3393   pc=004000b8 cycle=3625 insn=0089a7b3   x15(a5)=00000001
#3394   pc=004000bc cycle=3625 insn=fff78793   x15(a5)=00000000
#3395   pc=004000c0 cycle=3625 insn=00f47433   x8(s0/fp)=00000000
#3396   pc=004000c4 cycle=3625 insn=fff48493   x9(s1)=00000019
#3397   pc=004000c8 cycle=3625 insn=fc049ee3
#3398   pc=004000a4 cycle=3626 insn=00040513   x10(a0)=00000000
#3399   pc=004000a8 cycle=3626 insn=00000097   x1(ra)=004000a8
#3400   pc=004000ac cycle=3626 insn=f6c080e7   x1(ra)=004000b0
#3401   pc=00400014 cycle=3626 insn=06050263
#3402   pc=00400078 cycle=3631 insn=00008067
#3403   pc=004000b0 cycle=3633 insn=00a90933
#3404   pc=004000b4 cycle=3633 insn=00140413   x8(s0/fp)=00000001
#3405   pc=004000b8 cycle=3635 insn=0089a7b3
#3406   pc=004000bc cycle=3637 insn=fff78793   x15(a5)=ffffffff
#3407   pc=004000c0 cycle=3639 insn=00f47433
#3408   pc=004000c4 cycle=3639 insn=fff48493   x9(s1)=00000018
#3409   pc=004000c8 cycle=3639 insn=fc049ee3
#3410   pc=004000a4 cycle=3641 insn=00040513   x10(a0)=00000001
#3411   pc=004000a8 cycle=3641 insn=00000097   x1(ra)=004000a8
#3412   pc=004000ac cycle=3641 insn=f6c080e7   x1(ra)=004000b0
#3413   pc=00400014 cycle=3644 insn=06050263
#3414   pc=00400018 cycle=3644 insn=00100793   x15(a5)=00000001
#3415   pc=0040001c cycle=3645 insn=04f50e63
#3416   pc=00400078 cycle=3652 insn=00008067
#3417   pc=004000b0 cycle=3654 insn=00a90933   x18(s2)=0000009b
#3418   pc=004000b4 cycle=3654 insn=00140413   x8(s0/fp)=00000002
#3419   pc=004000b8 cycle=3656 insn=0089a7b3   x15(a5)=00000000
#3420   pc=004000bc cycle=3658 insn=fff78793   x15(a5)=ffffffff
#3421   pc=004000c0 cycle=3660 insn=00f47433
#3422   pc=004000c4 cycle=3660 insn=fff48493   x9(s1)=00000017
#3423   pc=004000c8 cycle=3660 insn=fc049ee3
#3424   pc=004000a4 cycle=3662 insn=00040513   x10(a0)=00000002
#3425   pc=004000a8 cycle=3662 insn=00000097   x1(ra)=004000a8
#3426   pc=004000ac cycle=3662 insn=f6c080e7   x1(ra)=004000b0
#3427   pc=00400014 cycle=3665 insn=06050263
#3428   pc=00400018 cycle=3665 insn=00100793   x15(a5)=00000001
#3429   pc=0040001c cycle=3666 insn=04f50e63
#3430   pc=00400020 cycle=3666 insn=100007b7   x15(a5)=10000000
#3431   pc=00400024 cycle=3666 insn=00078793
#3432   pc=00400028 cycle=3667 insn=0007a023
#3433   pc=0040002c cycle=3667 insn=00100713   x14(a4)=00000001
#3434   pc=00400030 cycle=3670 insn=00e7a223
#3435   pc=00400034 cycle=3670 insn=02a75863
#3436   pc=00400038 cycle=3670 insn=100007b7
#3437   pc=0040003c cycle=3670 insn=00078793
#3438   pc=00400040 cycle=3670 insn=00251693   x13(a3)=00000008
#3439   pc=00400044 cycle=3670 insn=ffc78713   x14(a4)=0ffffffc
#3440   pc=00400048 cycle=3670 insn=00e686b3   x13(a3)=10000004
#3441   pc=0040004c cycle=3676 insn=0047a703   x14(a4)=00000001
#3442   pc=00400050 cycle=3677 insn=0007a603   x12(a2)=00000000
#3443   pc=00400054 cycle=3679 insn=00c70733
#3444   pc=00400058 cycle=3681 insn=00e7a423
#3445   pc=0040005c cycle=3681 insn=00478793   x15(a5)=10000004
#3446   pc=00400060 cycle=3681 insn=fed796e3
#3447   pc=00400064 cycle=3681 insn=00251513   x10(a0)=00000008
#3448   pc=00400068 cycle=3681 insn=100007b7   x15(a5)=10000000
#3449   pc=0040006c cycle=3681 insn=00078793
#3450   pc=00400070 cycle=3681 insn=00a78533   x10(a0)=10000008
#3451   pc=00400074 cycle=3687 insn=00052503   x10(a0)=00000001
#3452   pc=00400078 cycle=3687 insn=00008067
#3453   pc=004000b0 cycle=3689 insn=00a90933   x18(s2)=0000009c
#3454   pc=004000b4 cycle=3689 insn=00140413   x8(s0/fp)=00000003
#3455   pc=004000b8 cycle=3689 insn=0089a7b3   x15(a5)=00000000
#3456   pc=004000bc cycle=3689 insn=fff78793   x15(a5)=ffffffff
#3457   pc=004000c0 cycle=3689 insn=00f47433
#3458   pc=004000c4 cycle=3689 insn=fff48493   x9(s1)=00000016
#3459   pc=004000c8 cycle=3689 insn=fc049ee3
#3460   pc=004000a4 cycle=3690 insn=00040513   x10(a0)=00000003
#3461   pc=004000a8 cycle=3690 insn=00000097   x1(ra)=004000a8
#3462   pc=004000ac cycle=3690 insn=f6c080e7   x1(ra)=004000b0
#3463   pc=00400014 cycle=3690 insn=06050263
#3464   pc=00400018 cycle=3690 insn=00100793   x15(a5)=00000001
#3465   pc=0040001c cycle=3690 insn=04f50e63
#3466   pc=00400020 cycle=3690 insn=100007b7   x15(a5)=10000000
#3467   pc=00400024 cycle=3691 insn=00078793
#3468   pc=00400028 cycle=3692 insn=0007a023
#3469   pc=0040002c cycle=3692 insn=00100713
#3470   pc=00400030 cycle=3695 insn=00e7a223
#3471   pc=00400034 cycle=3695 insn=02a75863
#3472   pc=00400038 cycle=3695 insn=100007b7
#3473   pc=0040003c cycle=3695 insn=00078793
#3474   pc=00400040 cycle=3695 insn=00251693   x13(a3)=0000000c
#3475   pc=00400044 cycle=3696 insn=ffc78713   x14(a4)=0ffffffc
#3476   pc=00400048 cycle=3698 insn=00e686b3   x13(a3)=10000008
#3477   pc=0040004c cycle=3701 insn=0047a703   x14(a4)=00000001
#3478   pc=00400060 cycle=3701 insn=fed796e3
#3479   pc=0040004c cycle=3710 insn=0047a703
#3480   pc=00400050 cycle=3711 insn=0007a603
#3481   pc=00400054 cycle=3713 insn=00c70733
#3482   pc=00400058 cycle=3715 insn=00e7a423
#3483   pc=0040005c cycle=3715 insn=00478793   x15(a5)=10000004
#3484   pc=00400060 cycle=3715 insn=fed796e3
#3485   pc=0040004c cycle=3721 insn=0047a703
#3486   pc=00400050 cycle=3722 insn=0007a603   x12(a2)=00000001
#3487   pc=00400054 cycle=3724 insn=00c70733   x14(a4)=00000002
#3488   pc=00400058 cycle=3726 insn=00e7a423
#3489   pc=0040005c cycle=3726 insn=00478793   x15(a5)=10000008
#3490   pc=00400060 cycle=3726 insn=fed796e3
#3491   pc=00400064 cycle=3726 insn=00251513   x10(a0)=0000000c
#3492   pc=00400068 cycle=3726 insn=100007b7   x15(a5)=10000000
#3493   pc=0040006c cycle=3726 insn=00078793
#3494   pc=00400070 cycle=3726 insn=00a78533   x10(a0)=1000000c
#3495   pc=00400074 cycle=3732 insn=00052503   x10(a0)=00000002
#3496   pc=00400078 cycle=3732 insn=00008067
#3497   pc=004000b0 cycle=3734 insn=00a90933   x18(s2)=0000009e
#3498   pc=004000b4 cycle=3734 insn=00140413   x8(s0/fp)=00000004
#3499   pc=004000b8 cycle=3734 insn=0089a7b3   x15(a5)=00000000
#3500   pc=004000bc cycle=3734 insn=fff78793   x15(a5)=ffffffff
#3501   pc=004000c0 cycle=3734 insn=00f47433
#3502   pc=004000c4 cycle=3734 insn=fff48493   x9(s1)=00000015
#3503   pc=004000c8 cycle=3734 insn=fc049ee3
#3504   pc=004000a4 cycle=3735 insn=00040513   x10(a0)=00000004
#3505   pc=004000a8 cycle=3735 insn=00000097   x1(ra)=004000a8
#3506   pc=004000ac cycle=3735 insn=f6c080e7   x1(ra)=004000b0
#3507   pc=00400014 cycle=3737 insn=06050263
#3508   pc=00400018 cycle=3737 insn=00100793   x15(a5)=00000001
#3509   pc=0040001c cycle=3738 insn=04f50e63
#3510   pc=00400020 cycle=3738 insn=100007b7   x15(a5)=10000000
#3511   pc=00400024 cycle=3738 insn=00078793
#3512   pc=00400028 cycle=3739 insn=0007a023
#3513   pc=0040002c cycle=3739 insn=00100713   x14(a4)=00000001
#3514   pc=00400030 cycle=3742 insn=00e7a223
#3515   pc=00400034 cycle=3742 insn=02a75863
#3516   pc=00400038 cycle=3742 insn=100007b7
#3517   pc=0040003c cycle=3742 insn=00078793
#3518   pc=00400040 cycle=3742 insn=00251693   x13(a3)=00000010
#3519   pc=00400044 cycle=3742 insn=ffc78713   x14(a4)=0ffffffc
#3520   pc=00400048 cycle=3743 insn=00e686b3   x13(a3)=1000000c
#3521   pc=0040004c cycle=3748 insn=0047a703   x14(a4)=00000001
#3522   pc=00400050 cycle=3749 insn=0007a603   x12(a2)=00000000
#3523   pc=00400054 cycle=3751 insn=00c70733
#3524   pc=00400058 cycle=3753 insn=00e7a423
#3525   pc=0040005c cycle=3753 insn=00478793   x15(a5)=10000004
#3526   pc=00400060 cycle=3753 insn=fed796e3
#3527   pc=0040004c cycle=3759 insn=0047a703
#3528   pc=00400050 cycle=3760 insn=0007a603   x12(a2)=00000001
#3529   pc=00400054 cycle=3762 insn=00c70733   x14(a4)=00000002
#3530   pc=00400058 cycle=3764 insn=00e7a423
#3531   pc=0040005c cycle=3764 insn=00478793   x15(a5)=10000008
#3532   pc=00400060 cycle=3764 insn=fed796e3
#3533   pc=0040004c cycle=3770 insn=0047a703
#3534   pc=00400050 cycle=3771 insn=0007a603
#3535   pc=00400054 cycle=3773 insn=00c70733   x14(a4)=00000003
#3536   pc=00400058 cycle=3775 insn=00e7a423
#3537   pc=0040005c cycle=3775 insn=00478793   x15(a5)=1000000c
#3538   pc=00400060 cycle=3775 insn=fed796e3
#3539   pc=00400064 cycle=3775 insn=00251513   x10(a0)=00000010
#3540   pc=00400068 cycle=3775 insn=100007b7   x15(a5)=10000000
#3541   pc=0040006c cycle=3775 insn=00078793
#3542   pc=00400070 cycle=3775 insn=00a78533   x10(a0)=10000010
#3543   pc=00400074 cycle=3781 insn=00052503   x10(a0)=00000003
#3544   pc=00400078 cycle=3781 insn=00008067
#3545   pc=004000b0 cycle=3783 insn=00a90933   x18(s2)=000000a1
#3546   pc=004000b4 cycle=3783 insn=00140413   x8(s0/fp)=00000005
#3547   pc=004000b8 cycle=3783 insn=0089a7b3   x15(a5)=00000001
#3548   pc=004000bc cycle=3783 insn=fff78793   x15(a5)=00000000
#3549   pc=004000c0 cycle=3783 insn=00f47433   x8(s0/fp)=00000000
#3550   pc=004000c4 cycle=3783 insn=fff48493   x9(s1)=00000014
#3551   pc=004000c8 cycle=3783 insn=fc049ee3
#3552   pc=004000a4 cycle=3784 insn=00040513   x10(a0)=00000000
#3553   pc=004000a8 cycle=3784 insn=00000097   x1(ra)=004000a8
#3554   pc=004000ac cycle=3784 insn=f6c080e7   x1(ra)=004000b0
#3555   pc=00400014 cycle=3784 insn=06050263
#3556   pc=00400078 cycle=3789 insn=00008067
#3557   pc=004000b0 cycle=3791 insn=00a90933
#3558   pc=004000b4 cycle=3791 insn=00140413   x8(s0/fp)=00000001
#3559   pc=004000b8 cycle=3793 insn=0089a7b3
#3560   pc=004000bc cycle=3795 insn=fff78793   x15(a5)=ffffffff
#3561   pc=004000c0 cycle=3797 insn=00f47433
#3562   pc=004000c4 cycle=3797 insn=fff48493   x9(s1)=00000013
#3563   pc=004000c8 cycle=3797 insn=fc049ee3
#3564   pc=004000a4 cycle=3799 insn=00040513   x10(a0)=00000001
#3565   pc=004000a8 cycle=3799 insn=00000097   x1(ra)=004000a8
#3566   pc=004000ac cycle=3799 insn=f6c080e7   x1(ra)=004000b0
#3567   pc=00400014 cycle=3802 insn=06050263
#3568   pc=00400018 cycle=3802 insn=00100793   x15(a5)=00000001
#3569   pc=0040001c cycle=3803 insn=04f50e63
#3570   pc=00400078 cycle=3810 insn=00008067
#3571   pc=004000b0 cycle=3812 insn=00a90933   x18(s2)=000000a2
#3572   pc=004000b4 cycle=3812 insn=00140413   x8(s0/fp)=00000002
#3573   pc=004000b8 cycle=3814 insn=0089a7b3   x15(a5)=00000000
#3574   pc=004000bc cycle=3816 insn=fff78793   x15(a5)=ffffffff
#3575   pc=004000c0 cycle=3818 insn=00f47433
#3576   pc=004000c4 cycle=3818 insn=fff48493   x9(s1)=00000012
#3577   pc=004000c8 cycle=3818 insn=fc049ee3
#3578   pc=004000a4 cycle=3820 insn=00040513   x10(a0)=00000002
#3579   pc=004000a8 cycle=3820 insn=00000097   x1(ra)=004000a8
#3580   pc=004000ac cycle=3820 insn=f6c080e7   x1(ra)=004000b0
#3581   pc=00400014 cycle=3823 insn=06050263
#3582   pc=00400018 cycle=3823 insn=00100793   x15(a5)=00000001
#3583   pc=0040001c cycle=3824 insn=04f50e63
#3584   pc=00400020 cycle=3824 insn=100007b7   x15(a5)=10000000
#3585   pc=00400024 cycle=3824 insn=00078793
#3586   pc=00400028 cycle=3825 insn=0007a023
#3587   pc=0040002c cycle=3825 insn=00100713   x14(a4)=00000001
#3588   pc=00400030 cycle=3828 insn=00e7a223
#3589   pc=00400034 cycle=3828 insn=02a75863
#3590   pc=00400038 cycle=3828 insn=100007b7
#3591   pc=0040003c cycle=3828 insn=00078793
#3592   pc=00400040 cycle=3828 insn=00251693   x13(a3)=00000008
#3593   pc=00400044 cycle=3828 insn=ffc78713   x14(a4)=0ffffffc
#3594   pc=00400048 cycle=3828 insn=00e686b3   x13(a3)=10000004
#3595   pc=0040004c cycle=3834 insn=0047a703   x14(a4)=00000001
#3596   pc=00400050 cycle=3835 insn=0007a603   x12(a2)=00000000
#3597   pc=00400054 cycle=3837 insn=00c70733
#3598   pc=00400058 cycle=3839 insn=00e7a423
#3599   pc=0040005c cycle=3839 insn=00478793   x15(a5)=10000004
#3600   pc=00400060 cycle=3839 insn=fed796e3
#3601   pc=00400064 cycle=3839 insn=00251513   x10(a0)=00000008
#3602   pc=00400068 cycle=3839 insn=100007b7   x15(a5)=10000000
#3603   pc=0040006c cycle=3839 insn=00078793
#3604   pc=00400070 cycle=3839 insn=00a78533   x10(a0)=10000008
#3605   pc=00400074 cycle=3845 insn=00052503   x10(a0)=00000001
#3606   pc=00400078 cycle=3845 insn=00008067
#3607   pc=004000b0 cycle=3847 insn=00a90933   x18(s2)=000000a3
#3608   pc=004000b4 cycle=3847 insn=00140413   x8(s0/fp)=00000003
#3609   pc=004000b8 cycle=3847 insn=0089a7b3   x15(a5)=00000000
#3610   pc=004000bc cycle=3847 insn=fff78793   x15(a5)=ffffffff
#3611   pc=004000c0 cycle=3847 insn=00f47433
#3612   pc=004000c4 cycle=3847 insn=fff48493   x9(s1)=00000011
#3613   pc=004000c8 cycle=3847 insn=fc049ee3
#3614   pc=004000a4 cycle=3848 insn=00040513   x10(a0)=00000003
#3615   pc=004000a8 cycle=3848 insn=00000097   x1(ra)=004000a8
#3616   pc=004000ac cycle=3848 insn=f6c080e7   x1(ra)=004000b0
#3617   pc=00400014 cycle=3848 insn=06050263
#3618   pc=00400018 cycle=3848 insn=00100793   x15(a5)=00000001
#3619   pc=0040001c cycle=3848 insn=04f50e63
#3620   pc=00400020 cycle=3848 insn=100007b7   x15(a5)=10000000
#3621   pc=00400024 cycle=3849 insn=00078793
#3622   pc=00400028 cycle=3850 insn=0007a023
#3623   pc=0040002c cycle=3850 insn=00100713
#3624   pc=00400030 cycle=3853 insn=00e7a223
#3625   pc=00400034 cycle=3853 insn=02a75863
#3626   pc=00400038 cycle=3853 insn=100007b7
#3627   pc=0040003c cycle=3853 insn=00078793
#3628   pc=00400040 cycle=3853 insn=00251693   x13(a3)=0000000c
#3629   pc=00400044 cycle=3854 insn=ffc78713   x14(a4)=0ffffffc
#3630   pc=00400048 cycle=3856 insn=00e686b3   x13(a3)=10000008
#3631   pc=0040004c cycle=3859 insn=0047a703   x14(a4)=00000001
#3632   pc=00400060 cycle=3859 insn=fed796e3
#3633   pc=0040004c cycle=3868 insn=0047a703
#3634   pc=00400050 cycle=3869 insn=0007a603
#3635   pc=00400054 cycle=3871 insn=00c70733
#3636   pc=00400058 cycle=3873 insn=00e7a423
#3637   pc=0040005c cycle=3873 insn=00478793   x15(a5)=10000004
#3638   pc=00400060 cycle=3873 insn=fed796e3
#3639   pc=0040004c cycle=3879 insn=0047a703
#3640   pc=00400050 cycle=3880 insn=0007a603   x12(a2)=00000001
#3641   pc=00400054 cycle=3882 insn=00c70733   x14(a4)=00000002
#3642   pc=00400058 cycle=3884 insn=00e7a423
#3643   pc=0040005c cycle=3884 insn=00478793   x15(a5)=10000008
#3644   pc=00400060 cycle=3884 insn=fed796e3
#3645   pc=00400064 cycle=3884 insn=00251513   x10(a0)=0000000c
#3646   pc=00400068 cycle=3884 insn=100007b7   x15(a5)=10000000
#3647   pc=0040006c cycle=3884 insn=00078793
#3648   pc=00400070 cycle=3884 insn=00a78533   x10(a0)=1000000c
#3649   pc=00400074 cycle=3890 insn=00052503   x10(a0)=00000002
#3650   pc=00400078 cycle=3890 insn=00008067
#3651   pc=004000b0 cycle=3892 insn=00a90933   x18(s2)=000000a5
#3652   pc=004000b4 cycle=3892 insn=00140413   x8(s0/fp)=00000004
#3653   pc=004000b8 cycle=3892 insn=0089a7b3   x15(a5)=00000000
#3654   pc=004000bc cycle=3892 insn=fff78793   x15(a5)=ffffffff
#3655   pc=004000c0 cycle=3892 insn=00f47433
#3656   pc=004000c4 cycle=3892 insn=fff48493   x9(s1)=00000010
#3657   pc=004000c8 cycle=3892 insn=fc049ee3
#3658   pc=004000a4 cycle=3893 insn=00040513   x10(a0)=00000004
#3659   pc=004000a8 cycle=3893 insn=00000097   x1(ra)=004000a8
#3660   pc=004000ac cycle=3893 insn=f6c080e7   x1(ra)=004000b0
#3661   pc=00400014 cycle=3895 insn=06050263
#3662   pc=00400018 cycle=3895 insn=00100793   x15(a5)=00000001
#3663   pc=0040001c cycle=3896 insn=04f50e63
#3664   pc=00400020 cycle=3896 insn=100007b7   x15(a5)=10000000
#3665   pc=00400024 cycle=3896 insn=00078793
#3666   pc=00400028 cycle=3897 insn=0007a023
#3667   pc=0040002c cycle=3897 insn=00100713   x14(a4)=00000001
#3668   pc=00400030 cycle=3900 insn=00e7a223
#3669   pc=00400034 cycle=3900 insn=02a75863
#3670   pc=00400038 cycle=3900 insn=100007b7
#3671   pc=0040003c cycle=3900 insn=00078793
#3672   pc=00400040 cycle=3900 insn=00251693   x13(a3)=00000010
#3673   pc=00400044 cycle=3900 insn=ffc78713   x14(a4)=0ffffffc
#3674   pc=00400048 cycle=3901 insn=00e686b3   x13(a3)=1000000c
#3675   pc=0040004c cycle=3906 insn=0047a703   x14(a4)=00000001
#3676   pc=00400050 cycle=3907 insn=0007a603   x12(a2)=00000000
#3677   pc=00400054 cycle=3909 insn=00c70733
#3678   pc=00400058 cycle=3911 insn=00e7a423
#3679   pc=0040005c cycle=3911 insn=00478793   x15(a5)=10000004
#3680   pc=00400060 cycle=3911 insn=fed796e3
#3681   pc=0040004c cycle=3917 insn=0047a703
#3682   pc=00400050 cycle=3918 insn=0007a603   x12(a2)=00000001
#3683   pc=00400054 cycle=3920 insn=00c70733   x14(a4)=00000002
#3684   pc=00400058 cycle=3922 insn=00e7a423
#3685   pc=0040005c cycle=3922 insn=00478793   x15(a5)=10000008
#3686   pc=00400060 cycle=3922 insn=fed796e3
#3687   pc=0040004c cycle=3928 insn=0047a703
#3688   pc=00400050 cycle=3929 insn=0007a603
#3689   pc=00400054 cycle=3931 insn=00c70733   x14(a4)=00000003
#3690   pc=00400058 cycle=3933 insn=00e7a423
#3691   pc=0040005c cycle=3933 insn=00478793   x15(a5)=1000000c
#3692   pc=00400060 cycle=3933 insn=fed796e3
#3693   pc=00400064 cycle=3933 insn=00251513   x10(a0)=00000010
#3694   pc=00400068 cycle=3933 insn=100007b7   x15(a5)=10000000
#3695   pc=0040006c cycle=3933 insn=00078793
#3696   pc=00400070 cycle=3933 insn=00a78533   x10(a0)=10000010
#3697   pc=00400074 cycle=3939 insn=00052503   x10(a0)=00000003
#3698   pc=00400078 cycle=3939 insn=00008067
#3699   pc=004000b0 cycle=3941 insn=00a90933   x18(s2)=000000a8
#3700   pc=004000b4 cycle=3941 insn=00140413   x8(s0/fp)=00000005
#3701   pc=004000b8 cycle=3941 insn=0089a7b3   x15(a5)=00000001
#3702   pc=004000bc cycle=3941 insn=fff78793   x15(a5)=00000000
#3703   pc=004000c0 cycle=3941 insn=00f47433   x8(s0/fp)=00000000
#3704   pc=004000c4 cycle=3941 insn=fff48493   x9(s1)=0000000f
#3705   pc=004000c8 cycle=3941 insn=fc049ee3
#3706   pc=004000a4 cycle=3942 insn=00040513   x10(a0)=00000000
#3707   pc=004000a8 cycle=3942 insn=00000097   x1(ra)=004000a8
#3708   pc=004000ac cycle=3942 insn=f6c080e7   x1(ra)=004000b0
#3709   pc=00400014 cycle=3942 insn=06050263
#3710   pc=00400078 cycle=3947 insn=00008067
#3711   pc=004000b0 cycle=3949 insn=00a90933
#3712   pc=004000b4 cycle=3949 insn=00140413   x8(s0/fp)=00000001
#3713   pc=004000b8 cycle=3951 insn=0089a7b3
#3714   pc=004000bc cycle=3953 insn=fff78793   x15(a5)=ffffffff
#3715   pc=004000c0 cycle=3955 insn=00f47433
#3716   pc=004000c4 cycle=3955 insn=fff48493   x9(s1)=0000000e
#3717   pc=004000c8 cycle=3955 insn=fc049ee3
#3718   pc=004000a4 cycle=3957 insn=00040513   x10(a0)=00000001
#3719   pc=004000a8 cycle=3957 insn=00000097   x1(ra)=004000a8
#3720   pc=004000ac cycle=3957 insn=f6c080e7   x1(ra)=004000b0
#3721   pc=00400014 cycle=3960 insn=06050263
#3722   pc=00400018 cycle=3960 insn=00100793   x15(a5)=00000001
#3723   pc=0040001c cycle=3961 insn=04f50e63
#3724   pc=00400078 cycle=3968 insn=00008067
#3725   pc=004000b0 cycle=3970 insn=00a90933   x18(s2)=000000a9
#3726   pc=004000b4 cycle=3970 insn=00140413   x8(s0/fp)=00000002
#3727   pc=004000b8 cycle=3972 insn=0089a7b3   x15(a5)=00000000
#3728   pc=004000bc cycle=3974 insn=fff78793   x15(a5)=ffffffff
#3729   pc=004000c0 cycle=3976 insn=00f47433
#3730   pc=004000c4 cycle=3976 insn=fff48493   x9(s1)=0000000d
#3731   pc=004000c8 cycle=3976 insn=fc049ee3
#3732   pc=004000a4 cycle=3978 insn=00040513   x10(a0)=00000002
#3733   pc=004000a8 cycle=3978 insn=00000097   x1(ra)=004000a8
#3734   pc=004000ac cycle=3978 insn=f6c080e7   x1(ra)=004000b0
#3735   pc=00400014 cycle=3981 insn=06050263
#3736   pc=00400018 cycle=3981 insn=00100793   x15(a5)=00000001
#3737   pc=0040001c cycle=3982 insn=04f50e63
#3738   pc=00400020 cycle=3982 insn=100007b7   x15(a5)=10000000
#3739   pc=00400024 cycle=3982 insn=00078793
#3740   pc=00400028 cycle=3983 insn=0007a023
#3741   pc=0040002c cycle=3983 insn=00100713   x14(a4)=00000001
#3742   pc=00400030 cycle=3986 insn=00e7a223
#3743   pc=00400034 cycle=3986 insn=02a75863
#3744   pc=00400038 cycle=3986 insn=100007b7
#3745   pc=0040003c cycle=3986 insn=00078793
#3746   pc=00400040 cycle=3986 insn=00251693   x13(a3)=00000008
#3747   pc=00400044 cycle=3986 insn=ffc78713   x14(a4)=0ffffffc
#3748   pc=00400048 cycle=3986 insn=00e686b3   x13(a3)=10000004
#3749   pc=0040004c cycle=3992 insn=0047a703   x14(a4)=00000001
#3750   pc=00400050 cycle=3993 insn=0007a603   x12(a2)=00000000
#3751   pc=00400054 cycle=3995 insn=00c70733
#3752   pc=00400058 cycle=3997 insn=00e7a423
#3753   pc=0040005c cycle=3997 insn=00478793   x15(a5)=10000004
#3754   pc=00400060 cycle=3997 insn=fed796e3
#3755   pc=00400064 cycle=3997 insn=00251513   x10(a0)=00000008
#3756   pc=00400068 cycle=3997 insn=100007b7   x15(a5)=10000000
#3757   pc=0040006c cycle=3997 insn=00078793
#3758   pc=00400070 cycle=3997 insn=00a78533   x10(a0)=10000008
#3759   pc=00400074 cycle=4003 insn=00052503   x10(a0)=00000001
#3760   pc=00400078 cycle=4003 insn=00008067
#3761   pc=004000b0 cycle=4005 insn=00a90933   x18(s2)=000000aa
#3762   pc=004000b4 cycle=4005 insn=00140413   x8(s0/fp)=00000003
#3763   pc=004000b8 cycle=4005 insn=0089a7b3   x15(a5)=00000000
#3764   pc=004000bc cycle=4005 insn=fff78793   x15(a5)=ffffffff
#3765   pc=004000c0 cycle=4005 insn=00f47433
#3766   pc=004000c4 cycle=4005 insn=fff48493   x9(s1)=0000000c
#3767   pc=004000c8 cycle=4005 insn=fc049ee3
#3768   pc=004000a4 cycle=4006 insn=00040513   x10(a0)=00000003
#3769   pc=004000a8 cycle=4006 insn=00000097   x1(ra)=004000a8
#3770   pc=004000ac cycle=4006 insn=f6c080e7   x1(ra)=004000b0
#3771   pc=00400014 cycle=4006 insn=06050263
#3772   pc=00400018 cycle=4006 insn=00100793   x15(a5)=00000001
#3773   pc=0040001c cycle=4006 insn=04f50e63
#3774   pc=00400020 cycle=4006 insn=100007b7   x15(a5)=10000000
#3775   pc=00400024 cycle=4007 insn=00078793
#3776   pc=00400028 cycle=4008 insn=0007a023
#3777   pc=0040002c cycle=4008 insn=00100713
#3778   pc=00400030 cycle=4011 insn=00e7a223
#3779   pc=00400034 cycle=4011 insn=02a75863
#3780   pc=00400038 cycle=4011 insn=100007b7
#3781   pc=0040003c cycle=4011 insn=00078793
#3782   pc=00400040 cycle=4011 insn=00251693   x13(a3)=0000000c
#3783   pc=00400044 cycle=4012 insn=ffc78713   x14(a4)=0ffffffc
#3784   pc=00400048 cycle=4014 insn=00e686b3   x13(a3)=10000008
#3785   pc=0040004c cycle=4017 insn=0047a703   x14(a4)=00000001
#3786   pc=00400060 cycle=4017 insn=fed796e3
#3787   pc=0040004c cycle=4026 insn=0047a703
#3788   pc=00400050 cycle=4027 insn=0007a603
#3789   pc=00400054 cycle=4029 insn=00c70733
#3790   pc=00400058 cycle=4031 insn=00e7a423
#3791   pc=0040005c cycle=4031 insn=00478793   x15(a5)=10000004
#3792   pc=00400060 cycle=4031 insn=fed796e3
#3793   pc=0040004c cycle=4037 insn=0047a703
#3794   pc=00400050 cycle=4038 insn=0007a603   x12(a2)=00000001
#3795   pc=00400054 cycle=4040 insn=00c70733   x14(a4)=00000002
#3796   pc=00400058 cycle=4042 insn=00e7a423
#3797   pc=0040005c cycle=4042 insn=00478793   x15(a5)=10000008
#3798   pc=00400060 cycle=4042 insn=fed796e3
#3799   pc=00400064 cycle=4042 insn=00251513   x10(a0)=0000000c
#3800   pc=00400068 cycle=4042 insn=100007b7   x15(a5)=10000000
#3801   pc=0040006c cycle=4042 insn=00078793
#3802   pc=00400070 cycle=4042 insn=00a78533   x10(a0)=1000000c
#3803   pc=00400074 cycle=4048 insn=00052503   x10(a0)=00000002
#3804   pc=00400078 cycle=4048 insn=00008067
#3805   pc=004000b0 cycle=4050 insn=00a90933   x18(s2)=000000ac
#3806   pc=004000b4 cycle=4050 insn=00140413   x8(s0/fp)=00000004
#3807   pc=004000b8 cycle=4050 insn=0089a7b3   x15(a5)=00000000
#3808   pc=004000bc cycle=4050 insn=fff78793   x15(a5)=ffffffff
#3809   pc=004000c0 cycle=4050 insn=00f47433
#3810   pc=004000c4 cycle=4050 insn=fff48493   x9(s1)=0000000b
#3811   pc=004000c8 cycle=4050 insn=fc049ee3
#3812   pc=004000a4 cycle=4051 insn=00040513   x10(a0)=00000004
#3813   pc=004000a8 cycle=4051 insn=00000097   x1(ra)=004000a8
#3814   pc=004000ac cycle=4051 insn=f6c080e7   x1(ra)=004000b0
#3815   pc=00400014 cycle=4053 insn=06050263
#3816   pc=00400018 cycle=4053 insn=00100793   x15(a5)=00000001
#3817   pc=0040001c cycle=4054 insn=04f50e63
#3818   pc=00400020 cycle=4054 insn=100007b7   x15(a5)=10000000
#3819   pc=00400024 cycle=4054 insn=00078793
#3820   pc=00400028 cycle=4055 insn=0007a023
#3821   pc=0040002c cycle=4055 insn=00100713   x14(a4)=00000001
#3822   pc=00400030 cycle=4058 insn=00e7a223
#3823   pc=00400034 cycle=4058 insn=02a75863
#3824   pc=00400038 cycle=4058 insn=100007b7
#3825   pc=0040003c cycle=4058 insn=00078793
#3826   pc=00400040 cycle=4058 insn=00251693   x13(a3)=00000010
#3827   pc=00400044 cycle=4058 insn=ffc78713   x14(a4)=0ffffffc
#3828   pc=00400048 cycle=4059 insn=00e686b3   x13(a3)=1000000c
#3829   pc=0040004c cycle=4064 insn=0047a703   x14(a4)=00000001
#3830   pc=00400050 cycle=4065 insn=0007a603   x12(a2)=00000000
#3831   pc=00400054 cycle=4067 insn=00c70733
#3832   pc=00400058 cycle=4069 insn=00e7a423
#3833   pc=0040005c cycle=4069 insn=00478793   x15(a5)=10000004
#3834   pc=00400060 cycle=4069 insn=fed796e3
#3835   pc=0040004c cycle=4075 insn=0047a703
#3836   pc=00400050 cycle=4076 insn=0007a603   x12(a2)=00000001
#3837   pc=00400054 cycle=4078 insn=00c70733   x14(a4)=00000002
#3838   pc=00400058 cycle=4080 insn=00e7a423
#3839   pc=0040005c cycle=4080 insn=00478793   x15(a5)=10000008
#3840   pc=00400060 cycle=4080 insn=fed796e3
#3841   pc=0040004c cycle=4086 insn=0047a703
#3842   pc=00400050 cycle=4087 insn=0007a603
#3843   pc=00400054 cycle=4089 insn=00c70733   x14(a4)=00000003
#3844   pc=00400058 cycle=4091 insn=00e7a423
#3845   pc=0040005c cycle=4091 insn=00478793   x15(a5)=1000000c
#3846   pc=00400060 cycle=4091 insn=fed796e3
#3847   pc=00400064 cycle=4091 insn=00251513   x10(a0)=00000010
#3848   pc=00400068 cycle=4091 insn=100007b7   x15(a5)=10000000
#3849   pc=0040006c cycle=4091 insn=00078793
#3850   pc=00400070 cycle=4091 insn=00a78533   x10(a0)=10000010
#3851   pc=00400074 cycle=4097 insn=00052503   x10(a0)=00000003
#3852   pc=00400078 cycle=4097 insn=00008067
#3853   pc=004000b0 cycle=4099 insn=00a90933   x18(s2)=000000af
#3854   pc=004000b4 cycle=4099 insn=00140413   x8(s0/fp)=00000005
#3855   pc=004000b8 cycle=4099 insn=0089a7b3   x15(a5)=00000001
#3856   pc=004000bc cycle=4099 insn=fff78793   x15(a5)=00000000
#3857   pc=004000c0 cycle=4099 insn=00f47433   x8(s0/fp)=00000000
#3858   pc=004000c4 cycle=4099 insn=fff48493   x9(s1)=0000000a
#3859   pc=004000c8 cycle=4099 insn=fc049ee3
#3860   pc=004000a4 cycle=4100 insn=00040513   x10(a0)=00000000
#3861   pc=004000a8 cycle=4100 insn=00000097   x1(ra)=004000a8
#3862   pc=004000ac cycle=4100 insn=f6c080e7   x1(ra)=004000b0
#3863   pc=00400014 cycle=4100 insn=06050263
#3864   pc=00400078 cycle=4105 insn=00008067
#3865   pc=004000b0 cycle=4107 insn=00a90933
#3866   pc=004000b4 cycle=4107 insn=00140413   x8(s0/fp)=00000001
#3867   pc=004000b8 cycle=4109 insn=0089a7b3
#3868   pc=004000bc cycle=4111 insn=fff78793   x15(a5)=ffffffff
#3869   pc=004000c0 cycle=4113 insn=00f47433
#3870   pc=004000c4 cycle=4113 insn=fff48493   x9(s1)=00000009
#3871   pc=004000c8 cycle=4113 insn=fc049ee3
#3872   pc=004000a4 cycle=4115 insn=00040513   x10(a0)=00000001
#3873   pc=004000a8 cycle=4115 insn=00000097   x1(ra)=004000a8
#3874   pc=004000ac cycle=4115 insn=f6c080e7   x1(ra)=004000b0
#3875   pc=00400014 cycle=4118 insn=06050263
#3876   pc=00400018 cycle=4118 insn=00100793   x15(a5)=00000001
#3877   pc=0040001c cycle=4119 insn=04f50e63
#3878   pc=00400078 cycle=4126 insn=00008067
#3879   pc=004000b0 cycle=4128 insn=00a90933   x18(s2)=000000b0
#3880   pc=004000b4 cycle=4128 insn=00140413   x8(s0/fp)=00000002
#3881   pc=004000b8 cycle=4130 insn=0089a7b3   x15(a5)=00000000
#3882   pc=004000bc cycle=4132 insn=fff78793   x15(a5)=ffffffff
#3883   pc=004000c0 cycle=4134 insn=00f47433
#3884   pc=004000c4 cycle=4134 insn=fff48493   x9(s1)=00000008
#3885   pc=004000c8 cycle=4134 insn=fc049ee3
#3886   pc=004000a4 cycle=4136 insn=00040513   x10(a0)=00000002
#3887   pc=004000a8 cycle=4136 insn=00000097   x1(ra)=004000a8
#3888   pc=004000ac cycle=4136 insn=f6c080e7   x1(ra)=004000b0
#3889   pc=00400014 cycle=4139 insn=06050263
#3890   pc=00400018 cycle=4139 insn=00100793   x15(a5)=00000001
#3891   pc=0040001c cycle=4140 insn=04f50e63
#3892   pc=00400020 cycle=4140 insn=100007b7   x15(a5)=10000000
#3893   pc=00400024 cycle=4140 insn=00078793
#3894   pc=00400028 cycle=4141 insn=0007a023
#3895   pc=0040002c cycle=4141 insn=00100713   x14(a4)=00000001
#3896   pc=00400030 cycle=4144 insn=00e7a223
#3897   pc=00400034 cycle=4144 insn=02a75863
#3898   pc=00400038 cycle=4144 insn=100007b7
#3899   pc=0040003c cycle=4144 insn=00078793
#3900   pc=00400040 cycle=4144 insn=00251693   x13(a3)=00000008
#3901   pc=00400044 cycle=4144 insn=ffc78713   x14(a4)=0ffffffc
#3902   pc=00400048 cycle=4144 insn=00e686b3   x13(a3)=10000004
#3903   pc=0040004c cycle=4150 insn=0047a703   x14(a4)=00000001
#3904   pc=00400050 cycle=4151 insn=0007a603   x12(a2)=00000000
#3905   pc=00400054 cycle=4153 insn=00c70733
#3906   pc=00400058 cycle=4155 insn=00e7a423
#3907   pc=0040005c cycle=4155 insn=00478793   x15(a5)=10000004
#3908   pc=00400060 cycle=4155 insn=fed796e3
#3909   pc=00400064 cycle=4155 insn=00251513   x10(a0)=00000008
#3910   pc=00400068 cycle=4155 insn=100007b7   x15(a5)=10000000
#3911   pc=0040006c cycle=4155 insn=00078793
#3912   pc=00400070 cycle=4155 insn=00a78533   x10(a0)=10000008
#3913   pc=00400074 cycle=4161 insn=00052503   x10(a0)=00000001
#3914   pc=00400078 cycle=4161 insn=00008067
#3915   pc=004000b0 cycle=4163 insn=00a90933   x18(s2)=000000b1
#3916   pc=004000b4 cycle=4163 insn=00140413   x8(s0/fp)=00000003
#3917   pc=004000b8 cycle=4163 insn=0089a7b3   x15(a5)=00000000
#3918   pc=004000bc cycle=4163 insn=fff78793   x15(a5)=ffffffff
#3919   pc=004000c0 cycle=4163 insn=00f47433
#3920   pc=004000c4 cycle=4163 insn=fff48493   x9(s1)=00000007
#3921   pc=004000c8 cycle=4163 insn=fc049ee3
#3922   pc=004000a4 cycle=4164 insn=00040513   x10(a0)=00000003
#3923   pc=004000a8 cycle=4164 insn=00000097   x1(ra)=004000a8
#3924   pc=004000ac cycle=4164 insn=f6c080e7   x1(ra)=004000b0
#3925   pc=00400014 cycle=4164 insn=06050263
#3926   pc=00400018 cycle=4164 insn=00100793   x15(a5)=00000001
#3927   pc=0040001c cycle=4164 insn=04f50e63
#3928   pc=00400020 cycle=4164 insn=100007b7   x15(a5)=10000000
#3929   pc=00400024 cycle=4165 insn=00078793
#3930   pc=00400028 cycle=4166 insn=0007a023
#3931   pc=0040002c cycle=4166 insn=00100713
#3932   pc=00400030 cycle=4169 insn=00e7a223
#3933   pc=00400034 cycle=4169 insn=02a75863
#3934   pc=00400038 cycle=4169 insn=100007b7
#3935   pc=0040003c cycle=4169 insn=00078793
#3936   pc=00400040 cycle=4169 insn=00251693   x13(a3)=0000000c
#3937   pc=00400044 cycle=4170 insn=ffc78713   x14(a4)=0ffffffc
#3938   pc=00400048 cycle=4172 insn=00e686b3   x13(a3)=10000008
#3939   pc=0040004c cycle=4175 insn=0047a703   x14(a4)=00000001
#3940   pc=00400060 cycle=4175 insn=fed796e3
#3941   pc=0040004c cycle=4184 insn=0047a703
#3942   pc=00400050 cycle=4185 insn=0007a603
#3943   pc=00400054 cycle=4187 insn=00c70733
#3944   pc=00400058 cycle=4189 insn=00e7a423
#3945   pc=0040005c cycle=4189 insn=00478793   x15(a5)=10000004
#3946   pc=00400060 cycle=4189 insn=fed796e3
#3947   pc=0040004c cycle=4195 insn=0047a703
#3948   pc=00400050 cycle=4196 insn=0007a603   x12(a2)=00000001
#3949   pc=00400054 cycle=4198 insn=00c70733   x14(a4)=00000002
#3950   pc=00400058 cycle=4200 insn=00e7a423
#3951   pc=0040005c cycle=4200 insn=00478793   x15(a5)=10000008
#3952   pc=00400060 cycle=4200 insn=fed796e3
#3953   pc=00400064 cycle=4200 insn=00251513   x10(a0)=0000000c
#3954   pc=00400068 cycle=4200 insn=100007b7   x15(a5)=10000000
#3955   pc=0040006c cycle=4200 insn=00078793
#3956   pc=00400070 cycle=4200 insn=00a78533   x10(a0)=1000000c
#3957   pc=00400074 cycle=4206 insn=00052503   x10(a0)=00000002
#3958   pc=00400078 cycle=4206 insn=00008067
#3959   pc=004000b0 cycle=4208 insn=00a90933   x18(s2)=000000b3
#3960   pc=004000b4 cycle=4208 insn=00140413   x8(s0/fp)=00000004
#3961   pc=004000b8 cycle=4208 insn=0089a7b3   x15(a5)=00000000
#3962   pc=004000bc cycle=4208 insn=fff78793   x15(a5)=ffffffff
#3963   pc=004000c0 cycle=4208 insn=00f47433
#3964   pc=004000c4 cycle=4208 insn=fff48493   x9(s1)=00000006
#3965   pc=004000c8 cycle=4208 insn=fc049ee3
#3966   pc=004000a4 cycle=4209 insn=00040513   x10(a0)=00000004
#3967   pc=004000a8 cycle=4209 insn=00000097   x1(ra)=004000a8
#3968   pc=004000ac cycle=4209 insn=f6c080e7   x1(ra)=004000b0
#3969   pc=00400014 cycle=4211 insn=06050263
#3970   pc=00400018 cycle=4211 insn=00100793   x15(a5)=00000001
#3971   pc=0040001c cycle=4212 insn=04f50e63
#3972   pc=00400020 cycle=4212 insn=100007b7   x15(a5)=10000000
#3973   pc=00400024 cycle=4212 insn=00078793
#3974   pc=00400028 cycle=4213 insn=0007a023
#3975   pc=0040002c cycle=4213 insn=00100713   x14(a4)=00000001
#3976   pc=00400030 cycle=4216 insn=00e7a223
#3977   pc=00400034 cycle=4216 insn=02a75863
#3978   pc=00400038 cycle=4216 insn=100007b7
#3979   pc=0040003c cycle=4216 insn=00078793
#3980   pc=00400040 cycle=4216 insn=00251693   x13(a3)=00000010
#3981   pc=00400044 cycle=4216 insn=ffc78713   x14(a4)=0ffffffc
#3982   pc=00400048 cycle=4217 insn=00e686b3   x13(a3)=1000000c
#3983   pc=0040004c cycle=4222 insn=0047a703   x14(a4)=00000001
#3984   pc=00400050 cycle=4223 insn=0007a603   x12(a2)=00000000
#3985   pc=00400054 cycle=4225 insn=00c70733
#3986   pc=00400058 cycle=4227 insn=00e7a423
#3987   pc=0040005c cycle=4227 insn=00478793   x15(a5)=10000004
#3988   pc=00400060 cycle=4227 insn=fed796e3
#3989   pc=0040004c cycle=4233 insn=0047a703
#3990   pc=00400050 cycle=4234 insn=0007a603   x12(a2)=00000001
#3991   pc=00400054 cycle=4236 insn=00c70733   x14(a4)=00000002
#3992   pc=00400058 cycle=4238 insn=00e7a423
#3993   pc=0040005c cycle=4238 insn=00478793   x15(a5)=10000008
#3994   pc=00400060 cycle=4238 insn=fed796e3
#3995   pc=0040004c cycle=4244 insn=0047a703
#3996   pc=00400050 cycle=4245 insn=0007a603
#3997   pc=00400054 cycle=4247 insn=00c70733   x14(a4)=00000003
#3998   pc=00400058 cycle=4249 insn=00e7a423
#3999   pc=0040005c cycle=4249 insn=00478793   x15(a5)=1000000c
#4000   pc=00400060 cycle=4249 insn=fed796e3
#4001   pc=00400064 cycle=4249 insn=00251513   x10(a0)=00000010
#4002   pc=00400068 cycle=4249 insn=100007b7   x15(a5)=10000000
#4003   pc=0040006c cycle=4249 insn=00078793
#4004   pc=00400070 cycle=4249 insn=00a78533   x10(a0)=10000010
#4005   pc=00400074 cycle=4255 insn=00052503   x10(a0)=00000003
#4006   pc=00400078 cycle=4255 insn=00008067
#4007   pc=004000b0 cycle=4257 insn=00a90933   x18(s2)=000000b6
#4008   pc=004000b4 cycle=4257 insn=00140413   x8(s0/fp)=00000005
#4009   pc=004000b8 cycle=4257 insn=0089a7b3   x15(a5)=00000001
#4010   pc=004000bc cycle=4257 insn=fff78793   x15(a5)=00000000
#4011   pc=004000c0 cycle=4257 insn=00f47433   x8(s0/fp)=00000000
#4012   pc=004000c4 cycle=4257 insn=fff48493   x9(s1)=00000005
#4013   pc=004000c8 cycle=4257 insn=fc049ee3
#4014   pc=004000a4 cycle=4258 insn=00040513   x10(a0)=00000000
#4015   pc=004000a8 cycle=4258 insn=00000097   x1(ra)=004000a8
#4016   pc=004000ac cycle=4258 insn=f6c080e7   x1(ra)=004000b0
#4017   pc=00400014 cycle=4258 insn=06050263
#4018   pc=00400078 cycle=4263 insn=00008067
#4019   pc=004000b0 cycle=4265 insn=00a90933
#4020   pc=004000b4 cycle=4265 insn=00140413   x8(s0/fp)=00000001
#4021   pc=004000b8 cycle=4267 insn=0089a7b3
#4022   pc=004000bc cycle=4269 insn=fff78793   x15(a5)=ffffffff
#4023   pc=004000c0 cycle=4271 insn=00f47433
#4024   pc=004000c4 cycle=4271 insn=fff48493   x9(s1)=00000004
#4025   pc=004000c8 cycle=4271 insn=fc049ee3
#4026   pc=004000a4 cycle=4273 insn=00040513   x10(a0)=00000001
#4027   pc=004000a8 cycle=4273 insn=00000097   x1(ra)=004000a8
#4028   pc=004000ac cycle=4273 insn=f6c080e7   x1(ra)=004000b0
#4029   pc=00400014 cycle=4276 insn=06050263
#4030   pc=00400018 cycle=4276 insn=00100793   x15(a5)=00000001
#4031   pc=0040001c cycle=4277 insn=04f50e63
#4032   pc=00400078 cycle=4284 insn=00008067
#4033   pc=004000b0 cycle=4286 insn=00a90933   x18(s2)=000000b7
#4034   pc=004000b4 cycle=4286 insn=00140413   x8(s0/fp)=00000002
#4035   pc=004000b8 cycle=4288 insn=0089a7b3   x15(a5)=00000000
#4036   pc=004000bc cycle=4290 insn=fff78793   x15(a5)=ffffffff
#4037   pc=004000c0 cycle=4292 insn=00f47433
#4038   pc=004000c4 cycle=4292 insn=fff48493   x9(s1)=00000003
#4039   pc=004000c8 cycle=4292 insn=fc049ee3
#4040   pc=004000a4 cycle=4294 insn=00040513   x10(a0)=00000002
#4041   pc=004000a8 cycle=4294 insn=00000097   x1(ra)=004000a8
#4042   pc=004000ac cycle=4294 insn=f6c080e7   x1(ra)=004000b0
#4043   pc=00400014 cycle=4297 insn=06050263
#4044   pc=00400018 cycle=4297 insn=00100793   x15(a5)=00000001
#4045   pc=0040001c cycle=4298 insn=04f50e63
#4046   pc=00400020 cycle=4298 insn=100007b7   x15(a5)=10000000
#4047   pc=00400024 cycle=4298 insn=00078793
#4048   pc=00400028 cycle=4299 insn=0007a023
#4049   pc=0040002c cycle=4299 insn=00100713   x14(a4)=00000001
#4050   pc=00400030 cycle=4302 insn=00e7a223
#4051   pc=00400034 cycle=4302 insn=02a75863
#4052   pc=00400038 cycle=4302 insn=100007b7
#4053   pc=0040003c cycle=4302 insn=00078793
#4054   pc=00400040 cycle=4302 insn=00251693   x13(a3)=00000008
#4055   pc=00400044 cycle=4302 insn=ffc78713   x14(a4)=0ffffffc
#4056   pc=00400048 cycle=4302 insn=00e686b3   x13(a3)=10000004
#4057   pc=0040004c cycle=4308 insn=0047a703   x14(a4)=00000001
#4058   pc=00400050 cycle=4309 insn=0007a603   x12(a2)=00000000
#4059   pc=00400054 cycle=4311 insn=00c70733
#4060   pc=00400058 cycle=4313 insn=00e7a423
#4061   pc=0040005c cycle=4313 insn=00478793   x15(a5)=10000004
#4062   pc=00400060 cycle=4313 insn=fed796e3
#4063   pc=00400064 cycle=4313 insn=00251513   x10(a0)=00000008
#4064   pc=00400068 cycle=4313 insn=100007b7   x15(a5)=10000000
#4065   pc=0040006c cycle=4313 insn=00078793
#4066   pc=00400070 cycle=4313 insn=00a78533   x10(a0)=10000008
#4067   pc=00400074 cycle=4319 insn=00052503   x10(a0)=00000001
#4068   pc=00400078 cycle=4319 insn=00008067
#4069   pc=004000b0 cycle=4321 insn=00a90933   x18(s2)=000000b8
#4070   pc=004000b4 cycle=4321 insn=00140413   x8(s0/fp)=00000003
#4071   pc=004000b8 cycle=4321 insn=0089a7b3   x15(a5)=00000000
#4072   pc=004000bc cycle=4321 insn=fff78793   x15(a5)=ffffffff
#4073   pc=004000c0 cycle=4321 insn=00f47433
#4074   pc=004000c4 cycle=4321 insn=fff48493   x9(s1)=00000002
#4075   pc=004000c8 cycle=4321 insn=fc049ee3
#4076   pc=004000a4 cycle=4322 insn=00040513   x10(a0)=00000003
#4077   pc=004000a8 cycle=4322 insn=00000097   x1(ra)=004000a8
#4078   pc=004000ac cycle=4322 insn=f6c080e7   x1(ra)=004000b0
#4079   pc=00400014 cycle=4322 insn=06050263
#4080   pc=00400018 cycle=4322 insn=00100793   x15(a5)=00000001
#4081   pc=0040001c cycle=4322 insn=04f50e63
#4082   pc=00400020 cycle=4322 insn=100007b7   x15(a5)=10000000
#4083   pc=00400024 cycle=4323 insn=00078793
#4084   pc=00400028 cycle=4324 insn=0007a023
#4085   pc=0040002c cycle=4324 insn=00100713
#4086   pc=00400030 cycle=4327 insn=00e7a223
#4087   pc=00400034 cycle=4327 insn=02a75863
#4088   pc=00400038 cycle=4327 insn=100007b7
#4089   pc=0040003c cycle=4327 insn=00078793
#4090   pc=00400040 cycle=4327 insn=00251693   x13(a3)=0000000c
#4091   pc=00400044 cycle=4328 insn=ffc78713   x14(a4)=0ffffffc
#4092   pc=00400048 cycle=4330 insn=00e686b3   x13(a3)=10000008
#4093   pc=0040004c cycle=4333 insn=0047a703   x14(a4)=00000001
#4094   pc=00400060 cycle=4333 insn=fed796e3
#4095   pc=0040004c cycle=4342 insn=0047a703
#4096   pc=00400050 cycle=4343 insn=0007a603
#4097   pc=00400054 cycle=4345 insn=00c70733
#4098   pc=00400058 cycle=4347 insn=00e7a423
#4099   pc=0040005c cycle=4347 insn=00478793   x15(a5)=10000004
#4100   pc=00400060 cycle=4347 insn=fed796e3
#4101   pc=0040004c cycle=4353 insn=0047a703
#4102   pc=00400050 cycle=4354 insn=0007a603   x12(a2)=00000001
#4103   pc=00400054 cycle=4356 insn=00c70733   x14(a4)=00000002
#4104   pc=00400058 cycle=4358 insn=00e7a423
#4105   pc=0040005c cycle=4358 insn=00478793   x15(a5)=10000008
#4106   pc=00400060 cycle=4358 insn=fed796e3
#4107   pc=00400064 cycle=4358 insn=00251513   x10(a0)=0000000c
#4108   pc=00400068 cycle=4358 insn=100007b7   x15(a5)=10000000
#4109   pc=0040006c cycle=4358 insn=00078793
#4110   pc=00400070 cycle=4358 insn=00a78533   x10(a0)=1000000c
#4111   pc=00400074 cycle=4364 insn=00052503   x10(a0)=00000002
#4112   pc=00400078 cycle=4364 insn=00008067
#4113   pc=004000b0 cycle=4366 insn=00a90933   x18(s2)=000000ba
#4114   pc=004000b4 cycle=4366 insn=00140413   x8(s0/fp)=00000004
#4115   pc=004000b8 cycle=4366 insn=0089a7b3   x15(a5)=00000000
#4116   pc=004000bc cycle=4366 insn=fff78793   x15(a5)=ffffffff
#4117   pc=004000c0 cycle=4366 insn=00f47433
#4118   pc=004000c4 cycle=4366 insn=fff48493   x9(s1)=00000001
#4119   pc=004000c8 cycle=4366 insn=fc049ee3
#4120   pc=004000a4 cycle=4367 insn=00040513   x10(a0)=00000004
#4121   pc=004000a8 cycle=4367 insn=00000097   x1(ra)=004000a8
#4122   pc=004000ac cycle=4367 insn=f6c080e7   x1(ra)=004000b0
#4123   pc=00400014 cycle=4369 insn=06050263
#4124   pc=00400018 cycle=4369 insn=00100793   x15(a5)=00000001
#4125   pc=0040001c cycle=4370 insn=04f50e63
#4126   pc=00400020 cycle=4370 insn=100007b7   x15(a5)=10000000
#4127   pc=00400024 cycle=4370 insn=00078793
#4128   pc=00400028 cycle=4371 insn=0007a023
#4129   pc=0040002c cycle=4371 insn=00100713   x14(a4)=00000001
#4130   pc=00400030 cycle=4374 insn=00e7a223
#4131   pc=00400034 cycle=4374 insn=02a75863
#4132   pc=00400038 cycle=4374 insn=100007b7
#4133   pc=0040003c cycle=4374 insn=00078793
#4134   pc=00400040 cycle=4374 insn=00251693   x13(a3)=00000010
#4135   pc=00400044 cycle=4374 insn=ffc78713   x14(a4)=0ffffffc
#4136   pc=00400048 cycle=4375 insn=00e686b3   x13(a3)=1000000c
#4137   pc=0040004c cycle=4380 insn=0047a703   x14(a4)=00000001
#4138   pc=00400050 cycle=4381 insn=0007a603   x12(a2)=00000000
#4139   pc=00400054 cycle=4383 insn=00c70733
#4140   pc=00400058 cycle=4385 insn=00e7a423
#4141   pc=0040005c cycle=4385 insn=00478793   x15(a5)=10000004
#4142   pc=00400060 cycle=4385 insn=fed796e3
#4143   pc=0040004c cycle=4391 insn=0047a703
#4144   pc=00400050 cycle=4392 insn=0007a603   x12(a2)=00000001
#4145   pc=00400054 cycle=4394 insn=00c70733   x14(a4)=00000002
#4146   pc=00400058 cycle=4396 insn=00e7a423
#4147   pc=0040005c cycle=4396 insn=00478793   x15(a5)=10000008
#4148   pc=00400060 cycle=4396 insn=fed796e3
#4149   pc=0040004c cycle=4402 insn=0047a703
#4150   pc=00400050 cycle=4403 insn=0007a603
#4151   pc=00400054 cycle=4405 insn=00c70733   x14(a4)=00000003
#4152   pc=00400058 cycle=4407 insn=00e7a423
#4153   pc=0040005c cycle=4407 insn=00478793   x15(a5)=1000000c
#4154   pc=00400060 cycle=4407 insn=fed796e3
#4155   pc=00400064 cycle=4407 insn=00251513   x10(a0)=00000010
#4156   pc=00400068 cycle=4407 insn=100007b7   x15(a5)=10000000
#4157   pc=0040006c cycle=4407 insn=00078793
#4158   pc=00400070 cycle=4407 insn=00a78533   x10(a0)=10000010
#4159   pc=00400074 cycle=4413 insn=00052503   x10(a0)=00000003
#4160   pc=00400078 cycle=4413 insn=00008067
#4161   pc=004000b0 cycle=4415 insn=00a90933   x18(s2)=000000bd
#4162   pc=004000b4 cycle=4415 insn=00140413   x8(s0/fp)=00000005
#4163   pc=004000b8 cycle=4415 insn=0089a7b3   x15(a5)=00000001
#4164   pc=004000bc cycle=4415 insn=fff78793   x15(a5)=00000000
#4165   pc=004000c0 cycle=4415 insn=00f47433   x8(s0/fp)=00000000
#4166   pc=004000c4 cycle=4415 insn=fff48493   x9(s1)=00000000
#4167   pc=004000c8 cycle=4415 insn=fc049ee3
#4168   pc=004000cc cycle=4417 insn=00090513   x10(a0)=000000bd
#4169   pc=004000d0 cycle=4419 insn=01c12083   x1(ra)=00400004
#4170   pc=004000d4 cycle=4420 insn=01812403
#4171   pc=004000d8 cycle=4421 insn=01412483
#4172   pc=004000dc cycle=4422 insn=01012903   x18(s2)=00000000
#4173   pc=004000e0 cycle=4428 insn=00c12983   x19(s3)=00000000
#4174   pc=004000e4 cycle=4428 insn=02010113   x2(sp)=7ff00000
#4175   pc=004000e8 cycle=4428 insn=00008067
#4176   pc=00400004 cycle=4432 insn=00050113   x2(sp)=000000bd
#4177   pc=00400008 cycle=4432 insn=00058193   x3(gp)=00000000
#4178   pc=0040000c cycle=4432 insn=00a00513   x10(a0)=0000000a
#4179   pc=00400010 cycle=4434 insn=00000073
