anchor  pc=00400000   x1(ra)=00000000  x2(sp)=7ff00000  x3(gp)=10000000  x4(tp)=00000000  x5(t0)=00000000  x6(t1)=00000000  x7(t2)=00000000  x8(s0/fp)=00000000  x9(s1)=00000000  x10(a0)=00000000  x11(a1)=00000000  x12(a2)=00000000  x13(a3)=00000000  x14(a4)=00000000  x15(a5)=00000000  x16(a6)=00000000  x17(a7)=00000000  x18(s2)=00000000  x19(s3)=00000000  x20(s4)=00000000  x21(s5)=00000000  x22(s6)=00000000  x23(s7)=00000000  x24(s8)=00000000  x25(s9)=00000000  x26(s10)=00000000  x27(s11)=00000000  x28(t3)=00000000  x29(t4)=00000000  x30(t5)=00000000  x31(t6)=00000000
#1      pc=00400000   x1(ra)=00400004
#2      pc=00400068   x2(sp)=7feffff0
#3      pc=0040006c
#4      pc=00400070   x10(a0)=0000000f
#5      pc=00400074   x1(ra)=00400074
#6      pc=00400078   x1(ra)=0040007c
#7      pc=00400014   x2(sp)=7fefffe0
#8      pc=00400018
#9      pc=0040001c
#10     pc=00400020
#11     pc=00400024   x8(s0/fp)=0000000f
#12     pc=00400028
#13     pc=0040002c   x15(a5)=00000001
#14     pc=00400030
#15     pc=0040004c   x10(a0)=0000000e
#16     pc=00400050   x1(ra)=00400054
#17     pc=00400014   x2(sp)=7fefffd0
#18     pc=00400018
#19     pc=0040001c
#20     pc=00400020
#21     pc=00400024   x8(s0/fp)=0000000e
#22     pc=00400028
#23     pc=0040002c
#24     pc=00400030
#25     pc=0040004c   x10(a0)=0000000d
#26     pc=00400050
#27     pc=00400014   x2(sp)=7fefffc0
#28     pc=00400018
#29     pc=0040001c
#30     pc=00400020
#31     pc=00400024   x8(s0/fp)=0000000d
#32     pc=00400028
#33     pc=0040002c
#34     pc=00400030
#35     pc=0040004c   x10(a0)=0000000c
#36     pc=00400050
#37     pc=00400014   x2(sp)=7fefffb0
#38     pc=00400018
#39     pc=0040001c
#40     pc=00400020
#41     pc=00400024   x8(s0/fp)=0000000c
#42     pc=00400028
#43     pc=0040002c
#44     pc=00400030
#45     pc=0040004c   x10(a0)=0000000b
#46     pc=00400050
#47     pc=00400014   x2(sp)=7fefffa0
#48     pc=00400018
#49     pc=0040001c
#50     pc=00400020
#51     pc=00400024   x8(s0/fp)=0000000b
#52     pc=00400028
#53     pc=0040002c
#54     pc=00400030
#55     pc=0040004c   x10(a0)=0000000a
#56     pc=00400050
#57     pc=00400014   x2(sp)=7fefff90
#58     pc=00400018
#59     pc=0040001c
#60     pc=00400020
#61     pc=00400024   x8(s0/fp)=0000000a
#62     pc=00400028
#63     pc=0040002c
#64     pc=00400030
#65     pc=0040004c   x10(a0)=00000009
#66     pc=00400050
#67     pc=00400014   x2(sp)=7fefff80
#68     pc=00400018
#69     pc=0040001c
#70     pc=00400020
#71     pc=00400024   x8(s0/fp)=00000009
#72     pc=00400028
#73     pc=0040002c
#74     pc=00400030
#75     pc=0040004c   x10(a0)=00000008
#76     pc=00400050
#77     pc=00400014   x2(sp)=7fefff70
#78     pc=00400018
#79     pc=0040001c
#80     pc=00400020
#81     pc=00400024   x8(s0/fp)=00000008
#82     pc=00400028
#83     pc=0040002c
#84     pc=00400030
#85     pc=0040004c   x10(a0)=00000007
#86     pc=00400050
#87     pc=00400014   x2(sp)=7fefff60
#88     pc=00400018
#89     pc=0040001c
#90     pc=00400020
#91     pc=00400024   x8(s0/fp)=00000007
#92     pc=00400028
#93     pc=0040002c
#94     pc=00400030
#95     pc=0040004c   x10(a0)=00000006
#96     pc=00400050
#97     pc=00400014   x2(sp)=7fefff50
#98     pc=00400018
#99     pc=0040001c
#100    pc=00400020
#101    pc=00400024   x8(s0/fp)=00000006
#102    pc=00400028
#103    pc=0040002c
#104    pc=00400030
#105    pc=0040004c   x10(a0)=00000005
#106    pc=00400050
#107    pc=00400014   x2(sp)=7fefff40
#108    pc=00400018
#109    pc=0040001c
#110    pc=00400020
#111    pc=00400024   x8(s0/fp)=00000005
#112    pc=00400028
#113    pc=0040002c
#114    pc=00400030
#115    pc=0040004c   x10(a0)=00000004
#116    pc=00400050
#117    pc=00400014   x2(sp)=7fefff30
#118    pc=00400018
#119    pc=0040001c
#120    pc=00400020
#121    pc=00400024   x8(s0/fp)=00000004
#122    pc=00400028
#123    pc=0040002c
#124    pc=00400030
#125    pc=0040004c   x10(a0)=00000003
#126    pc=00400050
#127    pc=00400014   x2(sp)=7fefff20
#128    pc=00400018
#129    pc=0040001c
#130    pc=00400020
#131    pc=00400024   x8(s0/fp)=00000003
#132    pc=00400028
#133    pc=0040002c
#134    pc=00400030
#135    pc=0040004c   x10(a0)=00000002
#136    pc=00400050
#137    pc=00400014   x2(sp)=7fefff10
#138    pc=00400018
#139    pc=0040001c
#140    pc=00400020
#141    pc=00400024   x8(s0/fp)=00000002
#142    pc=00400028
#143    pc=0040002c
#144    pc=00400030
#145    pc=0040004c   x10(a0)=00000001
#146    pc=00400050
#147    pc=00400014   x2(sp)=7fefff00
#148    pc=00400018
#149    pc=0040001c
#150    pc=00400020
#151    pc=00400024   x8(s0/fp)=00000001
#152    pc=00400028
#153    pc=0040002c
#154    pc=00400030
#155    pc=00400034
#156    pc=00400038
#157    pc=0040003c   x8(s0/fp)=00000002
#158    pc=00400040
#159    pc=00400044   x2(sp)=7fefff10
#160    pc=00400048
#161    pc=00400054   x9(s1)=00000001
#162    pc=00400058   x10(a0)=00000000
#163    pc=0040005c   x1(ra)=00400060
#164    pc=00400014   x2(sp)=7fefff00
#165    pc=00400018
#166    pc=0040001c
#167    pc=00400020
#168    pc=00400024   x8(s0/fp)=00000000
#169    pc=00400028
#170    pc=00400034
#171    pc=00400038
#172    pc=0040003c   x8(s0/fp)=00000002
#173    pc=00400040
#174    pc=00400044   x2(sp)=7fefff10
#175    pc=00400048
#176    pc=00400060   x8(s0/fp)=00000001
#177    pc=00400064
#178    pc=00400034   x10(a0)=00000001
#179    pc=00400038   x1(ra)=00400054
#180    pc=0040003c   x8(s0/fp)=00000003
#181    pc=00400040   x9(s1)=00000000
#182    pc=00400044   x2(sp)=7fefff20
#183    pc=00400048
#184    pc=00400054   x9(s1)=00000001
#185    pc=00400058
#186    pc=0040005c   x1(ra)=00400060
#187    pc=00400014   x2(sp)=7fefff10
#188    pc=00400018
#189    pc=0040001c
#190    pc=00400020
#191    pc=00400024   x8(s0/fp)=00000001
#192    pc=00400028
#193    pc=0040002c
#194    pc=00400030
#195    pc=00400034
#196    pc=00400038

#197    pc=0040003c   x8(s0/fp)=00000003
#198    pc=00400040
#199    pc=00400044   x2(sp)=7fefff20

#200    pc=00400048
#201    pc=00400060   x8(s0/fp)=00000002
#202    pc=00400064
#203    pc=00400034   x10(a0)=00000002
#204    pc=00400038   x1(ra)=00400054
#205    pc=0040003c   x8(s0/fp)=00000004
#206    pc=00400040   x9(s1)=00000000
#207    pc=00400044   x2(sp)=7fefff30
#208    pc=00400048
#209    pc=00400054   x9(s1)=00000002
#210    pc=00400058
#211    pc=0040005c   x1(ra)=00400060
#212    pc=00400014   x2(sp)=7fefff20
#213    pc=00400018
#214    pc=0040001c
#215    pc=00400020
#216    pc=00400024   x8(s0/fp)=00000002
#217    pc=00400028
#218    pc=0040002c
#219    pc=00400030
#220    pc=0040004c   x10(a0)=00000001
#221    pc=00400050   x1(ra)=00400054
#222    pc=00400014   x2(sp)=7fefff10
#223    pc=00400018
#224    pc=0040001c
#225    pc=00400020
#226    pc=00400024   x8(s0/fp)=00000001
#227    pc=00400028
#228    pc=0040002c
#229    pc=00400030
#230    pc=00400034
#231    pc=00400038
#232    pc=0040003c   x8(s0/fp)=00000002
#233    pc=00400040
#234    pc=00400044   x2(sp)=7fefff20
#235    pc=00400048
#236    pc=00400054   x9(s1)=00000001
#237    pc=00400058   x10(a0)=00000000
#238    pc=0040005c   x1(ra)=00400060
#239    pc=00400014   x2(sp)=7fefff10
#240    pc=00400018
#241    pc=0040001c
#242    pc=00400020
#243    pc=00400024   x8(s0/fp)=00000000
#244    pc=00400028
#245    pc=00400034
#246    pc=00400038
#247    pc=0040003c   x8(s0/fp)=00000002
#248    pc=00400040
#249    pc=00400044   x2(sp)=7fefff20
#250    pc=00400048
#251    pc=00400060   x8(s0/fp)=00000001
#252    pc=00400064
#253    pc=00400034   x10(a0)=00000001
#254    pc=00400038
#255    pc=0040003c   x8(s0/fp)=00000004
#256    pc=00400040   x9(s1)=00000002
#257    pc=00400044   x2(sp)=7fefff30
#258    pc=00400048
#259    pc=00400060   x8(s0/fp)=00000003
#260    pc=00400064
#261    pc=00400034   x10(a0)=00000003
#262    pc=00400038   x1(ra)=00400054
#263    pc=0040003c   x8(s0/fp)=00000005
#264    pc=00400040   x9(s1)=00000000
#265    pc=00400044   x2(sp)=7fefff40
#266    pc=00400048
#267    pc=00400054   x9(s1)=00000003
#268    pc=00400058
#269    pc=0040005c   x1(ra)=00400060
#270    pc=00400014   x2(sp)=7fefff30
#271    pc=00400018
#272    pc=0040001c
#273    pc=00400020
#274    pc=00400024   x8(s0/fp)=00000003
#275    pc=00400028
#276    pc=0040002c
#277    pc=00400030
#278    pc=0040004c   x10(a0)=00000002
#279    pc=00400050   x1(ra)=00400054
#280    pc=00400014   x2(sp)=7fefff20
#281    pc=00400018
#282    pc=0040001c
#283    pc=00400020
#284    pc=00400024   x8(s0/fp)=00000002
#285    pc=00400028
#286    pc=0040002c
#287    pc=00400030
#288    pc=0040004c   x10(a0)=00000001
#289    pc=00400050
#290    pc=00400014   x2(sp)=7fefff10
#291    pc=00400018
#292    pc=0040001c
#293    pc=00400020
#294    pc=00400024   x8(s0/fp)=00000001
#295    pc=00400028
#296    pc=0040002c
#297    pc=00400030
#298    pc=00400034
#299    pc=00400038
#300    pc=0040003c   x8(s0/fp)=00000002
#301    pc=00400040
#302    pc=00400044   x2(sp)=7fefff20
#303    pc=00400048
#304    pc=00400054   x9(s1)=00000001
#305    pc=00400058   x10(a0)=00000000
#306    pc=0040005c   x1(ra)=00400060
#307    pc=00400014   x2(sp)=7fefff10
#308    pc=00400018
#309    pc=0040001c
#310    pc=00400020
#311    pc=00400024   x8(s0/fp)=00000000
#312    pc=00400028
#313    pc=00400034
#314    pc=00400038
#315    pc=0040003c   x8(s0/fp)=00000002
#316    pc=00400040
#317    pc=00400044   x2(sp)=7fefff20
#318    pc=00400048
#319    pc=00400060   x8(s0/fp)=00000001
#320    pc=00400064
#321    pc=00400034   x10(a0)=00000001
#322    pc=00400038   x1(ra)=00400054
#323    pc=0040003c   x8(s0/fp)=00000003
#324    pc=00400040   x9(s1)=00000003
#325    pc=00400044   x2(sp)=7fefff30
#326    pc=00400048
#327    pc=00400054   x9(s1)=00000001
#328    pc=00400058
#329    pc=0040005c   x1(ra)=00400060
#330    pc=00400014   x2(sp)=7fefff20
#331    pc=00400018
#332    pc=0040001c
#333    pc=00400020
#334    pc=00400024   x8(s0/fp)=00000001
#335    pc=00400028
#336    pc=0040002c
#337    pc=00400030
#338    pc=00400034
#339    pc=00400038
#340    pc=0040003c   x8(s0/fp)=00000003
#341    pc=00400040
#342    pc=00400044   x2(sp)=7fefff30
#343    pc=00400048
#344    pc=00400060   x8(s0/fp)=00000002
#345    pc=00400064
#346    pc=00400034   x10(a0)=00000002
#347    pc=00400038
#348    pc=0040003c   x8(s0/fp)=00000005
#349    pc=00400040   x9(s1)=00000003
#350    pc=00400044   x2(sp)=7fefff40
#351    pc=00400048
#352    pc=00400060
#353    pc=00400064
#354    pc=00400034   x10(a0)=00000005
#355    pc=00400038   x1(ra)=00400054
#356    pc=0040003c   x8(s0/fp)=00000006
#357    pc=00400040   x9(s1)=00000000
#358    pc=00400044   x2(sp)=7fefff50
#359    pc=00400048
#360    pc=00400054   x9(s1)=00000005
#361    pc=00400058   x10(a0)=00000004
#362    pc=0040005c   x1(ra)=00400060
#363    pc=00400014   x2(sp)=7fefff40
#364    pc=00400018
#365    pc=0040001c
#366    pc=00400020
#367    pc=00400024   x8(s0/fp)=00000004
#368    pc=00400028
#369    pc=0040002c
#370    pc=00400030
#371    pc=0040004c   x10(a0)=00000003
#372    pc=00400050   x1(ra)=00400054
#373    pc=00400014   x2(sp)=7fefff30
#374    pc=00400018
#375    pc=0040001c
#376    pc=00400020
#377    pc=00400024   x8(s0/fp)=00000003
#378    pc=00400028
#379    pc=0040002c
#380    pc=00400030
#381    pc=0040004c   x10(a0)=00000002
#382    pc=00400050
#383    pc=00400014   x2(sp)=7fefff20
#384    pc=00400018
#385    pc=0040001c
#386    pc=00400020
#387    pc=00400024   x8(s0/fp)=00000002
#388    pc=00400028
#389    pc=0040002c
#390    pc=00400030
#391    pc=0040004c   x10(a0)=00000001
#392    pc=00400050
#393    pc=00400014   x2(sp)=7fefff10
#394    pc=00400018
#395    pc=0040001c
#396    pc=00400020
#397    pc=00400024   x8(s0/fp)=00000001
#398    pc=00400028
#399    pc=0040002c
#400    pc=00400030
#401    pc=00400034
#402    pc=00400038
#403    pc=0040003c   x8(s0/fp)=00000002
#404    pc=00400040
#405    pc=00400044   x2(sp)=7fefff20
#406    pc=00400048
#407    pc=00400054   x9(s1)=00000001
#408    pc=00400058   x10(a0)=00000000
#409    pc=0040005c   x1(ra)=00400060
#410    pc=00400014   x2(sp)=7fefff10
#411    pc=00400018
#412    pc=0040001c
#413    pc=00400020
#414    pc=00400024   x8(s0/fp)=00000000
#415    pc=00400028
#416    pc=00400034
#417    pc=00400038
#418    pc=0040003c   x8(s0/fp)=00000002
#419    pc=00400040
#420    pc=00400044   x2(sp)=7fefff20
#421    pc=00400048
#422    pc=00400060   x8(s0/fp)=00000001
#423    pc=00400064
#424    pc=00400034   x10(a0)=00000001
#425    pc=00400038   x1(ra)=00400054
#426    pc=0040003c   x8(s0/fp)=00000003
#427    pc=00400040   x9(s1)=00000005
#428    pc=00400044   x2(sp)=7fefff30
#429    pc=00400048
#430    pc=00400054   x9(s1)=00000001
#431    pc=00400058
#432    pc=0040005c   x1(ra)=00400060
#433    pc=00400014   x2(sp)=7fefff20
#434    pc=00400018
#435    pc=0040001c
#436    pc=00400020
#437    pc=00400024   x8(s0/fp)=00000001
#438    pc=00400028
#439    pc=0040002c
#440    pc=00400030
#441    pc=00400034
#442    pc=00400038
#443    pc=0040003c   x8(s0/fp)=00000003
#444    pc=00400040
#445    pc=00400044   x2(sp)=7fefff30
#446    pc=00400048
#447    pc=00400060   x8(s0/fp)=00000002
#448    pc=00400064
#449    pc=00400034   x10(a0)=00000002
#450    pc=00400038   x1(ra)=00400054
#451    pc=0040003c   x8(s0/fp)=00000004
#452    pc=00400040   x9(s1)=00000005
#453    pc=00400044   x2(sp)=7fefff40
#454    pc=00400048
#455    pc=00400054   x9(s1)=00000002
#456    pc=00400058
#457    pc=0040005c   x1(ra)=00400060
#458    pc=00400014   x2(sp)=7fefff30
#459    pc=00400018
#460    pc=0040001c
#461    pc=00400020
#462    pc=00400024   x8(s0/fp)=00000002
#463    pc=00400028
#464    pc=0040002c
#465    pc=00400030
#466    pc=0040004c   x10(a0)=00000001
#467    pc=00400050   x1(ra)=00400054
#468    pc=00400014   x2(sp)=7fefff20
#469    pc=00400018
#470    pc=0040001c
#471    pc=00400020
#472    pc=00400024   x8(s0/fp)=00000001
#473    pc=00400028
#474    pc=0040002c
#475    pc=00400030
#476    pc=00400034
#477    pc=00400038
#478    pc=0040003c   x8(s0/fp)=00000002
#479    pc=00400040
#480    pc=00400044   x2(sp)=7fefff30
#481    pc=00400048
#482    pc=00400054   x9(s1)=00000001
#483    pc=00400058   x10(a0)=00000000
#484    pc=0040005c   x1(ra)=00400060
#485    pc=00400014   x2(sp)=7fefff20
#486    pc=00400018
#487    pc=0040001c
#488    pc=00400020
#489    pc=00400024   x8(s0/fp)=00000000
#490    pc=00400028
#491    pc=00400034
#492    pc=00400038
#493    pc=0040003c   x8(s0/fp)=00000002
#494    pc=00400040
#495    pc=00400044   x2(sp)=7fefff30
#496    pc=00400048
#497    pc=00400060   x8(s0/fp)=00000001
#498    pc=00400064
#499    pc=00400034   x10(a0)=00000001
#500    pc=00400038
#501    pc=0040003c   x8(s0/fp)=00000004
#502    pc=00400040   x9(s1)=00000002
#503    pc=00400044   x2(sp)=7fefff40
#504    pc=00400048
#505    pc=00400060   x8(s0/fp)=00000003
#506    pc=00400064
#507    pc=00400034   x10(a0)=00000003
#508    pc=00400038
#509    pc=0040003c   x8(s0/fp)=00000006
#510    pc=00400040   x9(s1)=00000005
#511    pc=00400044   x2(sp)=7fefff50
#512    pc=00400048
#513    pc=00400060   x8(s0/fp)=00000008
#514    pc=00400064
#515    pc=00400034   x10(a0)=00000008
#516    pc=00400038   x1(ra)=00400054
#517    pc=0040003c   x8(s0/fp)=00000007
#518    pc=00400040   x9(s1)=00000000
#519    pc=00400044   x2(sp)=7fefff60
#520    pc=00400048
#521    pc=00400054   x9(s1)=00000008
#522    pc=00400058   x10(a0)=00000005
#523    pc=0040005c   x1(ra)=00400060
#524    pc=00400014   x2(sp)=7fefff50
#525    pc=00400018
#526    pc=0040001c
#527    pc=00400020
#528    pc=00400024   x8(s0/fp)=00000005
#529    pc=00400028
#530    pc=0040002c
#531    pc=00400030
#532    pc=0040004c   x10(a0)=00000004
#533    pc=00400050   x1(ra)=00400054
#534    pc=00400014   x2(sp)=7fefff40
#535    pc=00400018
#536    pc=0040001c
#537    pc=00400020
#538    pc=00400024   x8(s0/fp)=00000004
#539    pc=00400028
#540    pc=0040002c
#541    pc=00400030
#542    pc=0040004c   x10(a0)=00000003
#543    pc=00400050
#544    pc=00400014   x2(sp)=7fefff30
#545    pc=00400018
#546    pc=0040001c
#547    pc=00400020
#548    pc=00400024   x8(s0/fp)=00000003
#549    pc=00400028
#550    pc=0040002c
#551    pc=00400030
#552    pc=0040004c   x10(a0)=00000002
#553    pc=00400050
#554    pc=00400014   x2(sp)=7fefff20
#555    pc=00400018
#556    pc=0040001c
#557    pc=00400020
#558    pc=00400024   x8(s0/fp)=00000002
#559    pc=00400028
#560    pc=0040002c
#561    pc=00400030
#562    pc=0040004c   x10(a0)=00000001
#563    pc=00400050
#564    pc=00400014   x2(sp)=7fefff10
#565    pc=00400018
#566    pc=0040001c
#567    pc=00400020
#568    pc=00400024   x8(s0/fp)=00000001
#569    pc=00400028
#570    pc=0040002c
#571    pc=00400030
#572    pc=00400034
#573    pc=00400038
#574    pc=0040003c   x8(s0/fp)=00000002
#575    pc=00400040
#576    pc=00400044   x2(sp)=7fefff20
#577    pc=00400048
#578    pc=00400054   x9(s1)=00000001
#579    pc=00400058   x10(a0)=00000000
#580    pc=0040005c   x1(ra)=00400060
#581    pc=00400014   x2(sp)=7fefff10
#582    pc=00400018
#583    pc=0040001c
#584    pc=00400020
#585    pc=00400024   x8(s0/fp)=00000000
#586    pc=00400028
#587    pc=00400034
#588    pc=00400038
#589    pc=0040003c   x8(s0/fp)=00000002
#590    pc=00400040
#591    pc=00400044   x2(sp)=7fefff20
#592    pc=00400048
#593    pc=00400060   x8(s0/fp)=00000001
#594    pc=00400064
#595    pc=00400034   x10(a0)=00000001
#596    pc=00400038   x1(ra)=00400054
#597    pc=0040003c   x8(s0/fp)=00000003
#598    pc=00400040   x9(s1)=00000008
#599    pc=00400044   x2(sp)=7fefff30
#600    pc=00400048
#601    pc=00400054   x9(s1)=00000001
#602    pc=00400058
#603    pc=0040005c   x1(ra)=00400060
#604    pc=00400014   x2(sp)=7fefff20
#605    pc=00400018
#606    pc=0040001c
#607    pc=00400020
#608    pc=00400024   x8(s0/fp)=00000001
#609    pc=00400028
#610    pc=0040002c
#611    pc=00400030
#612    pc=00400034
#613    pc=00400038
#614    pc=0040003c   x8(s0/fp)=00000003
#615    pc=00400040
#616    pc=00400044   x2(sp)=7fefff30
#617    pc=00400048
#618    pc=00400060   x8(s0/fp)=00000002
#619    pc=00400064
#620    pc=00400034   x10(a0)=00000002
#621    pc=00400038   x1(ra)=00400054
#622    pc=0040003c   x8(s0/fp)=00000004
#623    pc=00400040   x9(s1)=00000008
#624    pc=00400044   x2(sp)=7fefff40
#625    pc=00400048
#626    pc=00400054   x9(s1)=00000002
#627    pc=00400058
#628    pc=0040005c   x1(ra)=00400060
#629    pc=00400014   x2(sp)=7fefff30
#630    pc=00400018
#631    pc=0040001c
#632    pc=00400020
#633    pc=00400024   x8(s0/fp)=00000002
#634    pc=00400028
#635    pc=0040002c
#636    pc=00400030
#637    pc=0040004c   x10(a0)=00000001
#638    pc=00400050   x1(ra)=00400054
#639    pc=00400014   x2(sp)=7fefff20
#640    pc=00400018
#641    pc=0040001c
#642    pc=00400020
#643    pc=00400024   x8(s0/fp)=00000001
#644    pc=00400028
#645    pc=0040002c
#646    pc=00400030
#647    pc=00400034
#648    pc=00400038
#649    pc=0040003c   x8(s0/fp)=00000002
#650    pc=00400040
#651    pc=00400044   x2(sp)=7fefff30
#652    pc=00400048
#653    pc=00400054   x9(s1)=00000001
#654    pc=00400058   x10(a0)=00000000
#655    pc=0040005c   x1(ra)=00400060
#656    pc=00400014   x2(sp)=7fefff20
#657    pc=00400018
#658    pc=0040001c
#659    pc=00400020
#660    pc=00400024   x8(s0/fp)=00000000
#661    pc=00400028
#662    pc=00400034
#663    pc=00400038
#664    pc=0040003c   x8(s0/fp)=00000002
#665    pc=00400040
#666    pc=00400044   x2(sp)=7fefff30
#667    pc=00400048
#668    pc=00400060   x8(s0/fp)=00000001
#669    pc=00400064
#670    pc=00400034   x10(a0)=00000001
#671    pc=00400038
#672    pc=0040003c   x8(s0/fp)=00000004
#673    pc=00400040   x9(s1)=00000002
#674    pc=00400044   x2(sp)=7fefff40
#675    pc=00400048
#676    pc=00400060   x8(s0/fp)=00000003
#677    pc=00400064
#678    pc=00400034   x10(a0)=00000003
#679    pc=00400038   x1(ra)=00400054
#680    pc=0040003c   x8(s0/fp)=00000005
#681    pc=00400040   x9(s1)=00000008
#682    pc=00400044   x2(sp)=7fefff50
#683    pc=00400048
#684    pc=00400054   x9(s1)=00000003
#685    pc=00400058
#686    pc=0040005c   x1(ra)=00400060
#687    pc=00400014   x2(sp)=7fefff40
#688    pc=00400018
#689    pc=0040001c
#690    pc=00400020
#691    pc=00400024   x8(s0/fp)=00000003
#692    pc=00400028
#693    pc=0040002c
#694    pc=00400030
#695    pc=0040004c   x10(a0)=00000002
#696    pc=00400050   x1(ra)=00400054
#697    pc=00400014   x2(sp)=7fefff30
#698    pc=00400018
#699    pc=0040001c
#700    pc=00400020
#701    pc=00400024   x8(s0/fp)=00000002
#702    pc=00400028
#703    pc=0040002c
#704    pc=00400030
#705    pc=0040004c   x10(a0)=00000001
#706    pc=00400050
#707    pc=00400014   x2(sp)=7fefff20
#708    pc=00400018
#709    pc=0040001c
#710    pc=00400020
#711    pc=00400024   x8(s0/fp)=00000001
#712    pc=00400028
#713    pc=0040002c
#714    pc=00400030
#715    pc=00400034
#716    pc=00400038
#717    pc=0040003c   x8(s0/fp)=00000002
#718    pc=00400040
#719    pc=00400044   x2(sp)=7fefff30
#720    pc=00400048
#721    pc=00400054   x9(s1)=00000001
#722    pc=00400058   x10(a0)=00000000
#723    pc=0040005c   x1(ra)=00400060
#724    pc=00400014   x2(sp)=7fefff20
#725    pc=00400018
#726    pc=0040001c
#727    pc=00400020
#728    pc=00400024   x8(s0/fp)=00000000
#729    pc=00400028
#730    pc=00400034
#731    pc=00400038
#732    pc=0040003c   x8(s0/fp)=00000002
#733    pc=00400040
#734    pc=00400044   x2(sp)=7fefff30
#735    pc=00400048
#736    pc=00400060   x8(s0/fp)=00000001
#737    pc=00400064
#738    pc=00400034   x10(a0)=00000001
#739    pc=00400038   x1(ra)=00400054
#740    pc=0040003c   x8(s0/fp)=00000003
#741    pc=00400040   x9(s1)=00000003
#742    pc=00400044   x2(sp)=7fefff40
#743    pc=00400048
#744    pc=00400054   x9(s1)=00000001
#745    pc=00400058
#746    pc=0040005c   x1(ra)=00400060
#747    pc=00400014   x2(sp)=7fefff30
#748    pc=00400018
#749    pc=0040001c
#750    pc=00400020
#751    pc=00400024   x8(s0/fp)=00000001
#752    pc=00400028
#753    pc=0040002c
#754    pc=00400030
#755    pc=00400034
#756    pc=00400038
#757    pc=0040003c   x8(s0/fp)=00000003
#758    pc=00400040
#759    pc=00400044   x2(sp)=7fefff40
#760    pc=00400048
#761    pc=00400060   x8(s0/fp)=00000002
#762    pc=00400064
#763    pc=00400034   x10(a0)=00000002
#764    pc=00400038
#765    pc=0040003c   x8(s0/fp)=00000005
#766    pc=00400040   x9(s1)=00000003
#767    pc=00400044   x2(sp)=7fefff50
#768    pc=00400048
#769    pc=00400060
#770    pc=00400064
#771    pc=00400034   x10(a0)=00000005
#772    pc=00400038
#773    pc=0040003c   x8(s0/fp)=00000007
#774    pc=00400040   x9(s1)=00000008
#775    pc=00400044   x2(sp)=7fefff60
#776    pc=00400048
#777    pc=00400060   x8(s0/fp)=0000000d
#778    pc=00400064
#779    pc=00400034   x10(a0)=0000000d
#780    pc=00400038   x1(ra)=00400054
#781    pc=0040003c   x8(s0/fp)=00000008
#782    pc=00400040   x9(s1)=00000000
#783    pc=00400044   x2(sp)=7fefff70
#784    pc=00400048
#785    pc=00400054   x9(s1)=0000000d
#786    pc=00400058   x10(a0)=00000006
#787    pc=0040005c   x1(ra)=00400060
#788    pc=00400014   x2(sp)=7fefff60
#789    pc=00400018
#790    pc=0040001c
#791    pc=00400020
#792    pc=00400024   x8(s0/fp)=00000006
#793    pc=00400028
#794    pc=0040002c
#795    pc=00400030
#796    pc=0040004c   x10(a0)=00000005
#797    pc=00400050   x1(ra)=00400054
#798    pc=00400014   x2(sp)=7fefff50
#799    pc=00400018
#800    pc=0040001c
#801    pc=00400020
#802    pc=00400024   x8(s0/fp)=00000005
#803    pc=00400028
#804    pc=0040002c
#805    pc=00400030
#806    pc=0040004c   x10(a0)=00000004
#807    pc=00400050
#808    pc=00400014   x2(sp)=7fefff40
#809    pc=00400018
#810    pc=0040001c
#811    pc=00400020
#812    pc=00400024   x8(s0/fp)=00000004
#813    pc=00400028
#814    pc=0040002c
#815    pc=00400030
#816    pc=0040004c   x10(a0)=00000003
#817    pc=00400050
#818    pc=00400014   x2(sp)=7fefff30
#819    pc=00400018
#820    pc=0040001c
#821    pc=00400020
#822    pc=00400024   x8(s0/fp)=00000003
#823    pc=00400028
#824    pc=0040002c
#825    pc=00400030
#826    pc=0040004c   x10(a0)=00000002
#827    pc=00400050
#828    pc=00400014   x2(sp)=7fefff20
#829    pc=00400018
#830    pc=0040001c
#831    pc=00400020
#832    pc=00400024   x8(s0/fp)=00000002
#833    pc=00400028
#834    pc=0040002c
#835    pc=00400030
#836    pc=0040004c   x10(a0)=00000001
#837    pc=00400050
#838    pc=00400014   x2(sp)=7fefff10
#839    pc=00400018
#840    pc=0040001c
#841    pc=00400020
#842    pc=00400024   x8(s0/fp)=00000001
#843    pc=00400028
#844    pc=0040002c
#845    pc=00400030
#846    pc=00400034
#847    pc=00400038
#848    pc=0040003c   x8(s0/fp)=00000002
#849    pc=00400040
#850    pc=00400044   x2(sp)=7fefff20
#851    pc=00400048
#852    pc=00400054   x9(s1)=00000001
#853    pc=00400058   x10(a0)=00000000
#854    pc=0040005c   x1(ra)=00400060
#855    pc=00400014   x2(sp)=7fefff10
#856    pc=00400018
#857    pc=0040001c
#858    pc=00400020
#859    pc=00400024   x8(s0/fp)=00000000
#860    pc=00400028
#861    pc=00400034
#862    pc=00400038
#863    pc=0040003c   x8(s0/fp)=00000002
#864    pc=00400040
#865    pc=00400044   x2(sp)=7fefff20
#866    pc=00400048
#867    pc=00400060   x8(s0/fp)=00000001
#868    pc=00400064
#869    pc=00400034   x10(a0)=00000001
#870    pc=00400038   x1(ra)=00400054
#871    pc=0040003c   x8(s0/fp)=00000003
#872    pc=00400040   x9(s1)=0000000d
#873    pc=00400044   x2(sp)=7fefff30
#874    pc=00400048
#875    pc=00400054   x9(s1)=00000001
#876    pc=00400058
#877    pc=0040005c   x1(ra)=00400060
#878    pc=00400014   x2(sp)=7fefff20
#879    pc=00400018
#880    pc=0040001c
#881    pc=00400020
#882    pc=00400024   x8(s0/fp)=00000001
#883    pc=00400028
#884    pc=0040002c
#885    pc=00400030
#886    pc=00400034
#887    pc=00400038
#888    pc=0040003c   x8(s0/fp)=00000003
#889    pc=00400040
#890    pc=00400044   x2(sp)=7fefff30
#891    pc=00400048
#892    pc=00400060   x8(s0/fp)=00000002
#893    pc=00400064
#894    pc=00400034   x10(a0)=00000002
#895    pc=00400038   x1(ra)=00400054
#896    pc=0040003c   x8(s0/fp)=00000004
#897    pc=00400040   x9(s1)=0000000d
#898    pc=00400044   x2(sp)=7fefff40
#899    pc=00400048
#900    pc=00400054   x9(s1)=00000002
#901    pc=00400058
#902    pc=0040005c   x1(ra)=00400060
#903    pc=00400014   x2(sp)=7fefff30
#904    pc=00400018
#905    pc=0040001c
#906    pc=00400020
#907    pc=00400024   x8(s0/fp)=00000002
#908    pc=00400028
#909    pc=0040002c
#910    pc=00400030
#911    pc=0040004c   x10(a0)=00000001
#912    pc=00400050   x1(ra)=00400054
#913    pc=00400014   x2(sp)=7fefff20
#914    pc=00400018
#915    pc=0040001c
#916    pc=00400020
#917    pc=00400024   x8(s0/fp)=00000001
#918    pc=00400028
#919    pc=0040002c
#920    pc=00400030
#921    pc=00400034
#922    pc=00400038
#923    pc=0040003c   x8(s0/fp)=00000002
#924    pc=00400040
#925    pc=00400044   x2(sp)=7fefff30
#926    pc=00400048
#927    pc=00400054   x9(s1)=00000001
#928    pc=00400058   x10(a0)=00000000
#929    pc=0040005c   x1(ra)=00400060
#930    pc=00400014   x2(sp)=7fefff20
#931    pc=00400018
#932    pc=0040001c
#933    pc=00400020
#934    pc=00400024   x8(s0/fp)=00000000
#935    pc=00400028
#936    pc=00400034
#937    pc=00400038
#938    pc=0040003c   x8(s0/fp)=00000002
#939    pc=00400040
#940    pc=00400044   x2(sp)=7fefff30
#941    pc=00400048
#942    pc=00400060   x8(s0/fp)=00000001
#943    pc=00400064
#944    pc=00400034   x10(a0)=00000001
#945    pc=00400038
#946    pc=0040003c   x8(s0/fp)=00000004
#947    pc=00400040   x9(s1)=00000002
#948    pc=00400044   x2(sp)=7fefff40
#949    pc=00400048
#950    pc=00400060   x8(s0/fp)=00000003
#951    pc=00400064
#952    pc=00400034   x10(a0)=00000003
#953    pc=00400038   x1(ra)=00400054
#954    pc=0040003c   x8(s0/fp)=00000005
#955    pc=00400040   x9(s1)=0000000d
#956    pc=00400044   x2(sp)=7fefff50
#957    pc=00400048
#958    pc=00400054   x9(s1)=00000003
#959    pc=00400058
#960    pc=0040005c   x1(ra)=00400060
#961    pc=00400014   x2(sp)=7fefff40
#962    pc=00400018
#963    pc=0040001c
#964    pc=00400020
#965    pc=00400024   x8(s0/fp)=00000003
#966    pc=00400028
#967    pc=0040002c
#968    pc=00400030
#969    pc=0040004c   x10(a0)=00000002
#970    pc=00400050   x1(ra)=00400054
#971    pc=00400014   x2(sp)=7fefff30
#972    pc=00400018
#973    pc=0040001c
#974    pc=00400020
#975    pc=00400024   x8(s0/fp)=00000002
#976    pc=00400028
#977    pc=0040002c
#978    pc=00400030
#979    pc=0040004c   x10(a0)=00000001
#980    pc=00400050
#981    pc=00400014   x2(sp)=7fefff20
#982    pc=00400018
#983    pc=0040001c
#984    pc=00400020
#985    pc=00400024   x8(s0/fp)=00000001
#986    pc=00400028
#987    pc=0040002c
#988    pc=00400030
#989    pc=00400034
#990    pc=00400038
#991    pc=0040003c   x8(s0/fp)=00000002
#992    pc=00400040
#993    pc=00400044   x2(sp)=7fefff30
#994    pc=00400048
#995    pc=00400054   x9(s1)=00000001
#996    pc=00400058   x10(a0)=00000000
#997    pc=0040005c   x1(ra)=00400060
#998    pc=00400014   x2(sp)=7fefff20
#999    pc=00400018
#1000   pc=0040001c
#1001   pc=00400020
#1002   pc=00400024   x8(s0/fp)=00000000
#1003   pc=00400028
#1004   pc=00400034
#1005   pc=00400038
#1006   pc=0040003c   x8(s0/fp)=00000002
#1007   pc=00400040
#1008   pc=00400044   x2(sp)=7fefff30
#1009   pc=00400048
#1010   pc=00400060   x8(s0/fp)=00000001
#1011   pc=00400064
#1012   pc=00400034   x10(a0)=00000001
#1013   pc=00400038   x1(ra)=00400054
#1014   pc=0040003c   x8(s0/fp)=00000003
#1015   pc=00400040   x9(s1)=00000003
#1016   pc=00400044   x2(sp)=7fefff40
#1017   pc=00400048
#1018   pc=00400054   x9(s1)=00000001
#1019   pc=00400058
#1020   pc=0040005c   x1(ra)=00400060
#1021   pc=00400014   x2(sp)=7fefff30
#1022   pc=00400018
#1023   pc=0040001c
#1024   pc=00400020
#1025   pc=00400024   x8(s0/fp)=00000001
#1026   pc=00400028
#1027   pc=0040002c
#1028   pc=00400030
#1029   pc=00400034
#1030   pc=00400038
#1031   pc=0040003c   x8(s0/fp)=00000003
#1032   pc=00400040
#1033   pc=00400044   x2(sp)=7fefff40
#1034   pc=00400048
#1035   pc=00400060   x8(s0/fp)=00000002
#1036   pc=00400064
#1037   pc=00400034   x10(a0)=00000002
#1038   pc=00400038
#1039   pc=0040003c   x8(s0/fp)=00000005
#1040   pc=00400040   x9(s1)=00000003
#1041   pc=00400044   x2(sp)=7fefff50
#1042   pc=00400048
#1043   pc=00400060
#1044   pc=00400064
#1045   pc=00400034   x10(a0)=00000005
#1046   pc=00400038   x1(ra)=00400054
#1047   pc=0040003c   x8(s0/fp)=00000006
#1048   pc=00400040   x9(s1)=0000000d
#1049   pc=00400044   x2(sp)=7fefff60
#1050   pc=00400048
#1051   pc=00400054   x9(s1)=00000005
#1052   pc=00400058   x10(a0)=00000004
#1053   pc=0040005c   x1(ra)=00400060
#1054   pc=00400014   x2(sp)=7fefff50
#1055   pc=00400018
#1056   pc=0040001c
#1057   pc=00400020
#1058   pc=00400024   x8(s0/fp)=00000004
#1059   pc=00400028
#1060   pc=0040002c
#1061   pc=00400030
#1062   pc=0040004c   x10(a0)=00000003
#1063   pc=00400050   x1(ra)=00400054
#1064   pc=00400014   x2(sp)=7fefff40
#1065   pc=00400018
#1066   pc=0040001c
#1067   pc=00400020
#1068   pc=00400024   x8(s0/fp)=00000003
#1069   pc=00400028
#1070   pc=0040002c
#1071   pc=00400030
#1072   pc=0040004c   x10(a0)=00000002
#1073   pc=00400050
#1074   pc=00400014   x2(sp)=7fefff30
#1075   pc=00400018
#1076   pc=0040001c
#1077   pc=00400020
#1078   pc=00400024   x8(s0/fp)=00000002
#1079   pc=00400028
#1080   pc=0040002c
#1081   pc=00400030
#1082   pc=0040004c   x10(a0)=00000001
#1083   pc=00400050
#1084   pc=00400014   x2(sp)=7fefff20
#1085   pc=00400018
#1086   pc=0040001c
#1087   pc=00400020
#1088   pc=00400024   x8(s0/fp)=00000001
#1089   pc=00400028
#1090   pc=0040002c
#1091   pc=00400030
#1092   pc=00400034
#1093   pc=00400038
#1094   pc=0040003c   x8(s0/fp)=00000002
#1095   pc=00400040
#1096   pc=00400044   x2(sp)=7fefff30
#1097   pc=00400048
#1098   pc=00400054   x9(s1)=00000001
#1099   pc=00400058   x10(a0)=00000000
#1100   pc=0040005c   x1(ra)=00400060
#1101   pc=00400014   x2(sp)=7fefff20
#1102   pc=00400018
#1103   pc=0040001c
#1104   pc=00400020
#1105   pc=00400024   x8(s0/fp)=00000000
#1106   pc=00400028
#1107   pc=00400034
#1108   pc=00400038
#1109   pc=0040003c   x8(s0/fp)=00000002
#1110   pc=00400040
#1111   pc=00400044   x2(sp)=7fefff30
#1112   pc=00400048
#1113   pc=00400060   x8(s0/fp)=00000001
#1114   pc=00400064
#1115   pc=00400034   x10(a0)=00000001
#1116   pc=00400038   x1(ra)=00400054
#1117   pc=0040003c   x8(s0/fp)=00000003
#1118   pc=00400040   x9(s1)=00000005
#1119   pc=00400044   x2(sp)=7fefff40
#1120   pc=00400048
#1121   pc=00400054   x9(s1)=00000001
#1122   pc=00400058
#1123   pc=0040005c   x1(ra)=00400060
#1124   pc=00400014   x2(sp)=7fefff30
#1125   pc=00400018
#1126   pc=0040001c
#1127   pc=00400020
#1128   pc=00400024   x8(s0/fp)=00000001
#1129   pc=00400028
#1130   pc=0040002c
#1131   pc=00400030
#1132   pc=00400034
#1133   pc=00400038
#1134   pc=0040003c   x8(s0/fp)=00000003
#1135   pc=00400040
#1136   pc=00400044   x2(sp)=7fefff40
#1137   pc=00400048
#1138   pc=00400060   x8(s0/fp)=00000002
#1139   pc=00400064
#1140   pc=00400034   x10(a0)=00000002
#1141   pc=00400038   x1(ra)=00400054
#1142   pc=0040003c   x8(s0/fp)=00000004
#1143   pc=00400040   x9(s1)=00000005
#1144   pc=00400044   x2(sp)=7fefff50
#1145   pc=00400048
#1146   pc=00400054   x9(s1)=00000002
#1147   pc=00400058
#1148   pc=0040005c   x1(ra)=00400060
#1149   pc=00400014   x2(sp)=7fefff40
#1150   pc=00400018
#1151   pc=0040001c
#1152   pc=00400020
#1153   pc=00400024   x8(s0/fp)=00000002
#1154   pc=00400028
#1155   pc=0040002c
#1156   pc=00400030
#1157   pc=0040004c   x10(a0)=00000001
#1158   pc=00400050   x1(ra)=00400054
#1159   pc=00400014   x2(sp)=7fefff30
#1160   pc=00400018
#1161   pc=0040001c
#1162   pc=00400020
#1163   pc=00400024   x8(s0/fp)=00000001
#1164   pc=00400028
#1165   pc=0040002c
#1166   pc=00400030
#1167   pc=00400034
#1168   pc=00400038
#1169   pc=0040003c   x8(s0/fp)=00000002
#1170   pc=00400040
#1171   pc=00400044   x2(sp)=7fefff40
#1172   pc=00400048
#1173   pc=00400054   x9(s1)=00000001
#1174   pc=00400058   x10(a0)=00000000
#1175   pc=0040005c   x1(ra)=00400060
#1176   pc=00400014   x2(sp)=7fefff30
#1177   pc=00400018
#1178   pc=0040001c
#1179   pc=00400020
#1180   pc=00400024   x8(s0/fp)=00000000
#1181   pc=00400028
#1182   pc=00400034
#1183   pc=00400038
#1184   pc=0040003c   x8(s0/fp)=00000002
#1185   pc=00400040
#1186   pc=00400044   x2(sp)=7fefff40
#1187   pc=00400048
#1188   pc=00400060   x8(s0/fp)=00000001
#1189   pc=00400064
#1190   pc=00400034   x10(a0)=00000001
#1191   pc=00400038
#1192   pc=0040003c   x8(s0/fp)=00000004
#1193   pc=00400040   x9(s1)=00000002
#1194   pc=00400044   x2(sp)=7fefff50
#1195   pc=00400048
#1196   pc=00400060   x8(s0/fp)=00000003
#1197   pc=00400064
#1198   pc=00400034   x10(a0)=00000003
#1199   pc=00400038
#1200   pc=0040003c   x8(s0/fp)=00000006
#1201   pc=00400040   x9(s1)=00000005
#1202   pc=00400044   x2(sp)=7fefff60
#1203   pc=00400048
#1204   pc=00400060   x8(s0/fp)=00000008
#1205   pc=00400064
#1206   pc=00400034   x10(a0)=00000008
#1207   pc=00400038
#1208   pc=0040003c
#1209   pc=00400040   x9(s1)=0000000d
#1210   pc=00400044   x2(sp)=7fefff70
#1211   pc=00400048
#1212   pc=00400060   x8(s0/fp)=00000015
#1213   pc=00400064
#1214   pc=00400034   x10(a0)=00000015
#1215   pc=00400038   x1(ra)=00400054
#1216   pc=0040003c   x8(s0/fp)=00000009
#1217   pc=00400040   x9(s1)=00000000
#1218   pc=00400044   x2(sp)=7fefff80
#1219   pc=00400048
#1220   pc=00400054   x9(s1)=00000015
#1221   pc=00400058   x10(a0)=00000007
#1222   pc=0040005c   x1(ra)=00400060
#1223   pc=00400014   x2(sp)=7fefff70
#1224   pc=00400018
#1225   pc=0040001c
#1226   pc=00400020
#1227   pc=00400024   x8(s0/fp)=00000007
#1228   pc=00400028
#1229   pc=0040002c
#1230   pc=00400030
#1231   pc=0040004c   x10(a0)=00000006
#1232   pc=00400050   x1(ra)=00400054
#1233   pc=00400014   x2(sp)=7fefff60
#1234   pc=00400018
#1235   pc=0040001c
#1236   pc=00400020
#1237   pc=00400024   x8(s0/fp)=00000006
#1238   pc=00400028
#1239   pc=0040002c
#1240   pc=00400030
#1241   pc=0040004c   x10(a0)=00000005
#1242   pc=00400050
#1243   pc=00400014   x2(sp)=7fefff50
#1244   pc=00400018
#1245   pc=0040001c
#1246   pc=00400020
#1247   pc=00400024   x8(s0/fp)=00000005
#1248   pc=00400028
#1249   pc=0040002c
#1250   pc=00400030
#1251   pc=0040004c   x10(a0)=00000004
#1252   pc=00400050
#1253   pc=00400014   x2(sp)=7fefff40
#1254   pc=00400018
#1255   pc=0040001c
#1256   pc=00400020
#1257   pc=00400024   x8(s0/fp)=00000004
#1258   pc=00400028
#1259   pc=0040002c
#1260   pc=00400030
#1261   pc=0040004c   x10(a0)=00000003
#1262   pc=00400050
#1263   pc=00400014   x2(sp)=7fefff30
#1264   pc=00400018
#1265   pc=0040001c
#1266   pc=00400020
#1267   pc=00400024   x8(s0/fp)=00000003
#1268   pc=00400028
#1269   pc=0040002c
#1270   pc=00400030
#1271   pc=0040004c   x10(a0)=00000002
#1272   pc=00400050
#1273   pc=00400014   x2(sp)=7fefff20
#1274   pc=00400018
#1275   pc=0040001c
#1276   pc=00400020
#1277   pc=00400024   x8(s0/fp)=00000002
#1278   pc=00400028
#1279   pc=0040002c
#1280   pc=00400030
#1281   pc=0040004c   x10(a0)=00000001
#1282   pc=00400050
#1283   pc=00400014   x2(sp)=7fefff10
#1284   pc=00400018
#1285   pc=0040001c
#1286   pc=00400020
#1287   pc=00400024   x8(s0/fp)=00000001
#1288   pc=00400028
#1289   pc=0040002c
#1290   pc=00400030
#1291   pc=00400034
#1292   pc=00400038
#1293   pc=0040003c   x8(s0/fp)=00000002
#1294   pc=00400040
#1295   pc=00400044   x2(sp)=7fefff20
#1296   pc=00400048
#1297   pc=00400054   x9(s1)=00000001
#1298   pc=00400058   x10(a0)=00000000
#1299   pc=0040005c   x1(ra)=00400060
#1300   pc=00400014   x2(sp)=7fefff10
#1301   pc=00400018
#1302   pc=0040001c
#1303   pc=00400020
#1304   pc=00400024   x8(s0/fp)=00000000
#1305   pc=00400028
#1306   pc=00400034
#1307   pc=00400038
#1308   pc=0040003c   x8(s0/fp)=00000002
#1309   pc=00400040
#1310   pc=00400044   x2(sp)=7fefff20
#1311   pc=00400048
#1312   pc=00400060   x8(s0/fp)=00000001
#1313   pc=00400064
#1314   pc=00400034   x10(a0)=00000001
#1315   pc=00400038   x1(ra)=00400054
#1316   pc=0040003c   x8(s0/fp)=00000003
#1317   pc=00400040   x9(s1)=00000015
#1318   pc=00400044   x2(sp)=7fefff30
#1319   pc=00400048
#1320   pc=00400054   x9(s1)=00000001
#1321   pc=00400058
#1322   pc=0040005c   x1(ra)=00400060
#1323   pc=00400014   x2(sp)=7fefff20
#1324   pc=00400018
#1325   pc=0040001c
#1326   pc=00400020
#1327   pc=00400024   x8(s0/fp)=00000001
#1328   pc=00400028
#1329   pc=0040002c
#1330   pc=00400030
#1331   pc=00400034
#1332   pc=00400038
#1333   pc=0040003c   x8(s0/fp)=00000003
#1334   pc=00400040
#1335   pc=00400044   x2(sp)=7fefff30
#1336   pc=00400048
#1337   pc=00400060   x8(s0/fp)=00000002
#1338   pc=00400064
#1339   pc=00400034   x10(a0)=00000002
#1340   pc=00400038   x1(ra)=00400054
#1341   pc=0040003c   x8(s0/fp)=00000004
#1342   pc=00400040   x9(s1)=00000015
#1343   pc=00400044   x2(sp)=7fefff40
#1344   pc=00400048
#1345   pc=00400054   x9(s1)=00000002
#1346   pc=00400058
#1347   pc=0040005c   x1(ra)=00400060
#1348   pc=00400014   x2(sp)=7fefff30
#1349   pc=00400018
#1350   pc=0040001c
#1351   pc=00400020
#1352   pc=00400024   x8(s0/fp)=00000002
#1353   pc=00400028
#1354   pc=0040002c
#1355   pc=00400030
#1356   pc=0040004c   x10(a0)=00000001
#1357   pc=00400050   x1(ra)=00400054
#1358   pc=00400014   x2(sp)=7fefff20
#1359   pc=00400018
#1360   pc=0040001c
#1361   pc=00400020
#1362   pc=00400024   x8(s0/fp)=00000001
#1363   pc=00400028
#1364   pc=0040002c
#1365   pc=00400030
#1366   pc=00400034
#1367   pc=00400038
#1368   pc=0040003c   x8(s0/fp)=00000002
#1369   pc=00400040
#1370   pc=00400044   x2(sp)=7fefff30
#1371   pc=00400048
#1372   pc=00400054   x9(s1)=00000001
#1373   pc=00400058   x10(a0)=00000000
#1374   pc=0040005c   x1(ra)=00400060
#1375   pc=00400014   x2(sp)=7fefff20
#1376   pc=00400018
#1377   pc=0040001c
#1378   pc=00400020
#1379   pc=00400024   x8(s0/fp)=00000000
#1380   pc=00400028
#1381   pc=00400034
#1382   pc=00400038
#1383   pc=0040003c   x8(s0/fp)=00000002
#1384   pc=00400040
#1385   pc=00400044   x2(sp)=7fefff30
#1386   pc=00400048
#1387   pc=00400060   x8(s0/fp)=00000001
#1388   pc=00400064
#1389   pc=00400034   x10(a0)=00000001
#1390   pc=00400038
#1391   pc=0040003c   x8(s0/fp)=00000004
#1392   pc=00400040   x9(s1)=00000002
#1393   pc=00400044   x2(sp)=7fefff40
#1394   pc=00400048
#1395   pc=00400060   x8(s0/fp)=00000003
#1396   pc=00400064
#1397   pc=00400034   x10(a0)=00000003
#1398   pc=00400038   x1(ra)=00400054
#1399   pc=0040003c   x8(s0/fp)=00000005
#1400   pc=00400040   x9(s1)=00000015
#1401   pc=00400044   x2(sp)=7fefff50
#1402   pc=00400048
#1403   pc=00400054   x9(s1)=00000003
#1404   pc=00400058
#1405   pc=0040005c   x1(ra)=00400060
#1406   pc=00400014   x2(sp)=7fefff40
#1407   pc=00400018
#1408   pc=0040001c
#1409   pc=00400020
#1410   pc=00400024   x8(s0/fp)=00000003
#1411   pc=00400028
#1412   pc=0040002c
#1413   pc=00400030
#1414   pc=0040004c   x10(a0)=00000002
#1415   pc=00400050   x1(ra)=00400054
#1416   pc=00400014   x2(sp)=7fefff30
#1417   pc=00400018
#1418   pc=0040001c
#1419   pc=00400020
#1420   pc=00400024   x8(s0/fp)=00000002
#1421   pc=00400028
#1422   pc=0040002c
#1423   pc=00400030
#1424   pc=0040004c   x10(a0)=00000001
#1425   pc=00400050
#1426   pc=00400014   x2(sp)=7fefff20
#1427   pc=00400018
#1428   pc=0040001c
#1429   pc=00400020
#1430   pc=00400024   x8(s0/fp)=00000001
#1431   pc=00400028
#1432   pc=0040002c
#1433   pc=00400030
#1434   pc=00400034
#1435   pc=00400038
#1436   pc=0040003c   x8(s0/fp)=00000002
#1437   pc=00400040
#1438   pc=00400044   x2(sp)=7fefff30
#1439   pc=00400048
#1440   pc=00400054   x9(s1)=00000001
#1441   pc=00400058   x10(a0)=00000000
#1442   pc=0040005c   x1(ra)=00400060
#1443   pc=00400014   x2(sp)=7fefff20
#1444   pc=00400018
#1445   pc=0040001c
#1446   pc=00400020
#1447   pc=00400024   x8(s0/fp)=00000000
#1448   pc=00400028
#1449   pc=00400034
#1450   pc=00400038
#1451   pc=0040003c   x8(s0/fp)=00000002
#1452   pc=00400040
#1453   pc=00400044   x2(sp)=7fefff30
#1454   pc=00400048
#1455   pc=00400060   x8(s0/fp)=00000001
#1456   pc=00400064
#1457   pc=00400034   x10(a0)=00000001
#1458   pc=00400038   x1(ra)=00400054
#1459   pc=0040003c   x8(s0/fp)=00000003
#1460   pc=00400040   x9(s1)=00000003
#1461   pc=00400044   x2(sp)=7fefff40
#1462   pc=00400048
#1463   pc=00400054   x9(s1)=00000001
#1464   pc=00400058
#1465   pc=0040005c   x1(ra)=00400060
#1466   pc=00400014   x2(sp)=7fefff30
#1467   pc=00400018
#1468   pc=0040001c
#1469   pc=00400020
#1470   pc=00400024   x8(s0/fp)=00000001
#1471   pc=00400028
#1472   pc=0040002c
#1473   pc=00400030
#1474   pc=00400034
#1475   pc=00400038
#1476   pc=0040003c   x8(s0/fp)=00000003
#1477   pc=00400040
#1478   pc=00400044   x2(sp)=7fefff40
#1479   pc=00400048
#1480   pc=00400060   x8(s0/fp)=00000002
#1481   pc=00400064
#1482   pc=00400034   x10(a0)=00000002
#1483   pc=00400038
#1484   pc=0040003c   x8(s0/fp)=00000005
#1485   pc=00400040   x9(s1)=00000003
#1486   pc=00400044   x2(sp)=7fefff50
#1487   pc=00400048
#1488   pc=00400060
#1489   pc=00400064
#1490   pc=00400034   x10(a0)=00000005
#1491   pc=00400038   x1(ra)=00400054
#1492   pc=0040003c   x8(s0/fp)=00000006
#1493   pc=00400040   x9(s1)=00000015
#1494   pc=00400044   x2(sp)=7fefff60
#1495   pc=00400048
#1496   pc=00400054   x9(s1)=00000005
#1497   pc=00400058   x10(a0)=00000004
#1498   pc=0040005c   x1(ra)=00400060
#1499   pc=00400014   x2(sp)=7fefff50
#1500   pc=00400018
#1501   pc=0040001c
#1502   pc=00400020
#1503   pc=00400024   x8(s0/fp)=00000004
#1504   pc=00400028
#1505   pc=0040002c
#1506   pc=00400030
#1507   pc=0040004c   x10(a0)=00000003
#1508   pc=00400050   x1(ra)=00400054
#1509   pc=00400014   x2(sp)=7fefff40
#1510   pc=00400018
#1511   pc=0040001c
#1512   pc=00400020
#1513   pc=00400024   x8(s0/fp)=00000003
#1514   pc=00400028
#1515   pc=0040002c
#1516   pc=00400030
#1517   pc=0040004c   x10(a0)=00000002
#1518   pc=00400050
#1519   pc=00400014   x2(sp)=7fefff30
#1520   pc=00400018
#1521   pc=0040001c
#1522   pc=00400020
#1523   pc=00400024   x8(s0/fp)=00000002
#1524   pc=00400028
#1525   pc=0040002c
#1526   pc=00400030
#1527   pc=0040004c   x10(a0)=00000001
#1528   pc=00400050
#1529   pc=00400014   x2(sp)=7fefff20
#1530   pc=00400018
#1531   pc=0040001c
#1532   pc=00400020
#1533   pc=00400024   x8(s0/fp)=00000001
#1534   pc=00400028
#1535   pc=0040002c
#1536   pc=00400030
#1537   pc=00400034
#1538   pc=00400038
#1539   pc=0040003c   x8(s0/fp)=00000002
#1540   pc=00400040
#1541   pc=00400044   x2(sp)=7fefff30
#1542   pc=00400048
#1543   pc=00400054   x9(s1)=00000001
#1544   pc=00400058   x10(a0)=00000000
#1545   pc=0040005c   x1(ra)=00400060
#1546   pc=00400014   x2(sp)=7fefff20
#1547   pc=00400018
#1548   pc=0040001c
#1549   pc=00400020
#1550   pc=00400024   x8(s0/fp)=00000000
#1551   pc=00400028
#1552   pc=00400034
#1553   pc=00400038
#1554   pc=0040003c   x8(s0/fp)=00000002
#1555   pc=00400040
#1556   pc=00400044   x2(sp)=7fefff30
#1557   pc=00400048
#1558   pc=00400060   x8(s0/fp)=00000001
#1559   pc=00400064
#1560   pc=00400034   x10(a0)=00000001
#1561   pc=00400038   x1(ra)=00400054
#1562   pc=0040003c   x8(s0/fp)=00000003
#1563   pc=00400040   x9(s1)=00000005
#1564   pc=00400044   x2(sp)=7fefff40
#1565   pc=00400048
#1566   pc=00400054   x9(s1)=00000001
#1567   pc=00400058
#1568   pc=0040005c   x1(ra)=00400060
#1569   pc=00400014   x2(sp)=7fefff30
#1570   pc=00400018
#1571   pc=0040001c
#1572   pc=00400020
#1573   pc=00400024   x8(s0/fp)=00000001
#1574   pc=00400028
#1575   pc=0040002c
#1576   pc=00400030
#1577   pc=00400034
#1578   pc=00400038
#1579   pc=0040003c   x8(s0/fp)=00000003
#1580   pc=00400040
#1581   pc=00400044   x2(sp)=7fefff40
#1582   pc=00400048
#1583   pc=00400060   x8(s0/fp)=00000002
#1584   pc=00400064
#1585   pc=00400034   x10(a0)=00000002
#1586   pc=00400038   x1(ra)=00400054
#1587   pc=0040003c   x8(s0/fp)=00000004
#1588   pc=00400040   x9(s1)=00000005
#1589   pc=00400044   x2(sp)=7fefff50
#1590   pc=00400048
#1591   pc=00400054   x9(s1)=00000002
#1592   pc=00400058
#1593   pc=0040005c   x1(ra)=00400060
#1594   pc=00400014   x2(sp)=7fefff40
#1595   pc=00400018
#1596   pc=0040001c
#1597   pc=00400020
#1598   pc=00400024   x8(s0/fp)=00000002
#1599   pc=00400028
#1600   pc=0040002c
#1601   pc=00400030
#1602   pc=0040004c   x10(a0)=00000001
#1603   pc=00400050   x1(ra)=00400054
#1604   pc=00400014   x2(sp)=7fefff30
#1605   pc=00400018
#1606   pc=0040001c
#1607   pc=00400020
#1608   pc=00400024   x8(s0/fp)=00000001
#1609   pc=00400028
#1610   pc=0040002c
#1611   pc=00400030
#1612   pc=00400034
#1613   pc=00400038
#1614   pc=0040003c   x8(s0/fp)=00000002
#1615   pc=00400040
#1616   pc=00400044   x2(sp)=7fefff40
#1617   pc=00400048
#1618   pc=00400054   x9(s1)=00000001
#1619   pc=00400058   x10(a0)=00000000
#1620   pc=0040005c   x1(ra)=00400060
#1621   pc=00400014   x2(sp)=7fefff30
#1622   pc=00400018
#1623   pc=0040001c
#1624   pc=00400020
#1625   pc=00400024   x8(s0/fp)=00000000
#1626   pc=00400028
#1627   pc=00400034
#1628   pc=00400038
#1629   pc=0040003c   x8(s0/fp)=00000002
#1630   pc=00400040
#1631   pc=00400044   x2(sp)=7fefff40
#1632   pc=00400048
#1633   pc=00400060   x8(s0/fp)=00000001
#1634   pc=00400064
#1635   pc=00400034   x10(a0)=00000001
#1636   pc=00400038
#1637   pc=0040003c   x8(s0/fp)=00000004
#1638   pc=00400040   x9(s1)=00000002
#1639   pc=00400044   x2(sp)=7fefff50
#1640   pc=00400048
#1641   pc=00400060   x8(s0/fp)=00000003
#1642   pc=00400064
#1643   pc=00400034   x10(a0)=00000003
#1644   pc=00400038
#1645   pc=0040003c   x8(s0/fp)=00000006
#1646   pc=00400040   x9(s1)=00000005
#1647   pc=00400044   x2(sp)=7fefff60
#1648   pc=00400048
#1649   pc=00400060   x8(s0/fp)=00000008
#1650   pc=00400064
#1651   pc=00400034   x10(a0)=00000008
#1652   pc=00400038   x1(ra)=00400054
#1653   pc=0040003c   x8(s0/fp)=00000007
#1654   pc=00400040   x9(s1)=00000015
#1655   pc=00400044   x2(sp)=7fefff70
#1656   pc=00400048
#1657   pc=00400054   x9(s1)=00000008
#1658   pc=00400058   x10(a0)=00000005
#1659   pc=0040005c   x1(ra)=00400060
#1660   pc=00400014   x2(sp)=7fefff60
#1661   pc=00400018
#1662   pc=0040001c
#1663   pc=00400020
#1664   pc=00400024   x8(s0/fp)=00000005
#1665   pc=00400028
#1666   pc=0040002c
#1667   pc=00400030
#1668   pc=0040004c   x10(a0)=00000004
#1669   pc=00400050   x1(ra)=00400054
#1670   pc=00400014   x2(sp)=7fefff50
#1671   pc=00400018
#1672   pc=0040001c
#1673   pc=00400020
#1674   pc=00400024   x8(s0/fp)=00000004
#1675   pc=00400028
#1676   pc=0040002c
#1677   pc=00400030
#1678   pc=0040004c   x10(a0)=00000003
#1679   pc=00400050
#1680   pc=00400014   x2(sp)=7fefff40
#1681   pc=00400018
#1682   pc=0040001c
#1683   pc=00400020
#1684   pc=00400024   x8(s0/fp)=00000003
#1685   pc=00400028
#1686   pc=0040002c
#1687   pc=00400030
#1688   pc=0040004c   x10(a0)=00000002
#1689   pc=00400050
#1690   pc=00400014   x2(sp)=7fefff30
#1691   pc=00400018
#1692   pc=0040001c
#1693   pc=00400020
#1694   pc=00400024   x8(s0/fp)=00000002
#1695   pc=00400028
#1696   pc=0040002c
#1697   pc=00400030
#1698   pc=0040004c   x10(a0)=00000001
#1699   pc=00400050
#1700   pc=00400014   x2(sp)=7fefff20
#1701   pc=00400018
#1702   pc=0040001c
#1703   pc=00400020
#1704   pc=00400024   x8(s0/fp)=00000001
#1705   pc=00400028
#1706   pc=0040002c
#1707   pc=00400030
#1708   pc=00400034
#1709   pc=00400038
#1710   pc=0040003c   x8(s0/fp)=00000002
#1711   pc=00400040
#1712   pc=00400044   x2(sp)=7fefff30
#1713   pc=00400048
#1714   pc=00400054   x9(s1)=00000001
#1715   pc=00400058   x10(a0)=00000000
#1716   pc=0040005c   x1(ra)=00400060
#1717   pc=00400014   x2(sp)=7fefff20
#1718   pc=00400018
#1719   pc=0040001c
#1720   pc=00400020
#1721   pc=00400024   x8(s0/fp)=00000000
#1722   pc=00400028
#1723   pc=00400034
#1724   pc=00400038
#1725   pc=0040003c   x8(s0/fp)=00000002
#1726   pc=00400040
#1727   pc=00400044   x2(sp)=7fefff30
#1728   pc=00400048
#1729   pc=00400060   x8(s0/fp)=00000001
#1730   pc=00400064
#1731   pc=00400034   x10(a0)=00000001
#1732   pc=00400038   x1(ra)=00400054
#1733   pc=0040003c   x8(s0/fp)=00000003
#1734   pc=00400040   x9(s1)=00000008
#1735   pc=00400044   x2(sp)=7fefff40
#1736   pc=00400048
#1737   pc=00400054   x9(s1)=00000001
#1738   pc=00400058
#1739   pc=0040005c   x1(ra)=00400060
#1740   pc=00400014   x2(sp)=7fefff30
#1741   pc=00400018
#1742   pc=0040001c
#1743   pc=00400020
#1744   pc=00400024   x8(s0/fp)=00000001
#1745   pc=00400028
#1746   pc=0040002c
#1747   pc=00400030
#1748   pc=00400034
#1749   pc=00400038
#1750   pc=0040003c   x8(s0/fp)=00000003
#1751   pc=00400040
#1752   pc=00400044   x2(sp)=7fefff40
#1753   pc=00400048
#1754   pc=00400060   x8(s0/fp)=00000002
#1755   pc=00400064
#1756   pc=00400034   x10(a0)=00000002
#1757   pc=00400038   x1(ra)=00400054
#1758   pc=0040003c   x8(s0/fp)=00000004
#1759   pc=00400040   x9(s1)=00000008
#1760   pc=00400044   x2(sp)=7fefff50
#1761   pc=00400048
#1762   pc=00400054   x9(s1)=00000002
#1763   pc=00400058
#1764   pc=0040005c   x1(ra)=00400060
#1765   pc=00400014   x2(sp)=7fefff40
#1766   pc=00400018
#1767   pc=0040001c
#1768   pc=00400020
#1769   pc=00400024   x8(s0/fp)=00000002
#1770   pc=00400028
#1771   pc=0040002c
#1772   pc=00400030
#1773   pc=0040004c   x10(a0)=00000001
#1774   pc=00400050   x1(ra)=00400054
#1775   pc=00400014   x2(sp)=7fefff30
#1776   pc=00400018
#1777   pc=0040001c
#1778   pc=00400020
#1779   pc=00400024   x8(s0/fp)=00000001
#1780   pc=00400028
#1781   pc=0040002c
#1782   pc=00400030
#1783   pc=00400034
#1784   pc=00400038
#1785   pc=0040003c   x8(s0/fp)=00000002
#1786   pc=00400040
#1787   pc=00400044   x2(sp)=7fefff40
#1788   pc=00400048
#1789   pc=00400054   x9(s1)=00000001
#1790   pc=00400058   x10(a0)=00000000
#1791   pc=0040005c   x1(ra)=00400060
#1792   pc=00400014   x2(sp)=7fefff30
#1793   pc=00400018
#1794   pc=0040001c
#1795   pc=00400020
#1796   pc=00400024   x8(s0/fp)=00000000
#1797   pc=00400028
#1798   pc=00400034
#1799   pc=00400038
#1800   pc=0040003c   x8(s0/fp)=00000002
#1801   pc=00400040
#1802   pc=00400044   x2(sp)=7fefff40
#1803   pc=00400048
#1804   pc=00400060   x8(s0/fp)=00000001
#1805   pc=00400064
#1806   pc=00400034   x10(a0)=00000001
#1807   pc=00400038
#1808   pc=0040003c   x8(s0/fp)=00000004
#1809   pc=00400040   x9(s1)=00000002
#1810   pc=00400044   x2(sp)=7fefff50
#1811   pc=00400048
#1812   pc=00400060   x8(s0/fp)=00000003
#1813   pc=00400064
#1814   pc=00400034   x10(a0)=00000003
#1815   pc=00400038   x1(ra)=00400054
#1816   pc=0040003c   x8(s0/fp)=00000005
#1817   pc=00400040   x9(s1)=00000008
#1818   pc=00400044   x2(sp)=7fefff60
#1819   pc=00400048
#1820   pc=00400054   x9(s1)=00000003
#1821   pc=00400058
#1822   pc=0040005c   x1(ra)=00400060
#1823   pc=00400014   x2(sp)=7fefff50
#1824   pc=00400018
#1825   pc=0040001c
#1826   pc=00400020
#1827   pc=00400024   x8(s0/fp)=00000003
#1828   pc=00400028
#1829   pc=0040002c
#1830   pc=00400030
#1831   pc=0040004c   x10(a0)=00000002
#1832   pc=00400050   x1(ra)=00400054
#1833   pc=00400014   x2(sp)=7fefff40
#1834   pc=00400018
#1835   pc=0040001c
#1836   pc=00400020
#1837   pc=00400024   x8(s0/fp)=00000002
#1838   pc=00400028
#1839   pc=0040002c
#1840   pc=00400030
#1841   pc=0040004c   x10(a0)=00000001
#1842   pc=00400050
#1843   pc=00400014   x2(sp)=7fefff30
#1844   pc=00400018
#1845   pc=0040001c
#1846   pc=00400020
#1847   pc=00400024   x8(s0/fp)=00000001
#1848   pc=00400028
#1849   pc=0040002c
#1850   pc=00400030
#1851   pc=00400034
#1852   pc=00400038
#1853   pc=0040003c   x8(s0/fp)=00000002
#1854   pc=00400040
#1855   pc=00400044   x2(sp)=7fefff40
#1856   pc=00400048
#1857   pc=00400054   x9(s1)=00000001
#1858   pc=00400058   x10(a0)=00000000
#1859   pc=0040005c   x1(ra)=00400060
#1860   pc=00400014   x2(sp)=7fefff30
#1861   pc=00400018
#1862   pc=0040001c
#1863   pc=00400020
#1864   pc=00400024   x8(s0/fp)=00000000
#1865   pc=00400028
#1866   pc=00400034
#1867   pc=00400038
#1868   pc=0040003c   x8(s0/fp)=00000002
#1869   pc=00400040
#1870   pc=00400044   x2(sp)=7fefff40
#1871   pc=00400048
#1872   pc=00400060   x8(s0/fp)=00000001
#1873   pc=00400064
#1874   pc=00400034   x10(a0)=00000001
#1875   pc=00400038   x1(ra)=00400054
#1876   pc=0040003c   x8(s0/fp)=00000003
#1877   pc=00400040   x9(s1)=00000003
#1878   pc=00400044   x2(sp)=7fefff50
#1879   pc=00400048
#1880   pc=00400054   x9(s1)=00000001
#1881   pc=00400058
#1882   pc=0040005c   x1(ra)=00400060
#1883   pc=00400014   x2(sp)=7fefff40
#1884   pc=00400018
#1885   pc=0040001c
#1886   pc=00400020
#1887   pc=00400024   x8(s0/fp)=00000001
#1888   pc=00400028
#1889   pc=0040002c
#1890   pc=00400030
#1891   pc=00400034
#1892   pc=00400038
#1893   pc=0040003c   x8(s0/fp)=00000003
#1894   pc=00400040
#1895   pc=00400044   x2(sp)=7fefff50
#1896   pc=00400048
#1897   pc=00400060   x8(s0/fp)=00000002
#1898   pc=00400064
#1899   pc=00400034   x10(a0)=00000002
#1900   pc=00400038
#1901   pc=0040003c   x8(s0/fp)=00000005
#1902   pc=00400040   x9(s1)=00000003
#1903   pc=00400044   x2(sp)=7fefff60
#1904   pc=00400048
#1905   pc=00400060
#1906   pc=00400064
#1907   pc=00400034   x10(a0)=00000005
#1908   pc=00400038
#1909   pc=0040003c   x8(s0/fp)=00000007
#1910   pc=00400040   x9(s1)=00000008
#1911   pc=00400044   x2(sp)=7fefff70
#1912   pc=00400048
#1913   pc=00400060   x8(s0/fp)=0000000d
#1914   pc=00400064
#1915   pc=00400034   x10(a0)=0000000d
#1916   pc=00400038
#1917   pc=0040003c   x8(s0/fp)=00000009
#1918   pc=00400040   x9(s1)=00000015
#1919   pc=00400044   x2(sp)=7fefff80
#1920   pc=00400048
#1921   pc=00400060   x8(s0/fp)=00000022
#1922   pc=00400064
#1923   pc=00400034   x10(a0)=00000022
#1924   pc=00400038   x1(ra)=00400054
#1925   pc=0040003c   x8(s0/fp)=0000000a
#1926   pc=00400040   x9(s1)=00000000
#1927   pc=00400044   x2(sp)=7fefff90
#1928   pc=00400048
#1929   pc=00400054   x9(s1)=00000022
#1930   pc=00400058   x10(a0)=00000008
#1931   pc=0040005c   x1(ra)=00400060
#1932   pc=00400014   x2(sp)=7fefff80
#1933   pc=00400018
#1934   pc=0040001c
#1935   pc=00400020
#1936   pc=00400024   x8(s0/fp)=00000008
#1937   pc=00400028
#1938   pc=0040002c
#1939   pc=00400030
#1940   pc=0040004c   x10(a0)=00000007
#1941   pc=00400050   x1(ra)=00400054
#1942   pc=00400014   x2(sp)=7fefff70
#1943   pc=00400018
#1944   pc=0040001c
#1945   pc=00400020
#1946   pc=00400024   x8(s0/fp)=00000007
#1947   pc=00400028
#1948   pc=0040002c
#1949   pc=00400030
#1950   pc=0040004c   x10(a0)=00000006
#1951   pc=00400050
#1952   pc=00400014   x2(sp)=7fefff60
#1953   pc=00400018
#1954   pc=0040001c
#1955   pc=00400020
#1956   pc=00400024   x8(s0/fp)=00000006
#1957   pc=00400028
#1958   pc=0040002c
#1959   pc=00400030
#1960   pc=0040004c   x10(a0)=00000005
#1961   pc=00400050
#1962   pc=00400014   x2(sp)=7fefff50
#1963   pc=00400018
#1964   pc=0040001c
#1965   pc=00400020
#1966   pc=00400024   x8(s0/fp)=00000005
#1967   pc=00400028
#1968   pc=0040002c
#1969   pc=00400030
#1970   pc=0040004c   x10(a0)=00000004
#1971   pc=00400050
#1972   pc=00400014   x2(sp)=7fefff40
#1973   pc=00400018
#1974   pc=0040001c
#1975   pc=00400020
#1976   pc=00400024   x8(s0/fp)=00000004
#1977   pc=00400028
#1978   pc=0040002c
#1979   pc=00400030
#1980   pc=0040004c   x10(a0)=00000003
#1981   pc=00400050
#1982   pc=00400014   x2(sp)=7fefff30
#1983   pc=00400018
#1984   pc=0040001c
#1985   pc=00400020
#1986   pc=00400024   x8(s0/fp)=00000003
#1987   pc=00400028
#1988   pc=0040002c
#1989   pc=00400030
#1990   pc=0040004c   x10(a0)=00000002
#1991   pc=00400050
#1992   pc=00400014   x2(sp)=7fefff20
#1993   pc=00400018
#1994   pc=0040001c
#1995   pc=00400020
#1996   pc=00400024   x8(s0/fp)=00000002
#1997   pc=00400028
#1998   pc=0040002c
#1999   pc=00400030
#2000   pc=0040004c   x10(a0)=00000001
#2001   pc=00400050
#2002   pc=00400014   x2(sp)=7fefff10
#2003   pc=00400018
#2004   pc=0040001c
#2005   pc=00400020
#2006   pc=00400024   x8(s0/fp)=00000001
#2007   pc=00400028
#2008   pc=0040002c
#2009   pc=00400030
#2010   pc=00400034
#2011   pc=00400038
#2012   pc=0040003c   x8(s0/fp)=00000002
#2013   pc=00400040
#2014   pc=00400044   x2(sp)=7fefff20
#2015   pc=00400048
#2016   pc=00400054   x9(s1)=00000001
#2017   pc=00400058   x10(a0)=00000000
#2018   pc=0040005c   x1(ra)=00400060
#2019   pc=00400014   x2(sp)=7fefff10
#2020   pc=00400018
#2021   pc=0040001c
#2022   pc=00400020
#2023   pc=00400024   x8(s0/fp)=00000000
#2024   pc=00400028
#2025   pc=00400034
#2026   pc=00400038
#2027   pc=0040003c   x8(s0/fp)=00000002
#2028   pc=00400040
#2029   pc=00400044   x2(sp)=7fefff20
#2030   pc=00400048
#2031   pc=00400060   x8(s0/fp)=00000001
#2032   pc=00400064
#2033   pc=00400034   x10(a0)=00000001
#2034   pc=00400038   x1(ra)=00400054
#2035   pc=0040003c   x8(s0/fp)=00000003
#2036   pc=00400040   x9(s1)=00000022
#2037   pc=00400044   x2(sp)=7fefff30
#2038   pc=00400048
#2039   pc=00400054   x9(s1)=00000001
#2040   pc=00400058
#2041   pc=0040005c   x1(ra)=00400060
#2042   pc=00400014   x2(sp)=7fefff20
#2043   pc=00400018
#2044   pc=0040001c
#2045   pc=00400020
#2046   pc=00400024   x8(s0/fp)=00000001
#2047   pc=00400028
#2048   pc=0040002c
#2049   pc=00400030
#2050   pc=00400034
#2051   pc=00400038
#2052   pc=0040003c   x8(s0/fp)=00000003
#2053   pc=00400040
#2054   pc=00400044   x2(sp)=7fefff30
#2055   pc=00400048
#2056   pc=00400060   x8(s0/fp)=00000002
#2057   pc=00400064
#2058   pc=00400034   x10(a0)=00000002
#2059   pc=00400038   x1(ra)=00400054
#2060   pc=0040003c   x8(s0/fp)=00000004
#2061   pc=00400040   x9(s1)=00000022
#2062   pc=00400044   x2(sp)=7fefff40
#2063   pc=00400048
#2064   pc=00400054   x9(s1)=00000002
#2065   pc=00400058
#2066   pc=0040005c   x1(ra)=00400060
#2067   pc=00400014   x2(sp)=7fefff30
#2068   pc=00400018
#2069   pc=0040001c
#2070   pc=00400020
#2071   pc=00400024   x8(s0/fp)=00000002
#2072   pc=00400028
#2073   pc=0040002c
#2074   pc=00400030
#2075   pc=0040004c   x10(a0)=00000001
#2076   pc=00400050   x1(ra)=00400054
#2077   pc=00400014   x2(sp)=7fefff20
#2078   pc=00400018
#2079   pc=0040001c
#2080   pc=00400020
#2081   pc=00400024   x8(s0/fp)=00000001
#2082   pc=00400028
#2083   pc=0040002c
#2084   pc=00400030
#2085   pc=00400034
#2086   pc=00400038
#2087   pc=0040003c   x8(s0/fp)=00000002
#2088   pc=00400040
#2089   pc=00400044   x2(sp)=7fefff30
#2090   pc=00400048
#2091   pc=00400054   x9(s1)=00000001
#2092   pc=00400058   x10(a0)=00000000
#2093   pc=0040005c   x1(ra)=00400060
#2094   pc=00400014   x2(sp)=7fefff20
#2095   pc=00400018
#2096   pc=0040001c
#2097   pc=00400020
#2098   pc=00400024   x8(s0/fp)=00000000
#2099   pc=00400028
#2100   pc=00400034
#2101   pc=00400038
#2102   pc=0040003c   x8(s0/fp)=00000002
#2103   pc=00400040
#2104   pc=00400044   x2(sp)=7fefff30
#2105   pc=00400048
#2106   pc=00400060   x8(s0/fp)=00000001
#2107   pc=00400064
#2108   pc=00400034   x10(a0)=00000001
#2109   pc=00400038
#2110   pc=0040003c   x8(s0/fp)=00000004
#2111   pc=00400040   x9(s1)=00000002
#2112   pc=00400044   x2(sp)=7fefff40
#2113   pc=00400048
#2114   pc=00400060   x8(s0/fp)=00000003
#2115   pc=00400064
#2116   pc=00400034   x10(a0)=00000003
#2117   pc=00400038   x1(ra)=00400054
#2118   pc=0040003c   x8(s0/fp)=00000005
#2119   pc=00400040   x9(s1)=00000022
#2120   pc=00400044   x2(sp)=7fefff50
#2121   pc=00400048
#2122   pc=00400054   x9(s1)=00000003
#2123   pc=00400058
#2124   pc=0040005c   x1(ra)=00400060
#2125   pc=00400014   x2(sp)=7fefff40
#2126   pc=00400018
#2127   pc=0040001c
#2128   pc=00400020
#2129   pc=00400024   x8(s0/fp)=00000003
#2130   pc=00400028
#2131   pc=0040002c
#2132   pc=00400030
#2133   pc=0040004c   x10(a0)=00000002
#2134   pc=00400050   x1(ra)=00400054
#2135   pc=00400014   x2(sp)=7fefff30
#2136   pc=00400018
#2137   pc=0040001c
#2138   pc=00400020
#2139   pc=00400024   x8(s0/fp)=00000002
#2140   pc=00400028
#2141   pc=0040002c
#2142   pc=00400030
#2143   pc=0040004c   x10(a0)=00000001
#2144   pc=00400050
#2145   pc=00400014   x2(sp)=7fefff20
#2146   pc=00400018
#2147   pc=0040001c
#2148   pc=00400020
#2149   pc=00400024   x8(s0/fp)=00000001
#2150   pc=00400028
#2151   pc=0040002c
#2152   pc=00400030
#2153   pc=00400034
#2154   pc=00400038
#2155   pc=0040003c   x8(s0/fp)=00000002
#2156   pc=00400040
#2157   pc=00400044   x2(sp)=7fefff30
#2158   pc=00400048
#2159   pc=00400054   x9(s1)=00000001
#2160   pc=00400058   x10(a0)=00000000
#2161   pc=0040005c   x1(ra)=00400060
#2162   pc=00400014   x2(sp)=7fefff20
#2163   pc=00400018
#2164   pc=0040001c
#2165   pc=00400020
#2166   pc=00400024   x8(s0/fp)=00000000
#2167   pc=00400028
#2168   pc=00400034
#2169   pc=00400038
#2170   pc=0040003c   x8(s0/fp)=00000002
#2171   pc=00400040
#2172   pc=00400044   x2(sp)=7fefff30
#2173   pc=00400048
#2174   pc=00400060   x8(s0/fp)=00000001
#2175   pc=00400064
#2176   pc=00400034   x10(a0)=00000001
#2177   pc=00400038   x1(ra)=00400054
#2178   pc=0040003c   x8(s0/fp)=00000003
#2179   pc=00400040   x9(s1)=00000003
#2180   pc=00400044   x2(sp)=7fefff40
#2181   pc=00400048
#2182   pc=00400054   x9(s1)=00000001
#2183   pc=00400058
#2184   pc=0040005c   x1(ra)=00400060
#2185   pc=00400014   x2(sp)=7fefff30
#2186   pc=00400018
#2187   pc=0040001c
#2188   pc=00400020
#2189   pc=00400024   x8(s0/fp)=00000001
#2190   pc=00400028
#2191   pc=0040002c
#2192   pc=00400030
#2193   pc=00400034
#2194   pc=00400038
#2195   pc=0040003c   x8(s0/fp)=00000003
#2196   pc=00400040
#2197   pc=00400044   x2(sp)=7fefff40
#2198   pc=00400048
#2199   pc=00400060   x8(s0/fp)=00000002
#2200   pc=00400064
#2201   pc=00400034   x10(a0)=00000002
#2202   pc=00400038
#2203   pc=0040003c   x8(s0/fp)=00000005
#2204   pc=00400040   x9(s1)=00000003
#2205   pc=00400044   x2(sp)=7fefff50
#2206   pc=00400048
#2207   pc=00400060
#2208   pc=00400064
#2209   pc=00400034   x10(a0)=00000005
#2210   pc=00400038   x1(ra)=00400054
#2211   pc=0040003c   x8(s0/fp)=00000006
#2212   pc=00400040   x9(s1)=00000022
#2213   pc=00400044   x2(sp)=7fefff60
#2214   pc=00400048
#2215   pc=00400054   x9(s1)=00000005
#2216   pc=00400058   x10(a0)=00000004
#2217   pc=0040005c   x1(ra)=00400060
#2218   pc=00400014   x2(sp)=7fefff50
#2219   pc=00400018
#2220   pc=0040001c
#2221   pc=00400020
#2222   pc=00400024   x8(s0/fp)=00000004
#2223   pc=00400028
#2224   pc=0040002c
#2225   pc=00400030
#2226   pc=0040004c   x10(a0)=00000003
#2227   pc=00400050   x1(ra)=00400054
#2228   pc=00400014   x2(sp)=7fefff40
#2229   pc=00400018
#2230   pc=0040001c
#2231   pc=00400020
#2232   pc=00400024   x8(s0/fp)=00000003
#2233   pc=00400028
#2234   pc=0040002c
#2235   pc=00400030
#2236   pc=0040004c   x10(a0)=00000002
#2237   pc=00400050
#2238   pc=00400014   x2(sp)=7fefff30
#2239   pc=00400018
#2240   pc=0040001c
#2241   pc=00400020
#2242   pc=00400024   x8(s0/fp)=00000002
#2243   pc=00400028
#2244   pc=0040002c
#2245   pc=00400030
#2246   pc=0040004c   x10(a0)=00000001
#2247   pc=00400050
#2248   pc=00400014   x2(sp)=7fefff20
#2249   pc=00400018
#2250   pc=0040001c
#2251   pc=00400020
#2252   pc=00400024   x8(s0/fp)=00000001
#2253   pc=00400028
#2254   pc=0040002c
#2255   pc=00400030
#2256   pc=00400034
#2257   pc=00400038
#2258   pc=0040003c   x8(s0/fp)=00000002
#2259   pc=00400040
#2260   pc=00400044   x2(sp)=7fefff30
#2261   pc=00400048
#2262   pc=00400054   x9(s1)=00000001
#2263   pc=00400058   x10(a0)=00000000
#2264   pc=0040005c   x1(ra)=00400060
#2265   pc=00400014   x2(sp)=7fefff20
#2266   pc=00400018
#2267   pc=0040001c
#2268   pc=00400020
#2269   pc=00400024   x8(s0/fp)=00000000
#2270   pc=00400028
#2271   pc=00400034
#2272   pc=00400038
#2273   pc=0040003c   x8(s0/fp)=00000002
#2274   pc=00400040
#2275   pc=00400044   x2(sp)=7fefff30
#2276   pc=00400048
#2277   pc=00400060   x8(s0/fp)=00000001
#2278   pc=00400064
#2279   pc=00400034   x10(a0)=00000001
#2280   pc=00400038   x1(ra)=00400054
#2281   pc=0040003c   x8(s0/fp)=00000003
#2282   pc=00400040   x9(s1)=00000005
#2283   pc=00400044   x2(sp)=7fefff40
#2284   pc=00400048
#2285   pc=00400054   x9(s1)=00000001
#2286   pc=00400058
#2287   pc=0040005c   x1(ra)=00400060
#2288   pc=00400014   x2(sp)=7fefff30
#2289   pc=00400018
#2290   pc=0040001c
#2291   pc=00400020
#2292   pc=00400024   x8(s0/fp)=00000001
#2293   pc=00400028
#2294   pc=0040002c
#2295   pc=00400030
#2296   pc=00400034
#2297   pc=00400038
#2298   pc=0040003c   x8(s0/fp)=00000003
#2299   pc=00400040
#2300   pc=00400044   x2(sp)=7fefff40
#2301   pc=00400048
#2302   pc=00400060   x8(s0/fp)=00000002
#2303   pc=00400064
#2304   pc=00400034   x10(a0)=00000002
#2305   pc=00400038   x1(ra)=00400054
#2306   pc=0040003c   x8(s0/fp)=00000004
#2307   pc=00400040   x9(s1)=00000005
#2308   pc=00400044   x2(sp)=7fefff50
#2309   pc=00400048
#2310   pc=00400054   x9(s1)=00000002
#2311   pc=00400058
#2312   pc=0040005c   x1(ra)=00400060
#2313   pc=00400014   x2(sp)=7fefff40
#2314   pc=00400018
#2315   pc=0040001c
#2316   pc=00400020
#2317   pc=00400024   x8(s0/fp)=00000002
#2318   pc=00400028
#2319   pc=0040002c
#2320   pc=00400030
#2321   pc=0040004c   x10(a0)=00000001
#2322   pc=00400050   x1(ra)=00400054
#2323   pc=00400014   x2(sp)=7fefff30
#2324   pc=00400018
#2325   pc=0040001c
#2326   pc=00400020
#2327   pc=00400024   x8(s0/fp)=00000001
#2328   pc=00400028
#2329   pc=0040002c
#2330   pc=00400030
#2331   pc=00400034
#2332   pc=00400038
#2333   pc=0040003c   x8(s0/fp)=00000002
#2334   pc=00400040
#2335   pc=00400044   x2(sp)=7fefff40
#2336   pc=00400048
#2337   pc=00400054   x9(s1)=00000001
#2338   pc=00400058   x10(a0)=00000000
#2339   pc=0040005c   x1(ra)=00400060
#2340   pc=00400014   x2(sp)=7fefff30
#2341   pc=00400018
#2342   pc=0040001c
#2343   pc=00400020
#2344   pc=00400024   x8(s0/fp)=00000000
#2345   pc=00400028
#2346   pc=00400034
#2347   pc=00400038
#2348   pc=0040003c   x8(s0/fp)=00000002
#2349   pc=00400040
#2350   pc=00400044   x2(sp)=7fefff40
#2351   pc=00400048
#2352   pc=00400060   x8(s0/fp)=00000001
#2353   pc=00400064
#2354   pc=00400034   x10(a0)=00000001
#2355   pc=00400038
#2356   pc=0040003c   x8(s0/fp)=00000004
#2357   pc=00400040   x9(s1)=00000002
#2358   pc=00400044   x2(sp)=7fefff50
#2359   pc=00400048
#2360   pc=00400060   x8(s0/fp)=00000003
#2361   pc=00400064
#2362   pc=00400034   x10(a0)=00000003
#2363   pc=00400038
#2364   pc=0040003c   x8(s0/fp)=00000006
#2365   pc=00400040   x9(s1)=00000005
#2366   pc=00400044   x2(sp)=7fefff60
#2367   pc=00400048
#2368   pc=00400060   x8(s0/fp)=00000008
#2369   pc=00400064
#2370   pc=00400034   x10(a0)=00000008
#2371   pc=00400038   x1(ra)=00400054
#2372   pc=0040003c   x8(s0/fp)=00000007
#2373   pc=00400040   x9(s1)=00000022
#2374   pc=00400044   x2(sp)=7fefff70
#2375   pc=00400048
#2376   pc=00400054   x9(s1)=00000008
#2377   pc=00400058   x10(a0)=00000005
#2378   pc=0040005c   x1(ra)=00400060
#2379   pc=00400014   x2(sp)=7fefff60
#2380   pc=00400018
#2381   pc=0040001c
#2382   pc=00400020
#2383   pc=00400024   x8(s0/fp)=00000005
#2384   pc=00400028
#2385   pc=0040002c
#2386   pc=00400030
#2387   pc=0040004c   x10(a0)=00000004
#2388   pc=00400050   x1(ra)=00400054
#2389   pc=00400014   x2(sp)=7fefff50
#2390   pc=00400018
#2391   pc=0040001c
#2392   pc=00400020
#2393   pc=00400024   x8(s0/fp)=00000004
#2394   pc=00400028
#2395   pc=0040002c
#2396   pc=00400030
#2397   pc=0040004c   x10(a0)=00000003
#2398   pc=00400050
#2399   pc=00400014   x2(sp)=7fefff40
#2400   pc=00400018
#2401   pc=0040001c
#2402   pc=00400020
#2403   pc=00400024   x8(s0/fp)=00000003
#2404   pc=00400028
#2405   pc=0040002c
#2406   pc=00400030
#2407   pc=0040004c   x10(a0)=00000002
#2408   pc=00400050
#2409   pc=00400014   x2(sp)=7fefff30
#2410   pc=00400018
#2411   pc=0040001c
#2412   pc=00400020
#2413   pc=00400024   x8(s0/fp)=00000002
#2414   pc=00400028
#2415   pc=0040002c
#2416   pc=00400030
#2417   pc=0040004c   x10(a0)=00000001
#2418   pc=00400050
#2419   pc=00400014   x2(sp)=7fefff20
#2420   pc=00400018
#2421   pc=0040001c
#2422   pc=00400020
#2423   pc=00400024   x8(s0/fp)=00000001
#2424   pc=00400028
#2425   pc=0040002c
#2426   pc=00400030
#2427   pc=00400034
#2428   pc=00400038
#2429   pc=0040003c   x8(s0/fp)=00000002
#2430   pc=00400040
#2431   pc=00400044   x2(sp)=7fefff30
#2432   pc=00400048
#2433   pc=00400054   x9(s1)=00000001
#2434   pc=00400058   x10(a0)=00000000
#2435   pc=0040005c   x1(ra)=00400060
#2436   pc=00400014   x2(sp)=7fefff20
#2437   pc=00400018
#2438   pc=0040001c
#2439   pc=00400020
#2440   pc=00400024   x8(s0/fp)=00000000
#2441   pc=00400028
#2442   pc=00400034
#2443   pc=00400038
#2444   pc=0040003c   x8(s0/fp)=00000002
#2445   pc=00400040
#2446   pc=00400044   x2(sp)=7fefff30
#2447   pc=00400048
#2448   pc=00400060   x8(s0/fp)=00000001
#2449   pc=00400064
#2450   pc=00400034   x10(a0)=00000001
#2451   pc=00400038   x1(ra)=00400054
#2452   pc=0040003c   x8(s0/fp)=00000003
#2453   pc=00400040   x9(s1)=00000008
#2454   pc=00400044   x2(sp)=7fefff40
#2455   pc=00400048
#2456   pc=00400054   x9(s1)=00000001
#2457   pc=00400058
#2458   pc=0040005c   x1(ra)=00400060
#2459   pc=00400014   x2(sp)=7fefff30
#2460   pc=00400018
#2461   pc=0040001c
#2462   pc=00400020
#2463   pc=00400024   x8(s0/fp)=00000001
#2464   pc=00400028
#2465   pc=0040002c
#2466   pc=00400030
#2467   pc=00400034
#2468   pc=00400038
#2469   pc=0040003c   x8(s0/fp)=00000003
#2470   pc=00400040
#2471   pc=00400044   x2(sp)=7fefff40
#2472   pc=00400048
#2473   pc=00400060   x8(s0/fp)=00000002
#2474   pc=00400064
#2475   pc=00400034   x10(a0)=00000002
#2476   pc=00400038   x1(ra)=00400054
#2477   pc=0040003c   x8(s0/fp)=00000004
#2478   pc=00400040   x9(s1)=00000008
#2479   pc=00400044   x2(sp)=7fefff50
#2480   pc=00400048
#2481   pc=00400054   x9(s1)=00000002
#2482   pc=00400058
#2483   pc=0040005c   x1(ra)=00400060
#2484   pc=00400014   x2(sp)=7fefff40
#2485   pc=00400018
#2486   pc=0040001c
#2487   pc=00400020
#2488   pc=00400024   x8(s0/fp)=00000002
#2489   pc=00400028
#2490   pc=0040002c
#2491   pc=00400030
#2492   pc=0040004c   x10(a0)=00000001
#2493   pc=00400050   x1(ra)=00400054
#2494   pc=00400014   x2(sp)=7fefff30
#2495   pc=00400018
#2496   pc=0040001c
#2497   pc=00400020
#2498   pc=00400024   x8(s0/fp)=00000001
#2499   pc=00400028
#2500   pc=0040002c
#2501   pc=00400030
#2502   pc=00400034
#2503   pc=00400038
#2504   pc=0040003c   x8(s0/fp)=00000002
#2505   pc=00400040
#2506   pc=00400044   x2(sp)=7fefff40
#2507   pc=00400048
#2508   pc=00400054   x9(s1)=00000001
#2509   pc=00400058   x10(a0)=00000000
#2510   pc=0040005c   x1(ra)=00400060
#2511   pc=00400014   x2(sp)=7fefff30
#2512   pc=00400018
#2513   pc=0040001c
#2514   pc=00400020
#2515   pc=00400024   x8(s0/fp)=00000000
#2516   pc=00400028
#2517   pc=00400034
#2518   pc=00400038
#2519   pc=0040003c   x8(s0/fp)=00000002
#2520   pc=00400040
#2521   pc=00400044   x2(sp)=7fefff40
#2522   pc=00400048
#2523   pc=00400060   x8(s0/fp)=00000001
#2524   pc=00400064
#2525   pc=00400034   x10(a0)=00000001
#2526   pc=00400038
#2527   pc=0040003c   x8(s0/fp)=00000004
#2528   pc=00400040   x9(s1)=00000002
#2529   pc=00400044   x2(sp)=7fefff50
#2530   pc=00400048
#2531   pc=00400060   x8(s0/fp)=00000003
#2532   pc=00400064
#2533   pc=00400034   x10(a0)=00000003
#2534   pc=00400038   x1(ra)=00400054
#2535   pc=0040003c   x8(s0/fp)=00000005
#2536   pc=00400040   x9(s1)=00000008
#2537   pc=00400044   x2(sp)=7fefff60
#2538   pc=00400048
#2539   pc=00400054   x9(s1)=00000003
#2540   pc=00400058
#2541   pc=0040005c   x1(ra)=00400060
#2542   pc=00400014   x2(sp)=7fefff50
#2543   pc=00400018
#2544   pc=0040001c
#2545   pc=00400020
#2546   pc=00400024   x8(s0/fp)=00000003
#2547   pc=00400028
#2548   pc=0040002c
#2549   pc=00400030
#2550   pc=0040004c   x10(a0)=00000002
#2551   pc=00400050   x1(ra)=00400054
#2552   pc=00400014   x2(sp)=7fefff40
#2553   pc=00400018
#2554   pc=0040001c
#2555   pc=00400020
#2556   pc=00400024   x8(s0/fp)=00000002
#2557   pc=00400028
#2558   pc=0040002c
#2559   pc=00400030
#2560   pc=0040004c   x10(a0)=00000001
#2561   pc=00400050
#2562   pc=00400014   x2(sp)=7fefff30
#2563   pc=00400018
#2564   pc=0040001c
#2565   pc=00400020
#2566   pc=00400024   x8(s0/fp)=00000001
#2567   pc=00400028
#2568   pc=0040002c
#2569   pc=00400030
#2570   pc=00400034
#2571   pc=00400038
#2572   pc=0040003c   x8(s0/fp)=00000002
#2573   pc=00400040
#2574   pc=00400044   x2(sp)=7fefff40
#2575   pc=00400048
#2576   pc=00400054   x9(s1)=00000001
#2577   pc=00400058   x10(a0)=00000000
#2578   pc=0040005c   x1(ra)=00400060
#2579   pc=00400014   x2(sp)=7fefff30
#2580   pc=00400018
#2581   pc=0040001c
#2582   pc=00400020
#2583   pc=00400024   x8(s0/fp)=00000000
#2584   pc=00400028
#2585   pc=00400034
#2586   pc=00400038
#2587   pc=0040003c   x8(s0/fp)=00000002
#2588   pc=00400040
#2589   pc=00400044   x2(sp)=7fefff40
#2590   pc=00400048
#2591   pc=00400060   x8(s0/fp)=00000001
#2592   pc=00400064
#2593   pc=00400034   x10(a0)=00000001
#2594   pc=00400038   x1(ra)=00400054
#2595   pc=0040003c   x8(s0/fp)=00000003
#2596   pc=00400040   x9(s1)=00000003
#2597   pc=00400044   x2(sp)=7fefff50
#2598   pc=00400048
#2599   pc=00400054   x9(s1)=00000001
#2600   pc=00400058
#2601   pc=0040005c   x1(ra)=00400060
#2602   pc=00400014   x2(sp)=7fefff40
#2603   pc=00400018
#2604   pc=0040001c
#2605   pc=00400020
#2606   pc=00400024   x8(s0/fp)=00000001
#2607   pc=00400028
#2608   pc=0040002c
#2609   pc=00400030
#2610   pc=00400034
#2611   pc=00400038
#2612   pc=0040003c   x8(s0/fp)=00000003
#2613   pc=00400040
#2614   pc=00400044   x2(sp)=7fefff50
#2615   pc=00400048
#2616   pc=00400060   x8(s0/fp)=00000002
#2617   pc=00400064
#2618   pc=00400034   x10(a0)=00000002
#2619   pc=00400038
#2620   pc=0040003c   x8(s0/fp)=00000005
#2621   pc=00400040   x9(s1)=00000003
#2622   pc=00400044   x2(sp)=7fefff60
#2623   pc=00400048
#2624   pc=00400060
#2625   pc=00400064
#2626   pc=00400034   x10(a0)=00000005
#2627   pc=00400038
#2628   pc=0040003c   x8(s0/fp)=00000007
#2629   pc=00400040   x9(s1)=00000008
#2630   pc=00400044   x2(sp)=7fefff70
#2631   pc=00400048
#2632   pc=00400060   x8(s0/fp)=0000000d
#2633   pc=00400064
#2634   pc=00400034   x10(a0)=0000000d
#2635   pc=00400038   x1(ra)=00400054
#2636   pc=0040003c   x8(s0/fp)=00000008
#2637   pc=00400040   x9(s1)=00000022
#2638   pc=00400044   x2(sp)=7fefff80
#2639   pc=00400048
#2640   pc=00400054   x9(s1)=0000000d
#2641   pc=00400058   x10(a0)=00000006
#2642   pc=0040005c   x1(ra)=00400060
#2643   pc=00400014   x2(sp)=7fefff70
#2644   pc=00400018
#2645   pc=0040001c
#2646   pc=00400020
#2647   pc=00400024   x8(s0/fp)=00000006
#2648   pc=00400028
#2649   pc=0040002c
#2650   pc=00400030
#2651   pc=0040004c   x10(a0)=00000005
#2652   pc=00400050   x1(ra)=00400054
#2653   pc=00400014   x2(sp)=7fefff60
#2654   pc=00400018
#2655   pc=0040001c
#2656   pc=00400020
#2657   pc=00400024   x8(s0/fp)=00000005
#2658   pc=00400028
#2659   pc=0040002c
#2660   pc=00400030
#2661   pc=0040004c   x10(a0)=00000004
#2662   pc=00400050
#2663   pc=00400014   x2(sp)=7fefff50
#2664   pc=00400018
#2665   pc=0040001c
#2666   pc=00400020
#2667   pc=00400024   x8(s0/fp)=00000004
#2668   pc=00400028
#2669   pc=0040002c
#2670   pc=00400030
#2671   pc=0040004c   x10(a0)=00000003
#2672   pc=00400050
#2673   pc=00400014   x2(sp)=7fefff40
#2674   pc=00400018
#2675   pc=0040001c
#2676   pc=00400020
#2677   pc=00400024   x8(s0/fp)=00000003
#2678   pc=00400028
#2679   pc=0040002c
#2680   pc=00400030
#2681   pc=0040004c   x10(a0)=00000002
#2682   pc=00400050
#2683   pc=00400014   x2(sp)=7fefff30
#2684   pc=00400018
#2685   pc=0040001c
#2686   pc=00400020
#2687   pc=00400024   x8(s0/fp)=00000002
#2688   pc=00400028
#2689   pc=0040002c
#2690   pc=00400030
#2691   pc=0040004c   x10(a0)=00000001
#2692   pc=00400050
#2693   pc=00400014   x2(sp)=7fefff20
#2694   pc=00400018
#2695   pc=0040001c
#2696   pc=00400020
#2697   pc=00400024   x8(s0/fp)=00000001
#2698   pc=00400028
#2699   pc=0040002c
#2700   pc=00400030
#2701   pc=00400034
#2702   pc=00400038
#2703   pc=0040003c   x8(s0/fp)=00000002
#2704   pc=00400040
#2705   pc=00400044   x2(sp)=7fefff30
#2706   pc=00400048
#2707   pc=00400054   x9(s1)=00000001
#2708   pc=00400058   x10(a0)=00000000
#2709   pc=0040005c   x1(ra)=00400060
#2710   pc=00400014   x2(sp)=7fefff20
#2711   pc=00400018
#2712   pc=0040001c
#2713   pc=00400020
#2714   pc=00400024   x8(s0/fp)=00000000
#2715   pc=00400028
#2716   pc=00400034
#2717   pc=00400038
#2718   pc=0040003c   x8(s0/fp)=00000002
#2719   pc=00400040
#2720   pc=00400044   x2(sp)=7fefff30
#2721   pc=00400048
#2722   pc=00400060   x8(s0/fp)=00000001
#2723   pc=00400064
#2724   pc=00400034   x10(a0)=00000001
#2725   pc=00400038   x1(ra)=00400054
#2726   pc=0040003c   x8(s0/fp)=00000003
#2727   pc=00400040   x9(s1)=0000000d
#2728   pc=00400044   x2(sp)=7fefff40
#2729   pc=00400048
#2730   pc=00400054   x9(s1)=00000001
#2731   pc=00400058
#2732   pc=0040005c   x1(ra)=00400060
#2733   pc=00400014   x2(sp)=7fefff30
#2734   pc=00400018
#2735   pc=0040001c
#2736   pc=00400020
#2737   pc=00400024   x8(s0/fp)=00000001
#2738   pc=00400028
#2739   pc=0040002c
#2740   pc=00400030
#2741   pc=00400034
#2742   pc=00400038
#2743   pc=0040003c   x8(s0/fp)=00000003
#2744   pc=00400040
#2745   pc=00400044   x2(sp)=7fefff40
#2746   pc=00400048
#2747   pc=00400060   x8(s0/fp)=00000002
#2748   pc=00400064
#2749   pc=00400034   x10(a0)=00000002
#2750   pc=00400038   x1(ra)=00400054
#2751   pc=0040003c   x8(s0/fp)=00000004
#2752   pc=00400040   x9(s1)=0000000d
#2753   pc=00400044   x2(sp)=7fefff50
#2754   pc=00400048
#2755   pc=00400054   x9(s1)=00000002
#2756   pc=00400058
#2757   pc=0040005c   x1(ra)=00400060
#2758   pc=00400014   x2(sp)=7fefff40
#2759   pc=00400018
#2760   pc=0040001c
#2761   pc=00400020
#2762   pc=00400024   x8(s0/fp)=00000002
#2763   pc=00400028
#2764   pc=0040002c
#2765   pc=00400030
#2766   pc=0040004c   x10(a0)=00000001
#2767   pc=00400050   x1(ra)=00400054
#2768   pc=00400014   x2(sp)=7fefff30
#2769   pc=00400018
#2770   pc=0040001c
#2771   pc=00400020
#2772   pc=00400024   x8(s0/fp)=00000001
#2773   pc=00400028
#2774   pc=0040002c
#2775   pc=00400030
#2776   pc=00400034
#2777   pc=00400038
#2778   pc=0040003c   x8(s0/fp)=00000002
#2779   pc=00400040
#2780   pc=00400044   x2(sp)=7fefff40
#2781   pc=00400048
#2782   pc=00400054   x9(s1)=00000001
#2783   pc=00400058   x10(a0)=00000000
#2784   pc=0040005c   x1(ra)=00400060
#2785   pc=00400014   x2(sp)=7fefff30
#2786   pc=00400018
#2787   pc=0040001c
#2788   pc=00400020
#2789   pc=00400024   x8(s0/fp)=00000000
#2790   pc=00400028
#2791   pc=00400034
#2792   pc=00400038
#2793   pc=0040003c   x8(s0/fp)=00000002
#2794   pc=00400040
#2795   pc=00400044   x2(sp)=7fefff40
#2796   pc=00400048
#2797   pc=00400060   x8(s0/fp)=00000001
#2798   pc=00400064
#2799   pc=00400034   x10(a0)=00000001
#2800   pc=00400038
#2801   pc=0040003c   x8(s0/fp)=00000004
#2802   pc=00400040   x9(s1)=00000002
#2803   pc=00400044   x2(sp)=7fefff50
#2804   pc=00400048
#2805   pc=00400060   x8(s0/fp)=00000003
#2806   pc=00400064
#2807   pc=00400034   x10(a0)=00000003
#2808   pc=00400038   x1(ra)=00400054
#2809   pc=0040003c   x8(s0/fp)=00000005
#2810   pc=00400040   x9(s1)=0000000d
#2811   pc=00400044   x2(sp)=7fefff60
#2812   pc=00400048
#2813   pc=00400054   x9(s1)=00000003
#2814   pc=00400058
#2815   pc=0040005c   x1(ra)=00400060
#2816   pc=00400014   x2(sp)=7fefff50
#2817   pc=00400018
#2818   pc=0040001c
#2819   pc=00400020
#2820   pc=00400024   x8(s0/fp)=00000003
#2821   pc=00400028
#2822   pc=0040002c
#2823   pc=00400030
#2824   pc=0040004c   x10(a0)=00000002
#2825   pc=00400050   x1(ra)=00400054
#2826   pc=00400014   x2(sp)=7fefff40
#2827   pc=00400018
#2828   pc=0040001c
#2829   pc=00400020
#2830   pc=00400024   x8(s0/fp)=00000002
#2831   pc=00400028
#2832   pc=0040002c
#2833   pc=00400030
#2834   pc=0040004c   x10(a0)=00000001
#2835   pc=00400050
#2836   pc=00400014   x2(sp)=7fefff30
#2837   pc=00400018
#2838   pc=0040001c
#2839   pc=00400020
#2840   pc=00400024   x8(s0/fp)=00000001
#2841   pc=00400028
#2842   pc=0040002c
#2843   pc=00400030
#2844   pc=00400034
#2845   pc=00400038
#2846   pc=0040003c   x8(s0/fp)=00000002
#2847   pc=00400040
#2848   pc=00400044   x2(sp)=7fefff40
#2849   pc=00400048
#2850   pc=00400054   x9(s1)=00000001
#2851   pc=00400058   x10(a0)=00000000
#2852   pc=0040005c   x1(ra)=00400060
#2853   pc=00400014   x2(sp)=7fefff30
#2854   pc=00400018
#2855   pc=0040001c
#2856   pc=00400020
#2857   pc=00400024   x8(s0/fp)=00000000
#2858   pc=00400028
#2859   pc=00400034
#2860   pc=00400038
#2861   pc=0040003c   x8(s0/fp)=00000002
#2862   pc=00400040
#2863   pc=00400044   x2(sp)=7fefff40
#2864   pc=00400048
#2865   pc=00400060   x8(s0/fp)=00000001
#2866   pc=00400064
#2867   pc=00400034   x10(a0)=00000001
#2868   pc=00400038   x1(ra)=00400054
#2869   pc=0040003c   x8(s0/fp)=00000003
#2870   pc=00400040   x9(s1)=00000003
#2871   pc=00400044   x2(sp)=7fefff50
#2872   pc=00400048
#2873   pc=00400054   x9(s1)=00000001
#2874   pc=00400058
#2875   pc=0040005c   x1(ra)=00400060
#2876   pc=00400014   x2(sp)=7fefff40
#2877   pc=00400018
#2878   pc=0040001c
#2879   pc=00400020
#2880   pc=00400024   x8(s0/fp)=00000001
#2881   pc=00400028
#2882   pc=0040002c
#2883   pc=00400030
#2884   pc=00400034
#2885   pc=00400038
#2886   pc=0040003c   x8(s0/fp)=00000003
#2887   pc=00400040
#2888   pc=00400044   x2(sp)=7fefff50
#2889   pc=00400048
#2890   pc=00400060   x8(s0/fp)=00000002
#2891   pc=00400064
#2892   pc=00400034   x10(a0)=00000002
#2893   pc=00400038
#2894   pc=0040003c   x8(s0/fp)=00000005
#2895   pc=00400040   x9(s1)=00000003
#2896   pc=00400044   x2(sp)=7fefff60
#2897   pc=00400048
#2898   pc=00400060
#2899   pc=00400064
#2900   pc=00400034   x10(a0)=00000005
#2901   pc=00400038   x1(ra)=00400054
#2902   pc=0040003c   x8(s0/fp)=00000006
#2903   pc=00400040   x9(s1)=0000000d
#2904   pc=00400044   x2(sp)=7fefff70
#2905   pc=00400048
#2906   pc=00400054   x9(s1)=00000005
#2907   pc=00400058   x10(a0)=00000004
#2908   pc=0040005c   x1(ra)=00400060
#2909   pc=00400014   x2(sp)=7fefff60
#2910   pc=00400018
#2911   pc=0040001c
#2912   pc=00400020
#2913   pc=00400024   x8(s0/fp)=00000004
#2914   pc=00400028
#2915   pc=0040002c
#2916   pc=00400030
#2917   pc=0040004c   x10(a0)=00000003
#2918   pc=00400050   x1(ra)=00400054
#2919   pc=00400014   x2(sp)=7fefff50
#2920   pc=00400018
#2921   pc=0040001c
#2922   pc=00400020
#2923   pc=00400024   x8(s0/fp)=00000003
#2924   pc=00400028
#2925   pc=0040002c
#2926   pc=00400030
#2927   pc=0040004c   x10(a0)=00000002
#2928   pc=00400050
#2929   pc=00400014   x2(sp)=7fefff40
#2930   pc=00400018
#2931   pc=0040001c
#2932   pc=00400020
#2933   pc=00400024   x8(s0/fp)=00000002
#2934   pc=00400028
#2935   pc=0040002c
#2936   pc=00400030
#2937   pc=0040004c   x10(a0)=00000001
#2938   pc=00400050
#2939   pc=00400014   x2(sp)=7fefff30
#2940   pc=00400018
#2941   pc=0040001c
#2942   pc=00400020
#2943   pc=00400024   x8(s0/fp)=00000001
#2944   pc=00400028
#2945   pc=0040002c
#2946   pc=00400030
#2947   pc=00400034
#2948   pc=00400038
#2949   pc=0040003c   x8(s0/fp)=00000002
#2950   pc=00400040
#2951   pc=00400044   x2(sp)=7fefff40
#2952   pc=00400048
#2953   pc=00400054   x9(s1)=00000001
#2954   pc=00400058   x10(a0)=00000000
#2955   pc=0040005c   x1(ra)=00400060
#2956   pc=00400014   x2(sp)=7fefff30
#2957   pc=00400018
#2958   pc=0040001c
#2959   pc=00400020
#2960   pc=00400024   x8(s0/fp)=00000000
#2961   pc=00400028
#2962   pc=00400034
#2963   pc=00400038
#2964   pc=0040003c   x8(s0/fp)=00000002
#2965   pc=00400040
#2966   pc=00400044   x2(sp)=7fefff40
#2967   pc=00400048
#2968   pc=00400060   x8(s0/fp)=00000001
#2969   pc=00400064
#2970   pc=00400034   x10(a0)=00000001
#2971   pc=00400038   x1(ra)=00400054
#2972   pc=0040003c   x8(s0/fp)=00000003
#2973   pc=00400040   x9(s1)=00000005
#2974   pc=00400044   x2(sp)=7fefff50
#2975   pc=00400048
#2976   pc=00400054   x9(s1)=00000001
#2977   pc=00400058
#2978   pc=0040005c   x1(ra)=00400060
#2979   pc=00400014   x2(sp)=7fefff40
#2980   pc=00400018
#2981   pc=0040001c
#2982   pc=00400020
#2983   pc=00400024   x8(s0/fp)=00000001
#2984   pc=00400028
#2985   pc=0040002c
#2986   pc=00400030
#2987   pc=00400034
#2988   pc=00400038
#2989   pc=0040003c   x8(s0/fp)=00000003
#2990   pc=00400040
#2991   pc=00400044   x2(sp)=7fefff50
#2992   pc=00400048
#2993   pc=00400060   x8(s0/fp)=00000002
#2994   pc=00400064
#2995   pc=00400034   x10(a0)=00000002
#2996   pc=00400038   x1(ra)=00400054
#2997   pc=0040003c   x8(s0/fp)=00000004
#2998   pc=00400040   x9(s1)=00000005
#2999   pc=00400044   x2(sp)=7fefff60
#3000   pc=00400048
#3001   pc=00400054   x9(s1)=00000002
#3002   pc=00400058
#3003   pc=0040005c   x1(ra)=00400060
#3004   pc=00400014   x2(sp)=7fefff50
#3005   pc=00400018
#3006   pc=0040001c
#3007   pc=00400020
#3008   pc=00400024   x8(s0/fp)=00000002
#3009   pc=00400028
#3010   pc=0040002c
#3011   pc=00400030
#3012   pc=0040004c   x10(a0)=00000001
#3013   pc=00400050   x1(ra)=00400054
#3014   pc=00400014   x2(sp)=7fefff40
#3015   pc=00400018
#3016   pc=0040001c
#3017   pc=00400020
#3018   pc=00400024   x8(s0/fp)=00000001
#3019   pc=00400028
#3020   pc=0040002c
#3021   pc=00400030
#3022   pc=00400034
#3023   pc=00400038
#3024   pc=0040003c   x8(s0/fp)=00000002
#3025   pc=00400040
#3026   pc=00400044   x2(sp)=7fefff50
#3027   pc=00400048
#3028   pc=00400054   x9(s1)=00000001
#3029   pc=00400058   x10(a0)=00000000
#3030   pc=0040005c   x1(ra)=00400060
#3031   pc=00400014   x2(sp)=7fefff40
#3032   pc=00400018
#3033   pc=0040001c
#3034   pc=00400020
#3035   pc=00400024   x8(s0/fp)=00000000
#3036   pc=00400028
#3037   pc=00400034
#3038   pc=00400038
#3039   pc=0040003c   x8(s0/fp)=00000002
#3040   pc=00400040
#3041   pc=00400044   x2(sp)=7fefff50
#3042   pc=00400048
#3043   pc=00400060   x8(s0/fp)=00000001
#3044   pc=00400064
#3045   pc=00400034   x10(a0)=00000001
#3046   pc=00400038
#3047   pc=0040003c   x8(s0/fp)=00000004
#3048   pc=00400040   x9(s1)=00000002
#3049   pc=00400044   x2(sp)=7fefff60
#3050   pc=00400048
#3051   pc=00400060   x8(s0/fp)=00000003
#3052   pc=00400064
#3053   pc=00400034   x10(a0)=00000003
#3054   pc=00400038
#3055   pc=0040003c   x8(s0/fp)=00000006
#3056   pc=00400040   x9(s1)=00000005
#3057   pc=00400044   x2(sp)=7fefff70
#3058   pc=00400048
#3059   pc=00400060   x8(s0/fp)=00000008
#3060   pc=00400064
#3061   pc=00400034   x10(a0)=00000008
#3062   pc=00400038
#3063   pc=0040003c
#3064   pc=00400040   x9(s1)=0000000d
#3065   pc=00400044   x2(sp)=7fefff80
#3066   pc=00400048
#3067   pc=00400060   x8(s0/fp)=00000015
#3068   pc=00400064
#3069   pc=00400034   x10(a0)=00000015
#3070   pc=00400038
#3071   pc=0040003c   x8(s0/fp)=0000000a
#3072   pc=00400040   x9(s1)=00000022
#3073   pc=00400044   x2(sp)=7fefff90
#3074   pc=00400048
#3075   pc=00400060   x8(s0/fp)=00000037
#3076   pc=00400064
#3077   pc=00400034   x10(a0)=00000037
#3078   pc=00400038   x1(ra)=00400054
#3079   pc=0040003c   x8(s0/fp)=0000000b
#3080   pc=00400040   x9(s1)=00000000
#3081   pc=00400044   x2(sp)=7fefffa0
#3082   pc=00400048
#3083   pc=00400054   x9(s1)=00000037
#3084   pc=00400058   x10(a0)=00000009
#3085   pc=0040005c   x1(ra)=00400060
#3086   pc=00400014   x2(sp)=7fefff90
#3087   pc=00400018
#3088   pc=0040001c
#3089   pc=00400020
#3090   pc=00400024   x8(s0/fp)=00000009
#3091   pc=00400028
#3092   pc=0040002c
#3093   pc=00400030
#3094   pc=0040004c   x10(a0)=00000008
#3095   pc=00400050   x1(ra)=00400054
#3096   pc=00400014   x2(sp)=7fefff80
#3097   pc=00400018
#3098   pc=0040001c
#3099   pc=00400020
#3100   pc=00400024   x8(s0/fp)=00000008
#3101   pc=00400028
#3102   pc=0040002c
#3103   pc=00400030
#3104   pc=0040004c   x10(a0)=00000007
#3105   pc=00400050
#3106   pc=00400014   x2(sp)=7fefff70
#3107   pc=00400018
#3108   pc=0040001c
#3109   pc=00400020
#3110   pc=00400024   x8(s0/fp)=00000007
#3111   pc=00400028
#3112   pc=0040002c
#3113   pc=00400030
#3114   pc=0040004c   x10(a0)=00000006
#3115   pc=00400050
#3116   pc=00400014   x2(sp)=7fefff60
#3117   pc=00400018
#3118   pc=0040001c
#3119   pc=00400020
#3120   pc=00400024   x8(s0/fp)=00000006
#3121   pc=00400028
#3122   pc=0040002c
#3123   pc=00400030
#3124   pc=0040004c   x10(a0)=00000005
#3125   pc=00400050
#3126   pc=00400014   x2(sp)=7fefff50
#3127   pc=00400018
#3128   pc=0040001c
#3129   pc=00400020
#3130   pc=00400024   x8(s0/fp)=00000005
#3131   pc=00400028
#3132   pc=0040002c
#3133   pc=00400030
#3134   pc=0040004c   x10(a0)=00000004
#3135   pc=00400050
#3136   pc=00400014   x2(sp)=7fefff40
#3137   pc=00400018
#3138   pc=0040001c
#3139   pc=00400020
#3140   pc=00400024   x8(s0/fp)=00000004
#3141   pc=00400028
#3142   pc=0040002c
#3143   pc=00400030
#3144   pc=0040004c   x10(a0)=00000003
#3145   pc=00400050
#3146   pc=00400014   x2(sp)=7fefff30
#3147   pc=00400018
#3148   pc=0040001c
#3149   pc=00400020
#3150   pc=00400024   x8(s0/fp)=00000003
#3151   pc=00400028
#3152   pc=0040002c
#3153   pc=00400030
#3154   pc=0040004c   x10(a0)=00000002
#3155   pc=00400050
#3156   pc=00400014   x2(sp)=7fefff20
#3157   pc=00400018
#3158   pc=0040001c
#3159   pc=00400020
#3160   pc=00400024   x8(s0/fp)=00000002
#3161   pc=00400028
#3162   pc=0040002c
#3163   pc=00400030
#3164   pc=0040004c   x10(a0)=00000001
#3165   pc=00400050
#3166   pc=00400014   x2(sp)=7fefff10
#3167   pc=00400018
#3168   pc=0040001c
#3169   pc=00400020
#3170   pc=00400024   x8(s0/fp)=00000001
#3171   pc=00400028
#3172   pc=0040002c
#3173   pc=00400030
#3174   pc=00400034
#3175   pc=00400038
#3176   pc=0040003c   x8(s0/fp)=00000002
#3177   pc=00400040
#3178   pc=00400044   x2(sp)=7fefff20
#3179   pc=00400048
#3180   pc=00400054   x9(s1)=00000001
#3181   pc=00400058   x10(a0)=00000000
#3182   pc=0040005c   x1(ra)=00400060
#3183   pc=00400014   x2(sp)=7fefff10
#3184   pc=00400018
#3185   pc=0040001c
#3186   pc=00400020
#3187   pc=00400024   x8(s0/fp)=00000000
#3188   pc=00400028
#3189   pc=00400034
#3190   pc=00400038
#3191   pc=0040003c   x8(s0/fp)=00000002
#3192   pc=00400040
#3193   pc=00400044   x2(sp)=7fefff20
#3194   pc=00400048
#3195   pc=00400060   x8(s0/fp)=00000001
#3196   pc=00400064
#3197   pc=00400034   x10(a0)=00000001
#3198   pc=00400038   x1(ra)=00400054
#3199   pc=0040003c   x8(s0/fp)=00000003
#3200   pc=00400040   x9(s1)=00000037
#3201   pc=00400044   x2(sp)=7fefff30
#3202   pc=00400048
#3203   pc=00400054   x9(s1)=00000001
#3204   pc=00400058
#3205   pc=0040005c   x1(ra)=00400060
#3206   pc=00400014   x2(sp)=7fefff20
#3207   pc=00400018
#3208   pc=0040001c
#3209   pc=00400020
#3210   pc=00400024   x8(s0/fp)=00000001
#3211   pc=00400028
#3212   pc=0040002c
#3213   pc=00400030
#3214   pc=00400034
#3215   pc=00400038
#3216   pc=0040003c   x8(s0/fp)=00000003
#3217   pc=00400040
#3218   pc=00400044   x2(sp)=7fefff30
#3219   pc=00400048
#3220   pc=00400060   x8(s0/fp)=00000002
#3221   pc=00400064
#3222   pc=00400034   x10(a0)=00000002
#3223   pc=00400038   x1(ra)=00400054
#3224   pc=0040003c   x8(s0/fp)=00000004
#3225   pc=00400040   x9(s1)=00000037
#3226   pc=00400044   x2(sp)=7fefff40
#3227   pc=00400048
#3228   pc=00400054   x9(s1)=00000002
#3229   pc=00400058
#3230   pc=0040005c   x1(ra)=00400060
#3231   pc=00400014   x2(sp)=7fefff30
#3232   pc=00400018
#3233   pc=0040001c
#3234   pc=00400020
#3235   pc=00400024   x8(s0/fp)=00000002
#3236   pc=00400028
#3237   pc=0040002c
#3238   pc=00400030
#3239   pc=0040004c   x10(a0)=00000001
#3240   pc=00400050   x1(ra)=00400054
#3241   pc=00400014   x2(sp)=7fefff20
#3242   pc=00400018
#3243   pc=0040001c
#3244   pc=00400020
#3245   pc=00400024   x8(s0/fp)=00000001
#3246   pc=00400028
#3247   pc=0040002c
#3248   pc=00400030
#3249   pc=00400034
#3250   pc=00400038
#3251   pc=0040003c   x8(s0/fp)=00000002
#3252   pc=00400040
#3253   pc=00400044   x2(sp)=7fefff30
#3254   pc=00400048
#3255   pc=00400054   x9(s1)=00000001
#3256   pc=00400058   x10(a0)=00000000
#3257   pc=0040005c   x1(ra)=00400060
#3258   pc=00400014   x2(sp)=7fefff20
#3259   pc=00400018
#3260   pc=0040001c
#3261   pc=00400020
#3262   pc=00400024   x8(s0/fp)=00000000
#3263   pc=00400028
#3264   pc=00400034
#3265   pc=00400038
#3266   pc=0040003c   x8(s0/fp)=00000002
#3267   pc=00400040
#3268   pc=00400044   x2(sp)=7fefff30
#3269   pc=00400048
#3270   pc=00400060   x8(s0/fp)=00000001
#3271   pc=00400064
#3272   pc=00400034   x10(a0)=00000001
#3273   pc=00400038
#3274   pc=0040003c   x8(s0/fp)=00000004
#3275   pc=00400040   x9(s1)=00000002
#3276   pc=00400044   x2(sp)=7fefff40
#3277   pc=00400048
#3278   pc=00400060   x8(s0/fp)=00000003
#3279   pc=00400064
#3280   pc=00400034   x10(a0)=00000003
#3281   pc=00400038   x1(ra)=00400054
#3282   pc=0040003c   x8(s0/fp)=00000005
#3283   pc=00400040   x9(s1)=00000037
#3284   pc=00400044   x2(sp)=7fefff50
#3285   pc=00400048
#3286   pc=00400054   x9(s1)=00000003
#3287   pc=00400058
#3288   pc=0040005c   x1(ra)=00400060
#3289   pc=00400014   x2(sp)=7fefff40
#3290   pc=00400018
#3291   pc=0040001c
#3292   pc=00400020
#3293   pc=00400024   x8(s0/fp)=00000003
#3294   pc=00400028
#3295   pc=0040002c
#3296   pc=00400030
#3297   pc=0040004c   x10(a0)=00000002
#3298   pc=00400050   x1(ra)=00400054
#3299   pc=00400014   x2(sp)=7fefff30
#3300   pc=00400018
#3301   pc=0040001c
#3302   pc=00400020
#3303   pc=00400024   x8(s0/fp)=00000002
#3304   pc=00400028
#3305   pc=0040002c
#3306   pc=00400030
#3307   pc=0040004c   x10(a0)=00000001
#3308   pc=00400050
#3309   pc=00400014   x2(sp)=7fefff20
#3310   pc=00400018
#3311   pc=0040001c
#3312   pc=00400020
#3313   pc=00400024   x8(s0/fp)=00000001
#3314   pc=00400028
#3315   pc=0040002c
#3316   pc=00400030
#3317   pc=00400034
#3318   pc=00400038
#3319   pc=0040003c   x8(s0/fp)=00000002
#3320   pc=00400040
#3321   pc=00400044   x2(sp)=7fefff30
#3322   pc=00400048
#3323   pc=00400054   x9(s1)=00000001
#3324   pc=00400058   x10(a0)=00000000
#3325   pc=0040005c   x1(ra)=00400060
#3326   pc=00400014   x2(sp)=7fefff20
#3327   pc=00400018
#3328   pc=0040001c
#3329   pc=00400020
#3330   pc=00400024   x8(s0/fp)=00000000
#3331   pc=00400028
#3332   pc=00400034
#3333   pc=00400038
#3334   pc=0040003c   x8(s0/fp)=00000002
#3335   pc=00400040
#3336   pc=00400044   x2(sp)=7fefff30
#3337   pc=00400048
#3338   pc=00400060   x8(s0/fp)=00000001
#3339   pc=00400064
#3340   pc=00400034   x10(a0)=00000001
#3341   pc=00400038   x1(ra)=00400054
#3342   pc=0040003c   x8(s0/fp)=00000003
#3343   pc=00400040   x9(s1)=00000003
#3344   pc=00400044   x2(sp)=7fefff40
#3345   pc=00400048
#3346   pc=00400054   x9(s1)=00000001
#3347   pc=00400058
#3348   pc=0040005c   x1(ra)=00400060
#3349   pc=00400014   x2(sp)=7fefff30
#3350   pc=00400018
#3351   pc=0040001c
#3352   pc=00400020
#3353   pc=00400024   x8(s0/fp)=00000001
#3354   pc=00400028
#3355   pc=0040002c
#3356   pc=00400030
#3357   pc=00400034
#3358   pc=00400038
#3359   pc=0040003c   x8(s0/fp)=00000003
#3360   pc=00400040
#3361   pc=00400044   x2(sp)=7fefff40
#3362   pc=00400048
#3363   pc=00400060   x8(s0/fp)=00000002
#3364   pc=00400064
#3365   pc=00400034   x10(a0)=00000002
#3366   pc=00400038
#3367   pc=0040003c   x8(s0/fp)=00000005
#3368   pc=00400040   x9(s1)=00000003
#3369   pc=00400044   x2(sp)=7fefff50
#3370   pc=00400048
#3371   pc=00400060
#3372   pc=00400064
#3373   pc=00400034   x10(a0)=00000005
#3374   pc=00400038   x1(ra)=00400054
#3375   pc=0040003c   x8(s0/fp)=00000006
#3376   pc=00400040   x9(s1)=00000037
#3377   pc=00400044   x2(sp)=7fefff60
#3378   pc=00400048
#3379   pc=00400054   x9(s1)=00000005
#3380   pc=00400058   x10(a0)=00000004
#3381   pc=0040005c   x1(ra)=00400060
#3382   pc=00400014   x2(sp)=7fefff50
#3383   pc=00400018
#3384   pc=0040001c
#3385   pc=00400020
#3386   pc=00400024   x8(s0/fp)=00000004
#3387   pc=00400028
#3388   pc=0040002c
#3389   pc=00400030
#3390   pc=0040004c   x10(a0)=00000003
#3391   pc=00400050   x1(ra)=00400054
#3392   pc=00400014   x2(sp)=7fefff40
#3393   pc=00400018
#3394   pc=0040001c
#3395   pc=00400020
#3396   pc=00400024   x8(s0/fp)=00000003
#3397   pc=00400028
#3398   pc=0040002c
#3399   pc=00400030
#3400   pc=0040004c   x10(a0)=00000002
#3401   pc=00400050
#3402   pc=00400014   x2(sp)=7fefff30
#3403   pc=00400018
#3404   pc=0040001c
#3405   pc=00400020
#3406   pc=00400024   x8(s0/fp)=00000002
#3407   pc=00400028
#3408   pc=0040002c
#3409   pc=00400030
#3410   pc=0040004c   x10(a0)=00000001
#3411   pc=00400050
#3412   pc=00400014   x2(sp)=7fefff20
#3413   pc=00400018
#3414   pc=0040001c
#3415   pc=00400020
#3416   pc=00400024   x8(s0/fp)=00000001
#3417   pc=00400028
#3418   pc=0040002c
#3419   pc=00400030
#3420   pc=00400034
#3421   pc=00400038
#3422   pc=0040003c   x8(s0/fp)=00000002
#3423   pc=00400040
#3424   pc=00400044   x2(sp)=7fefff30
#3425   pc=00400048
#3426   pc=00400054   x9(s1)=00000001
#3427   pc=00400058   x10(a0)=00000000
#3428   pc=0040005c   x1(ra)=00400060
#3429   pc=00400014   x2(sp)=7fefff20
#3430   pc=00400018
#3431   pc=0040001c
#3432   pc=00400020
#3433   pc=00400024   x8(s0/fp)=00000000
#3434   pc=00400028
#3435   pc=00400034
#3436   pc=00400038
#3437   pc=0040003c   x8(s0/fp)=00000002
#3438   pc=00400040
#3439   pc=00400044   x2(sp)=7fefff30
#3440   pc=00400048
#3441   pc=00400060   x8(s0/fp)=00000001
#3442   pc=00400064
#3443   pc=00400034   x10(a0)=00000001
#3444   pc=00400038   x1(ra)=00400054
#3445   pc=0040003c   x8(s0/fp)=00000003
#3446   pc=00400040   x9(s1)=00000005
#3447   pc=00400044   x2(sp)=7fefff40
#3448   pc=00400048
#3449   pc=00400054   x9(s1)=00000001
#3450   pc=00400058
#3451   pc=0040005c   x1(ra)=00400060
#3452   pc=00400014   x2(sp)=7fefff30
#3453   pc=00400018
#3454   pc=0040001c
#3455   pc=00400020
#3456   pc=00400024   x8(s0/fp)=00000001
#3457   pc=00400028
#3458   pc=0040002c
#3459   pc=00400030
#3460   pc=00400034
#3461   pc=00400038
#3462   pc=0040003c   x8(s0/fp)=00000003
#3463   pc=00400040
#3464   pc=00400044   x2(sp)=7fefff40
#3465   pc=00400048
#3466   pc=00400060   x8(s0/fp)=00000002
#3467   pc=00400064
#3468   pc=00400034   x10(a0)=00000002
#3469   pc=00400038   x1(ra)=00400054
#3470   pc=0040003c   x8(s0/fp)=00000004
#3471   pc=00400040   x9(s1)=00000005
#3472   pc=00400044   x2(sp)=7fefff50
#3473   pc=00400048
#3474   pc=00400054   x9(s1)=00000002
#3475   pc=00400058
#3476   pc=0040005c   x1(ra)=00400060
#3477   pc=00400014   x2(sp)=7fefff40
#3478   pc=00400018
#3479   pc=0040001c
#3480   pc=00400020
#3481   pc=00400024   x8(s0/fp)=00000002
#3482   pc=00400028
#3483   pc=0040002c
#3484   pc=00400030
#3485   pc=0040004c   x10(a0)=00000001
#3486   pc=00400050   x1(ra)=00400054
#3487   pc=00400014   x2(sp)=7fefff30
#3488   pc=00400018
#3489   pc=0040001c
#3490   pc=00400020
#3491   pc=00400024   x8(s0/fp)=00000001
#3492   pc=00400028
#3493   pc=0040002c
#3494   pc=00400030
#3495   pc=00400034
#3496   pc=00400038
#3497   pc=0040003c   x8(s0/fp)=00000002
#3498   pc=00400040
#3499   pc=00400044   x2(sp)=7fefff40
#3500   pc=00400048
#3501   pc=00400054   x9(s1)=00000001
#3502   pc=00400058   x10(a0)=00000000
#3503   pc=0040005c   x1(ra)=00400060
#3504   pc=00400014   x2(sp)=7fefff30
#3505   pc=00400018
#3506   pc=0040001c
#3507   pc=00400020
#3508   pc=00400024   x8(s0/fp)=00000000
#3509   pc=00400028
#3510   pc=00400034
#3511   pc=00400038
#3512   pc=0040003c   x8(s0/fp)=00000002
#3513   pc=00400040
#3514   pc=00400044   x2(sp)=7fefff40
#3515   pc=00400048
#3516   pc=00400060   x8(s0/fp)=00000001
#3517   pc=00400064
#3518   pc=00400034   x10(a0)=00000001
#3519   pc=00400038
#3520   pc=0040003c   x8(s0/fp)=00000004
#3521   pc=00400040   x9(s1)=00000002
#3522   pc=00400044   x2(sp)=7fefff50
#3523   pc=00400048
#3524   pc=00400060   x8(s0/fp)=00000003
#3525   pc=00400064
#3526   pc=00400034   x10(a0)=00000003
#3527   pc=00400038
#3528   pc=0040003c   x8(s0/fp)=00000006
#3529   pc=00400040   x9(s1)=00000005
#3530   pc=00400044   x2(sp)=7fefff60
#3531   pc=00400048
#3532   pc=00400060   x8(s0/fp)=00000008
#3533   pc=00400064
#3534   pc=00400034   x10(a0)=00000008
#3535   pc=00400038   x1(ra)=00400054
#3536   pc=0040003c   x8(s0/fp)=00000007
#3537   pc=00400040   x9(s1)=00000037
#3538   pc=00400044   x2(sp)=7fefff70
#3539   pc=00400048
#3540   pc=00400054   x9(s1)=00000008
#3541   pc=00400058   x10(a0)=00000005
#3542   pc=0040005c   x1(ra)=00400060
#3543   pc=00400014   x2(sp)=7fefff60
#3544   pc=00400018
#3545   pc=0040001c
#3546   pc=00400020
#3547   pc=00400024   x8(s0/fp)=00000005
#3548   pc=00400028
#3549   pc=0040002c
#3550   pc=00400030
#3551   pc=0040004c   x10(a0)=00000004
#3552   pc=00400050   x1(ra)=00400054
#3553   pc=00400014   x2(sp)=7fefff50
#3554   pc=00400018
#3555   pc=0040001c
#3556   pc=00400020
#3557   pc=00400024   x8(s0/fp)=00000004
#3558   pc=00400028
#3559   pc=0040002c
#3560   pc=00400030
#3561   pc=0040004c   x10(a0)=00000003
#3562   pc=00400050
#3563   pc=00400014   x2(sp)=7fefff40
#3564   pc=00400018
#3565   pc=0040001c
#3566   pc=00400020
#3567   pc=00400024   x8(s0/fp)=00000003
#3568   pc=00400028
#3569   pc=0040002c
#3570   pc=00400030
#3571   pc=0040004c   x10(a0)=00000002
#3572   pc=00400050
#3573   pc=00400014   x2(sp)=7fefff30
#3574   pc=00400018
#3575   pc=0040001c
#3576   pc=00400020
#3577   pc=00400024   x8(s0/fp)=00000002
#3578   pc=00400028
#3579   pc=0040002c
#3580   pc=00400030
#3581   pc=0040004c   x10(a0)=00000001
#3582   pc=00400050
#3583   pc=00400014   x2(sp)=7fefff20
#3584   pc=00400018
#3585   pc=0040001c
#3586   pc=00400020
#3587   pc=00400024   x8(s0/fp)=00000001
#3588   pc=00400028
#3589   pc=0040002c
#3590   pc=00400030
#3591   pc=00400034
#3592   pc=00400038
#3593   pc=0040003c   x8(s0/fp)=00000002
#3594   pc=00400040
#3595   pc=00400044   x2(sp)=7fefff30
#3596   pc=00400048
#3597   pc=00400054   x9(s1)=00000001
#3598   pc=00400058   x10(a0)=00000000
#3599   pc=0040005c   x1(ra)=00400060
#3600   pc=00400014   x2(sp)=7fefff20
#3601   pc=00400018
#3602   pc=0040001c
#3603   pc=00400020
#3604   pc=00400024   x8(s0/fp)=00000000
#3605   pc=00400028
#3606   pc=00400034
#3607   pc=00400038
#3608   pc=0040003c   x8(s0/fp)=00000002
#3609   pc=00400040
#3610   pc=00400044   x2(sp)=7fefff30
#3611   pc=00400048
#3612   pc=00400060   x8(s0/fp)=00000001
#3613   pc=00400064
#3614   pc=00400034   x10(a0)=00000001
#3615   pc=00400038   x1(ra)=00400054
#3616   pc=0040003c   x8(s0/fp)=00000003
#3617   pc=00400040   x9(s1)=00000008
#3618   pc=00400044   x2(sp)=7fefff40
#3619   pc=00400048
#3620   pc=00400054   x9(s1)=00000001
#3621   pc=00400058
#3622   pc=0040005c   x1(ra)=00400060
#3623   pc=00400014   x2(sp)=7fefff30
#3624   pc=00400018
#3625   pc=0040001c
#3626   pc=00400020
#3627   pc=00400024   x8(s0/fp)=00000001
#3628   pc=00400028
#3629   pc=0040002c
#3630   pc=00400030
#3631   pc=00400034
#3632   pc=00400038
#3633   pc=0040003c   x8(s0/fp)=00000003
#3634   pc=00400040
#3635   pc=00400044   x2(sp)=7fefff40
#3636   pc=00400048
#3637   pc=00400060   x8(s0/fp)=00000002
#3638   pc=00400064
#3639   pc=00400034   x10(a0)=00000002
#3640   pc=00400038   x1(ra)=00400054
#3641   pc=0040003c   x8(s0/fp)=00000004
#3642   pc=00400040   x9(s1)=00000008
#3643   pc=00400044   x2(sp)=7fefff50
#3644   pc=00400048
#3645   pc=00400054   x9(s1)=00000002
#3646   pc=00400058
#3647   pc=0040005c   x1(ra)=00400060
#3648   pc=00400014   x2(sp)=7fefff40
#3649   pc=00400018
#3650   pc=0040001c
#3651   pc=00400020
#3652   pc=00400024   x8(s0/fp)=00000002
#3653   pc=00400028
#3654   pc=0040002c
#3655   pc=00400030
#3656   pc=0040004c   x10(a0)=00000001
#3657   pc=00400050   x1(ra)=00400054
#3658   pc=00400014   x2(sp)=7fefff30
#3659   pc=00400018
#3660   pc=0040001c
#3661   pc=00400020
#3662   pc=00400024   x8(s0/fp)=00000001
#3663   pc=00400028
#3664   pc=0040002c
#3665   pc=00400030
#3666   pc=00400034
#3667   pc=00400038
#3668   pc=0040003c   x8(s0/fp)=00000002
#3669   pc=00400040
#3670   pc=00400044   x2(sp)=7fefff40
#3671   pc=00400048
#3672   pc=00400054   x9(s1)=00000001
#3673   pc=00400058   x10(a0)=00000000
#3674   pc=0040005c   x1(ra)=00400060
#3675   pc=00400014   x2(sp)=7fefff30
#3676   pc=00400018
#3677   pc=0040001c
#3678   pc=00400020
#3679   pc=00400024   x8(s0/fp)=00000000
#3680   pc=00400028
#3681   pc=00400034
#3682   pc=00400038
#3683   pc=0040003c   x8(s0/fp)=00000002
#3684   pc=00400040
#3685   pc=00400044   x2(sp)=7fefff40
#3686   pc=00400048
#3687   pc=00400060   x8(s0/fp)=00000001
#3688   pc=00400064
#3689   pc=00400034   x10(a0)=00000001
#3690   pc=00400038
#3691   pc=0040003c   x8(s0/fp)=00000004
#3692   pc=00400040   x9(s1)=00000002
#3693   pc=00400044   x2(sp)=7fefff50
#3694   pc=00400048
#3695   pc=00400060   x8(s0/fp)=00000003
#3696   pc=00400064
#3697   pc=00400034   x10(a0)=00000003
#3698   pc=00400038   x1(ra)=00400054
#3699   pc=0040003c   x8(s0/fp)=00000005
#3700   pc=00400040   x9(s1)=00000008
#3701   pc=00400044   x2(sp)=7fefff60
#3702   pc=00400048
#3703   pc=00400054   x9(s1)=00000003
#3704   pc=00400058
#3705   pc=0040005c   x1(ra)=00400060
#3706   pc=00400014   x2(sp)=7fefff50
#3707   pc=00400018
#3708   pc=0040001c
#3709   pc=00400020
#3710   pc=00400024   x8(s0/fp)=00000003
#3711   pc=00400028
#3712   pc=0040002c
#3713   pc=00400030
#3714   pc=0040004c   x10(a0)=00000002
#3715   pc=00400050   x1(ra)=00400054
#3716   pc=00400014   x2(sp)=7fefff40
#3717   pc=00400018
#3718   pc=0040001c
#3719   pc=00400020
#3720   pc=00400024   x8(s0/fp)=00000002
#3721   pc=00400028
#3722   pc=0040002c
#3723   pc=00400030
#3724   pc=0040004c   x10(a0)=00000001
#3725   pc=00400050
#3726   pc=00400014   x2(sp)=7fefff30
#3727   pc=00400018
#3728   pc=0040001c
#3729   pc=00400020
#3730   pc=00400024   x8(s0/fp)=00000001
#3731   pc=00400028
#3732   pc=0040002c
#3733   pc=00400030
#3734   pc=00400034
#3735   pc=00400038
#3736   pc=0040003c   x8(s0/fp)=00000002
#3737   pc=00400040
#3738   pc=00400044   x2(sp)=7fefff40
#3739   pc=00400048
#3740   pc=00400054   x9(s1)=00000001
#3741   pc=00400058   x10(a0)=00000000
#3742   pc=0040005c   x1(ra)=00400060
#3743   pc=00400014   x2(sp)=7fefff30
#3744   pc=00400018
#3745   pc=0040001c
#3746   pc=00400020
#3747   pc=00400024   x8(s0/fp)=00000000
#3748   pc=00400028
#3749   pc=00400034
#3750   pc=00400038
#3751   pc=0040003c   x8(s0/fp)=00000002
#3752   pc=00400040
#3753   pc=00400044   x2(sp)=7fefff40
#3754   pc=00400048
#3755   pc=00400060   x8(s0/fp)=00000001
#3756   pc=00400064
#3757   pc=00400034   x10(a0)=00000001
#3758   pc=00400038   x1(ra)=00400054
#3759   pc=0040003c   x8(s0/fp)=00000003
#3760   pc=00400040   x9(s1)=00000003
#3761   pc=00400044   x2(sp)=7fefff50
#3762   pc=00400048
#3763   pc=00400054   x9(s1)=00000001
#3764   pc=00400058
#3765   pc=0040005c   x1(ra)=00400060
#3766   pc=00400014   x2(sp)=7fefff40
#3767   pc=00400018
#3768   pc=0040001c
#3769   pc=00400020
#3770   pc=00400024   x8(s0/fp)=00000001
#3771   pc=00400028
#3772   pc=0040002c
#3773   pc=00400030
#3774   pc=00400034
#3775   pc=00400038
#3776   pc=0040003c   x8(s0/fp)=00000003
#3777   pc=00400040
#3778   pc=00400044   x2(sp)=7fefff50
#3779   pc=00400048
#3780   pc=00400060   x8(s0/fp)=00000002
#3781   pc=00400064
#3782   pc=00400034   x10(a0)=00000002
#3783   pc=00400038
#3784   pc=0040003c   x8(s0/fp)=00000005
#3785   pc=00400040   x9(s1)=00000003
#3786   pc=00400044   x2(sp)=7fefff60
#3787   pc=00400048
#3788   pc=00400060
#3789   pc=00400064
#3790   pc=00400034   x10(a0)=00000005
#3791   pc=00400038
#3792   pc=0040003c   x8(s0/fp)=00000007
#3793   pc=00400040   x9(s1)=00000008
#3794   pc=00400044   x2(sp)=7fefff70
#3795   pc=00400048
#3796   pc=00400060   x8(s0/fp)=0000000d
#3797   pc=00400064
#3798   pc=00400034   x10(a0)=0000000d
#3799   pc=00400038   x1(ra)=00400054
#3800   pc=0040003c   x8(s0/fp)=00000008
#3801   pc=00400040   x9(s1)=00000037
#3802   pc=00400044   x2(sp)=7fefff80
#3803   pc=00400048
#3804   pc=00400054   x9(s1)=0000000d
#3805   pc=00400058   x10(a0)=00000006
#3806   pc=0040005c   x1(ra)=00400060
#3807   pc=00400014   x2(sp)=7fefff70
#3808   pc=00400018
#3809   pc=0040001c
#3810   pc=00400020
#3811   pc=00400024   x8(s0/fp)=00000006
#3812   pc=00400028
#3813   pc=0040002c
#3814   pc=00400030
#3815   pc=0040004c   x10(a0)=00000005
#3816   pc=00400050   x1(ra)=00400054
#3817   pc=00400014   x2(sp)=7fefff60
#3818   pc=00400018
#3819   pc=0040001c
#3820   pc=00400020
#3821   pc=00400024   x8(s0/fp)=00000005
#3822   pc=00400028
#3823   pc=0040002c
#3824   pc=00400030
#3825   pc=0040004c   x10(a0)=00000004
#3826   pc=00400050
#3827   pc=00400014   x2(sp)=7fefff50
#3828   pc=00400018
#3829   pc=0040001c
#3830   pc=00400020
#3831   pc=00400024   x8(s0/fp)=00000004
#3832   pc=00400028
#3833   pc=0040002c
#3834   pc=00400030
#3835   pc=0040004c   x10(a0)=00000003
#3836   pc=00400050
#3837   pc=00400014   x2(sp)=7fefff40
#3838   pc=00400018
#3839   pc=0040001c
#3840   pc=00400020
#3841   pc=00400024   x8(s0/fp)=00000003
#3842   pc=00400028
#3843   pc=0040002c
#3844   pc=00400030
#3845   pc=0040004c   x10(a0)=00000002
#3846   pc=00400050
#3847   pc=00400014   x2(sp)=7fefff30
#3848   pc=00400018
#3849   pc=0040001c
#3850   pc=00400020
#3851   pc=00400024   x8(s0/fp)=00000002
#3852   pc=00400028
#3853   pc=0040002c
#3854   pc=00400030
#3855   pc=0040004c   x10(a0)=00000001
#3856   pc=00400050
#3857   pc=00400014   x2(sp)=7fefff20
#3858   pc=00400018
#3859   pc=0040001c
#3860   pc=00400020
#3861   pc=00400024   x8(s0/fp)=00000001
#3862   pc=00400028
#3863   pc=0040002c
#3864   pc=00400030
#3865   pc=00400034
#3866   pc=00400038
#3867   pc=0040003c   x8(s0/fp)=00000002
#3868   pc=00400040
#3869   pc=00400044   x2(sp)=7fefff30
#3870   pc=00400048
#3871   pc=00400054   x9(s1)=00000001
#3872   pc=00400058   x10(a0)=00000000
#3873   pc=0040005c   x1(ra)=00400060
#3874   pc=00400014   x2(sp)=7fefff20
#3875   pc=00400018
#3876   pc=0040001c
#3877   pc=00400020
#3878   pc=00400024   x8(s0/fp)=00000000
#3879   pc=00400028
#3880   pc=00400034
#3881   pc=00400038
#3882   pc=0040003c   x8(s0/fp)=00000002
#3883   pc=00400040
#3884   pc=00400044   x2(sp)=7fefff30
#3885   pc=00400048
#3886   pc=00400060   x8(s0/fp)=00000001
#3887   pc=00400064
#3888   pc=00400034   x10(a0)=00000001
#3889   pc=00400038   x1(ra)=00400054
#3890   pc=0040003c   x8(s0/fp)=00000003
#3891   pc=00400040   x9(s1)=0000000d
#3892   pc=00400044   x2(sp)=7fefff40
#3893   pc=00400048
#3894   pc=00400054   x9(s1)=00000001
#3895   pc=00400058
#3896   pc=0040005c   x1(ra)=00400060
#3897   pc=00400014   x2(sp)=7fefff30
#3898   pc=00400018
#3899   pc=0040001c
#3900   pc=00400020
#3901   pc=00400024   x8(s0/fp)=00000001
#3902   pc=00400028
#3903   pc=0040002c
#3904   pc=00400030
#3905   pc=00400034
#3906   pc=00400038
#3907   pc=0040003c   x8(s0/fp)=00000003
#3908   pc=00400040
#3909   pc=00400044   x2(sp)=7fefff40
#3910   pc=00400048
#3911   pc=00400060   x8(s0/fp)=00000002
#3912   pc=00400064
#3913   pc=00400034   x10(a0)=00000002
#3914   pc=00400038   x1(ra)=00400054
#3915   pc=0040003c   x8(s0/fp)=00000004
#3916   pc=00400040   x9(s1)=0000000d
#3917   pc=00400044   x2(sp)=7fefff50
#3918   pc=00400048
#3919   pc=00400054   x9(s1)=00000002
#3920   pc=00400058
#3921   pc=0040005c   x1(ra)=00400060
#3922   pc=00400014   x2(sp)=7fefff40
#3923   pc=00400018
#3924   pc=0040001c
#3925   pc=00400020
#3926   pc=00400024   x8(s0/fp)=00000002
#3927   pc=00400028
#3928   pc=0040002c
#3929   pc=00400030
#3930   pc=0040004c   x10(a0)=00000001
#3931   pc=00400050   x1(ra)=00400054
#3932   pc=00400014   x2(sp)=7fefff30
#3933   pc=00400018
#3934   pc=0040001c
#3935   pc=00400020
#3936   pc=00400024   x8(s0/fp)=00000001
#3937   pc=00400028
#3938   pc=0040002c
#3939   pc=00400030
#3940   pc=00400034
#3941   pc=00400038
#3942   pc=0040003c   x8(s0/fp)=00000002
#3943   pc=00400040
#3944   pc=00400044   x2(sp)=7fefff40
#3945   pc=00400048
#3946   pc=00400054   x9(s1)=00000001
#3947   pc=00400058   x10(a0)=00000000
#3948   pc=0040005c   x1(ra)=00400060
#3949   pc=00400014   x2(sp)=7fefff30
#3950   pc=00400018
#3951   pc=0040001c
#3952   pc=00400020
#3953   pc=00400024   x8(s0/fp)=00000000
#3954   pc=00400028
#3955   pc=00400034
#3956   pc=00400038
#3957   pc=0040003c   x8(s0/fp)=00000002
#3958   pc=00400040
#3959   pc=00400044   x2(sp)=7fefff40
#3960   pc=00400048
#3961   pc=00400060   x8(s0/fp)=00000001
#3962   pc=00400064
#3963   pc=00400034   x10(a0)=00000001
#3964   pc=00400038
#3965   pc=0040003c   x8(s0/fp)=00000004
#3966   pc=00400040   x9(s1)=00000002
#3967   pc=00400044   x2(sp)=7fefff50
#3968   pc=00400048
#3969   pc=00400060   x8(s0/fp)=00000003
#3970   pc=00400064
#3971   pc=00400034   x10(a0)=00000003
#3972   pc=00400038   x1(ra)=00400054
#3973   pc=0040003c   x8(s0/fp)=00000005
#3974   pc=00400040   x9(s1)=0000000d
#3975   pc=00400044   x2(sp)=7fefff60
#3976   pc=00400048
#3977   pc=00400054   x9(s1)=00000003
#3978   pc=00400058
#3979   pc=0040005c   x1(ra)=00400060
#3980   pc=00400014   x2(sp)=7fefff50
#3981   pc=00400018
#3982   pc=0040001c
#3983   pc=00400020
#3984   pc=00400024   x8(s0/fp)=00000003
#3985   pc=00400028
#3986   pc=0040002c
#3987   pc=00400030
#3988   pc=0040004c   x10(a0)=00000002
#3989   pc=00400050   x1(ra)=00400054
#3990   pc=00400014   x2(sp)=7fefff40
#3991   pc=00400018
#3992   pc=0040001c
#3993   pc=00400020
#3994   pc=00400024   x8(s0/fp)=00000002
#3995   pc=00400028
#3996   pc=0040002c
#3997   pc=00400030
#3998   pc=0040004c   x10(a0)=00000001
#3999   pc=00400050
#4000   pc=00400014   x2(sp)=7fefff30
#4001   pc=00400018
#4002   pc=0040001c
#4003   pc=00400020
#4004   pc=00400024   x8(s0/fp)=00000001
#4005   pc=00400028
#4006   pc=0040002c
#4007   pc=00400030
#4008   pc=00400034
#4009   pc=00400038
#4010   pc=0040003c   x8(s0/fp)=00000002
#4011   pc=00400040
#4012   pc=00400044   x2(sp)=7fefff40
#4013   pc=00400048
#4014   pc=00400054   x9(s1)=00000001
#4015   pc=00400058   x10(a0)=00000000
#4016   pc=0040005c   x1(ra)=00400060
#4017   pc=00400014   x2(sp)=7fefff30
#4018   pc=00400018
#4019   pc=0040001c
#4020   pc=00400020
#4021   pc=00400024   x8(s0/fp)=00000000
#4022   pc=00400028
#4023   pc=00400034
#4024   pc=00400038
#4025   pc=0040003c   x8(s0/fp)=00000002
#4026   pc=00400040
#4027   pc=00400044   x2(sp)=7fefff40
#4028   pc=00400048
#4029   pc=00400060   x8(s0/fp)=00000001
#4030   pc=00400064
#4031   pc=00400034   x10(a0)=00000001
#4032   pc=00400038   x1(ra)=00400054
#4033   pc=0040003c   x8(s0/fp)=00000003
#4034   pc=00400040   x9(s1)=00000003
#4035   pc=00400044   x2(sp)=7fefff50
#4036   pc=00400048
#4037   pc=00400054   x9(s1)=00000001
#4038   pc=00400058
#4039   pc=0040005c   x1(ra)=00400060
#4040   pc=00400014   x2(sp)=7fefff40
#4041   pc=00400018
#4042   pc=0040001c
#4043   pc=00400020
#4044   pc=00400024   x8(s0/fp)=00000001
#4045   pc=00400028
#4046   pc=0040002c
#4047   pc=00400030
#4048   pc=00400034
#4049   pc=00400038
#4050   pc=0040003c   x8(s0/fp)=00000003
#4051   pc=00400040
#4052   pc=00400044   x2(sp)=7fefff50
#4053   pc=00400048
#4054   pc=00400060   x8(s0/fp)=00000002
#4055   pc=00400064
#4056   pc=00400034   x10(a0)=00000002
#4057   pc=00400038
#4058   pc=0040003c   x8(s0/fp)=00000005
#4059   pc=00400040   x9(s1)=00000003
#4060   pc=00400044   x2(sp)=7fefff60
#4061   pc=00400048
#4062   pc=00400060
#4063   pc=00400064
#4064   pc=00400034   x10(a0)=00000005
#4065   pc=00400038   x1(ra)=00400054
#4066   pc=0040003c   x8(s0/fp)=00000006
#4067   pc=00400040   x9(s1)=0000000d
#4068   pc=00400044   x2(sp)=7fefff70
#4069   pc=00400048
#4070   pc=00400054   x9(s1)=00000005
#4071   pc=00400058   x10(a0)=00000004
#4072   pc=0040005c   x1(ra)=00400060
#4073   pc=00400014   x2(sp)=7fefff60
#4074   pc=00400018
#4075   pc=0040001c
#4076   pc=00400020
#4077   pc=00400024   x8(s0/fp)=00000004
#4078   pc=00400028
#4079   pc=0040002c
#4080   pc=00400030
#4081   pc=0040004c   x10(a0)=00000003
#4082   pc=00400050   x1(ra)=00400054
#4083   pc=00400014   x2(sp)=7fefff50
#4084   pc=00400018
#4085   pc=0040001c
#4086   pc=00400020
#4087   pc=00400024   x8(s0/fp)=00000003
#4088   pc=00400028
#4089   pc=0040002c
#4090   pc=00400030
#4091   pc=0040004c   x10(a0)=00000002
#4092   pc=00400050
#4093   pc=00400014   x2(sp)=7fefff40
#4094   pc=00400018
#4095   pc=0040001c
#4096   pc=00400020
#4097   pc=00400024   x8(s0/fp)=00000002
#4098   pc=00400028
#4099   pc=0040002c
#4100   pc=00400030
#4101   pc=0040004c   x10(a0)=00000001
#4102   pc=00400050
#4103   pc=00400014   x2(sp)=7fefff30
#4104   pc=00400018
#4105   pc=0040001c
#4106   pc=00400020
#4107   pc=00400024   x8(s0/fp)=00000001
#4108   pc=00400028
#4109   pc=0040002c
#4110   pc=00400030
#4111   pc=00400034
#4112   pc=00400038
#4113   pc=0040003c   x8(s0/fp)=00000002
#4114   pc=00400040
#4115   pc=00400044   x2(sp)=7fefff40
#4116   pc=00400048
#4117   pc=00400054   x9(s1)=00000001
#4118   pc=00400058   x10(a0)=00000000
#4119   pc=0040005c   x1(ra)=00400060
#4120   pc=00400014   x2(sp)=7fefff30
#4121   pc=00400018
#4122   pc=0040001c
#4123   pc=00400020
#4124   pc=00400024   x8(s0/fp)=00000000
#4125   pc=00400028
#4126   pc=00400034
#4127   pc=00400038
#4128   pc=0040003c   x8(s0/fp)=00000002
#4129   pc=00400040
#4130   pc=00400044   x2(sp)=7fefff40
#4131   pc=00400048
#4132   pc=00400060   x8(s0/fp)=00000001
#4133   pc=00400064
#4134   pc=00400034   x10(a0)=00000001
#4135   pc=00400038   x1(ra)=00400054
#4136   pc=0040003c   x8(s0/fp)=00000003
#4137   pc=00400040   x9(s1)=00000005
#4138   pc=00400044   x2(sp)=7fefff50
#4139   pc=00400048
#4140   pc=00400054   x9(s1)=00000001
#4141   pc=00400058
#4142   pc=0040005c   x1(ra)=00400060
#4143   pc=00400014   x2(sp)=7fefff40
#4144   pc=00400018
#4145   pc=0040001c
#4146   pc=00400020
#4147   pc=00400024   x8(s0/fp)=00000001
#4148   pc=00400028
#4149   pc=0040002c
#4150   pc=00400030
#4151   pc=00400034
#4152   pc=00400038
#4153   pc=0040003c   x8(s0/fp)=00000003
#4154   pc=00400040
#4155   pc=00400044   x2(sp)=7fefff50
#4156   pc=00400048
#4157   pc=00400060   x8(s0/fp)=00000002
#4158   pc=00400064
#4159   pc=00400034   x10(a0)=00000002
#4160   pc=00400038   x1(ra)=00400054
#4161   pc=0040003c   x8(s0/fp)=00000004
#4162   pc=00400040   x9(s1)=00000005
#4163   pc=00400044   x2(sp)=7fefff60
#4164   pc=00400048
#4165   pc=00400054   x9(s1)=00000002
#4166   pc=00400058
#4167   pc=0040005c   x1(ra)=00400060
#4168   pc=00400014   x2(sp)=7fefff50
#4169   pc=00400018
#4170   pc=0040001c
#4171   pc=00400020
#4172   pc=00400024   x8(s0/fp)=00000002
#4173   pc=00400028
#4174   pc=0040002c
#4175   pc=00400030
#4176   pc=0040004c   x10(a0)=00000001
#4177   pc=00400050   x1(ra)=00400054
#4178   pc=00400014   x2(sp)=7fefff40
#4179   pc=00400018
#4180   pc=0040001c
#4181   pc=00400020
#4182   pc=00400024   x8(s0/fp)=00000001
#4183   pc=00400028
#4184   pc=0040002c
#4185   pc=00400030
#4186   pc=00400034
#4187   pc=00400038
#4188   pc=0040003c   x8(s0/fp)=00000002
#4189   pc=00400040
#4190   pc=00400044   x2(sp)=7fefff50
#4191   pc=00400048
#4192   pc=00400054   x9(s1)=00000001
#4193   pc=00400058   x10(a0)=00000000
#4194   pc=0040005c   x1(ra)=00400060
#4195   pc=00400014   x2(sp)=7fefff40
#4196   pc=00400018
#4197   pc=0040001c
#4198   pc=00400020
#4199   pc=00400024   x8(s0/fp)=00000000
#4200   pc=00400028
#4201   pc=00400034
#4202   pc=00400038
#4203   pc=0040003c   x8(s0/fp)=00000002
#4204   pc=00400040
#4205   pc=00400044   x2(sp)=7fefff50
#4206   pc=00400048
#4207   pc=00400060   x8(s0/fp)=00000001
#4208   pc=00400064
#4209   pc=00400034   x10(a0)=00000001
#4210   pc=00400038
#4211   pc=0040003c   x8(s0/fp)=00000004
#4212   pc=00400040   x9(s1)=00000002
#4213   pc=00400044   x2(sp)=7fefff60
#4214   pc=00400048
#4215   pc=00400060   x8(s0/fp)=00000003
#4216   pc=00400064
#4217   pc=00400034   x10(a0)=00000003
#4218   pc=00400038
#4219   pc=0040003c   x8(s0/fp)=00000006
#4220   pc=00400040   x9(s1)=00000005
#4221   pc=00400044   x2(sp)=7fefff70
#4222   pc=00400048
#4223   pc=00400060   x8(s0/fp)=00000008
#4224   pc=00400064
#4225   pc=00400034   x10(a0)=00000008
#4226   pc=00400038
#4227   pc=0040003c
#4228   pc=00400040   x9(s1)=0000000d
#4229   pc=00400044   x2(sp)=7fefff80
#4230   pc=00400048
#4231   pc=00400060   x8(s0/fp)=00000015
#4232   pc=00400064
#4233   pc=00400034   x10(a0)=00000015
#4234   pc=00400038   x1(ra)=00400054
#4235   pc=0040003c   x8(s0/fp)=00000009
#4236   pc=00400040   x9(s1)=00000037
#4237   pc=00400044   x2(sp)=7fefff90
#4238   pc=00400048
#4239   pc=00400054   x9(s1)=00000015
#4240   pc=00400058   x10(a0)=00000007
#4241   pc=0040005c   x1(ra)=00400060
#4242   pc=00400014   x2(sp)=7fefff80
#4243   pc=00400018
#4244   pc=0040001c
#4245   pc=00400020
#4246   pc=00400024   x8(s0/fp)=00000007
#4247   pc=00400028
#4248   pc=0040002c
#4249   pc=00400030
#4250   pc=0040004c   x10(a0)=00000006
#4251   pc=00400050   x1(ra)=00400054
#4252   pc=00400014   x2(sp)=7fefff70
#4253   pc=00400018
#4254   pc=0040001c
#4255   pc=00400020
#4256   pc=00400024   x8(s0/fp)=00000006
#4257   pc=00400028
#4258   pc=0040002c
#4259   pc=00400030
#4260   pc=0040004c   x10(a0)=00000005
#4261   pc=00400050
#4262   pc=00400014   x2(sp)=7fefff60
#4263   pc=00400018
#4264   pc=0040001c
#4265   pc=00400020
#4266   pc=00400024   x8(s0/fp)=00000005
#4267   pc=00400028
#4268   pc=0040002c
#4269   pc=00400030
#4270   pc=0040004c   x10(a0)=00000004
#4271   pc=00400050
#4272   pc=00400014   x2(sp)=7fefff50
#4273   pc=00400018
#4274   pc=0040001c
#4275   pc=00400020
#4276   pc=00400024   x8(s0/fp)=00000004
#4277   pc=00400028
#4278   pc=0040002c
#4279   pc=00400030
#4280   pc=0040004c   x10(a0)=00000003
#4281   pc=00400050
#4282   pc=00400014   x2(sp)=7fefff40
#4283   pc=00400018
#4284   pc=0040001c
#4285   pc=00400020
#4286   pc=00400024   x8(s0/fp)=00000003
#4287   pc=00400028
#4288   pc=0040002c
#4289   pc=00400030
#4290   pc=0040004c   x10(a0)=00000002
#4291   pc=00400050
#4292   pc=00400014   x2(sp)=7fefff30
#4293   pc=00400018
#4294   pc=0040001c
#4295   pc=00400020
#4296   pc=00400024   x8(s0/fp)=00000002
#4297   pc=00400028
#4298   pc=0040002c
#4299   pc=00400030
#4300   pc=0040004c   x10(a0)=00000001
#4301   pc=00400050
#4302   pc=00400014   x2(sp)=7fefff20
#4303   pc=00400018
#4304   pc=0040001c
#4305   pc=00400020
#4306   pc=00400024   x8(s0/fp)=00000001
#4307   pc=00400028
#4308   pc=0040002c
#4309   pc=00400030
#4310   pc=00400034
#4311   pc=00400038
#4312   pc=0040003c   x8(s0/fp)=00000002
#4313   pc=00400040
#4314   pc=00400044   x2(sp)=7fefff30
#4315   pc=00400048
#4316   pc=00400054   x9(s1)=00000001
#4317   pc=00400058   x10(a0)=00000000
#4318   pc=0040005c   x1(ra)=00400060
#4319   pc=00400014   x2(sp)=7fefff20
#4320   pc=00400018
#4321   pc=0040001c
#4322   pc=00400020
#4323   pc=00400024   x8(s0/fp)=00000000
#4324   pc=00400028
#4325   pc=00400034
#4326   pc=00400038
#4327   pc=0040003c   x8(s0/fp)=00000002
#4328   pc=00400040
#4329   pc=00400044   x2(sp)=7fefff30
#4330   pc=00400048
#4331   pc=00400060   x8(s0/fp)=00000001
#4332   pc=00400064
#4333   pc=00400034   x10(a0)=00000001
#4334   pc=00400038   x1(ra)=00400054
#4335   pc=0040003c   x8(s0/fp)=00000003
#4336   pc=00400040   x9(s1)=00000015
#4337   pc=00400044   x2(sp)=7fefff40
#4338   pc=00400048
#4339   pc=00400054   x9(s1)=00000001
#4340   pc=00400058
#4341   pc=0040005c   x1(ra)=00400060
#4342   pc=00400014   x2(sp)=7fefff30
#4343   pc=00400018
#4344   pc=0040001c
#4345   pc=00400020
#4346   pc=00400024   x8(s0/fp)=00000001
#4347   pc=00400028
#4348   pc=0040002c
#4349   pc=00400030
#4350   pc=00400034
#4351   pc=00400038
#4352   pc=0040003c   x8(s0/fp)=00000003
#4353   pc=00400040
#4354   pc=00400044   x2(sp)=7fefff40
#4355   pc=00400048
#4356   pc=00400060   x8(s0/fp)=00000002
#4357   pc=00400064
#4358   pc=00400034   x10(a0)=00000002
#4359   pc=00400038   x1(ra)=00400054
#4360   pc=0040003c   x8(s0/fp)=00000004
#4361   pc=00400040   x9(s1)=00000015
#4362   pc=00400044   x2(sp)=7fefff50
#4363   pc=00400048
#4364   pc=00400054   x9(s1)=00000002
#4365   pc=00400058
#4366   pc=0040005c   x1(ra)=00400060
#4367   pc=00400014   x2(sp)=7fefff40
#4368   pc=00400018
#4369   pc=0040001c
#4370   pc=00400020
#4371   pc=00400024   x8(s0/fp)=00000002
#4372   pc=00400028
#4373   pc=0040002c
#4374   pc=00400030
#4375   pc=0040004c   x10(a0)=00000001
#4376   pc=00400050   x1(ra)=00400054
#4377   pc=00400014   x2(sp)=7fefff30
#4378   pc=00400018
#4379   pc=0040001c
#4380   pc=00400020
#4381   pc=00400024   x8(s0/fp)=00000001
#4382   pc=00400028
#4383   pc=0040002c
#4384   pc=00400030
#4385   pc=00400034
#4386   pc=00400038
#4387   pc=0040003c   x8(s0/fp)=00000002
#4388   pc=00400040
#4389   pc=00400044   x2(sp)=7fefff40
#4390   pc=00400048
#4391   pc=00400054   x9(s1)=00000001
#4392   pc=00400058   x10(a0)=00000000
#4393   pc=0040005c   x1(ra)=00400060
#4394   pc=00400014   x2(sp)=7fefff30
#4395   pc=00400018
#4396   pc=0040001c
#4397   pc=00400020
#4398   pc=00400024   x8(s0/fp)=00000000
#4399   pc=00400028
#4400   pc=00400034
#4401   pc=00400038
#4402   pc=0040003c   x8(s0/fp)=00000002
#4403   pc=00400040
#4404   pc=00400044   x2(sp)=7fefff40
#4405   pc=00400048
#4406   pc=00400060   x8(s0/fp)=00000001
#4407   pc=00400064
#4408   pc=00400034   x10(a0)=00000001
#4409   pc=00400038
#4410   pc=0040003c   x8(s0/fp)=00000004
#4411   pc=00400040   x9(s1)=00000002
#4412   pc=00400044   x2(sp)=7fefff50
#4413   pc=00400048
#4414   pc=00400060   x8(s0/fp)=00000003
#4415   pc=00400064
#4416   pc=00400034   x10(a0)=00000003
#4417   pc=00400038   x1(ra)=00400054
#4418   pc=0040003c   x8(s0/fp)=00000005
#4419   pc=00400040   x9(s1)=00000015
#4420   pc=00400044   x2(sp)=7fefff60
#4421   pc=00400048
#4422   pc=00400054   x9(s1)=00000003
#4423   pc=00400058
#4424   pc=0040005c   x1(ra)=00400060
#4425   pc=00400014   x2(sp)=7fefff50
#4426   pc=00400018
#4427   pc=0040001c
#4428   pc=00400020
#4429   pc=00400024   x8(s0/fp)=00000003
#4430   pc=00400028
#4431   pc=0040002c
#4432   pc=00400030
#4433   pc=0040004c   x10(a0)=00000002
#4434   pc=00400050   x1(ra)=00400054
#4435   pc=00400014   x2(sp)=7fefff40
#4436   pc=00400018
#4437   pc=0040001c
#4438   pc=00400020
#4439   pc=00400024   x8(s0/fp)=00000002
#4440   pc=00400028
#4441   pc=0040002c
#4442   pc=00400030
#4443   pc=0040004c   x10(a0)=00000001
#4444   pc=00400050
#4445   pc=00400014   x2(sp)=7fefff30
#4446   pc=00400018
#4447   pc=0040001c
#4448   pc=00400020
#4449   pc=00400024   x8(s0/fp)=00000001
#4450   pc=00400028
#4451   pc=0040002c
#4452   pc=00400030
#4453   pc=00400034
#4454   pc=00400038
#4455   pc=0040003c   x8(s0/fp)=00000002
#4456   pc=00400040
#4457   pc=00400044   x2(sp)=7fefff40
#4458   pc=00400048
#4459   pc=00400054   x9(s1)=00000001
#4460   pc=00400058   x10(a0)=00000000
#4461   pc=0040005c   x1(ra)=00400060
#4462   pc=00400014   x2(sp)=7fefff30
#4463   pc=00400018
#4464   pc=0040001c
#4465   pc=00400020
#4466   pc=00400024   x8(s0/fp)=00000000
#4467   pc=00400028
#4468   pc=00400034
#4469   pc=00400038
#4470   pc=0040003c   x8(s0/fp)=00000002
#4471   pc=00400040
#4472   pc=00400044   x2(sp)=7fefff40
#4473   pc=00400048
#4474   pc=00400060   x8(s0/fp)=00000001
#4475   pc=00400064
#4476   pc=00400034   x10(a0)=00000001
#4477   pc=00400038   x1(ra)=00400054
#4478   pc=0040003c   x8(s0/fp)=00000003
#4479   pc=00400040   x9(s1)=00000003
#4480   pc=00400044   x2(sp)=7fefff50
#4481   pc=00400048
#4482   pc=00400054   x9(s1)=00000001
#4483   pc=00400058
#4484   pc=0040005c   x1(ra)=00400060
#4485   pc=00400014   x2(sp)=7fefff40
#4486   pc=00400018
#4487   pc=0040001c
#4488   pc=00400020
#4489   pc=00400024   x8(s0/fp)=00000001
#4490   pc=00400028
#4491   pc=0040002c
#4492   pc=00400030
#4493   pc=00400034
#4494   pc=00400038
#4495   pc=0040003c   x8(s0/fp)=00000003
#4496   pc=00400040
#4497   pc=00400044   x2(sp)=7fefff50
#4498   pc=00400048
#4499   pc=00400060   x8(s0/fp)=00000002
#4500   pc=00400064
#4501   pc=00400034   x10(a0)=00000002
#4502   pc=00400038
#4503   pc=0040003c   x8(s0/fp)=00000005
#4504   pc=00400040   x9(s1)=00000003
#4505   pc=00400044   x2(sp)=7fefff60
#4506   pc=00400048
#4507   pc=00400060
#4508   pc=00400064
#4509   pc=00400034   x10(a0)=00000005
#4510   pc=00400038   x1(ra)=00400054
#4511   pc=0040003c   x8(s0/fp)=00000006
#4512   pc=00400040   x9(s1)=00000015
#4513   pc=00400044   x2(sp)=7fefff70
#4514   pc=00400048
#4515   pc=00400054   x9(s1)=00000005
#4516   pc=00400058   x10(a0)=00000004
#4517   pc=0040005c   x1(ra)=00400060
#4518   pc=00400014   x2(sp)=7fefff60
#4519   pc=00400018
#4520   pc=0040001c
#4521   pc=00400020
#4522   pc=00400024   x8(s0/fp)=00000004
#4523   pc=00400028
#4524   pc=0040002c
#4525   pc=00400030
#4526   pc=0040004c   x10(a0)=00000003
#4527   pc=00400050   x1(ra)=00400054
#4528   pc=00400014   x2(sp)=7fefff50
#4529   pc=00400018
#4530   pc=0040001c
#4531   pc=00400020
#4532   pc=00400024   x8(s0/fp)=00000003
#4533   pc=00400028
#4534   pc=0040002c
#4535   pc=00400030
#4536   pc=0040004c   x10(a0)=00000002
#4537   pc=00400050
#4538   pc=00400014   x2(sp)=7fefff40
#4539   pc=00400018
#4540   pc=0040001c
#4541   pc=00400020
#4542   pc=00400024   x8(s0/fp)=00000002
#4543   pc=00400028
#4544   pc=0040002c
#4545   pc=00400030
#4546   pc=0040004c   x10(a0)=00000001
#4547   pc=00400050
#4548   pc=00400014   x2(sp)=7fefff30
#4549   pc=00400018
#4550   pc=0040001c
#4551   pc=00400020
#4552   pc=00400024   x8(s0/fp)=00000001
#4553   pc=00400028
#4554   pc=0040002c
#4555   pc=00400030
#4556   pc=00400034
#4557   pc=00400038
#4558   pc=0040003c   x8(s0/fp)=00000002
#4559   pc=00400040
#4560   pc=00400044   x2(sp)=7fefff40
#4561   pc=00400048
#4562   pc=00400054   x9(s1)=00000001
#4563   pc=00400058   x10(a0)=00000000
#4564   pc=0040005c   x1(ra)=00400060
#4565   pc=00400014   x2(sp)=7fefff30
#4566   pc=00400018
#4567   pc=0040001c
#4568   pc=00400020
#4569   pc=00400024   x8(s0/fp)=00000000
#4570   pc=00400028
#4571   pc=00400034
#4572   pc=00400038
#4573   pc=0040003c   x8(s0/fp)=00000002
#4574   pc=00400040
#4575   pc=00400044   x2(sp)=7fefff40
#4576   pc=00400048
#4577   pc=00400060   x8(s0/fp)=00000001
#4578   pc=00400064
#4579   pc=00400034   x10(a0)=00000001
#4580   pc=00400038   x1(ra)=00400054
#4581   pc=0040003c   x8(s0/fp)=00000003
#4582   pc=00400040   x9(s1)=00000005
#4583   pc=00400044   x2(sp)=7fefff50
#4584   pc=00400048
#4585   pc=00400054   x9(s1)=00000001
#4586   pc=00400058
#4587   pc=0040005c   x1(ra)=00400060
#4588   pc=00400014   x2(sp)=7fefff40
#4589   pc=00400018
#4590   pc=0040001c
#4591   pc=00400020
#4592   pc=00400024   x8(s0/fp)=00000001
#4593   pc=00400028
#4594   pc=0040002c
#4595   pc=00400030
#4596   pc=00400034
#4597   pc=00400038
#4598   pc=0040003c   x8(s0/fp)=00000003
#4599   pc=00400040
#4600   pc=00400044   x2(sp)=7fefff50
#4601   pc=00400048
#4602   pc=00400060   x8(s0/fp)=00000002
#4603   pc=00400064
#4604   pc=00400034   x10(a0)=00000002
#4605   pc=00400038   x1(ra)=00400054
#4606   pc=0040003c   x8(s0/fp)=00000004
#4607   pc=00400040   x9(s1)=00000005
#4608   pc=00400044   x2(sp)=7fefff60
#4609   pc=00400048
#4610   pc=00400054   x9(s1)=00000002
#4611   pc=00400058
#4612   pc=0040005c   x1(ra)=00400060
#4613   pc=00400014   x2(sp)=7fefff50
#4614   pc=00400018
#4615   pc=0040001c
#4616   pc=00400020
#4617   pc=00400024   x8(s0/fp)=00000002
#4618   pc=00400028
#4619   pc=0040002c
#4620   pc=00400030
#4621   pc=0040004c   x10(a0)=00000001
#4622   pc=00400050   x1(ra)=00400054
#4623   pc=00400014   x2(sp)=7fefff40
#4624   pc=00400018
#4625   pc=0040001c
#4626   pc=00400020
#4627   pc=00400024   x8(s0/fp)=00000001
#4628   pc=00400028
#4629   pc=0040002c
#4630   pc=00400030
#4631   pc=00400034
#4632   pc=00400038
#4633   pc=0040003c   x8(s0/fp)=00000002
#4634   pc=00400040
#4635   pc=00400044   x2(sp)=7fefff50
#4636   pc=00400048
#4637   pc=00400054   x9(s1)=00000001
#4638   pc=00400058   x10(a0)=00000000
#4639   pc=0040005c   x1(ra)=00400060
#4640   pc=00400014   x2(sp)=7fefff40
#4641   pc=00400018
#4642   pc=0040001c
#4643   pc=00400020
#4644   pc=00400024   x8(s0/fp)=00000000
#4645   pc=00400028
#4646   pc=00400034
#4647   pc=00400038
#4648   pc=0040003c   x8(s0/fp)=00000002
#4649   pc=00400040
#4650   pc=00400044   x2(sp)=7fefff50
#4651   pc=00400048
#4652   pc=00400060   x8(s0/fp)=00000001
#4653   pc=00400064
#4654   pc=00400034   x10(a0)=00000001
#4655   pc=00400038
#4656   pc=0040003c   x8(s0/fp)=00000004
#4657   pc=00400040   x9(s1)=00000002
#4658   pc=00400044   x2(sp)=7fefff60
#4659   pc=00400048
#4660   pc=00400060   x8(s0/fp)=00000003
#4661   pc=00400064
#4662   pc=00400034   x10(a0)=00000003
#4663   pc=00400038
#4664   pc=0040003c   x8(s0/fp)=00000006
#4665   pc=00400040   x9(s1)=00000005
#4666   pc=00400044   x2(sp)=7fefff70
#4667   pc=00400048
#4668   pc=00400060   x8(s0/fp)=00000008
#4669   pc=00400064
#4670   pc=00400034   x10(a0)=00000008
#4671   pc=00400038   x1(ra)=00400054
#4672   pc=0040003c   x8(s0/fp)=00000007
#4673   pc=00400040   x9(s1)=00000015
#4674   pc=00400044   x2(sp)=7fefff80
#4675   pc=00400048
#4676   pc=00400054   x9(s1)=00000008
#4677   pc=00400058   x10(a0)=00000005
#4678   pc=0040005c   x1(ra)=00400060
#4679   pc=00400014   x2(sp)=7fefff70
#4680   pc=00400018
#4681   pc=0040001c
#4682   pc=00400020
#4683   pc=00400024   x8(s0/fp)=00000005
#4684   pc=00400028
#4685   pc=0040002c
#4686   pc=00400030
#4687   pc=0040004c   x10(a0)=00000004
#4688   pc=00400050   x1(ra)=00400054
#4689   pc=00400014   x2(sp)=7fefff60
#4690   pc=00400018
#4691   pc=0040001c
#4692   pc=00400020
#4693   pc=00400024   x8(s0/fp)=00000004
#4694   pc=00400028
#4695   pc=0040002c
#4696   pc=00400030
#4697   pc=0040004c   x10(a0)=00000003
#4698   pc=00400050
#4699   pc=00400014   x2(sp)=7fefff50
#4700   pc=00400018
#4701   pc=0040001c
#4702   pc=00400020
#4703   pc=00400024   x8(s0/fp)=00000003
#4704   pc=00400028
#4705   pc=0040002c
#4706   pc=00400030
#4707   pc=0040004c   x10(a0)=00000002
#4708   pc=00400050
#4709   pc=00400014   x2(sp)=7fefff40
#4710   pc=00400018
#4711   pc=0040001c
#4712   pc=00400020
#4713   pc=00400024   x8(s0/fp)=00000002
#4714   pc=00400028
#4715   pc=0040002c
#4716   pc=00400030
#4717   pc=0040004c   x10(a0)=00000001
#4718   pc=00400050
#4719   pc=00400014   x2(sp)=7fefff30
#4720   pc=00400018
#4721   pc=0040001c
#4722   pc=00400020
#4723   pc=00400024   x8(s0/fp)=00000001
#4724   pc=00400028
#4725   pc=0040002c
#4726   pc=00400030
#4727   pc=00400034
#4728   pc=00400038
#4729   pc=0040003c   x8(s0/fp)=00000002
#4730   pc=00400040
#4731   pc=00400044   x2(sp)=7fefff40
#4732   pc=00400048
#4733   pc=00400054   x9(s1)=00000001
#4734   pc=00400058   x10(a0)=00000000
#4735   pc=0040005c   x1(ra)=00400060
#4736   pc=00400014   x2(sp)=7fefff30
#4737   pc=00400018
#4738   pc=0040001c
#4739   pc=00400020
#4740   pc=00400024   x8(s0/fp)=00000000
#4741   pc=00400028
#4742   pc=00400034
#4743   pc=00400038
#4744   pc=0040003c   x8(s0/fp)=00000002
#4745   pc=00400040
#4746   pc=00400044   x2(sp)=7fefff40
#4747   pc=00400048
#4748   pc=00400060   x8(s0/fp)=00000001
#4749   pc=00400064
#4750   pc=00400034   x10(a0)=00000001
#4751   pc=00400038   x1(ra)=00400054
#4752   pc=0040003c   x8(s0/fp)=00000003
#4753   pc=00400040   x9(s1)=00000008
#4754   pc=00400044   x2(sp)=7fefff50
#4755   pc=00400048
#4756   pc=00400054   x9(s1)=00000001
#4757   pc=00400058
#4758   pc=0040005c   x1(ra)=00400060
#4759   pc=00400014   x2(sp)=7fefff40
#4760   pc=00400018
#4761   pc=0040001c
#4762   pc=00400020
#4763   pc=00400024   x8(s0/fp)=00000001
#4764   pc=00400028
#4765   pc=0040002c
#4766   pc=00400030
#4767   pc=00400034
#4768   pc=00400038
#4769   pc=0040003c   x8(s0/fp)=00000003
#4770   pc=00400040
#4771   pc=00400044   x2(sp)=7fefff50
#4772   pc=00400048
#4773   pc=00400060   x8(s0/fp)=00000002
#4774   pc=00400064
#4775   pc=00400034   x10(a0)=00000002
#4776   pc=00400038   x1(ra)=00400054
#4777   pc=0040003c   x8(s0/fp)=00000004
#4778   pc=00400040   x9(s1)=00000008
#4779   pc=00400044   x2(sp)=7fefff60
#4780   pc=00400048
#4781   pc=00400054   x9(s1)=00000002
#4782   pc=00400058
#4783   pc=0040005c   x1(ra)=00400060
#4784   pc=00400014   x2(sp)=7fefff50
#4785   pc=00400018
#4786   pc=0040001c
#4787   pc=00400020
#4788   pc=00400024   x8(s0/fp)=00000002
#4789   pc=00400028
#4790   pc=0040002c
#4791   pc=00400030
#4792   pc=0040004c   x10(a0)=00000001
#4793   pc=00400050   x1(ra)=00400054
#4794   pc=00400014   x2(sp)=7fefff40
#4795   pc=00400018
#4796   pc=0040001c
#4797   pc=00400020
#4798   pc=00400024   x8(s0/fp)=00000001
#4799   pc=00400028
#4800   pc=0040002c
#4801   pc=00400030
#4802   pc=00400034
#4803   pc=00400038
#4804   pc=0040003c   x8(s0/fp)=00000002
#4805   pc=00400040
#4806   pc=00400044   x2(sp)=7fefff50
#4807   pc=00400048
#4808   pc=00400054   x9(s1)=00000001
#4809   pc=00400058   x10(a0)=00000000
#4810   pc=0040005c   x1(ra)=00400060
#4811   pc=00400014   x2(sp)=7fefff40
#4812   pc=00400018
#4813   pc=0040001c
#4814   pc=00400020
#4815   pc=00400024   x8(s0/fp)=00000000
#4816   pc=00400028
#4817   pc=00400034
#4818   pc=00400038
#4819   pc=0040003c   x8(s0/fp)=00000002
#4820   pc=00400040
#4821   pc=00400044   x2(sp)=7fefff50
#4822   pc=00400048
#4823   pc=00400060   x8(s0/fp)=00000001
#4824   pc=00400064
#4825   pc=00400034   x10(a0)=00000001
#4826   pc=00400038
#4827   pc=0040003c   x8(s0/fp)=00000004
#4828   pc=00400040   x9(s1)=00000002
#4829   pc=00400044   x2(sp)=7fefff60
#4830   pc=00400048
#4831   pc=00400060   x8(s0/fp)=00000003
#4832   pc=00400064
#4833   pc=00400034   x10(a0)=00000003
#4834   pc=00400038   x1(ra)=00400054
#4835   pc=0040003c   x8(s0/fp)=00000005
#4836   pc=00400040   x9(s1)=00000008
#4837   pc=00400044   x2(sp)=7fefff70
#4838   pc=00400048
#4839   pc=00400054   x9(s1)=00000003
#4840   pc=00400058
#4841   pc=0040005c   x1(ra)=00400060
#4842   pc=00400014   x2(sp)=7fefff60
#4843   pc=00400018
#4844   pc=0040001c
#4845   pc=00400020
#4846   pc=00400024   x8(s0/fp)=00000003
#4847   pc=00400028
#4848   pc=0040002c
#4849   pc=00400030
#4850   pc=0040004c   x10(a0)=00000002
#4851   pc=00400050   x1(ra)=00400054
#4852   pc=00400014   x2(sp)=7fefff50
#4853   pc=00400018
#4854   pc=0040001c
#4855   pc=00400020
#4856   pc=00400024   x8(s0/fp)=00000002
#4857   pc=00400028
#4858   pc=0040002c
#4859   pc=00400030
#4860   pc=0040004c   x10(a0)=00000001
#4861   pc=00400050
#4862   pc=00400014   x2(sp)=7fefff40
#4863   pc=00400018
#4864   pc=0040001c
#4865   pc=00400020
#4866   pc=00400024   x8(s0/fp)=00000001
#4867   pc=00400028
#4868   pc=0040002c
#4869   pc=00400030
#4870   pc=00400034
#4871   pc=00400038
#4872   pc=0040003c   x8(s0/fp)=00000002
#4873   pc=00400040
#4874   pc=00400044   x2(sp)=7fefff50
#4875   pc=00400048
#4876   pc=00400054   x9(s1)=00000001
#4877   pc=00400058   x10(a0)=00000000
#4878   pc=0040005c   x1(ra)=00400060
#4879   pc=00400014   x2(sp)=7fefff40
#4880   pc=00400018
#4881   pc=0040001c
#4882   pc=00400020
#4883   pc=00400024   x8(s0/fp)=00000000
#4884   pc=00400028
#4885   pc=00400034
#4886   pc=00400038
#4887   pc=0040003c   x8(s0/fp)=00000002
#4888   pc=00400040
#4889   pc=00400044   x2(sp)=7fefff50
#4890   pc=00400048
#4891   pc=00400060   x8(s0/fp)=00000001
#4892   pc=00400064
#4893   pc=00400034   x10(a0)=00000001
#4894   pc=00400038   x1(ra)=00400054
#4895   pc=0040003c   x8(s0/fp)=00000003
#4896   pc=00400040   x9(s1)=00000003
#4897   pc=00400044   x2(sp)=7fefff60
#4898   pc=00400048
#4899   pc=00400054   x9(s1)=00000001
#4900   pc=00400058
#4901   pc=0040005c   x1(ra)=00400060
#4902   pc=00400014   x2(sp)=7fefff50
#4903   pc=00400018
#4904   pc=0040001c
#4905   pc=00400020
#4906   pc=00400024   x8(s0/fp)=00000001
#4907   pc=00400028
#4908   pc=0040002c
#4909   pc=00400030
#4910   pc=00400034
#4911   pc=00400038
#4912   pc=0040003c   x8(s0/fp)=00000003
#4913   pc=00400040
#4914   pc=00400044   x2(sp)=7fefff60
#4915   pc=00400048
#4916   pc=00400060   x8(s0/fp)=00000002
#4917   pc=00400064
#4918   pc=00400034   x10(a0)=00000002
#4919   pc=00400038
#4920   pc=0040003c   x8(s0/fp)=00000005
#4921   pc=00400040   x9(s1)=00000003
#4922   pc=00400044   x2(sp)=7fefff70
#4923   pc=00400048
#4924   pc=00400060
#4925   pc=00400064
#4926   pc=00400034   x10(a0)=00000005
#4927   pc=00400038
#4928   pc=0040003c   x8(s0/fp)=00000007
#4929   pc=00400040   x9(s1)=00000008
#4930   pc=00400044   x2(sp)=7fefff80
#4931   pc=00400048
#4932   pc=00400060   x8(s0/fp)=0000000d
#4933   pc=00400064
#4934   pc=00400034   x10(a0)=0000000d
#4935   pc=00400038
#4936   pc=0040003c   x8(s0/fp)=00000009
#4937   pc=00400040   x9(s1)=00000015
#4938   pc=00400044   x2(sp)=7fefff90
#4939   pc=00400048
#4940   pc=00400060   x8(s0/fp)=00000022
#4941   pc=00400064
#4942   pc=00400034   x10(a0)=00000022
#4943   pc=00400038
#4944   pc=0040003c   x8(s0/fp)=0000000b
#4945   pc=00400040   x9(s1)=00000037
#4946   pc=00400044   x2(sp)=7fefffa0
#4947   pc=00400048
#4948   pc=00400060   x8(s0/fp)=00000059
#4949   pc=00400064
#4950   pc=00400034   x10(a0)=00000059
#4951   pc=00400038   x1(ra)=00400054
#4952   pc=0040003c   x8(s0/fp)=0000000c
#4953   pc=00400040   x9(s1)=00000000
#4954   pc=00400044   x2(sp)=7fefffb0
#4955   pc=00400048
#4956   pc=00400054   x9(s1)=00000059
#4957   pc=00400058   x10(a0)=0000000a
#4958   pc=0040005c   x1(ra)=00400060
#4959   pc=00400014   x2(sp)=7fefffa0
#4960   pc=00400018
#4961   pc=0040001c
#4962   pc=00400020
#4963   pc=00400024   x8(s0/fp)=0000000a
#4964   pc=00400028
#4965   pc=0040002c
#4966   pc=00400030
#4967   pc=0040004c   x10(a0)=00000009
#4968   pc=00400050   x1(ra)=00400054
#4969   pc=00400014   x2(sp)=7fefff90
#4970   pc=00400018
#4971   pc=0040001c
#4972   pc=00400020
#4973   pc=00400024   x8(s0/fp)=00000009
#4974   pc=00400028
#4975   pc=0040002c
#4976   pc=00400030
#4977   pc=0040004c   x10(a0)=00000008
#4978   pc=00400050
#4979   pc=00400014   x2(sp)=7fefff80
#4980   pc=00400018
#4981   pc=0040001c
#4982   pc=00400020
#4983   pc=00400024   x8(s0/fp)=00000008
#4984   pc=00400028
#4985   pc=0040002c
#4986   pc=00400030
#4987   pc=0040004c   x10(a0)=00000007
#4988   pc=00400050
#4989   pc=00400014   x2(sp)=7fefff70
#4990   pc=00400018
#4991   pc=0040001c
#4992   pc=00400020
#4993   pc=00400024   x8(s0/fp)=00000007
#4994   pc=00400028
#4995   pc=0040002c
#4996   pc=00400030
#4997   pc=0040004c   x10(a0)=00000006
#4998   pc=00400050
#4999   pc=00400014   x2(sp)=7fefff60
#5000   pc=00400018
#5001   pc=0040001c
#5002   pc=00400020
#5003   pc=00400024   x8(s0/fp)=00000006
#5004   pc=00400028
#5005   pc=0040002c
#5006   pc=00400030
#5007   pc=0040004c   x10(a0)=00000005
#5008   pc=00400050
#5009   pc=00400014   x2(sp)=7fefff50
#5010   pc=00400018
#5011   pc=0040001c
#5012   pc=00400020
#5013   pc=00400024   x8(s0/fp)=00000005
#5014   pc=00400028
#5015   pc=0040002c
#5016   pc=00400030
#5017   pc=0040004c   x10(a0)=00000004
#5018   pc=00400050
#5019   pc=00400014   x2(sp)=7fefff40
#5020   pc=00400018
#5021   pc=0040001c
#5022   pc=00400020
#5023   pc=00400024   x8(s0/fp)=00000004
#5024   pc=00400028
#5025   pc=0040002c
#5026   pc=00400030
#5027   pc=0040004c   x10(a0)=00000003
#5028   pc=00400050
#5029   pc=00400014   x2(sp)=7fefff30
#5030   pc=00400018
#5031   pc=0040001c
#5032   pc=00400020
#5033   pc=00400024   x8(s0/fp)=00000003
#5034   pc=00400028
#5035   pc=0040002c
#5036   pc=00400030
#5037   pc=0040004c   x10(a0)=00000002
#5038   pc=00400050
#5039   pc=00400014   x2(sp)=7fefff20
#5040   pc=00400018
#5041   pc=0040001c
#5042   pc=00400020
#5043   pc=00400024   x8(s0/fp)=00000002
#5044   pc=00400028
#5045   pc=0040002c
#5046   pc=00400030
#5047   pc=0040004c   x10(a0)=00000001
#5048   pc=00400050
#5049   pc=00400014   x2(sp)=7fefff10
#5050   pc=00400018
#5051   pc=0040001c
#5052   pc=00400020
#5053   pc=00400024   x8(s0/fp)=00000001
#5054   pc=00400028
#5055   pc=0040002c
#5056   pc=00400030
#5057   pc=00400034
#5058   pc=00400038
#5059   pc=0040003c   x8(s0/fp)=00000002
#5060   pc=00400040
#5061   pc=00400044   x2(sp)=7fefff20
#5062   pc=00400048
#5063   pc=00400054   x9(s1)=00000001
#5064   pc=00400058   x10(a0)=00000000
#5065   pc=0040005c   x1(ra)=00400060
#5066   pc=00400014   x2(sp)=7fefff10
#5067   pc=00400018
#5068   pc=0040001c
#5069   pc=00400020
#5070   pc=00400024   x8(s0/fp)=00000000
#5071   pc=00400028
#5072   pc=00400034
#5073   pc=00400038
#5074   pc=0040003c   x8(s0/fp)=00000002
#5075   pc=00400040
#5076   pc=00400044   x2(sp)=7fefff20
#5077   pc=00400048
#5078   pc=00400060   x8(s0/fp)=00000001
#5079   pc=00400064
#5080   pc=00400034   x10(a0)=00000001
#5081   pc=00400038   x1(ra)=00400054
#5082   pc=0040003c   x8(s0/fp)=00000003
#5083   pc=00400040   x9(s1)=00000059
#5084   pc=00400044   x2(sp)=7fefff30
#5085   pc=00400048
#5086   pc=00400054   x9(s1)=00000001
#5087   pc=00400058
#5088   pc=0040005c   x1(ra)=00400060
#5089   pc=00400014   x2(sp)=7fefff20
#5090   pc=00400018
#5091   pc=0040001c
#5092   pc=00400020
#5093   pc=00400024   x8(s0/fp)=00000001
#5094   pc=00400028
#5095   pc=0040002c
#5096   pc=00400030
#5097   pc=00400034
#5098   pc=00400038
#5099   pc=0040003c   x8(s0/fp)=00000003
#5100   pc=00400040
#5101   pc=00400044   x2(sp)=7fefff30
#5102   pc=00400048
#5103   pc=00400060   x8(s0/fp)=00000002
#5104   pc=00400064
#5105   pc=00400034   x10(a0)=00000002
#5106   pc=00400038   x1(ra)=00400054
#5107   pc=0040003c   x8(s0/fp)=00000004
#5108   pc=00400040   x9(s1)=00000059
#5109   pc=00400044   x2(sp)=7fefff40
#5110   pc=00400048
#5111   pc=00400054   x9(s1)=00000002
#5112   pc=00400058
#5113   pc=0040005c   x1(ra)=00400060
#5114   pc=00400014   x2(sp)=7fefff30
#5115   pc=00400018
#5116   pc=0040001c
#5117   pc=00400020
#5118   pc=00400024   x8(s0/fp)=00000002
#5119   pc=00400028
#5120   pc=0040002c
#5121   pc=00400030
#5122   pc=0040004c   x10(a0)=00000001
#5123   pc=00400050   x1(ra)=00400054
#5124   pc=00400014   x2(sp)=7fefff20
#5125   pc=00400018
#5126   pc=0040001c
#5127   pc=00400020
#5128   pc=00400024   x8(s0/fp)=00000001
#5129   pc=00400028
#5130   pc=0040002c
#5131   pc=00400030
#5132   pc=00400034
#5133   pc=00400038
#5134   pc=0040003c   x8(s0/fp)=00000002
#5135   pc=00400040
#5136   pc=00400044   x2(sp)=7fefff30
#5137   pc=00400048
#5138   pc=00400054   x9(s1)=00000001
#5139   pc=00400058   x10(a0)=00000000
#5140   pc=0040005c   x1(ra)=00400060
#5141   pc=00400014   x2(sp)=7fefff20
#5142   pc=00400018
#5143   pc=0040001c
#5144   pc=00400020
#5145   pc=00400024   x8(s0/fp)=00000000
#5146   pc=00400028
#5147   pc=00400034
#5148   pc=00400038
#5149   pc=0040003c   x8(s0/fp)=00000002
#5150   pc=00400040
#5151   pc=00400044   x2(sp)=7fefff30
#5152   pc=00400048
#5153   pc=00400060   x8(s0/fp)=00000001
#5154   pc=00400064
#5155   pc=00400034   x10(a0)=00000001
#5156   pc=00400038
#5157   pc=0040003c   x8(s0/fp)=00000004
#5158   pc=00400040   x9(s1)=00000002
#5159   pc=00400044   x2(sp)=7fefff40
#5160   pc=00400048
#5161   pc=00400060   x8(s0/fp)=00000003
#5162   pc=00400064
#5163   pc=00400034   x10(a0)=00000003
#5164   pc=00400038   x1(ra)=00400054
#5165   pc=0040003c   x8(s0/fp)=00000005
#5166   pc=00400040   x9(s1)=00000059
#5167   pc=00400044   x2(sp)=7fefff50
#5168   pc=00400048
#5169   pc=00400054   x9(s1)=00000003
#5170   pc=00400058
#5171   pc=0040005c   x1(ra)=00400060
#5172   pc=00400014   x2(sp)=7fefff40
#5173   pc=00400018
#5174   pc=0040001c
#5175   pc=00400020
#5176   pc=00400024   x8(s0/fp)=00000003
#5177   pc=00400028
#5178   pc=0040002c
#5179   pc=00400030
#5180   pc=0040004c   x10(a0)=00000002
#5181   pc=00400050   x1(ra)=00400054
#5182   pc=00400014   x2(sp)=7fefff30
#5183   pc=00400018
#5184   pc=0040001c
#5185   pc=00400020
#5186   pc=00400024   x8(s0/fp)=00000002
#5187   pc=00400028
#5188   pc=0040002c
#5189   pc=00400030
#5190   pc=0040004c   x10(a0)=00000001
#5191   pc=00400050
#5192   pc=00400014   x2(sp)=7fefff20
#5193   pc=00400018
#5194   pc=0040001c
#5195   pc=00400020
#5196   pc=00400024   x8(s0/fp)=00000001
#5197   pc=00400028
#5198   pc=0040002c
#5199   pc=00400030
#5200   pc=00400034
#5201   pc=00400038
#5202   pc=0040003c   x8(s0/fp)=00000002
#5203   pc=00400040
#5204   pc=00400044   x2(sp)=7fefff30
#5205   pc=00400048
#5206   pc=00400054   x9(s1)=00000001
#5207   pc=00400058   x10(a0)=00000000
#5208   pc=0040005c   x1(ra)=00400060
#5209   pc=00400014   x2(sp)=7fefff20
#5210   pc=00400018
#5211   pc=0040001c
#5212   pc=00400020
#5213   pc=00400024   x8(s0/fp)=00000000
#5214   pc=00400028
#5215   pc=00400034
#5216   pc=00400038
#5217   pc=0040003c   x8(s0/fp)=00000002
#5218   pc=00400040
#5219   pc=00400044   x2(sp)=7fefff30
#5220   pc=00400048
#5221   pc=00400060   x8(s0/fp)=00000001
#5222   pc=00400064
#5223   pc=00400034   x10(a0)=00000001
#5224   pc=00400038   x1(ra)=00400054
#5225   pc=0040003c   x8(s0/fp)=00000003
#5226   pc=00400040   x9(s1)=00000003
#5227   pc=00400044   x2(sp)=7fefff40
#5228   pc=00400048
#5229   pc=00400054   x9(s1)=00000001
#5230   pc=00400058
#5231   pc=0040005c   x1(ra)=00400060
#5232   pc=00400014   x2(sp)=7fefff30
#5233   pc=00400018
#5234   pc=0040001c
#5235   pc=00400020
#5236   pc=00400024   x8(s0/fp)=00000001
#5237   pc=00400028
#5238   pc=0040002c
#5239   pc=00400030
#5240   pc=00400034
#5241   pc=00400038
#5242   pc=0040003c   x8(s0/fp)=00000003
#5243   pc=00400040
#5244   pc=00400044   x2(sp)=7fefff40
#5245   pc=00400048
#5246   pc=00400060   x8(s0/fp)=00000002
#5247   pc=00400064
#5248   pc=00400034   x10(a0)=00000002
#5249   pc=00400038
#5250   pc=0040003c   x8(s0/fp)=00000005
#5251   pc=00400040   x9(s1)=00000003
#5252   pc=00400044   x2(sp)=7fefff50
#5253   pc=00400048
#5254   pc=00400060
#5255   pc=00400064
#5256   pc=00400034   x10(a0)=00000005
#5257   pc=00400038   x1(ra)=00400054
#5258   pc=0040003c   x8(s0/fp)=00000006
#5259   pc=00400040   x9(s1)=00000059
#5260   pc=00400044   x2(sp)=7fefff60
#5261   pc=00400048
#5262   pc=00400054   x9(s1)=00000005
#5263   pc=00400058   x10(a0)=00000004
#5264   pc=0040005c   x1(ra)=00400060
#5265   pc=00400014   x2(sp)=7fefff50
#5266   pc=00400018
#5267   pc=0040001c
#5268   pc=00400020
#5269   pc=00400024   x8(s0/fp)=00000004
#5270   pc=00400028
#5271   pc=0040002c
#5272   pc=00400030
#5273   pc=0040004c   x10(a0)=00000003
#5274   pc=00400050   x1(ra)=00400054
#5275   pc=00400014   x2(sp)=7fefff40
#5276   pc=00400018
#5277   pc=0040001c
#5278   pc=00400020
#5279   pc=00400024   x8(s0/fp)=00000003
#5280   pc=00400028
#5281   pc=0040002c
#5282   pc=00400030
#5283   pc=0040004c   x10(a0)=00000002
#5284   pc=00400050
#5285   pc=00400014   x2(sp)=7fefff30
#5286   pc=00400018
#5287   pc=0040001c
#5288   pc=00400020
#5289   pc=00400024   x8(s0/fp)=00000002
#5290   pc=00400028
#5291   pc=0040002c
#5292   pc=00400030
#5293   pc=0040004c   x10(a0)=00000001
#5294   pc=00400050
#5295   pc=00400014   x2(sp)=7fefff20
#5296   pc=00400018
#5297   pc=0040001c
#5298   pc=00400020
#5299   pc=00400024   x8(s0/fp)=00000001
#5300   pc=00400028
#5301   pc=0040002c
#5302   pc=00400030
#5303   pc=00400034
#5304   pc=00400038
#5305   pc=0040003c   x8(s0/fp)=00000002
#5306   pc=00400040
#5307   pc=00400044   x2(sp)=7fefff30
#5308   pc=00400048
#5309   pc=00400054   x9(s1)=00000001
#5310   pc=00400058   x10(a0)=00000000
#5311   pc=0040005c   x1(ra)=00400060
#5312   pc=00400014   x2(sp)=7fefff20
#5313   pc=00400018
#5314   pc=0040001c
#5315   pc=00400020
#5316   pc=00400024   x8(s0/fp)=00000000
#5317   pc=00400028
#5318   pc=00400034
#5319   pc=00400038
#5320   pc=0040003c   x8(s0/fp)=00000002
#5321   pc=00400040
#5322   pc=00400044   x2(sp)=7fefff30
#5323   pc=00400048
#5324   pc=00400060   x8(s0/fp)=00000001
#5325   pc=00400064
#5326   pc=00400034   x10(a0)=00000001
#5327   pc=00400038   x1(ra)=00400054
#5328   pc=0040003c   x8(s0/fp)=00000003
#5329   pc=00400040   x9(s1)=00000005
#5330   pc=00400044   x2(sp)=7fefff40
#5331   pc=00400048
#5332   pc=00400054   x9(s1)=00000001
#5333   pc=00400058
#5334   pc=0040005c   x1(ra)=00400060
#5335   pc=00400014   x2(sp)=7fefff30
#5336   pc=00400018
#5337   pc=0040001c
#5338   pc=00400020
#5339   pc=00400024   x8(s0/fp)=00000001
#5340   pc=00400028
#5341   pc=0040002c
#5342   pc=00400030
#5343   pc=00400034
#5344   pc=00400038
#5345   pc=0040003c   x8(s0/fp)=00000003
#5346   pc=00400040
#5347   pc=00400044   x2(sp)=7fefff40
#5348   pc=00400048
#5349   pc=00400060   x8(s0/fp)=00000002
#5350   pc=00400064
#5351   pc=00400034   x10(a0)=00000002
#5352   pc=00400038   x1(ra)=00400054
#5353   pc=0040003c   x8(s0/fp)=00000004
#5354   pc=00400040   x9(s1)=00000005
#5355   pc=00400044   x2(sp)=7fefff50
#5356   pc=00400048
#5357   pc=00400054   x9(s1)=00000002
#5358   pc=00400058
#5359   pc=0040005c   x1(ra)=00400060
#5360   pc=00400014   x2(sp)=7fefff40
#5361   pc=00400018
#5362   pc=0040001c
#5363   pc=00400020
#5364   pc=00400024   x8(s0/fp)=00000002
#5365   pc=00400028
#5366   pc=0040002c
#5367   pc=00400030
#5368   pc=0040004c   x10(a0)=00000001
#5369   pc=00400050   x1(ra)=00400054
#5370   pc=00400014   x2(sp)=7fefff30
#5371   pc=00400018
#5372   pc=0040001c
#5373   pc=00400020
#5374   pc=00400024   x8(s0/fp)=00000001
#5375   pc=00400028
#5376   pc=0040002c
#5377   pc=00400030
#5378   pc=00400034
#5379   pc=00400038
#5380   pc=0040003c   x8(s0/fp)=00000002
#5381   pc=00400040
#5382   pc=00400044   x2(sp)=7fefff40
#5383   pc=00400048
#5384   pc=00400054   x9(s1)=00000001
#5385   pc=00400058   x10(a0)=00000000
#5386   pc=0040005c   x1(ra)=00400060
#5387   pc=00400014   x2(sp)=7fefff30
#5388   pc=00400018
#5389   pc=0040001c
#5390   pc=00400020
#5391   pc=00400024   x8(s0/fp)=00000000
#5392   pc=00400028
#5393   pc=00400034
#5394   pc=00400038
#5395   pc=0040003c   x8(s0/fp)=00000002
#5396   pc=00400040
#5397   pc=00400044   x2(sp)=7fefff40
#5398   pc=00400048
#5399   pc=00400060   x8(s0/fp)=00000001
#5400   pc=00400064
#5401   pc=00400034   x10(a0)=00000001
#5402   pc=00400038
#5403   pc=0040003c   x8(s0/fp)=00000004
#5404   pc=00400040   x9(s1)=00000002
#5405   pc=00400044   x2(sp)=7fefff50
#5406   pc=00400048
#5407   pc=00400060   x8(s0/fp)=00000003
#5408   pc=00400064
#5409   pc=00400034   x10(a0)=00000003
#5410   pc=00400038
#5411   pc=0040003c   x8(s0/fp)=00000006
#5412   pc=00400040   x9(s1)=00000005
#5413   pc=00400044   x2(sp)=7fefff60
#5414   pc=00400048
#5415   pc=00400060   x8(s0/fp)=00000008
#5416   pc=00400064
#5417   pc=00400034   x10(a0)=00000008
#5418   pc=00400038   x1(ra)=00400054
#5419   pc=0040003c   x8(s0/fp)=00000007
#5420   pc=00400040   x9(s1)=00000059
#5421   pc=00400044   x2(sp)=7fefff70
#5422   pc=00400048
#5423   pc=00400054   x9(s1)=00000008
#5424   pc=00400058   x10(a0)=00000005
#5425   pc=0040005c   x1(ra)=00400060
#5426   pc=00400014   x2(sp)=7fefff60
#5427   pc=00400018
#5428   pc=0040001c
#5429   pc=00400020
#5430   pc=00400024   x8(s0/fp)=00000005
#5431   pc=00400028
#5432   pc=0040002c
#5433   pc=00400030
#5434   pc=0040004c   x10(a0)=00000004
#5435   pc=00400050   x1(ra)=00400054
#5436   pc=00400014   x2(sp)=7fefff50
#5437   pc=00400018
#5438   pc=0040001c
#5439   pc=00400020
#5440   pc=00400024   x8(s0/fp)=00000004
#5441   pc=00400028
#5442   pc=0040002c
#5443   pc=00400030
#5444   pc=0040004c   x10(a0)=00000003
#5445   pc=00400050
#5446   pc=00400014   x2(sp)=7fefff40
#5447   pc=00400018
#5448   pc=0040001c
#5449   pc=00400020
#5450   pc=00400024   x8(s0/fp)=00000003
#5451   pc=00400028
#5452   pc=0040002c
#5453   pc=00400030
#5454   pc=0040004c   x10(a0)=00000002
#5455   pc=00400050
#5456   pc=00400014   x2(sp)=7fefff30
#5457   pc=00400018
#5458   pc=0040001c
#5459   pc=00400020
#5460   pc=00400024   x8(s0/fp)=00000002
#5461   pc=00400028
#5462   pc=0040002c
#5463   pc=00400030
#5464   pc=0040004c   x10(a0)=00000001
#5465   pc=00400050
#5466   pc=00400014   x2(sp)=7fefff20
#5467   pc=00400018
#5468   pc=0040001c
#5469   pc=00400020
#5470   pc=00400024   x8(s0/fp)=00000001
#5471   pc=00400028
#5472   pc=0040002c
#5473   pc=00400030
#5474   pc=00400034
#5475   pc=00400038
#5476   pc=0040003c   x8(s0/fp)=00000002
#5477   pc=00400040
#5478   pc=00400044   x2(sp)=7fefff30
#5479   pc=00400048
#5480   pc=00400054   x9(s1)=00000001
#5481   pc=00400058   x10(a0)=00000000
#5482   pc=0040005c   x1(ra)=00400060
#5483   pc=00400014   x2(sp)=7fefff20
#5484   pc=00400018
#5485   pc=0040001c
#5486   pc=00400020
#5487   pc=00400024   x8(s0/fp)=00000000
#5488   pc=00400028
#5489   pc=00400034
#5490   pc=00400038
#5491   pc=0040003c   x8(s0/fp)=00000002
#5492   pc=00400040
#5493   pc=00400044   x2(sp)=7fefff30
#5494   pc=00400048
#5495   pc=00400060   x8(s0/fp)=00000001
#5496   pc=00400064
#5497   pc=00400034   x10(a0)=00000001
#5498   pc=00400038   x1(ra)=00400054
#5499   pc=0040003c   x8(s0/fp)=00000003
#5500   pc=00400040   x9(s1)=00000008
#5501   pc=00400044   x2(sp)=7fefff40
#5502   pc=00400048
#5503   pc=00400054   x9(s1)=00000001
#5504   pc=00400058
#5505   pc=0040005c   x1(ra)=00400060
#5506   pc=00400014   x2(sp)=7fefff30
#5507   pc=00400018
#5508   pc=0040001c
#5509   pc=00400020
#5510   pc=00400024   x8(s0/fp)=00000001
#5511   pc=00400028
#5512   pc=0040002c
#5513   pc=00400030
#5514   pc=00400034
#5515   pc=00400038
#5516   pc=0040003c   x8(s0/fp)=00000003
#5517   pc=00400040
#5518   pc=00400044   x2(sp)=7fefff40
#5519   pc=00400048
#5520   pc=00400060   x8(s0/fp)=00000002
#5521   pc=00400064
#5522   pc=00400034   x10(a0)=00000002
#5523   pc=00400038   x1(ra)=00400054
#5524   pc=0040003c   x8(s0/fp)=00000004
#5525   pc=00400040   x9(s1)=00000008
#5526   pc=00400044   x2(sp)=7fefff50
#5527   pc=00400048
#5528   pc=00400054   x9(s1)=00000002
#5529   pc=00400058
#5530   pc=0040005c   x1(ra)=00400060
#5531   pc=00400014   x2(sp)=7fefff40
#5532   pc=00400018
#5533   pc=0040001c
#5534   pc=00400020
#5535   pc=00400024   x8(s0/fp)=00000002
#5536   pc=00400028
#5537   pc=0040002c
#5538   pc=00400030
#5539   pc=0040004c   x10(a0)=00000001
#5540   pc=00400050   x1(ra)=00400054
#5541   pc=00400014   x2(sp)=7fefff30
#5542   pc=00400018
#5543   pc=0040001c
#5544   pc=00400020
#5545   pc=00400024   x8(s0/fp)=00000001
#5546   pc=00400028
#5547   pc=0040002c
#5548   pc=00400030
#5549   pc=00400034
#5550   pc=00400038
#5551   pc=0040003c   x8(s0/fp)=00000002
#5552   pc=00400040
#5553   pc=00400044   x2(sp)=7fefff40
#5554   pc=00400048
#5555   pc=00400054   x9(s1)=00000001
#5556   pc=00400058   x10(a0)=00000000
#5557   pc=0040005c   x1(ra)=00400060
#5558   pc=00400014   x2(sp)=7fefff30
#5559   pc=00400018
#5560   pc=0040001c
#5561   pc=00400020
#5562   pc=00400024   x8(s0/fp)=00000000
#5563   pc=00400028
#5564   pc=00400034
#5565   pc=00400038
#5566   pc=0040003c   x8(s0/fp)=00000002
#5567   pc=00400040
#5568   pc=00400044   x2(sp)=7fefff40
#5569   pc=00400048
#5570   pc=00400060   x8(s0/fp)=00000001
#5571   pc=00400064
#5572   pc=00400034   x10(a0)=00000001
#5573   pc=00400038
#5574   pc=0040003c   x8(s0/fp)=00000004
#5575   pc=00400040   x9(s1)=00000002
#5576   pc=00400044   x2(sp)=7fefff50
#5577   pc=00400048
#5578   pc=00400060   x8(s0/fp)=00000003
#5579   pc=00400064
#5580   pc=00400034   x10(a0)=00000003
#5581   pc=00400038   x1(ra)=00400054
#5582   pc=0040003c   x8(s0/fp)=00000005
#5583   pc=00400040   x9(s1)=00000008
#5584   pc=00400044   x2(sp)=7fefff60
#5585   pc=00400048
#5586   pc=00400054   x9(s1)=00000003
#5587   pc=00400058
#5588   pc=0040005c   x1(ra)=00400060
#5589   pc=00400014   x2(sp)=7fefff50
#5590   pc=00400018
#5591   pc=0040001c
#5592   pc=00400020
#5593   pc=00400024   x8(s0/fp)=00000003
#5594   pc=00400028
#5595   pc=0040002c
#5596   pc=00400030
#5597   pc=0040004c   x10(a0)=00000002
#5598   pc=00400050   x1(ra)=00400054
#5599   pc=00400014   x2(sp)=7fefff40
#5600   pc=00400018
#5601   pc=0040001c
#5602   pc=00400020
#5603   pc=00400024   x8(s0/fp)=00000002
#5604   pc=00400028
#5605   pc=0040002c
#5606   pc=00400030
#5607   pc=0040004c   x10(a0)=00000001
#5608   pc=00400050
#5609   pc=00400014   x2(sp)=7fefff30
#5610   pc=00400018
#5611   pc=0040001c
#5612   pc=00400020
#5613   pc=00400024   x8(s0/fp)=00000001
#5614   pc=00400028
#5615   pc=0040002c
#5616   pc=00400030
#5617   pc=00400034
#5618   pc=00400038
#5619   pc=0040003c   x8(s0/fp)=00000002
#5620   pc=00400040
#5621   pc=00400044   x2(sp)=7fefff40
#5622   pc=00400048
#5623   pc=00400054   x9(s1)=00000001
#5624   pc=00400058   x10(a0)=00000000
#5625   pc=0040005c   x1(ra)=00400060
#5626   pc=00400014   x2(sp)=7fefff30
#5627   pc=00400018
#5628   pc=0040001c
#5629   pc=00400020
#5630   pc=00400024   x8(s0/fp)=00000000
#5631   pc=00400028
#5632   pc=00400034
#5633   pc=00400038
#5634   pc=0040003c   x8(s0/fp)=00000002
#5635   pc=00400040
#5636   pc=00400044   x2(sp)=7fefff40
#5637   pc=00400048
#5638   pc=00400060   x8(s0/fp)=00000001
#5639   pc=00400064
#5640   pc=00400034   x10(a0)=00000001
#5641   pc=00400038   x1(ra)=00400054
#5642   pc=0040003c   x8(s0/fp)=00000003
#5643   pc=00400040   x9(s1)=00000003
#5644   pc=00400044   x2(sp)=7fefff50
#5645   pc=00400048
#5646   pc=00400054   x9(s1)=00000001
#5647   pc=00400058
#5648   pc=0040005c   x1(ra)=00400060
#5649   pc=00400014   x2(sp)=7fefff40
#5650   pc=00400018
#5651   pc=0040001c
#5652   pc=00400020
#5653   pc=00400024   x8(s0/fp)=00000001
#5654   pc=00400028
#5655   pc=0040002c
#5656   pc=00400030
#5657   pc=00400034
#5658   pc=00400038
#5659   pc=0040003c   x8(s0/fp)=00000003
#5660   pc=00400040
#5661   pc=00400044   x2(sp)=7fefff50
#5662   pc=00400048
#5663   pc=00400060   x8(s0/fp)=00000002
#5664   pc=00400064
#5665   pc=00400034   x10(a0)=00000002
#5666   pc=00400038
#5667   pc=0040003c   x8(s0/fp)=00000005
#5668   pc=00400040   x9(s1)=00000003
#5669   pc=00400044   x2(sp)=7fefff60
#5670   pc=00400048
#5671   pc=00400060
#5672   pc=00400064
#5673   pc=00400034   x10(a0)=00000005
#5674   pc=00400038
#5675   pc=0040003c   x8(s0/fp)=00000007
#5676   pc=00400040   x9(s1)=00000008
#5677   pc=00400044   x2(sp)=7fefff70
#5678   pc=00400048
#5679   pc=00400060   x8(s0/fp)=0000000d
#5680   pc=00400064
#5681   pc=00400034   x10(a0)=0000000d
#5682   pc=00400038   x1(ra)=00400054
#5683   pc=0040003c   x8(s0/fp)=00000008
#5684   pc=00400040   x9(s1)=00000059
#5685   pc=00400044   x2(sp)=7fefff80
#5686   pc=00400048
#5687   pc=00400054   x9(s1)=0000000d
#5688   pc=00400058   x10(a0)=00000006
#5689   pc=0040005c   x1(ra)=00400060
#5690   pc=00400014   x2(sp)=7fefff70
#5691   pc=00400018
#5692   pc=0040001c
#5693   pc=00400020
#5694   pc=00400024   x8(s0/fp)=00000006
#5695   pc=00400028
#5696   pc=0040002c
#5697   pc=00400030
#5698   pc=0040004c   x10(a0)=00000005
#5699   pc=00400050   x1(ra)=00400054
#5700   pc=00400014   x2(sp)=7fefff60
#5701   pc=00400018
#5702   pc=0040001c
#5703   pc=00400020
#5704   pc=00400024   x8(s0/fp)=00000005
#5705   pc=00400028
#5706   pc=0040002c
#5707   pc=00400030
#5708   pc=0040004c   x10(a0)=00000004
#5709   pc=00400050
#5710   pc=00400014   x2(sp)=7fefff50
#5711   pc=00400018
#5712   pc=0040001c
#5713   pc=00400020
#5714   pc=00400024   x8(s0/fp)=00000004
#5715   pc=00400028
#5716   pc=0040002c
#5717   pc=00400030
#5718   pc=0040004c   x10(a0)=00000003
#5719   pc=00400050
#5720   pc=00400014   x2(sp)=7fefff40
#5721   pc=00400018
#5722   pc=0040001c
#5723   pc=00400020
#5724   pc=00400024   x8(s0/fp)=00000003
#5725   pc=00400028
#5726   pc=0040002c
#5727   pc=00400030
#5728   pc=0040004c   x10(a0)=00000002
#5729   pc=00400050
#5730   pc=00400014   x2(sp)=7fefff30
#5731   pc=00400018
#5732   pc=0040001c
#5733   pc=00400020
#5734   pc=00400024   x8(s0/fp)=00000002
#5735   pc=00400028
#5736   pc=0040002c
#5737   pc=00400030
#5738   pc=0040004c   x10(a0)=00000001
#5739   pc=00400050
#5740   pc=00400014   x2(sp)=7fefff20
#5741   pc=00400018
#5742   pc=0040001c
#5743   pc=00400020
#5744   pc=00400024   x8(s0/fp)=00000001
#5745   pc=00400028
#5746   pc=0040002c
#5747   pc=00400030
#5748   pc=00400034
#5749   pc=00400038
#5750   pc=0040003c   x8(s0/fp)=00000002
#5751   pc=00400040
#5752   pc=00400044   x2(sp)=7fefff30
#5753   pc=00400048
#5754   pc=00400054   x9(s1)=00000001
#5755   pc=00400058   x10(a0)=00000000
#5756   pc=0040005c   x1(ra)=00400060
#5757   pc=00400014   x2(sp)=7fefff20
#5758   pc=00400018
#5759   pc=0040001c
#5760   pc=00400020
#5761   pc=00400024   x8(s0/fp)=00000000
#5762   pc=00400028
#5763   pc=00400034
#5764   pc=00400038
#5765   pc=0040003c   x8(s0/fp)=00000002
#5766   pc=00400040
#5767   pc=00400044   x2(sp)=7fefff30
#5768   pc=00400048
#5769   pc=00400060   x8(s0/fp)=00000001
#5770   pc=00400064
#5771   pc=00400034   x10(a0)=00000001
#5772   pc=00400038   x1(ra)=00400054
#5773   pc=0040003c   x8(s0/fp)=00000003
#5774   pc=00400040   x9(s1)=0000000d
#5775   pc=00400044   x2(sp)=7fefff40
#5776   pc=00400048
#5777   pc=00400054   x9(s1)=00000001
#5778   pc=00400058
#5779   pc=0040005c   x1(ra)=00400060
#5780   pc=00400014   x2(sp)=7fefff30
#5781   pc=00400018
#5782   pc=0040001c
#5783   pc=00400020
#5784   pc=00400024   x8(s0/fp)=00000001
#5785   pc=00400028
#5786   pc=0040002c
#5787   pc=00400030
#5788   pc=00400034
#5789   pc=00400038
#5790   pc=0040003c   x8(s0/fp)=00000003
#5791   pc=00400040
#5792   pc=00400044   x2(sp)=7fefff40
#5793   pc=00400048
#5794   pc=00400060   x8(s0/fp)=00000002
#5795   pc=00400064
#5796   pc=00400034   x10(a0)=00000002
#5797   pc=00400038   x1(ra)=00400054
#5798   pc=0040003c   x8(s0/fp)=00000004
#5799   pc=00400040   x9(s1)=0000000d
#5800   pc=00400044   x2(sp)=7fefff50
#5801   pc=00400048
#5802   pc=00400054   x9(s1)=00000002
#5803   pc=00400058
#5804   pc=0040005c   x1(ra)=00400060
#5805   pc=00400014   x2(sp)=7fefff40
#5806   pc=00400018
#5807   pc=0040001c
#5808   pc=00400020
#5809   pc=00400024   x8(s0/fp)=00000002
#5810   pc=00400028
#5811   pc=0040002c
#5812   pc=00400030
#5813   pc=0040004c   x10(a0)=00000001
#5814   pc=00400050   x1(ra)=00400054
#5815   pc=00400014   x2(sp)=7fefff30
#5816   pc=00400018
#5817   pc=0040001c
#5818   pc=00400020
#5819   pc=00400024   x8(s0/fp)=00000001
#5820   pc=00400028
#5821   pc=0040002c
#5822   pc=00400030
#5823   pc=00400034
#5824   pc=00400038
#5825   pc=0040003c   x8(s0/fp)=00000002
#5826   pc=00400040
#5827   pc=00400044   x2(sp)=7fefff40
#5828   pc=00400048
#5829   pc=00400054   x9(s1)=00000001
#5830   pc=00400058   x10(a0)=00000000
#5831   pc=0040005c   x1(ra)=00400060
#5832   pc=00400014   x2(sp)=7fefff30
#5833   pc=00400018
#5834   pc=0040001c
#5835   pc=00400020
#5836   pc=00400024   x8(s0/fp)=00000000
#5837   pc=00400028
#5838   pc=00400034
#5839   pc=00400038
#5840   pc=0040003c   x8(s0/fp)=00000002
#5841   pc=00400040
#5842   pc=00400044   x2(sp)=7fefff40
#5843   pc=00400048
#5844   pc=00400060   x8(s0/fp)=00000001
#5845   pc=00400064
#5846   pc=00400034   x10(a0)=00000001
#5847   pc=00400038
#5848   pc=0040003c   x8(s0/fp)=00000004
#5849   pc=00400040   x9(s1)=00000002
#5850   pc=00400044   x2(sp)=7fefff50
#5851   pc=00400048
#5852   pc=00400060   x8(s0/fp)=00000003
#5853   pc=00400064
#5854   pc=00400034   x10(a0)=00000003
#5855   pc=00400038   x1(ra)=00400054
#5856   pc=0040003c   x8(s0/fp)=00000005
#5857   pc=00400040   x9(s1)=0000000d
#5858   pc=00400044   x2(sp)=7fefff60
#5859   pc=00400048
#5860   pc=00400054   x9(s1)=00000003
#5861   pc=00400058
#5862   pc=0040005c   x1(ra)=00400060
#5863   pc=00400014   x2(sp)=7fefff50
#5864   pc=00400018
#5865   pc=0040001c
#5866   pc=00400020
#5867   pc=00400024   x8(s0/fp)=00000003
#5868   pc=00400028
#5869   pc=0040002c
#5870   pc=00400030
#5871   pc=0040004c   x10(a0)=00000002
#5872   pc=00400050   x1(ra)=00400054
#5873   pc=00400014   x2(sp)=7fefff40
#5874   pc=00400018
#5875   pc=0040001c
#5876   pc=00400020
#5877   pc=00400024   x8(s0/fp)=00000002
#5878   pc=00400028
#5879   pc=0040002c
#5880   pc=00400030
#5881   pc=0040004c   x10(a0)=00000001
#5882   pc=00400050
#5883   pc=00400014   x2(sp)=7fefff30
#5884   pc=00400018
#5885   pc=0040001c
#5886   pc=00400020
#5887   pc=00400024   x8(s0/fp)=00000001
#5888   pc=00400028
#5889   pc=0040002c
#5890   pc=00400030
#5891   pc=00400034
#5892   pc=00400038
#5893   pc=0040003c   x8(s0/fp)=00000002
#5894   pc=00400040
#5895   pc=00400044   x2(sp)=7fefff40
#5896   pc=00400048
#5897   pc=00400054   x9(s1)=00000001
#5898   pc=00400058   x10(a0)=00000000
#5899   pc=0040005c   x1(ra)=00400060
#5900   pc=00400014   x2(sp)=7fefff30
#5901   pc=00400018
#5902   pc=0040001c
#5903   pc=00400020
#5904   pc=00400024   x8(s0/fp)=00000000
#5905   pc=00400028
#5906   pc=00400034
#5907   pc=00400038
#5908   pc=0040003c   x8(s0/fp)=00000002
#5909   pc=00400040
#5910   pc=00400044   x2(sp)=7fefff40
#5911   pc=00400048
#5912   pc=00400060   x8(s0/fp)=00000001
#5913   pc=00400064
#5914   pc=00400034   x10(a0)=00000001
#5915   pc=00400038   x1(ra)=00400054
#5916   pc=0040003c   x8(s0/fp)=00000003
#5917   pc=00400040   x9(s1)=00000003
#5918   pc=00400044   x2(sp)=7fefff50
#5919   pc=00400048
#5920   pc=00400054   x9(s1)=00000001
#5921   pc=00400058
#5922   pc=0040005c   x1(ra)=00400060
#5923   pc=00400014   x2(sp)=7fefff40
#5924   pc=00400018
#5925   pc=0040001c
#5926   pc=00400020
#5927   pc=00400024   x8(s0/fp)=00000001
#5928   pc=00400028
#5929   pc=0040002c
#5930   pc=00400030
#5931   pc=00400034
#5932   pc=00400038
#5933   pc=0040003c   x8(s0/fp)=00000003
#5934   pc=00400040
#5935   pc=00400044   x2(sp)=7fefff50
#5936   pc=00400048
#5937   pc=00400060   x8(s0/fp)=00000002
#5938   pc=00400064
#5939   pc=00400034   x10(a0)=00000002
#5940   pc=00400038
#5941   pc=0040003c   x8(s0/fp)=00000005
#5942   pc=00400040   x9(s1)=00000003
#5943   pc=00400044   x2(sp)=7fefff60
#5944   pc=00400048
#5945   pc=00400060
#5946   pc=00400064
#5947   pc=00400034   x10(a0)=00000005
#5948   pc=00400038   x1(ra)=00400054
#5949   pc=0040003c   x8(s0/fp)=00000006
#5950   pc=00400040   x9(s1)=0000000d
#5951   pc=00400044   x2(sp)=7fefff70
#5952   pc=00400048
#5953   pc=00400054   x9(s1)=00000005
#5954   pc=00400058   x10(a0)=00000004
#5955   pc=0040005c   x1(ra)=00400060
#5956   pc=00400014   x2(sp)=7fefff60
#5957   pc=00400018
#5958   pc=0040001c
#5959   pc=00400020
#5960   pc=00400024   x8(s0/fp)=00000004
#5961   pc=00400028
#5962   pc=0040002c
#5963   pc=00400030
#5964   pc=0040004c   x10(a0)=00000003
#5965   pc=00400050   x1(ra)=00400054
#5966   pc=00400014   x2(sp)=7fefff50
#5967   pc=00400018
#5968   pc=0040001c
#5969   pc=00400020
#5970   pc=00400024   x8(s0/fp)=00000003
#5971   pc=00400028
#5972   pc=0040002c
#5973   pc=00400030
#5974   pc=0040004c   x10(a0)=00000002
#5975   pc=00400050
#5976   pc=00400014   x2(sp)=7fefff40
#5977   pc=00400018
#5978   pc=0040001c
#5979   pc=00400020
#5980   pc=00400024   x8(s0/fp)=00000002
#5981   pc=00400028
#5982   pc=0040002c
#5983   pc=00400030
#5984   pc=0040004c   x10(a0)=00000001
#5985   pc=00400050
#5986   pc=00400014   x2(sp)=7fefff30
#5987   pc=00400018
#5988   pc=0040001c
#5989   pc=00400020
#5990   pc=00400024   x8(s0/fp)=00000001
#5991   pc=00400028
#5992   pc=0040002c
#5993   pc=00400030
#5994   pc=00400034
#5995   pc=00400038
#5996   pc=0040003c   x8(s0/fp)=00000002
#5997   pc=00400040
#5998   pc=00400044   x2(sp)=7fefff40
#5999   pc=00400048
#6000   pc=00400054   x9(s1)=00000001
#6001   pc=00400058   x10(a0)=00000000
#6002   pc=0040005c   x1(ra)=00400060
#6003   pc=00400014   x2(sp)=7fefff30
#6004   pc=00400018
#6005   pc=0040001c
#6006   pc=00400020
#6007   pc=00400024   x8(s0/fp)=00000000
#6008   pc=00400028
#6009   pc=00400034
#6010   pc=00400038
#6011   pc=0040003c   x8(s0/fp)=00000002
#6012   pc=00400040
#6013   pc=00400044   x2(sp)=7fefff40
#6014   pc=00400048
#6015   pc=00400060   x8(s0/fp)=00000001
#6016   pc=00400064
#6017   pc=00400034   x10(a0)=00000001
#6018   pc=00400038   x1(ra)=00400054
#6019   pc=0040003c   x8(s0/fp)=00000003
#6020   pc=00400040   x9(s1)=00000005
#6021   pc=00400044   x2(sp)=7fefff50
#6022   pc=00400048
#6023   pc=00400054   x9(s1)=00000001
#6024   pc=00400058
#6025   pc=0040005c   x1(ra)=00400060
#6026   pc=00400014   x2(sp)=7fefff40
#6027   pc=00400018
#6028   pc=0040001c
#6029   pc=00400020
#6030   pc=00400024   x8(s0/fp)=00000001
#6031   pc=00400028
#6032   pc=0040002c
#6033   pc=00400030
#6034   pc=00400034
#6035   pc=00400038
#6036   pc=0040003c   x8(s0/fp)=00000003
#6037   pc=00400040
#6038   pc=00400044   x2(sp)=7fefff50
#6039   pc=00400048
#6040   pc=00400060   x8(s0/fp)=00000002
#6041   pc=00400064
#6042   pc=00400034   x10(a0)=00000002
#6043   pc=00400038   x1(ra)=00400054
#6044   pc=0040003c   x8(s0/fp)=00000004
#6045   pc=00400040   x9(s1)=00000005
#6046   pc=00400044   x2(sp)=7fefff60
#6047   pc=00400048
#6048   pc=00400054   x9(s1)=00000002
#6049   pc=00400058
#6050   pc=0040005c   x1(ra)=00400060
#6051   pc=00400014   x2(sp)=7fefff50
#6052   pc=00400018
#6053   pc=0040001c
#6054   pc=00400020
#6055   pc=00400024   x8(s0/fp)=00000002
#6056   pc=00400028
#6057   pc=0040002c
#6058   pc=00400030
#6059   pc=0040004c   x10(a0)=00000001
#6060   pc=00400050   x1(ra)=00400054
#6061   pc=00400014   x2(sp)=7fefff40
#6062   pc=00400018
#6063   pc=0040001c
#6064   pc=00400020
#6065   pc=00400024   x8(s0/fp)=00000001
#6066   pc=00400028
#6067   pc=0040002c
#6068   pc=00400030
#6069   pc=00400034
#6070   pc=00400038
#6071   pc=0040003c   x8(s0/fp)=00000002
#6072   pc=00400040
#6073   pc=00400044   x2(sp)=7fefff50
#6074   pc=00400048
#6075   pc=00400054   x9(s1)=00000001
#6076   pc=00400058   x10(a0)=00000000
#6077   pc=0040005c   x1(ra)=00400060
#6078   pc=00400014   x2(sp)=7fefff40
#6079   pc=00400018
#6080   pc=0040001c
#6081   pc=00400020
#6082   pc=00400024   x8(s0/fp)=00000000
#6083   pc=00400028
#6084   pc=00400034
#6085   pc=00400038
#6086   pc=0040003c   x8(s0/fp)=00000002
#6087   pc=00400040
#6088   pc=00400044   x2(sp)=7fefff50
#6089   pc=00400048
#6090   pc=00400060   x8(s0/fp)=00000001
#6091   pc=00400064
#6092   pc=00400034   x10(a0)=00000001
#6093   pc=00400038
#6094   pc=0040003c   x8(s0/fp)=00000004
#6095   pc=00400040   x9(s1)=00000002
#6096   pc=00400044   x2(sp)=7fefff60
#6097   pc=00400048
#6098   pc=00400060   x8(s0/fp)=00000003
#6099   pc=00400064
#6100   pc=00400034   x10(a0)=00000003
#6101   pc=00400038
#6102   pc=0040003c   x8(s0/fp)=00000006
#6103   pc=00400040   x9(s1)=00000005
#6104   pc=00400044   x2(sp)=7fefff70
#6105   pc=00400048
#6106   pc=00400060   x8(s0/fp)=00000008
#6107   pc=00400064
#6108   pc=00400034   x10(a0)=00000008
#6109   pc=00400038
#6110   pc=0040003c
#6111   pc=00400040   x9(s1)=0000000d
#6112   pc=00400044   x2(sp)=7fefff80
#6113   pc=00400048
#6114   pc=00400060   x8(s0/fp)=00000015
#6115   pc=00400064
#6116   pc=00400034   x10(a0)=00000015
#6117   pc=00400038   x1(ra)=00400054
#6118   pc=0040003c   x8(s0/fp)=00000009
#6119   pc=00400040   x9(s1)=00000059
#6120   pc=00400044   x2(sp)=7fefff90
#6121   pc=00400048
#6122   pc=00400054   x9(s1)=00000015
#6123   pc=00400058   x10(a0)=00000007
#6124   pc=0040005c   x1(ra)=00400060
#6125   pc=00400014   x2(sp)=7fefff80
#6126   pc=00400018
#6127   pc=0040001c
#6128   pc=00400020
#6129   pc=00400024   x8(s0/fp)=00000007
#6130   pc=00400028
#6131   pc=0040002c
#6132   pc=00400030
#6133   pc=0040004c   x10(a0)=00000006
#6134   pc=00400050   x1(ra)=00400054
#6135   pc=00400014   x2(sp)=7fefff70
#6136   pc=00400018
#6137   pc=0040001c
#6138   pc=00400020
#6139   pc=00400024   x8(s0/fp)=00000006
#6140   pc=00400028
#6141   pc=0040002c
#6142   pc=00400030
#6143   pc=0040004c   x10(a0)=00000005
#6144   pc=00400050
#6145   pc=00400014   x2(sp)=7fefff60
#6146   pc=00400018
#6147   pc=0040001c
#6148   pc=00400020
#6149   pc=00400024   x8(s0/fp)=00000005
#6150   pc=00400028
#6151   pc=0040002c
#6152   pc=00400030
#6153   pc=0040004c   x10(a0)=00000004
#6154   pc=00400050
#6155   pc=00400014   x2(sp)=7fefff50
#6156   pc=00400018
#6157   pc=0040001c
#6158   pc=00400020
#6159   pc=00400024   x8(s0/fp)=00000004
#6160   pc=00400028
#6161   pc=0040002c
#6162   pc=00400030
#6163   pc=0040004c   x10(a0)=00000003
#6164   pc=00400050
#6165   pc=00400014   x2(sp)=7fefff40
#6166   pc=00400018
#6167   pc=0040001c
#6168   pc=00400020
#6169   pc=00400024   x8(s0/fp)=00000003
#6170   pc=00400028
#6171   pc=0040002c
#6172   pc=00400030
#6173   pc=0040004c   x10(a0)=00000002
#6174   pc=00400050
#6175   pc=00400014   x2(sp)=7fefff30
#6176   pc=00400018
#6177   pc=0040001c
#6178   pc=00400020
#6179   pc=00400024   x8(s0/fp)=00000002
#6180   pc=00400028
#6181   pc=0040002c
#6182   pc=00400030
#6183   pc=0040004c   x10(a0)=00000001
#6184   pc=00400050
#6185   pc=00400014   x2(sp)=7fefff20
#6186   pc=00400018
#6187   pc=0040001c
#6188   pc=00400020
#6189   pc=00400024   x8(s0/fp)=00000001
#6190   pc=00400028
#6191   pc=0040002c
#6192   pc=00400030
#6193   pc=00400034
#6194   pc=00400038
#6195   pc=0040003c   x8(s0/fp)=00000002
#6196   pc=00400040
#6197   pc=00400044   x2(sp)=7fefff30
#6198   pc=00400048
#6199   pc=00400054   x9(s1)=00000001
#6200   pc=00400058   x10(a0)=00000000
#6201   pc=0040005c   x1(ra)=00400060
#6202   pc=00400014   x2(sp)=7fefff20
#6203   pc=00400018
#6204   pc=0040001c
#6205   pc=00400020
#6206   pc=00400024   x8(s0/fp)=00000000
#6207   pc=00400028
#6208   pc=00400034
#6209   pc=00400038
#6210   pc=0040003c   x8(s0/fp)=00000002
#6211   pc=00400040
#6212   pc=00400044   x2(sp)=7fefff30
#6213   pc=00400048
#6214   pc=00400060   x8(s0/fp)=00000001
#6215   pc=00400064
#6216   pc=00400034   x10(a0)=00000001
#6217   pc=00400038   x1(ra)=00400054
#6218   pc=0040003c   x8(s0/fp)=00000003
#6219   pc=00400040   x9(s1)=00000015
#6220   pc=00400044   x2(sp)=7fefff40
#6221   pc=00400048
#6222   pc=00400054   x9(s1)=00000001
#6223   pc=00400058
#6224   pc=0040005c   x1(ra)=00400060
#6225   pc=00400014   x2(sp)=7fefff30
#6226   pc=00400018
#6227   pc=0040001c
#6228   pc=00400020
#6229   pc=00400024   x8(s0/fp)=00000001
#6230   pc=00400028
#6231   pc=0040002c
#6232   pc=00400030
#6233   pc=00400034
#6234   pc=00400038
#6235   pc=0040003c   x8(s0/fp)=00000003
#6236   pc=00400040
#6237   pc=00400044   x2(sp)=7fefff40
#6238   pc=00400048
#6239   pc=00400060   x8(s0/fp)=00000002
#6240   pc=00400064
#6241   pc=00400034   x10(a0)=00000002
#6242   pc=00400038   x1(ra)=00400054
#6243   pc=0040003c   x8(s0/fp)=00000004
#6244   pc=00400040   x9(s1)=00000015
#6245   pc=00400044   x2(sp)=7fefff50
#6246   pc=00400048
#6247   pc=00400054   x9(s1)=00000002
#6248   pc=00400058
#6249   pc=0040005c   x1(ra)=00400060
#6250   pc=00400014   x2(sp)=7fefff40
#6251   pc=00400018
#6252   pc=0040001c
#6253   pc=00400020
#6254   pc=00400024   x8(s0/fp)=00000002
#6255   pc=00400028
#6256   pc=0040002c
#6257   pc=00400030
#6258   pc=0040004c   x10(a0)=00000001
#6259   pc=00400050   x1(ra)=00400054
#6260   pc=00400014   x2(sp)=7fefff30
#6261   pc=00400018
#6262   pc=0040001c
#6263   pc=00400020
#6264   pc=00400024   x8(s0/fp)=00000001
#6265   pc=00400028
#6266   pc=0040002c
#6267   pc=00400030
#6268   pc=00400034
#6269   pc=00400038
#6270   pc=0040003c   x8(s0/fp)=00000002
#6271   pc=00400040
#6272   pc=00400044   x2(sp)=7fefff40
#6273   pc=00400048
#6274   pc=00400054   x9(s1)=00000001
#6275   pc=00400058   x10(a0)=00000000
#6276   pc=0040005c   x1(ra)=00400060
#6277   pc=00400014   x2(sp)=7fefff30
#6278   pc=00400018
#6279   pc=0040001c
#6280   pc=00400020
#6281   pc=00400024   x8(s0/fp)=00000000
#6282   pc=00400028
#6283   pc=00400034
#6284   pc=00400038
#6285   pc=0040003c   x8(s0/fp)=00000002
#6286   pc=00400040
#6287   pc=00400044   x2(sp)=7fefff40
#6288   pc=00400048
#6289   pc=00400060   x8(s0/fp)=00000001
#6290   pc=00400064
#6291   pc=00400034   x10(a0)=00000001
#6292   pc=00400038
#6293   pc=0040003c   x8(s0/fp)=00000004
#6294   pc=00400040   x9(s1)=00000002
#6295   pc=00400044   x2(sp)=7fefff50
#6296   pc=00400048
#6297   pc=00400060   x8(s0/fp)=00000003
#6298   pc=00400064
#6299   pc=00400034   x10(a0)=00000003
#6300   pc=00400038   x1(ra)=00400054
#6301   pc=0040003c   x8(s0/fp)=00000005
#6302   pc=00400040   x9(s1)=00000015
#6303   pc=00400044   x2(sp)=7fefff60
#6304   pc=00400048
#6305   pc=00400054   x9(s1)=00000003
#6306   pc=00400058
#6307   pc=0040005c   x1(ra)=00400060
#6308   pc=00400014   x2(sp)=7fefff50
#6309   pc=00400018
#6310   pc=0040001c
#6311   pc=00400020
#6312   pc=00400024   x8(s0/fp)=00000003
#6313   pc=00400028
#6314   pc=0040002c
#6315   pc=00400030
#6316   pc=0040004c   x10(a0)=00000002
#6317   pc=00400050   x1(ra)=00400054
#6318   pc=00400014   x2(sp)=7fefff40
#6319   pc=00400018
#6320   pc=0040001c
#6321   pc=00400020
#6322   pc=00400024   x8(s0/fp)=00000002
#6323   pc=00400028
#6324   pc=0040002c
#6325   pc=00400030
#6326   pc=0040004c   x10(a0)=00000001
#6327   pc=00400050
#6328   pc=00400014   x2(sp)=7fefff30
#6329   pc=00400018
#6330   pc=0040001c
#6331   pc=00400020
#6332   pc=00400024   x8(s0/fp)=00000001
#6333   pc=00400028
#6334   pc=0040002c
#6335   pc=00400030
#6336   pc=00400034
#6337   pc=00400038
#6338   pc=0040003c   x8(s0/fp)=00000002
#6339   pc=00400040
#6340   pc=00400044   x2(sp)=7fefff40
#6341   pc=00400048
#6342   pc=00400054   x9(s1)=00000001
#6343   pc=00400058   x10(a0)=00000000
#6344   pc=0040005c   x1(ra)=00400060
#6345   pc=00400014   x2(sp)=7fefff30
#6346   pc=00400018
#6347   pc=0040001c
#6348   pc=00400020
#6349   pc=00400024   x8(s0/fp)=00000000
#6350   pc=00400028
#6351   pc=00400034
#6352   pc=00400038
#6353   pc=0040003c   x8(s0/fp)=00000002
#6354   pc=00400040
#6355   pc=00400044   x2(sp)=7fefff40
#6356   pc=00400048
#6357   pc=00400060   x8(s0/fp)=00000001
#6358   pc=00400064
#6359   pc=00400034   x10(a0)=00000001
#6360   pc=00400038   x1(ra)=00400054
#6361   pc=0040003c   x8(s0/fp)=00000003
#6362   pc=00400040   x9(s1)=00000003
#6363   pc=00400044   x2(sp)=7fefff50
#6364   pc=00400048
#6365   pc=00400054   x9(s1)=00000001
#6366   pc=00400058
#6367   pc=0040005c   x1(ra)=00400060
#6368   pc=00400014   x2(sp)=7fefff40
#6369   pc=00400018
#6370   pc=0040001c
#6371   pc=00400020
#6372   pc=00400024   x8(s0/fp)=00000001
#6373   pc=00400028
#6374   pc=0040002c
#6375   pc=00400030
#6376   pc=00400034
#6377   pc=00400038
#6378   pc=0040003c   x8(s0/fp)=00000003
#6379   pc=00400040
#6380   pc=00400044   x2(sp)=7fefff50
#6381   pc=00400048
#6382   pc=00400060   x8(s0/fp)=00000002
#6383   pc=00400064
#6384   pc=00400034   x10(a0)=00000002
#6385   pc=00400038
#6386   pc=0040003c   x8(s0/fp)=00000005
#6387   pc=00400040   x9(s1)=00000003
#6388   pc=00400044   x2(sp)=7fefff60
#6389   pc=00400048
#6390   pc=00400060
#6391   pc=00400064
#6392   pc=00400034   x10(a0)=00000005
#6393   pc=00400038   x1(ra)=00400054
#6394   pc=0040003c   x8(s0/fp)=00000006
#6395   pc=00400040   x9(s1)=00000015
#6396   pc=00400044   x2(sp)=7fefff70
#6397   pc=00400048
#6398   pc=00400054   x9(s1)=00000005
#6399   pc=00400058   x10(a0)=00000004
#6400   pc=0040005c   x1(ra)=00400060
#6401   pc=00400014   x2(sp)=7fefff60
#6402   pc=00400018
#6403   pc=0040001c
#6404   pc=00400020
#6405   pc=00400024   x8(s0/fp)=00000004
#6406   pc=00400028
#6407   pc=0040002c
#6408   pc=00400030
#6409   pc=0040004c   x10(a0)=00000003
#6410   pc=00400050   x1(ra)=00400054
#6411   pc=00400014   x2(sp)=7fefff50
#6412   pc=00400018
#6413   pc=0040001c
#6414   pc=00400020
#6415   pc=00400024   x8(s0/fp)=00000003
#6416   pc=00400028
#6417   pc=0040002c
#6418   pc=00400030
#6419   pc=0040004c   x10(a0)=00000002
#6420   pc=00400050
#6421   pc=00400014   x2(sp)=7fefff40
#6422   pc=00400018
#6423   pc=0040001c
#6424   pc=00400020
#6425   pc=00400024   x8(s0/fp)=00000002
#6426   pc=00400028
#6427   pc=0040002c
#6428   pc=00400030
#6429   pc=0040004c   x10(a0)=00000001
#6430   pc=00400050
#6431   pc=00400014   x2(sp)=7fefff30
#6432   pc=00400018
#6433   pc=0040001c
#6434   pc=00400020
#6435   pc=00400024   x8(s0/fp)=00000001
#6436   pc=00400028
#6437   pc=0040002c
#6438   pc=00400030
#6439   pc=00400034
#6440   pc=00400038
#6441   pc=0040003c   x8(s0/fp)=00000002
#6442   pc=00400040
#6443   pc=00400044   x2(sp)=7fefff40
#6444   pc=00400048
#6445   pc=00400054   x9(s1)=00000001
#6446   pc=00400058   x10(a0)=00000000
#6447   pc=0040005c   x1(ra)=00400060
#6448   pc=00400014   x2(sp)=7fefff30
#6449   pc=00400018
#6450   pc=0040001c
#6451   pc=00400020
#6452   pc=00400024   x8(s0/fp)=00000000
#6453   pc=00400028
#6454   pc=00400034
#6455   pc=00400038
#6456   pc=0040003c   x8(s0/fp)=00000002
#6457   pc=00400040
#6458   pc=00400044   x2(sp)=7fefff40
#6459   pc=00400048
#6460   pc=00400060   x8(s0/fp)=00000001
#6461   pc=00400064
#6462   pc=00400034   x10(a0)=00000001
#6463   pc=00400038   x1(ra)=00400054
#6464   pc=0040003c   x8(s0/fp)=00000003
#6465   pc=00400040   x9(s1)=00000005
#6466   pc=00400044   x2(sp)=7fefff50
#6467   pc=00400048
#6468   pc=00400054   x9(s1)=00000001
#6469   pc=00400058
#6470   pc=0040005c   x1(ra)=00400060
#6471   pc=00400014   x2(sp)=7fefff40
#6472   pc=00400018
#6473   pc=0040001c
#6474   pc=00400020
#6475   pc=00400024   x8(s0/fp)=00000001
#6476   pc=00400028
#6477   pc=0040002c
#6478   pc=00400030
#6479   pc=00400034
#6480   pc=00400038
#6481   pc=0040003c   x8(s0/fp)=00000003
#6482   pc=00400040
#6483   pc=00400044   x2(sp)=7fefff50
#6484   pc=00400048
#6485   pc=00400060   x8(s0/fp)=00000002
#6486   pc=00400064
#6487   pc=00400034   x10(a0)=00000002
#6488   pc=00400038   x1(ra)=00400054
#6489   pc=0040003c   x8(s0/fp)=00000004
#6490   pc=00400040   x9(s1)=00000005
#6491   pc=00400044   x2(sp)=7fefff60
#6492   pc=00400048
#6493   pc=00400054   x9(s1)=00000002
#6494   pc=00400058
#6495   pc=0040005c   x1(ra)=00400060
#6496   pc=00400014   x2(sp)=7fefff50
#6497   pc=00400018
#6498   pc=0040001c
#6499   pc=00400020
#6500   pc=00400024   x8(s0/fp)=00000002
#6501   pc=00400028
#6502   pc=0040002c
#6503   pc=00400030
#6504   pc=0040004c   x10(a0)=00000001
#6505   pc=00400050   x1(ra)=00400054
#6506   pc=00400014   x2(sp)=7fefff40
#6507   pc=00400018
#6508   pc=0040001c
#6509   pc=00400020
#6510   pc=00400024   x8(s0/fp)=00000001
#6511   pc=00400028
#6512   pc=0040002c
#6513   pc=00400030
#6514   pc=00400034
#6515   pc=00400038
#6516   pc=0040003c   x8(s0/fp)=00000002
#6517   pc=00400040
#6518   pc=00400044   x2(sp)=7fefff50
#6519   pc=00400048
#6520   pc=00400054   x9(s1)=00000001
#6521   pc=00400058   x10(a0)=00000000
#6522   pc=0040005c   x1(ra)=00400060
#6523   pc=00400014   x2(sp)=7fefff40
#6524   pc=00400018
#6525   pc=0040001c
#6526   pc=00400020
#6527   pc=00400024   x8(s0/fp)=00000000
#6528   pc=00400028
#6529   pc=00400034
#6530   pc=00400038
#6531   pc=0040003c   x8(s0/fp)=00000002
#6532   pc=00400040
#6533   pc=00400044   x2(sp)=7fefff50
#6534   pc=00400048
#6535   pc=00400060   x8(s0/fp)=00000001
#6536   pc=00400064
#6537   pc=00400034   x10(a0)=00000001
#6538   pc=00400038
#6539   pc=0040003c   x8(s0/fp)=00000004
#6540   pc=00400040   x9(s1)=00000002
#6541   pc=00400044   x2(sp)=7fefff60
#6542   pc=00400048
#6543   pc=00400060   x8(s0/fp)=00000003
#6544   pc=00400064
#6545   pc=00400034   x10(a0)=00000003
#6546   pc=00400038
#6547   pc=0040003c   x8(s0/fp)=00000006
#6548   pc=00400040   x9(s1)=00000005
#6549   pc=00400044   x2(sp)=7fefff70
#6550   pc=00400048
#6551   pc=00400060   x8(s0/fp)=00000008
#6552   pc=00400064
#6553   pc=00400034   x10(a0)=00000008
#6554   pc=00400038   x1(ra)=00400054
#6555   pc=0040003c   x8(s0/fp)=00000007
#6556   pc=00400040   x9(s1)=00000015
#6557   pc=00400044   x2(sp)=7fefff80
#6558   pc=00400048
#6559   pc=00400054   x9(s1)=00000008
#6560   pc=00400058   x10(a0)=00000005
#6561   pc=0040005c   x1(ra)=00400060
#6562   pc=00400014   x2(sp)=7fefff70
#6563   pc=00400018
#6564   pc=0040001c
#6565   pc=00400020
#6566   pc=00400024   x8(s0/fp)=00000005
#6567   pc=00400028
#6568   pc=0040002c
#6569   pc=00400030
#6570   pc=0040004c   x10(a0)=00000004
#6571   pc=00400050   x1(ra)=00400054
#6572   pc=00400014   x2(sp)=7fefff60
#6573   pc=00400018
#6574   pc=0040001c
#6575   pc=00400020
#6576   pc=00400024   x8(s0/fp)=00000004
#6577   pc=00400028
#6578   pc=0040002c
#6579   pc=00400030
#6580   pc=0040004c   x10(a0)=00000003
#6581   pc=00400050
#6582   pc=00400014   x2(sp)=7fefff50
#6583   pc=00400018
#6584   pc=0040001c
#6585   pc=00400020
#6586   pc=00400024   x8(s0/fp)=00000003
#6587   pc=00400028
#6588   pc=0040002c
#6589   pc=00400030
#6590   pc=0040004c   x10(a0)=00000002
#6591   pc=00400050
#6592   pc=00400014   x2(sp)=7fefff40
#6593   pc=00400018
#6594   pc=0040001c
#6595   pc=00400020
#6596   pc=00400024   x8(s0/fp)=00000002
#6597   pc=00400028
#6598   pc=0040002c
#6599   pc=00400030
#6600   pc=0040004c   x10(a0)=00000001
#6601   pc=00400050
#6602   pc=00400014   x2(sp)=7fefff30
#6603   pc=00400018
#6604   pc=0040001c
#6605   pc=00400020
#6606   pc=00400024   x8(s0/fp)=00000001
#6607   pc=00400028
#6608   pc=0040002c
#6609   pc=00400030
#6610   pc=00400034
#6611   pc=00400038
#6612   pc=0040003c   x8(s0/fp)=00000002
#6613   pc=00400040
#6614   pc=00400044   x2(sp)=7fefff40
#6615   pc=00400048
#6616   pc=00400054   x9(s1)=00000001
#6617   pc=00400058   x10(a0)=00000000
#6618   pc=0040005c   x1(ra)=00400060
#6619   pc=00400014   x2(sp)=7fefff30
#6620   pc=00400018
#6621   pc=0040001c
#6622   pc=00400020
#6623   pc=00400024   x8(s0/fp)=00000000
#6624   pc=00400028
#6625   pc=00400034
#6626   pc=00400038
#6627   pc=0040003c   x8(s0/fp)=00000002
#6628   pc=00400040
#6629   pc=00400044   x2(sp)=7fefff40
#6630   pc=00400048
#6631   pc=00400060   x8(s0/fp)=00000001
#6632   pc=00400064
#6633   pc=00400034   x10(a0)=00000001
#6634   pc=00400038   x1(ra)=00400054
#6635   pc=0040003c   x8(s0/fp)=00000003
#6636   pc=00400040   x9(s1)=00000008
#6637   pc=00400044   x2(sp)=7fefff50
#6638   pc=00400048
#6639   pc=00400054   x9(s1)=00000001
#6640   pc=00400058
#6641   pc=0040005c   x1(ra)=00400060
#6642   pc=00400014   x2(sp)=7fefff40
#6643   pc=00400018
#6644   pc=0040001c
#6645   pc=00400020
#6646   pc=00400024   x8(s0/fp)=00000001
#6647   pc=00400028
#6648   pc=0040002c
#6649   pc=00400030
#6650   pc=00400034
#6651   pc=00400038
#6652   pc=0040003c   x8(s0/fp)=00000003
#6653   pc=00400040
#6654   pc=00400044   x2(sp)=7fefff50
#6655   pc=00400048
#6656   pc=00400060   x8(s0/fp)=00000002
#6657   pc=00400064
#6658   pc=00400034   x10(a0)=00000002
#6659   pc=00400038   x1(ra)=00400054
#6660   pc=0040003c   x8(s0/fp)=00000004
#6661   pc=00400040   x9(s1)=00000008
#6662   pc=00400044   x2(sp)=7fefff60
#6663   pc=00400048
#6664   pc=00400054   x9(s1)=00000002
#6665   pc=00400058
#6666   pc=0040005c   x1(ra)=00400060
#6667   pc=00400014   x2(sp)=7fefff50
#6668   pc=00400018
#6669   pc=0040001c
#6670   pc=00400020
#6671   pc=00400024   x8(s0/fp)=00000002
#6672   pc=00400028
#6673   pc=0040002c
#6674   pc=00400030
#6675   pc=0040004c   x10(a0)=00000001
#6676   pc=00400050   x1(ra)=00400054
#6677   pc=00400014   x2(sp)=7fefff40
#6678   pc=00400018
#6679   pc=0040001c
#6680   pc=00400020
#6681   pc=00400024   x8(s0/fp)=00000001
#6682   pc=00400028
#6683   pc=0040002c
#6684   pc=00400030
#6685   pc=00400034
#6686   pc=00400038
#6687   pc=0040003c   x8(s0/fp)=00000002
#6688   pc=00400040
#6689   pc=00400044   x2(sp)=7fefff50
#6690   pc=00400048
#6691   pc=00400054   x9(s1)=00000001
#6692   pc=00400058   x10(a0)=00000000
#6693   pc=0040005c   x1(ra)=00400060
#6694   pc=00400014   x2(sp)=7fefff40
#6695   pc=00400018
#6696   pc=0040001c
#6697   pc=00400020
#6698   pc=00400024   x8(s0/fp)=00000000
#6699   pc=00400028
#6700   pc=00400034
#6701   pc=00400038
#6702   pc=0040003c   x8(s0/fp)=00000002
#6703   pc=00400040
#6704   pc=00400044   x2(sp)=7fefff50
#6705   pc=00400048
#6706   pc=00400060   x8(s0/fp)=00000001
#6707   pc=00400064
#6708   pc=00400034   x10(a0)=00000001
#6709   pc=00400038
#6710   pc=0040003c   x8(s0/fp)=00000004
#6711   pc=00400040   x9(s1)=00000002
#6712   pc=00400044   x2(sp)=7fefff60
#6713   pc=00400048
#6714   pc=00400060   x8(s0/fp)=00000003
#6715   pc=00400064
#6716   pc=00400034   x10(a0)=00000003
#6717   pc=00400038   x1(ra)=00400054
#6718   pc=0040003c   x8(s0/fp)=00000005
#6719   pc=00400040   x9(s1)=00000008
#6720   pc=00400044   x2(sp)=7fefff70
#6721   pc=00400048
#6722   pc=00400054   x9(s1)=00000003
#6723   pc=00400058
#6724   pc=0040005c   x1(ra)=00400060
#6725   pc=00400014   x2(sp)=7fefff60
#6726   pc=00400018
#6727   pc=0040001c
#6728   pc=00400020
#6729   pc=00400024   x8(s0/fp)=00000003
#6730   pc=00400028
#6731   pc=0040002c
#6732   pc=00400030
#6733   pc=0040004c   x10(a0)=00000002
#6734   pc=00400050   x1(ra)=00400054
#6735   pc=00400014   x2(sp)=7fefff50
#6736   pc=00400018
#6737   pc=0040001c
#6738   pc=00400020
#6739   pc=00400024   x8(s0/fp)=00000002
#6740   pc=00400028
#6741   pc=0040002c
#6742   pc=00400030
#6743   pc=0040004c   x10(a0)=00000001
#6744   pc=00400050
#6745   pc=00400014   x2(sp)=7fefff40
#6746   pc=00400018
#6747   pc=0040001c
#6748   pc=00400020
#6749   pc=00400024   x8(s0/fp)=00000001
#6750   pc=00400028
#6751   pc=0040002c
#6752   pc=00400030
#6753   pc=00400034
#6754   pc=00400038
#6755   pc=0040003c   x8(s0/fp)=00000002
#6756   pc=00400040
#6757   pc=00400044   x2(sp)=7fefff50
#6758   pc=00400048
#6759   pc=00400054   x9(s1)=00000001
#6760   pc=00400058   x10(a0)=00000000
#6761   pc=0040005c   x1(ra)=00400060
#6762   pc=00400014   x2(sp)=7fefff40
#6763   pc=00400018
#6764   pc=0040001c
#6765   pc=00400020
#6766   pc=00400024   x8(s0/fp)=00000000
#6767   pc=00400028
#6768   pc=00400034
#6769   pc=00400038
#6770   pc=0040003c   x8(s0/fp)=00000002
#6771   pc=00400040
#6772   pc=00400044   x2(sp)=7fefff50
#6773   pc=00400048
#6774   pc=00400060   x8(s0/fp)=00000001
#6775   pc=00400064
#6776   pc=00400034   x10(a0)=00000001
#6777   pc=00400038   x1(ra)=00400054
#6778   pc=0040003c   x8(s0/fp)=00000003
#6779   pc=00400040   x9(s1)=00000003
#6780   pc=00400044   x2(sp)=7fefff60
#6781   pc=00400048
#6782   pc=00400054   x9(s1)=00000001
#6783   pc=00400058
#6784   pc=0040005c   x1(ra)=00400060
#6785   pc=00400014   x2(sp)=7fefff50
#6786   pc=00400018
#6787   pc=0040001c
#6788   pc=00400020
#6789   pc=00400024   x8(s0/fp)=00000001
#6790   pc=00400028
#6791   pc=0040002c
#6792   pc=00400030
#6793   pc=00400034
#6794   pc=00400038
#6795   pc=0040003c   x8(s0/fp)=00000003
#6796   pc=00400040
#6797   pc=00400044   x2(sp)=7fefff60
#6798   pc=00400048
#6799   pc=00400060   x8(s0/fp)=00000002
#6800   pc=00400064
#6801   pc=00400034   x10(a0)=00000002
#6802   pc=00400038
#6803   pc=0040003c   x8(s0/fp)=00000005
#6804   pc=00400040   x9(s1)=00000003
#6805   pc=00400044   x2(sp)=7fefff70
#6806   pc=00400048
#6807   pc=00400060
#6808   pc=00400064
#6809   pc=00400034   x10(a0)=00000005
#6810   pc=00400038
#6811   pc=0040003c   x8(s0/fp)=00000007
#6812   pc=00400040   x9(s1)=00000008
#6813   pc=00400044   x2(sp)=7fefff80
#6814   pc=00400048
#6815   pc=00400060   x8(s0/fp)=0000000d
#6816   pc=00400064
#6817   pc=00400034   x10(a0)=0000000d
#6818   pc=00400038
#6819   pc=0040003c   x8(s0/fp)=00000009
#6820   pc=00400040   x9(s1)=00000015
#6821   pc=00400044   x2(sp)=7fefff90
#6822   pc=00400048
#6823   pc=00400060   x8(s0/fp)=00000022
#6824   pc=00400064
#6825   pc=00400034   x10(a0)=00000022
#6826   pc=00400038   x1(ra)=00400054
#6827   pc=0040003c   x8(s0/fp)=0000000a
#6828   pc=00400040   x9(s1)=00000059
#6829   pc=00400044   x2(sp)=7fefffa0
#6830   pc=00400048
#6831   pc=00400054   x9(s1)=00000022
#6832   pc=00400058   x10(a0)=00000008
#6833   pc=0040005c   x1(ra)=00400060
#6834   pc=00400014   x2(sp)=7fefff90
#6835   pc=00400018
#6836   pc=0040001c
#6837   pc=00400020
#6838   pc=00400024   x8(s0/fp)=00000008
#6839   pc=00400028
#6840   pc=0040002c
#6841   pc=00400030
#6842   pc=0040004c   x10(a0)=00000007
#6843   pc=00400050   x1(ra)=00400054
#6844   pc=00400014   x2(sp)=7fefff80
#6845   pc=00400018
#6846   pc=0040001c
#6847   pc=00400020
#6848   pc=00400024   x8(s0/fp)=00000007
#6849   pc=00400028
#6850   pc=0040002c
#6851   pc=00400030
#6852   pc=0040004c   x10(a0)=00000006
#6853   pc=00400050
#6854   pc=00400014   x2(sp)=7fefff70
#6855   pc=00400018
#6856   pc=0040001c
#6857   pc=00400020
#6858   pc=00400024   x8(s0/fp)=00000006
#6859   pc=00400028
#6860   pc=0040002c
#6861   pc=00400030
#6862   pc=0040004c   x10(a0)=00000005
#6863   pc=00400050
#6864   pc=00400014   x2(sp)=7fefff60
#6865   pc=00400018
#6866   pc=0040001c
#6867   pc=00400020
#6868   pc=00400024   x8(s0/fp)=00000005
#6869   pc=00400028
#6870   pc=0040002c
#6871   pc=00400030
#6872   pc=0040004c   x10(a0)=00000004
#6873   pc=00400050
#6874   pc=00400014   x2(sp)=7fefff50
#6875   pc=00400018
#6876   pc=0040001c
#6877   pc=00400020
#6878   pc=00400024   x8(s0/fp)=00000004
#6879   pc=00400028
#6880   pc=0040002c
#6881   pc=00400030
#6882   pc=0040004c   x10(a0)=00000003
#6883   pc=00400050
#6884   pc=00400014   x2(sp)=7fefff40
#6885   pc=00400018
#6886   pc=0040001c
#6887   pc=00400020
#6888   pc=00400024   x8(s0/fp)=00000003
#6889   pc=00400028
#6890   pc=0040002c
#6891   pc=00400030
#6892   pc=0040004c   x10(a0)=00000002
#6893   pc=00400050
#6894   pc=00400014   x2(sp)=7fefff30
#6895   pc=00400018
#6896   pc=0040001c
#6897   pc=00400020
#6898   pc=00400024   x8(s0/fp)=00000002
#6899   pc=00400028
#6900   pc=0040002c
#6901   pc=00400030
#6902   pc=0040004c   x10(a0)=00000001
#6903   pc=00400050
#6904   pc=00400014   x2(sp)=7fefff20
#6905   pc=00400018
#6906   pc=0040001c
#6907   pc=00400020
#6908   pc=00400024   x8(s0/fp)=00000001
#6909   pc=00400028
#6910   pc=0040002c
#6911   pc=00400030
#6912   pc=00400034
#6913   pc=00400038
#6914   pc=0040003c   x8(s0/fp)=00000002
#6915   pc=00400040
#6916   pc=00400044   x2(sp)=7fefff30
#6917   pc=00400048
#6918   pc=00400054   x9(s1)=00000001
#6919   pc=00400058   x10(a0)=00000000
#6920   pc=0040005c   x1(ra)=00400060
#6921   pc=00400014   x2(sp)=7fefff20
#6922   pc=00400018
#6923   pc=0040001c
#6924   pc=00400020
#6925   pc=00400024   x8(s0/fp)=00000000
#6926   pc=00400028
#6927   pc=00400034
#6928   pc=00400038
#6929   pc=0040003c   x8(s0/fp)=00000002
#6930   pc=00400040
#6931   pc=00400044   x2(sp)=7fefff30
#6932   pc=00400048
#6933   pc=00400060   x8(s0/fp)=00000001
#6934   pc=00400064
#6935   pc=00400034   x10(a0)=00000001
#6936   pc=00400038   x1(ra)=00400054
#6937   pc=0040003c   x8(s0/fp)=00000003
#6938   pc=00400040   x9(s1)=00000022
#6939   pc=00400044   x2(sp)=7fefff40
#6940   pc=00400048
#6941   pc=00400054   x9(s1)=00000001
#6942   pc=00400058
#6943   pc=0040005c   x1(ra)=00400060
#6944   pc=00400014   x2(sp)=7fefff30
#6945   pc=00400018
#6946   pc=0040001c
#6947   pc=00400020
#6948   pc=00400024   x8(s0/fp)=00000001
#6949   pc=00400028
#6950   pc=0040002c
#6951   pc=00400030
#6952   pc=00400034
#6953   pc=00400038
#6954   pc=0040003c   x8(s0/fp)=00000003
#6955   pc=00400040
#6956   pc=00400044   x2(sp)=7fefff40
#6957   pc=00400048
#6958   pc=00400060   x8(s0/fp)=00000002
#6959   pc=00400064
#6960   pc=00400034   x10(a0)=00000002
#6961   pc=00400038   x1(ra)=00400054
#6962   pc=0040003c   x8(s0/fp)=00000004
#6963   pc=00400040   x9(s1)=00000022
#6964   pc=00400044   x2(sp)=7fefff50
#6965   pc=00400048
#6966   pc=00400054   x9(s1)=00000002
#6967   pc=00400058
#6968   pc=0040005c   x1(ra)=00400060
#6969   pc=00400014   x2(sp)=7fefff40
#6970   pc=00400018
#6971   pc=0040001c
#6972   pc=00400020
#6973   pc=00400024   x8(s0/fp)=00000002
#6974   pc=00400028
#6975   pc=0040002c
#6976   pc=00400030
#6977   pc=0040004c   x10(a0)=00000001
#6978   pc=00400050   x1(ra)=00400054
#6979   pc=00400014   x2(sp)=7fefff30
#6980   pc=00400018
#6981   pc=0040001c
#6982   pc=00400020
#6983   pc=00400024   x8(s0/fp)=00000001
#6984   pc=00400028
#6985   pc=0040002c
#6986   pc=00400030
#6987   pc=00400034
#6988   pc=00400038
#6989   pc=0040003c   x8(s0/fp)=00000002
#6990   pc=00400040
#6991   pc=00400044   x2(sp)=7fefff40
#6992   pc=00400048
#6993   pc=00400054   x9(s1)=00000001
#6994   pc=00400058   x10(a0)=00000000
#6995   pc=0040005c   x1(ra)=00400060
#6996   pc=00400014   x2(sp)=7fefff30
#6997   pc=00400018
#6998   pc=0040001c
#6999   pc=00400020
#7000   pc=00400024   x8(s0/fp)=00000000
#7001   pc=00400028
#7002   pc=00400034
#7003   pc=00400038
#7004   pc=0040003c   x8(s0/fp)=00000002
#7005   pc=00400040
#7006   pc=00400044   x2(sp)=7fefff40
#7007   pc=00400048
#7008   pc=00400060   x8(s0/fp)=00000001
#7009   pc=00400064
#7010   pc=00400034   x10(a0)=00000001
#7011   pc=00400038
#7012   pc=0040003c   x8(s0/fp)=00000004
#7013   pc=00400040   x9(s1)=00000002
#7014   pc=00400044   x2(sp)=7fefff50
#7015   pc=00400048
#7016   pc=00400060   x8(s0/fp)=00000003
#7017   pc=00400064
#7018   pc=00400034   x10(a0)=00000003
#7019   pc=00400038   x1(ra)=00400054
#7020   pc=0040003c   x8(s0/fp)=00000005
#7021   pc=00400040   x9(s1)=00000022
#7022   pc=00400044   x2(sp)=7fefff60
#7023   pc=00400048
#7024   pc=00400054   x9(s1)=00000003
#7025   pc=00400058
#7026   pc=0040005c   x1(ra)=00400060
#7027   pc=00400014   x2(sp)=7fefff50
#7028   pc=00400018
#7029   pc=0040001c
#7030   pc=00400020
#7031   pc=00400024   x8(s0/fp)=00000003
#7032   pc=00400028
#7033   pc=0040002c
#7034   pc=00400030
#7035   pc=0040004c   x10(a0)=00000002
#7036   pc=00400050   x1(ra)=00400054
#7037   pc=00400014   x2(sp)=7fefff40
#7038   pc=00400018
#7039   pc=0040001c
#7040   pc=00400020
#7041   pc=00400024   x8(s0/fp)=00000002
#7042   pc=00400028
#7043   pc=0040002c
#7044   pc=00400030
#7045   pc=0040004c   x10(a0)=00000001
#7046   pc=00400050
#7047   pc=00400014   x2(sp)=7fefff30
#7048   pc=00400018
#7049   pc=0040001c
#7050   pc=00400020
#7051   pc=00400024   x8(s0/fp)=00000001
#7052   pc=00400028
#7053   pc=0040002c
#7054   pc=00400030
#7055   pc=00400034
#7056   pc=00400038
#7057   pc=0040003c   x8(s0/fp)=00000002
#7058   pc=00400040
#7059   pc=00400044   x2(sp)=7fefff40
#7060   pc=00400048
#7061   pc=00400054   x9(s1)=00000001
#7062   pc=00400058   x10(a0)=00000000
#7063   pc=0040005c   x1(ra)=00400060
#7064   pc=00400014   x2(sp)=7fefff30
#7065   pc=00400018
#7066   pc=0040001c
#7067   pc=00400020
#7068   pc=00400024   x8(s0/fp)=00000000
#7069   pc=00400028
#7070   pc=00400034
#7071   pc=00400038
#7072   pc=0040003c   x8(s0/fp)=00000002
#7073   pc=00400040
#7074   pc=00400044   x2(sp)=7fefff40
#7075   pc=00400048
#7076   pc=00400060   x8(s0/fp)=00000001
#7077   pc=00400064
#7078   pc=00400034   x10(a0)=00000001
#7079   pc=00400038   x1(ra)=00400054
#7080   pc=0040003c   x8(s0/fp)=00000003
#7081   pc=00400040   x9(s1)=00000003
#7082   pc=00400044   x2(sp)=7fefff50
#7083   pc=00400048
#7084   pc=00400054   x9(s1)=00000001
#7085   pc=00400058
#7086   pc=0040005c   x1(ra)=00400060
#7087   pc=00400014   x2(sp)=7fefff40
#7088   pc=00400018
#7089   pc=0040001c
#7090   pc=00400020
#7091   pc=00400024   x8(s0/fp)=00000001
#7092   pc=00400028
#7093   pc=0040002c
#7094   pc=00400030
#7095   pc=00400034
#7096   pc=00400038
#7097   pc=0040003c   x8(s0/fp)=00000003
#7098   pc=00400040
#7099   pc=00400044   x2(sp)=7fefff50
#7100   pc=00400048
#7101   pc=00400060   x8(s0/fp)=00000002
#7102   pc=00400064
#7103   pc=00400034   x10(a0)=00000002
#7104   pc=00400038
#7105   pc=0040003c   x8(s0/fp)=00000005
#7106   pc=00400040   x9(s1)=00000003
#7107   pc=00400044   x2(sp)=7fefff60
#7108   pc=00400048
#7109   pc=00400060
#7110   pc=00400064
#7111   pc=00400034   x10(a0)=00000005
#7112   pc=00400038   x1(ra)=00400054
#7113   pc=0040003c   x8(s0/fp)=00000006
#7114   pc=00400040   x9(s1)=00000022
#7115   pc=00400044   x2(sp)=7fefff70
#7116   pc=00400048
#7117   pc=00400054   x9(s1)=00000005
#7118   pc=00400058   x10(a0)=00000004
#7119   pc=0040005c   x1(ra)=00400060
#7120   pc=00400014   x2(sp)=7fefff60
#7121   pc=00400018
#7122   pc=0040001c
#7123   pc=00400020
#7124   pc=00400024   x8(s0/fp)=00000004
#7125   pc=00400028
#7126   pc=0040002c
#7127   pc=00400030
#7128   pc=0040004c   x10(a0)=00000003
#7129   pc=00400050   x1(ra)=00400054
#7130   pc=00400014   x2(sp)=7fefff50
#7131   pc=00400018
#7132   pc=0040001c
#7133   pc=00400020
#7134   pc=00400024   x8(s0/fp)=00000003
#7135   pc=00400028
#7136   pc=0040002c
#7137   pc=00400030
#7138   pc=0040004c   x10(a0)=00000002
#7139   pc=00400050
#7140   pc=00400014   x2(sp)=7fefff40
#7141   pc=00400018
#7142   pc=0040001c
#7143   pc=00400020
#7144   pc=00400024   x8(s0/fp)=00000002
#7145   pc=00400028
#7146   pc=0040002c
#7147   pc=00400030
#7148   pc=0040004c   x10(a0)=00000001
#7149   pc=00400050
#7150   pc=00400014   x2(sp)=7fefff30
#7151   pc=00400018
#7152   pc=0040001c
#7153   pc=00400020
#7154   pc=00400024   x8(s0/fp)=00000001
#7155   pc=00400028
#7156   pc=0040002c
#7157   pc=00400030
#7158   pc=00400034
#7159   pc=00400038
#7160   pc=0040003c   x8(s0/fp)=00000002
#7161   pc=00400040
#7162   pc=00400044   x2(sp)=7fefff40
#7163   pc=00400048
#7164   pc=00400054   x9(s1)=00000001
#7165   pc=00400058   x10(a0)=00000000
#7166   pc=0040005c   x1(ra)=00400060
#7167   pc=00400014   x2(sp)=7fefff30
#7168   pc=00400018
#7169   pc=0040001c
#7170   pc=00400020
#7171   pc=00400024   x8(s0/fp)=00000000
#7172   pc=00400028
#7173   pc=00400034
#7174   pc=00400038
#7175   pc=0040003c   x8(s0/fp)=00000002
#7176   pc=00400040
#7177   pc=00400044   x2(sp)=7fefff40
#7178   pc=00400048
#7179   pc=00400060   x8(s0/fp)=00000001
#7180   pc=00400064
#7181   pc=00400034   x10(a0)=00000001
#7182   pc=00400038   x1(ra)=00400054
#7183   pc=0040003c   x8(s0/fp)=00000003
#7184   pc=00400040   x9(s1)=00000005
#7185   pc=00400044   x2(sp)=7fefff50
#7186   pc=00400048
#7187   pc=00400054   x9(s1)=00000001
#7188   pc=00400058
#7189   pc=0040005c   x1(ra)=00400060
#7190   pc=00400014   x2(sp)=7fefff40
#7191   pc=00400018
#7192   pc=0040001c
#7193   pc=00400020
#7194   pc=00400024   x8(s0/fp)=00000001
#7195   pc=00400028
#7196   pc=0040002c
#7197   pc=00400030
#7198   pc=00400034
#7199   pc=00400038
#7200   pc=0040003c   x8(s0/fp)=00000003
#7201   pc=00400040
#7202   pc=00400044   x2(sp)=7fefff50
#7203   pc=00400048
#7204   pc=00400060   x8(s0/fp)=00000002
#7205   pc=00400064
#7206   pc=00400034   x10(a0)=00000002
#7207   pc=00400038   x1(ra)=00400054
#7208   pc=0040003c   x8(s0/fp)=00000004
#7209   pc=00400040   x9(s1)=00000005
#7210   pc=00400044   x2(sp)=7fefff60
#7211   pc=00400048
#7212   pc=00400054   x9(s1)=00000002
#7213   pc=00400058
#7214   pc=0040005c   x1(ra)=00400060
#7215   pc=00400014   x2(sp)=7fefff50
#7216   pc=00400018
#7217   pc=0040001c
#7218   pc=00400020
#7219   pc=00400024   x8(s0/fp)=00000002
#7220   pc=00400028
#7221   pc=0040002c
#7222   pc=00400030
#7223   pc=0040004c   x10(a0)=00000001
#7224   pc=00400050   x1(ra)=00400054
#7225   pc=00400014   x2(sp)=7fefff40
#7226   pc=00400018
#7227   pc=0040001c
#7228   pc=00400020
#7229   pc=00400024   x8(s0/fp)=00000001
#7230   pc=00400028
#7231   pc=0040002c
#7232   pc=00400030
#7233   pc=00400034
#7234   pc=00400038
#7235   pc=0040003c   x8(s0/fp)=00000002
#7236   pc=00400040
#7237   pc=00400044   x2(sp)=7fefff50
#7238   pc=00400048
#7239   pc=00400054   x9(s1)=00000001
#7240   pc=00400058   x10(a0)=00000000
#7241   pc=0040005c   x1(ra)=00400060
#7242   pc=00400014   x2(sp)=7fefff40
#7243   pc=00400018
#7244   pc=0040001c
#7245   pc=00400020
#7246   pc=00400024   x8(s0/fp)=00000000
#7247   pc=00400028
#7248   pc=00400034
#7249   pc=00400038
#7250   pc=0040003c   x8(s0/fp)=00000002
#7251   pc=00400040
#7252   pc=00400044   x2(sp)=7fefff50
#7253   pc=00400048
#7254   pc=00400060   x8(s0/fp)=00000001
#7255   pc=00400064
#7256   pc=00400034   x10(a0)=00000001
#7257   pc=00400038
#7258   pc=0040003c   x8(s0/fp)=00000004
#7259   pc=00400040   x9(s1)=00000002
#7260   pc=00400044   x2(sp)=7fefff60
#7261   pc=00400048
#7262   pc=00400060   x8(s0/fp)=00000003
#7263   pc=00400064
#7264   pc=00400034   x10(a0)=00000003
#7265   pc=00400038
#7266   pc=0040003c   x8(s0/fp)=00000006
#7267   pc=00400040   x9(s1)=00000005
#7268   pc=00400044   x2(sp)=7fefff70
#7269   pc=00400048
#7270   pc=00400060   x8(s0/fp)=00000008
#7271   pc=00400064
#7272   pc=00400034   x10(a0)=00000008
#7273   pc=00400038   x1(ra)=00400054
#7274   pc=0040003c   x8(s0/fp)=00000007
#7275   pc=00400040   x9(s1)=00000022
#7276   pc=00400044   x2(sp)=7fefff80
#7277   pc=00400048
#7278   pc=00400054   x9(s1)=00000008
#7279   pc=00400058   x10(a0)=00000005
#7280   pc=0040005c   x1(ra)=00400060
#7281   pc=00400014   x2(sp)=7fefff70
#7282   pc=00400018
#7283   pc=0040001c
#7284   pc=00400020
#7285   pc=00400024   x8(s0/fp)=00000005
#7286   pc=00400028
#7287   pc=0040002c
#7288   pc=00400030
#7289   pc=0040004c   x10(a0)=00000004
#7290   pc=00400050   x1(ra)=00400054
#7291   pc=00400014   x2(sp)=7fefff60
#7292   pc=00400018
#7293   pc=0040001c
#7294   pc=00400020
#7295   pc=00400024   x8(s0/fp)=00000004
#7296   pc=00400028
#7297   pc=0040002c
#7298   pc=00400030
#7299   pc=0040004c   x10(a0)=00000003
#7300   pc=00400050
#7301   pc=00400014   x2(sp)=7fefff50
#7302   pc=00400018
#7303   pc=0040001c
#7304   pc=00400020
#7305   pc=00400024   x8(s0/fp)=00000003
#7306   pc=00400028
#7307   pc=0040002c
#7308   pc=00400030
#7309   pc=0040004c   x10(a0)=00000002
#7310   pc=00400050
#7311   pc=00400014   x2(sp)=7fefff40
#7312   pc=00400018
#7313   pc=0040001c
#7314   pc=00400020
#7315   pc=00400024   x8(s0/fp)=00000002
#7316   pc=00400028
#7317   pc=0040002c
#7318   pc=00400030
#7319   pc=0040004c   x10(a0)=00000001
#7320   pc=00400050
#7321   pc=00400014   x2(sp)=7fefff30
#7322   pc=00400018
#7323   pc=0040001c
#7324   pc=00400020
#7325   pc=00400024   x8(s0/fp)=00000001
#7326   pc=00400028
#7327   pc=0040002c
#7328   pc=00400030
#7329   pc=00400034
#7330   pc=00400038
#7331   pc=0040003c   x8(s0/fp)=00000002
#7332   pc=00400040
#7333   pc=00400044   x2(sp)=7fefff40
#7334   pc=00400048
#7335   pc=00400054   x9(s1)=00000001
#7336   pc=00400058   x10(a0)=00000000
#7337   pc=0040005c   x1(ra)=00400060
#7338   pc=00400014   x2(sp)=7fefff30
#7339   pc=00400018
#7340   pc=0040001c
#7341   pc=00400020
#7342   pc=00400024   x8(s0/fp)=00000000
#7343   pc=00400028
#7344   pc=00400034
#7345   pc=00400038
#7346   pc=0040003c   x8(s0/fp)=00000002
#7347   pc=00400040
#7348   pc=00400044   x2(sp)=7fefff40
#7349   pc=00400048
#7350   pc=00400060   x8(s0/fp)=00000001
#7351   pc=00400064
#7352   pc=00400034   x10(a0)=00000001
#7353   pc=00400038   x1(ra)=00400054
#7354   pc=0040003c   x8(s0/fp)=00000003
#7355   pc=00400040   x9(s1)=00000008
#7356   pc=00400044   x2(sp)=7fefff50
#7357   pc=00400048
#7358   pc=00400054   x9(s1)=00000001
#7359   pc=00400058
#7360   pc=0040005c   x1(ra)=00400060
#7361   pc=00400014   x2(sp)=7fefff40
#7362   pc=00400018
#7363   pc=0040001c
#7364   pc=00400020
#7365   pc=00400024   x8(s0/fp)=00000001
#7366   pc=00400028
#7367   pc=0040002c
#7368   pc=00400030
#7369   pc=00400034
#7370   pc=00400038
#7371   pc=0040003c   x8(s0/fp)=00000003
#7372   pc=00400040
#7373   pc=00400044   x2(sp)=7fefff50
#7374   pc=00400048
#7375   pc=00400060   x8(s0/fp)=00000002
#7376   pc=00400064
#7377   pc=00400034   x10(a0)=00000002
#7378   pc=00400038   x1(ra)=00400054
#7379   pc=0040003c   x8(s0/fp)=00000004
#7380   pc=00400040   x9(s1)=00000008
#7381   pc=00400044   x2(sp)=7fefff60
#7382   pc=00400048
#7383   pc=00400054   x9(s1)=00000002
#7384   pc=00400058
#7385   pc=0040005c   x1(ra)=00400060
#7386   pc=00400014   x2(sp)=7fefff50
#7387   pc=00400018
#7388   pc=0040001c
#7389   pc=00400020
#7390   pc=00400024   x8(s0/fp)=00000002
#7391   pc=00400028
#7392   pc=0040002c
#7393   pc=00400030
#7394   pc=0040004c   x10(a0)=00000001
#7395   pc=00400050   x1(ra)=00400054
#7396   pc=00400014   x2(sp)=7fefff40
#7397   pc=00400018
#7398   pc=0040001c
#7399   pc=00400020
#7400   pc=00400024   x8(s0/fp)=00000001
#7401   pc=00400028
#7402   pc=0040002c
#7403   pc=00400030
#7404   pc=00400034
#7405   pc=00400038
#7406   pc=0040003c   x8(s0/fp)=00000002
#7407   pc=00400040
#7408   pc=00400044   x2(sp)=7fefff50
#7409   pc=00400048
#7410   pc=00400054   x9(s1)=00000001
#7411   pc=00400058   x10(a0)=00000000
#7412   pc=0040005c   x1(ra)=00400060
#7413   pc=00400014   x2(sp)=7fefff40
#7414   pc=00400018
#7415   pc=0040001c
#7416   pc=00400020
#7417   pc=00400024   x8(s0/fp)=00000000
#7418   pc=00400028
#7419   pc=00400034
#7420   pc=00400038
#7421   pc=0040003c   x8(s0/fp)=00000002
#7422   pc=00400040
#7423   pc=00400044   x2(sp)=7fefff50
#7424   pc=00400048
#7425   pc=00400060   x8(s0/fp)=00000001
#7426   pc=00400064
#7427   pc=00400034   x10(a0)=00000001
#7428   pc=00400038
#7429   pc=0040003c   x8(s0/fp)=00000004
#7430   pc=00400040   x9(s1)=00000002
#7431   pc=00400044   x2(sp)=7fefff60
#7432   pc=00400048
#7433   pc=00400060   x8(s0/fp)=00000003
#7434   pc=00400064
#7435   pc=00400034   x10(a0)=00000003
#7436   pc=00400038   x1(ra)=00400054
#7437   pc=0040003c   x8(s0/fp)=00000005
#7438   pc=00400040   x9(s1)=00000008
#7439   pc=00400044   x2(sp)=7fefff70
#7440   pc=00400048
#7441   pc=00400054   x9(s1)=00000003
#7442   pc=00400058
#7443   pc=0040005c   x1(ra)=00400060
#7444   pc=00400014   x2(sp)=7fefff60
#7445   pc=00400018
#7446   pc=0040001c
#7447   pc=00400020
#7448   pc=00400024   x8(s0/fp)=00000003
#7449   pc=00400028
#7450   pc=0040002c
#7451   pc=00400030
#7452   pc=0040004c   x10(a0)=00000002
#7453   pc=00400050   x1(ra)=00400054
#7454   pc=00400014   x2(sp)=7fefff50
#7455   pc=00400018
#7456   pc=0040001c
#7457   pc=00400020
#7458   pc=00400024   x8(s0/fp)=00000002
#7459   pc=00400028
#7460   pc=0040002c
#7461   pc=00400030
#7462   pc=0040004c   x10(a0)=00000001
#7463   pc=00400050
#7464   pc=00400014   x2(sp)=7fefff40
#7465   pc=00400018
#7466   pc=0040001c
#7467   pc=00400020
#7468   pc=00400024   x8(s0/fp)=00000001
#7469   pc=00400028
#7470   pc=0040002c
#7471   pc=00400030
#7472   pc=00400034
#7473   pc=00400038
#7474   pc=0040003c   x8(s0/fp)=00000002
#7475   pc=00400040
#7476   pc=00400044   x2(sp)=7fefff50
#7477   pc=00400048
#7478   pc=00400054   x9(s1)=00000001
#7479   pc=00400058   x10(a0)=00000000
#7480   pc=0040005c   x1(ra)=00400060
#7481   pc=00400014   x2(sp)=7fefff40
#7482   pc=00400018
#7483   pc=0040001c
#7484   pc=00400020
#7485   pc=00400024   x8(s0/fp)=00000000
#7486   pc=00400028
#7487   pc=00400034
#7488   pc=00400038
#7489   pc=0040003c   x8(s0/fp)=00000002
#7490   pc=00400040
#7491   pc=00400044   x2(sp)=7fefff50
#7492   pc=00400048
#7493   pc=00400060   x8(s0/fp)=00000001
#7494   pc=00400064
#7495   pc=00400034   x10(a0)=00000001
#7496   pc=00400038   x1(ra)=00400054
#7497   pc=0040003c   x8(s0/fp)=00000003
#7498   pc=00400040   x9(s1)=00000003
#7499   pc=00400044   x2(sp)=7fefff60
#7500   pc=00400048
#7501   pc=00400054   x9(s1)=00000001
#7502   pc=00400058
#7503   pc=0040005c   x1(ra)=00400060
#7504   pc=00400014   x2(sp)=7fefff50
#7505   pc=00400018
#7506   pc=0040001c
#7507   pc=00400020
#7508   pc=00400024   x8(s0/fp)=00000001
#7509   pc=00400028
#7510   pc=0040002c
#7511   pc=00400030
#7512   pc=00400034
#7513   pc=00400038
#7514   pc=0040003c   x8(s0/fp)=00000003
#7515   pc=00400040
#7516   pc=00400044   x2(sp)=7fefff60
#7517   pc=00400048
#7518   pc=00400060   x8(s0/fp)=00000002
#7519   pc=00400064
#7520   pc=00400034   x10(a0)=00000002
#7521   pc=00400038
#7522   pc=0040003c   x8(s0/fp)=00000005
#7523   pc=00400040   x9(s1)=00000003
#7524   pc=00400044   x2(sp)=7fefff70
#7525   pc=00400048
#7526   pc=00400060
#7527   pc=00400064
#7528   pc=00400034   x10(a0)=00000005
#7529   pc=00400038
#7530   pc=0040003c   x8(s0/fp)=00000007
#7531   pc=00400040   x9(s1)=00000008
#7532   pc=00400044   x2(sp)=7fefff80
#7533   pc=00400048
#7534   pc=00400060   x8(s0/fp)=0000000d
#7535   pc=00400064
#7536   pc=00400034   x10(a0)=0000000d
#7537   pc=00400038   x1(ra)=00400054
#7538   pc=0040003c   x8(s0/fp)=00000008
#7539   pc=00400040   x9(s1)=00000022
#7540   pc=00400044   x2(sp)=7fefff90
#7541   pc=00400048
#7542   pc=00400054   x9(s1)=0000000d
#7543   pc=00400058   x10(a0)=00000006
#7544   pc=0040005c   x1(ra)=00400060
#7545   pc=00400014   x2(sp)=7fefff80
#7546   pc=00400018
#7547   pc=0040001c
#7548   pc=00400020
#7549   pc=00400024   x8(s0/fp)=00000006
#7550   pc=00400028
#7551   pc=0040002c
#7552   pc=00400030
#7553   pc=0040004c   x10(a0)=00000005
#7554   pc=00400050   x1(ra)=00400054
#7555   pc=00400014   x2(sp)=7fefff70
#7556   pc=00400018
#7557   pc=0040001c
#7558   pc=00400020
#7559   pc=00400024   x8(s0/fp)=00000005
#7560   pc=00400028
#7561   pc=0040002c
#7562   pc=00400030
#7563   pc=0040004c   x10(a0)=00000004
#7564   pc=00400050
#7565   pc=00400014   x2(sp)=7fefff60
#7566   pc=00400018
#7567   pc=0040001c
#7568   pc=00400020
#7569   pc=00400024   x8(s0/fp)=00000004
#7570   pc=00400028
#7571   pc=0040002c
#7572   pc=00400030
#7573   pc=0040004c   x10(a0)=00000003
#7574   pc=00400050
#7575   pc=00400014   x2(sp)=7fefff50
#7576   pc=00400018
#7577   pc=0040001c
#7578   pc=00400020
#7579   pc=00400024   x8(s0/fp)=00000003
#7580   pc=00400028
#7581   pc=0040002c
#7582   pc=00400030
#7583   pc=0040004c   x10(a0)=00000002
#7584   pc=00400050
#7585   pc=00400014   x2(sp)=7fefff40
#7586   pc=00400018
#7587   pc=0040001c
#7588   pc=00400020
#7589   pc=00400024   x8(s0/fp)=00000002
#7590   pc=00400028
#7591   pc=0040002c
#7592   pc=00400030
#7593   pc=0040004c   x10(a0)=00000001
#7594   pc=00400050
#7595   pc=00400014   x2(sp)=7fefff30
#7596   pc=00400018
#7597   pc=0040001c
#7598   pc=00400020
#7599   pc=00400024   x8(s0/fp)=00000001
#7600   pc=00400028
#7601   pc=0040002c
#7602   pc=00400030
#7603   pc=00400034
#7604   pc=00400038
#7605   pc=0040003c   x8(s0/fp)=00000002
#7606   pc=00400040
#7607   pc=00400044   x2(sp)=7fefff40
#7608   pc=00400048
#7609   pc=00400054   x9(s1)=00000001
#7610   pc=00400058   x10(a0)=00000000
#7611   pc=0040005c   x1(ra)=00400060
#7612   pc=00400014   x2(sp)=7fefff30
#7613   pc=00400018
#7614   pc=0040001c
#7615   pc=00400020
#7616   pc=00400024   x8(s0/fp)=00000000
#7617   pc=00400028
#7618   pc=00400034
#7619   pc=00400038
#7620   pc=0040003c   x8(s0/fp)=00000002
#7621   pc=00400040
#7622   pc=00400044   x2(sp)=7fefff40
#7623   pc=00400048
#7624   pc=00400060   x8(s0/fp)=00000001
#7625   pc=00400064
#7626   pc=00400034   x10(a0)=00000001
#7627   pc=00400038   x1(ra)=00400054
#7628   pc=0040003c   x8(s0/fp)=00000003
#7629   pc=00400040   x9(s1)=0000000d
#7630   pc=00400044   x2(sp)=7fefff50
#7631   pc=00400048
#7632   pc=00400054   x9(s1)=00000001
#7633   pc=00400058
#7634   pc=0040005c   x1(ra)=00400060
#7635   pc=00400014   x2(sp)=7fefff40
#7636   pc=00400018
#7637   pc=0040001c
#7638   pc=00400020
#7639   pc=00400024   x8(s0/fp)=00000001
#7640   pc=00400028
#7641   pc=0040002c
#7642   pc=00400030
#7643   pc=00400034
#7644   pc=00400038
#7645   pc=0040003c   x8(s0/fp)=00000003
#7646   pc=00400040
#7647   pc=00400044   x2(sp)=7fefff50
#7648   pc=00400048
#7649   pc=00400060   x8(s0/fp)=00000002
#7650   pc=00400064
#7651   pc=00400034   x10(a0)=00000002
#7652   pc=00400038   x1(ra)=00400054
#7653   pc=0040003c   x8(s0/fp)=00000004
#7654   pc=00400040   x9(s1)=0000000d
#7655   pc=00400044   x2(sp)=7fefff60
#7656   pc=00400048
#7657   pc=00400054   x9(s1)=00000002
#7658   pc=00400058
#7659   pc=0040005c   x1(ra)=00400060
#7660   pc=00400014   x2(sp)=7fefff50
#7661   pc=00400018
#7662   pc=0040001c
#7663   pc=00400020
#7664   pc=00400024   x8(s0/fp)=00000002
#7665   pc=00400028
#7666   pc=0040002c
#7667   pc=00400030
#7668   pc=0040004c   x10(a0)=00000001
#7669   pc=00400050   x1(ra)=00400054
#7670   pc=00400014   x2(sp)=7fefff40
#7671   pc=00400018
#7672   pc=0040001c
#7673   pc=00400020
#7674   pc=00400024   x8(s0/fp)=00000001
#7675   pc=00400028
#7676   pc=0040002c
#7677   pc=00400030
#7678   pc=00400034
#7679   pc=00400038
#7680   pc=0040003c   x8(s0/fp)=00000002
#7681   pc=00400040
#7682   pc=00400044   x2(sp)=7fefff50
#7683   pc=00400048
#7684   pc=00400054   x9(s1)=00000001
#7685   pc=00400058   x10(a0)=00000000
#7686   pc=0040005c   x1(ra)=00400060
#7687   pc=00400014   x2(sp)=7fefff40
#7688   pc=00400018
#7689   pc=0040001c
#7690   pc=00400020
#7691   pc=00400024   x8(s0/fp)=00000000
#7692   pc=00400028
#7693   pc=00400034
#7694   pc=00400038
#7695   pc=0040003c   x8(s0/fp)=00000002
#7696   pc=00400040
#7697   pc=00400044   x2(sp)=7fefff50
#7698   pc=00400048
#7699   pc=00400060   x8(s0/fp)=00000001
#7700   pc=00400064
#7701   pc=00400034   x10(a0)=00000001
#7702   pc=00400038
#7703   pc=0040003c   x8(s0/fp)=00000004
#7704   pc=00400040   x9(s1)=00000002
#7705   pc=00400044   x2(sp)=7fefff60
#7706   pc=00400048
#7707   pc=00400060   x8(s0/fp)=00000003
#7708   pc=00400064
#7709   pc=00400034   x10(a0)=00000003
#7710   pc=00400038   x1(ra)=00400054
#7711   pc=0040003c   x8(s0/fp)=00000005
#7712   pc=00400040   x9(s1)=0000000d
#7713   pc=00400044   x2(sp)=7fefff70
#7714   pc=00400048
#7715   pc=00400054   x9(s1)=00000003
#7716   pc=00400058
#7717   pc=0040005c   x1(ra)=00400060
#7718   pc=00400014   x2(sp)=7fefff60
#7719   pc=00400018
#7720   pc=0040001c
#7721   pc=00400020
#7722   pc=00400024   x8(s0/fp)=00000003
#7723   pc=00400028
#7724   pc=0040002c
#7725   pc=00400030
#7726   pc=0040004c   x10(a0)=00000002
#7727   pc=00400050   x1(ra)=00400054
#7728   pc=00400014   x2(sp)=7fefff50
#7729   pc=00400018
#7730   pc=0040001c
#7731   pc=00400020
#7732   pc=00400024   x8(s0/fp)=00000002
#7733   pc=00400028
#7734   pc=0040002c
#7735   pc=00400030
#7736   pc=0040004c   x10(a0)=00000001
#7737   pc=00400050
#7738   pc=00400014   x2(sp)=7fefff40
#7739   pc=00400018
#7740   pc=0040001c
#7741   pc=00400020
#7742   pc=00400024   x8(s0/fp)=00000001
#7743   pc=00400028
#7744   pc=0040002c
#7745   pc=00400030
#7746   pc=00400034
#7747   pc=00400038
#7748   pc=0040003c   x8(s0/fp)=00000002
#7749   pc=00400040
#7750   pc=00400044   x2(sp)=7fefff50
#7751   pc=00400048
#7752   pc=00400054   x9(s1)=00000001
#7753   pc=00400058   x10(a0)=00000000
#7754   pc=0040005c   x1(ra)=00400060
#7755   pc=00400014   x2(sp)=7fefff40
#7756   pc=00400018
#7757   pc=0040001c
#7758   pc=00400020
#7759   pc=00400024   x8(s0/fp)=00000000
#7760   pc=00400028
#7761   pc=00400034
#7762   pc=00400038
#7763   pc=0040003c   x8(s0/fp)=00000002
#7764   pc=00400040
#7765   pc=00400044   x2(sp)=7fefff50
#7766   pc=00400048
#7767   pc=00400060   x8(s0/fp)=00000001
#7768   pc=00400064
#7769   pc=00400034   x10(a0)=00000001
#7770   pc=00400038   x1(ra)=00400054
#7771   pc=0040003c   x8(s0/fp)=00000003
#7772   pc=00400040   x9(s1)=00000003
#7773   pc=00400044   x2(sp)=7fefff60
#7774   pc=00400048
#7775   pc=00400054   x9(s1)=00000001
#7776   pc=00400058
#7777   pc=0040005c   x1(ra)=00400060
#7778   pc=00400014   x2(sp)=7fefff50
#7779   pc=00400018
#7780   pc=0040001c
#7781   pc=00400020
#7782   pc=00400024   x8(s0/fp)=00000001
#7783   pc=00400028
#7784   pc=0040002c
#7785   pc=00400030
#7786   pc=00400034
#7787   pc=00400038
#7788   pc=0040003c   x8(s0/fp)=00000003
#7789   pc=00400040
#7790   pc=00400044   x2(sp)=7fefff60
#7791   pc=00400048
#7792   pc=00400060   x8(s0/fp)=00000002
#7793   pc=00400064
#7794   pc=00400034   x10(a0)=00000002
#7795   pc=00400038
#7796   pc=0040003c   x8(s0/fp)=00000005
#7797   pc=00400040   x9(s1)=00000003
#7798   pc=00400044   x2(sp)=7fefff70
#7799   pc=00400048
#7800   pc=00400060
#7801   pc=00400064
#7802   pc=00400034   x10(a0)=00000005
#7803   pc=00400038   x1(ra)=00400054
#7804   pc=0040003c   x8(s0/fp)=00000006
#7805   pc=00400040   x9(s1)=0000000d
#7806   pc=00400044   x2(sp)=7fefff80
#7807   pc=00400048
#7808   pc=00400054   x9(s1)=00000005
#7809   pc=00400058   x10(a0)=00000004
#7810   pc=0040005c   x1(ra)=00400060
#7811   pc=00400014   x2(sp)=7fefff70
#7812   pc=00400018
#7813   pc=0040001c
#7814   pc=00400020
#7815   pc=00400024   x8(s0/fp)=00000004
#7816   pc=00400028
#7817   pc=0040002c
#7818   pc=00400030
#7819   pc=0040004c   x10(a0)=00000003
#7820   pc=00400050   x1(ra)=00400054
#7821   pc=00400014   x2(sp)=7fefff60
#7822   pc=00400018
#7823   pc=0040001c
#7824   pc=00400020
#7825   pc=00400024   x8(s0/fp)=00000003
#7826   pc=00400028
#7827   pc=0040002c
#7828   pc=00400030
#7829   pc=0040004c   x10(a0)=00000002
#7830   pc=00400050
#7831   pc=00400014   x2(sp)=7fefff50
#7832   pc=00400018
#7833   pc=0040001c
#7834   pc=00400020
#7835   pc=00400024   x8(s0/fp)=00000002
#7836   pc=00400028
#7837   pc=0040002c
#7838   pc=00400030
#7839   pc=0040004c   x10(a0)=00000001
#7840   pc=00400050
#7841   pc=00400014   x2(sp)=7fefff40
#7842   pc=00400018
#7843   pc=0040001c
#7844   pc=00400020
#7845   pc=00400024   x8(s0/fp)=00000001
#7846   pc=00400028
#7847   pc=0040002c
#7848   pc=00400030
#7849   pc=00400034
#7850   pc=00400038
#7851   pc=0040003c   x8(s0/fp)=00000002
#7852   pc=00400040
#7853   pc=00400044   x2(sp)=7fefff50
#7854   pc=00400048
#7855   pc=00400054   x9(s1)=00000001
#7856   pc=00400058   x10(a0)=00000000
#7857   pc=0040005c   x1(ra)=00400060
#7858   pc=00400014   x2(sp)=7fefff40
#7859   pc=00400018
#7860   pc=0040001c
#7861   pc=00400020
#7862   pc=00400024   x8(s0/fp)=00000000
#7863   pc=00400028
#7864   pc=00400034
#7865   pc=00400038
#7866   pc=0040003c   x8(s0/fp)=00000002
#7867   pc=00400040
#7868   pc=00400044   x2(sp)=7fefff50
#7869   pc=00400048
#7870   pc=00400060   x8(s0/fp)=00000001
#7871   pc=00400064
#7872   pc=00400034   x10(a0)=00000001
#7873   pc=00400038   x1(ra)=00400054
#7874   pc=0040003c   x8(s0/fp)=00000003
#7875   pc=00400040   x9(s1)=00000005
#7876   pc=00400044   x2(sp)=7fefff60
#7877   pc=00400048
#7878   pc=00400054   x9(s1)=00000001
#7879   pc=00400058
#7880   pc=0040005c   x1(ra)=00400060
#7881   pc=00400014   x2(sp)=7fefff50
#7882   pc=00400018
#7883   pc=0040001c
#7884   pc=00400020
#7885   pc=00400024   x8(s0/fp)=00000001
#7886   pc=00400028
#7887   pc=0040002c
#7888   pc=00400030
#7889   pc=00400034
#7890   pc=00400038
#7891   pc=0040003c   x8(s0/fp)=00000003
#7892   pc=00400040
#7893   pc=00400044   x2(sp)=7fefff60
#7894   pc=00400048
#7895   pc=00400060   x8(s0/fp)=00000002
#7896   pc=00400064
#7897   pc=00400034   x10(a0)=00000002
#7898   pc=00400038   x1(ra)=00400054
#7899   pc=0040003c   x8(s0/fp)=00000004
#7900   pc=00400040   x9(s1)=00000005
#7901   pc=00400044   x2(sp)=7fefff70
#7902   pc=00400048
#7903   pc=00400054   x9(s1)=00000002
#7904   pc=00400058
#7905   pc=0040005c   x1(ra)=00400060
#7906   pc=00400014   x2(sp)=7fefff60
#7907   pc=00400018
#7908   pc=0040001c
#7909   pc=00400020
#7910   pc=00400024   x8(s0/fp)=00000002
#7911   pc=00400028
#7912   pc=0040002c
#7913   pc=00400030
#7914   pc=0040004c   x10(a0)=00000001
#7915   pc=00400050   x1(ra)=00400054
#7916   pc=00400014   x2(sp)=7fefff50
#7917   pc=00400018
#7918   pc=0040001c
#7919   pc=00400020
#7920   pc=00400024   x8(s0/fp)=00000001
#7921   pc=00400028
#7922   pc=0040002c
#7923   pc=00400030
#7924   pc=00400034
#7925   pc=00400038
#7926   pc=0040003c   x8(s0/fp)=00000002
#7927   pc=00400040
#7928   pc=00400044   x2(sp)=7fefff60
#7929   pc=00400048
#7930   pc=00400054   x9(s1)=00000001
#7931   pc=00400058   x10(a0)=00000000
#7932   pc=0040005c   x1(ra)=00400060
#7933   pc=00400014   x2(sp)=7fefff50
#7934   pc=00400018
#7935   pc=0040001c
#7936   pc=00400020
#7937   pc=00400024   x8(s0/fp)=00000000
#7938   pc=00400028
#7939   pc=00400034
#7940   pc=00400038
#7941   pc=0040003c   x8(s0/fp)=00000002
#7942   pc=00400040
#7943   pc=00400044   x2(sp)=7fefff60
#7944   pc=00400048
#7945   pc=00400060   x8(s0/fp)=00000001
#7946   pc=00400064
#7947   pc=00400034   x10(a0)=00000001
#7948   pc=00400038
#7949   pc=0040003c   x8(s0/fp)=00000004
#7950   pc=00400040   x9(s1)=00000002
#7951   pc=00400044   x2(sp)=7fefff70
#7952   pc=00400048
#7953   pc=00400060   x8(s0/fp)=00000003
#7954   pc=00400064
#7955   pc=00400034   x10(a0)=00000003
#7956   pc=00400038
#7957   pc=0040003c   x8(s0/fp)=00000006
#7958   pc=00400040   x9(s1)=00000005
#7959   pc=00400044   x2(sp)=7fefff80
#7960   pc=00400048
#7961   pc=00400060   x8(s0/fp)=00000008
#7962   pc=00400064
#7963   pc=00400034   x10(a0)=00000008
#7964   pc=00400038
#7965   pc=0040003c
#7966   pc=00400040   x9(s1)=0000000d
#7967   pc=00400044   x2(sp)=7fefff90
#7968   pc=00400048
#7969   pc=00400060   x8(s0/fp)=00000015
#7970   pc=00400064
#7971   pc=00400034   x10(a0)=00000015
#7972   pc=00400038
#7973   pc=0040003c   x8(s0/fp)=0000000a
#7974   pc=00400040   x9(s1)=00000022
#7975   pc=00400044   x2(sp)=7fefffa0
#7976   pc=00400048
#7977   pc=00400060   x8(s0/fp)=00000037
#7978   pc=00400064
#7979   pc=00400034   x10(a0)=00000037
#7980   pc=00400038
#7981   pc=0040003c   x8(s0/fp)=0000000c
#7982   pc=00400040   x9(s1)=00000059
#7983   pc=00400044   x2(sp)=7fefffb0
#7984   pc=00400048
#7985   pc=00400060   x8(s0/fp)=00000090
#7986   pc=00400064
#7987   pc=00400034   x10(a0)=00000090
#7988   pc=00400038   x1(ra)=00400054
#7989   pc=0040003c   x8(s0/fp)=0000000d
#7990   pc=00400040   x9(s1)=00000000
#7991   pc=00400044   x2(sp)=7fefffc0
#7992   pc=00400048
#7993   pc=00400054   x9(s1)=00000090
#7994   pc=00400058   x10(a0)=0000000b
#7995   pc=0040005c   x1(ra)=00400060
#7996   pc=00400014   x2(sp)=7fefffb0
#7997   pc=00400018
#7998   pc=0040001c
#7999   pc=00400020
#8000   pc=00400024   x8(s0/fp)=0000000b
#8001   pc=00400028
#8002   pc=0040002c
#8003   pc=00400030
#8004   pc=0040004c   x10(a0)=0000000a
#8005   pc=00400050   x1(ra)=00400054
#8006   pc=00400014   x2(sp)=7fefffa0
#8007   pc=00400018
#8008   pc=0040001c
#8009   pc=00400020
#8010   pc=00400024   x8(s0/fp)=0000000a
#8011   pc=00400028
#8012   pc=0040002c
#8013   pc=00400030
#8014   pc=0040004c   x10(a0)=00000009
#8015   pc=00400050
#8016   pc=00400014   x2(sp)=7fefff90
#8017   pc=00400018
#8018   pc=0040001c
#8019   pc=00400020
#8020   pc=00400024   x8(s0/fp)=00000009
#8021   pc=00400028
#8022   pc=0040002c
#8023   pc=00400030
#8024   pc=0040004c   x10(a0)=00000008
#8025   pc=00400050
#8026   pc=00400014   x2(sp)=7fefff80
#8027   pc=00400018
#8028   pc=0040001c
#8029   pc=00400020
#8030   pc=00400024   x8(s0/fp)=00000008
#8031   pc=00400028
#8032   pc=0040002c
#8033   pc=00400030
#8034   pc=0040004c   x10(a0)=00000007
#8035   pc=00400050
#8036   pc=00400014   x2(sp)=7fefff70
#8037   pc=00400018
#8038   pc=0040001c
#8039   pc=00400020
#8040   pc=00400024   x8(s0/fp)=00000007
#8041   pc=00400028
#8042   pc=0040002c
#8043   pc=00400030
#8044   pc=0040004c   x10(a0)=00000006
#8045   pc=00400050
#8046   pc=00400014   x2(sp)=7fefff60
#8047   pc=00400018
#8048   pc=0040001c
#8049   pc=00400020
#8050   pc=00400024   x8(s0/fp)=00000006
#8051   pc=00400028
#8052   pc=0040002c
#8053   pc=00400030
#8054   pc=0040004c   x10(a0)=00000005
#8055   pc=00400050
#8056   pc=00400014   x2(sp)=7fefff50
#8057   pc=00400018
#8058   pc=0040001c
#8059   pc=00400020
#8060   pc=00400024   x8(s0/fp)=00000005
#8061   pc=00400028
#8062   pc=0040002c
#8063   pc=00400030
#8064   pc=0040004c   x10(a0)=00000004
#8065   pc=00400050
#8066   pc=00400014   x2(sp)=7fefff40
#8067   pc=00400018
#8068   pc=0040001c
#8069   pc=00400020
#8070   pc=00400024   x8(s0/fp)=00000004
#8071   pc=00400028
#8072   pc=0040002c
#8073   pc=00400030
#8074   pc=0040004c   x10(a0)=00000003
#8075   pc=00400050
#8076   pc=00400014   x2(sp)=7fefff30
#8077   pc=00400018
#8078   pc=0040001c
#8079   pc=00400020
#8080   pc=00400024   x8(s0/fp)=00000003
#8081   pc=00400028
#8082   pc=0040002c
#8083   pc=00400030
#8084   pc=0040004c   x10(a0)=00000002
#8085   pc=00400050
#8086   pc=00400014   x2(sp)=7fefff20
#8087   pc=00400018
#8088   pc=0040001c
#8089   pc=00400020
#8090   pc=00400024   x8(s0/fp)=00000002
#8091   pc=00400028
#8092   pc=0040002c
#8093   pc=00400030
#8094   pc=0040004c   x10(a0)=00000001
#8095   pc=00400050
#8096   pc=00400014   x2(sp)=7fefff10
#8097   pc=00400018
#8098   pc=0040001c
#8099   pc=00400020
#8100   pc=00400024   x8(s0/fp)=00000001
#8101   pc=00400028
#8102   pc=0040002c
#8103   pc=00400030
#8104   pc=00400034
#8105   pc=00400038
#8106   pc=0040003c   x8(s0/fp)=00000002
#8107   pc=00400040
#8108   pc=00400044   x2(sp)=7fefff20
#8109   pc=00400048
#8110   pc=00400054   x9(s1)=00000001
#8111   pc=00400058   x10(a0)=00000000
#8112   pc=0040005c   x1(ra)=00400060
#8113   pc=00400014   x2(sp)=7fefff10
#8114   pc=00400018
#8115   pc=0040001c
#8116   pc=00400020
#8117   pc=00400024   x8(s0/fp)=00000000
#8118   pc=00400028
#8119   pc=00400034
#8120   pc=00400038
#8121   pc=0040003c   x8(s0/fp)=00000002
#8122   pc=00400040
#8123   pc=00400044   x2(sp)=7fefff20
#8124   pc=00400048
#8125   pc=00400060   x8(s0/fp)=00000001
#8126   pc=00400064
#8127   pc=00400034   x10(a0)=00000001
#8128   pc=00400038   x1(ra)=00400054
#8129   pc=0040003c   x8(s0/fp)=00000003
#8130   pc=00400040   x9(s1)=00000090
#8131   pc=00400044   x2(sp)=7fefff30
#8132   pc=00400048
#8133   pc=00400054   x9(s1)=00000001
#8134   pc=00400058
#8135   pc=0040005c   x1(ra)=00400060
#8136   pc=00400014   x2(sp)=7fefff20
#8137   pc=00400018
#8138   pc=0040001c
#8139   pc=00400020
#8140   pc=00400024   x8(s0/fp)=00000001
#8141   pc=00400028
#8142   pc=0040002c
#8143   pc=00400030
#8144   pc=00400034
#8145   pc=00400038
#8146   pc=0040003c   x8(s0/fp)=00000003
#8147   pc=00400040
#8148   pc=00400044   x2(sp)=7fefff30
#8149   pc=00400048
#8150   pc=00400060   x8(s0/fp)=00000002
#8151   pc=00400064
#8152   pc=00400034   x10(a0)=00000002
#8153   pc=00400038   x1(ra)=00400054
#8154   pc=0040003c   x8(s0/fp)=00000004
#8155   pc=00400040   x9(s1)=00000090
#8156   pc=00400044   x2(sp)=7fefff40
#8157   pc=00400048
#8158   pc=00400054   x9(s1)=00000002
#8159   pc=00400058
#8160   pc=0040005c   x1(ra)=00400060
#8161   pc=00400014   x2(sp)=7fefff30
#8162   pc=00400018
#8163   pc=0040001c
#8164   pc=00400020
#8165   pc=00400024   x8(s0/fp)=00000002
#8166   pc=00400028
#8167   pc=0040002c
#8168   pc=00400030
#8169   pc=0040004c   x10(a0)=00000001
#8170   pc=00400050   x1(ra)=00400054
#8171   pc=00400014   x2(sp)=7fefff20
#8172   pc=00400018
#8173   pc=0040001c
#8174   pc=00400020
#8175   pc=00400024   x8(s0/fp)=00000001
#8176   pc=00400028
#8177   pc=0040002c
#8178   pc=00400030
#8179   pc=00400034
#8180   pc=00400038
#8181   pc=0040003c   x8(s0/fp)=00000002
#8182   pc=00400040
#8183   pc=00400044   x2(sp)=7fefff30
#8184   pc=00400048
#8185   pc=00400054   x9(s1)=00000001
#8186   pc=00400058   x10(a0)=00000000
#8187   pc=0040005c   x1(ra)=00400060
#8188   pc=00400014   x2(sp)=7fefff20
#8189   pc=00400018
#8190   pc=0040001c
#8191   pc=00400020
#8192   pc=00400024   x8(s0/fp)=00000000
#8193   pc=00400028
#8194   pc=00400034
#8195   pc=00400038
#8196   pc=0040003c   x8(s0/fp)=00000002
#8197   pc=00400040
#8198   pc=00400044   x2(sp)=7fefff30
#8199   pc=00400048
#8200   pc=00400060   x8(s0/fp)=00000001
#8201   pc=00400064
#8202   pc=00400034   x10(a0)=00000001
#8203   pc=00400038
#8204   pc=0040003c   x8(s0/fp)=00000004
#8205   pc=00400040   x9(s1)=00000002
#8206   pc=00400044   x2(sp)=7fefff40
#8207   pc=00400048
#8208   pc=00400060   x8(s0/fp)=00000003
#8209   pc=00400064
#8210   pc=00400034   x10(a0)=00000003
#8211   pc=00400038   x1(ra)=00400054
#8212   pc=0040003c   x8(s0/fp)=00000005
#8213   pc=00400040   x9(s1)=00000090
#8214   pc=00400044   x2(sp)=7fefff50
#8215   pc=00400048
#8216   pc=00400054   x9(s1)=00000003
#8217   pc=00400058
#8218   pc=0040005c   x1(ra)=00400060
#8219   pc=00400014   x2(sp)=7fefff40
#8220   pc=00400018
#8221   pc=0040001c
#8222   pc=00400020
#8223   pc=00400024   x8(s0/fp)=00000003
#8224   pc=00400028
#8225   pc=0040002c
#8226   pc=00400030
#8227   pc=0040004c   x10(a0)=00000002
#8228   pc=00400050   x1(ra)=00400054
#8229   pc=00400014   x2(sp)=7fefff30
#8230   pc=00400018
#8231   pc=0040001c
#8232   pc=00400020
#8233   pc=00400024   x8(s0/fp)=00000002
#8234   pc=00400028
#8235   pc=0040002c
#8236   pc=00400030
#8237   pc=0040004c   x10(a0)=00000001
#8238   pc=00400050
#8239   pc=00400014   x2(sp)=7fefff20
#8240   pc=00400018
#8241   pc=0040001c
#8242   pc=00400020
#8243   pc=00400024   x8(s0/fp)=00000001
#8244   pc=00400028
#8245   pc=0040002c
#8246   pc=00400030
#8247   pc=00400034
#8248   pc=00400038
#8249   pc=0040003c   x8(s0/fp)=00000002
#8250   pc=00400040
#8251   pc=00400044   x2(sp)=7fefff30
#8252   pc=00400048
#8253   pc=00400054   x9(s1)=00000001
#8254   pc=00400058   x10(a0)=00000000
#8255   pc=0040005c   x1(ra)=00400060
#8256   pc=00400014   x2(sp)=7fefff20
#8257   pc=00400018
#8258   pc=0040001c
#8259   pc=00400020
#8260   pc=00400024   x8(s0/fp)=00000000
#8261   pc=00400028
#8262   pc=00400034
#8263   pc=00400038
#8264   pc=0040003c   x8(s0/fp)=00000002
#8265   pc=00400040
#8266   pc=00400044   x2(sp)=7fefff30
#8267   pc=00400048
#8268   pc=00400060   x8(s0/fp)=00000001
#8269   pc=00400064
#8270   pc=00400034   x10(a0)=00000001
#8271   pc=00400038   x1(ra)=00400054
#8272   pc=0040003c   x8(s0/fp)=00000003
#8273   pc=00400040   x9(s1)=00000003
#8274   pc=00400044   x2(sp)=7fefff40
#8275   pc=00400048
#8276   pc=00400054   x9(s1)=00000001
#8277   pc=00400058
#8278   pc=0040005c   x1(ra)=00400060
#8279   pc=00400014   x2(sp)=7fefff30
#8280   pc=00400018
#8281   pc=0040001c
#8282   pc=00400020
#8283   pc=00400024   x8(s0/fp)=00000001
#8284   pc=00400028
#8285   pc=0040002c
#8286   pc=00400030
#8287   pc=00400034
#8288   pc=00400038
#8289   pc=0040003c   x8(s0/fp)=00000003
#8290   pc=00400040
#8291   pc=00400044   x2(sp)=7fefff40
#8292   pc=00400048
#8293   pc=00400060   x8(s0/fp)=00000002
#8294   pc=00400064
#8295   pc=00400034   x10(a0)=00000002
#8296   pc=00400038
#8297   pc=0040003c   x8(s0/fp)=00000005
#8298   pc=00400040   x9(s1)=00000003
#8299   pc=00400044   x2(sp)=7fefff50
#8300   pc=00400048
#8301   pc=00400060
#8302   pc=00400064
#8303   pc=00400034   x10(a0)=00000005
#8304   pc=00400038   x1(ra)=00400054
#8305   pc=0040003c   x8(s0/fp)=00000006
#8306   pc=00400040   x9(s1)=00000090
#8307   pc=00400044   x2(sp)=7fefff60
#8308   pc=00400048
#8309   pc=00400054   x9(s1)=00000005
#8310   pc=00400058   x10(a0)=00000004
#8311   pc=0040005c   x1(ra)=00400060
#8312   pc=00400014   x2(sp)=7fefff50
#8313   pc=00400018
#8314   pc=0040001c
#8315   pc=00400020
#8316   pc=00400024   x8(s0/fp)=00000004
#8317   pc=00400028
#8318   pc=0040002c
#8319   pc=00400030
#8320   pc=0040004c   x10(a0)=00000003
#8321   pc=00400050   x1(ra)=00400054
#8322   pc=00400014   x2(sp)=7fefff40
#8323   pc=00400018
#8324   pc=0040001c
#8325   pc=00400020
#8326   pc=00400024   x8(s0/fp)=00000003
#8327   pc=00400028
#8328   pc=0040002c
#8329   pc=00400030
#8330   pc=0040004c   x10(a0)=00000002
#8331   pc=00400050
#8332   pc=00400014   x2(sp)=7fefff30
#8333   pc=00400018
#8334   pc=0040001c
#8335   pc=00400020
#8336   pc=00400024   x8(s0/fp)=00000002
#8337   pc=00400028
#8338   pc=0040002c
#8339   pc=00400030
#8340   pc=0040004c   x10(a0)=00000001
#8341   pc=00400050
#8342   pc=00400014   x2(sp)=7fefff20
#8343   pc=00400018
#8344   pc=0040001c
#8345   pc=00400020
#8346   pc=00400024   x8(s0/fp)=00000001
#8347   pc=00400028
#8348   pc=0040002c
#8349   pc=00400030
#8350   pc=00400034
#8351   pc=00400038
#8352   pc=0040003c   x8(s0/fp)=00000002
#8353   pc=00400040
#8354   pc=00400044   x2(sp)=7fefff30
#8355   pc=00400048
#8356   pc=00400054   x9(s1)=00000001
#8357   pc=00400058   x10(a0)=00000000
#8358   pc=0040005c   x1(ra)=00400060
#8359   pc=00400014   x2(sp)=7fefff20
#8360   pc=00400018
#8361   pc=0040001c
#8362   pc=00400020
#8363   pc=00400024   x8(s0/fp)=00000000
#8364   pc=00400028
#8365   pc=00400034
#8366   pc=00400038
#8367   pc=0040003c   x8(s0/fp)=00000002
#8368   pc=00400040
#8369   pc=00400044   x2(sp)=7fefff30
#8370   pc=00400048
#8371   pc=00400060   x8(s0/fp)=00000001
#8372   pc=00400064
#8373   pc=00400034   x10(a0)=00000001
#8374   pc=00400038   x1(ra)=00400054
#8375   pc=0040003c   x8(s0/fp)=00000003
#8376   pc=00400040   x9(s1)=00000005
#8377   pc=00400044   x2(sp)=7fefff40
#8378   pc=00400048
#8379   pc=00400054   x9(s1)=00000001
#8380   pc=00400058
#8381   pc=0040005c   x1(ra)=00400060
#8382   pc=00400014   x2(sp)=7fefff30
#8383   pc=00400018
#8384   pc=0040001c
#8385   pc=00400020
#8386   pc=00400024   x8(s0/fp)=00000001
#8387   pc=00400028
#8388   pc=0040002c
#8389   pc=00400030
#8390   pc=00400034
#8391   pc=00400038
#8392   pc=0040003c   x8(s0/fp)=00000003
#8393   pc=00400040
#8394   pc=00400044   x2(sp)=7fefff40
#8395   pc=00400048
#8396   pc=00400060   x8(s0/fp)=00000002
#8397   pc=00400064
#8398   pc=00400034   x10(a0)=00000002
#8399   pc=00400038   x1(ra)=00400054
#8400   pc=0040003c   x8(s0/fp)=00000004
#8401   pc=00400040   x9(s1)=00000005
#8402   pc=00400044   x2(sp)=7fefff50
#8403   pc=00400048
#8404   pc=00400054   x9(s1)=00000002
#8405   pc=00400058
#8406   pc=0040005c   x1(ra)=00400060
#8407   pc=00400014   x2(sp)=7fefff40
#8408   pc=00400018
#8409   pc=0040001c
#8410   pc=00400020
#8411   pc=00400024   x8(s0/fp)=00000002
#8412   pc=00400028
#8413   pc=0040002c
#8414   pc=00400030
#8415   pc=0040004c   x10(a0)=00000001
#8416   pc=00400050   x1(ra)=00400054
#8417   pc=00400014   x2(sp)=7fefff30
#8418   pc=00400018
#8419   pc=0040001c
#8420   pc=00400020
#8421   pc=00400024   x8(s0/fp)=00000001
#8422   pc=00400028
#8423   pc=0040002c
#8424   pc=00400030
#8425   pc=00400034
#8426   pc=00400038
#8427   pc=0040003c   x8(s0/fp)=00000002
#8428   pc=00400040
#8429   pc=00400044   x2(sp)=7fefff40
#8430   pc=00400048
#8431   pc=00400054   x9(s1)=00000001
#8432   pc=00400058   x10(a0)=00000000
#8433   pc=0040005c   x1(ra)=00400060
#8434   pc=00400014   x2(sp)=7fefff30
#8435   pc=00400018
#8436   pc=0040001c
#8437   pc=00400020
#8438   pc=00400024   x8(s0/fp)=00000000
#8439   pc=00400028
#8440   pc=00400034
#8441   pc=00400038
#8442   pc=0040003c   x8(s0/fp)=00000002
#8443   pc=00400040
#8444   pc=00400044   x2(sp)=7fefff40
#8445   pc=00400048
#8446   pc=00400060   x8(s0/fp)=00000001
#8447   pc=00400064
#8448   pc=00400034   x10(a0)=00000001
#8449   pc=00400038
#8450   pc=0040003c   x8(s0/fp)=00000004
#8451   pc=00400040   x9(s1)=00000002
#8452   pc=00400044   x2(sp)=7fefff50
#8453   pc=00400048
#8454   pc=00400060   x8(s0/fp)=00000003
#8455   pc=00400064
#8456   pc=00400034   x10(a0)=00000003
#8457   pc=00400038
#8458   pc=0040003c   x8(s0/fp)=00000006
#8459   pc=00400040   x9(s1)=00000005
#8460   pc=00400044   x2(sp)=7fefff60
#8461   pc=00400048
#8462   pc=00400060   x8(s0/fp)=00000008
#8463   pc=00400064
#8464   pc=00400034   x10(a0)=00000008
#8465   pc=00400038   x1(ra)=00400054
#8466   pc=0040003c   x8(s0/fp)=00000007
#8467   pc=00400040   x9(s1)=00000090
#8468   pc=00400044   x2(sp)=7fefff70
#8469   pc=00400048
#8470   pc=00400054   x9(s1)=00000008
#8471   pc=00400058   x10(a0)=00000005
#8472   pc=0040005c   x1(ra)=00400060
#8473   pc=00400014   x2(sp)=7fefff60
#8474   pc=00400018
#8475   pc=0040001c
#8476   pc=00400020
#8477   pc=00400024   x8(s0/fp)=00000005
#8478   pc=00400028
#8479   pc=0040002c
#8480   pc=00400030
#8481   pc=0040004c   x10(a0)=00000004
#8482   pc=00400050   x1(ra)=00400054
#8483   pc=00400014   x2(sp)=7fefff50
#8484   pc=00400018
#8485   pc=0040001c
#8486   pc=00400020
#8487   pc=00400024   x8(s0/fp)=00000004
#8488   pc=00400028
#8489   pc=0040002c
#8490   pc=00400030
#8491   pc=0040004c   x10(a0)=00000003
#8492   pc=00400050
#8493   pc=00400014   x2(sp)=7fefff40
#8494   pc=00400018
#8495   pc=0040001c
#8496   pc=00400020
#8497   pc=00400024   x8(s0/fp)=00000003
#8498   pc=00400028
#8499   pc=0040002c
#8500   pc=00400030
#8501   pc=0040004c   x10(a0)=00000002
#8502   pc=00400050
#8503   pc=00400014   x2(sp)=7fefff30
#8504   pc=00400018
#8505   pc=0040001c
#8506   pc=00400020
#8507   pc=00400024   x8(s0/fp)=00000002
#8508   pc=00400028
#8509   pc=0040002c
#8510   pc=00400030
#8511   pc=0040004c   x10(a0)=00000001
#8512   pc=00400050
#8513   pc=00400014   x2(sp)=7fefff20
#8514   pc=00400018
#8515   pc=0040001c
#8516   pc=00400020
#8517   pc=00400024   x8(s0/fp)=00000001
#8518   pc=00400028
#8519   pc=0040002c
#8520   pc=00400030
#8521   pc=00400034
#8522   pc=00400038
#8523   pc=0040003c   x8(s0/fp)=00000002
#8524   pc=00400040
#8525   pc=00400044   x2(sp)=7fefff30
#8526   pc=00400048
#8527   pc=00400054   x9(s1)=00000001
#8528   pc=00400058   x10(a0)=00000000
#8529   pc=0040005c   x1(ra)=00400060
#8530   pc=00400014   x2(sp)=7fefff20
#8531   pc=00400018
#8532   pc=0040001c
#8533   pc=00400020
#8534   pc=00400024   x8(s0/fp)=00000000
#8535   pc=00400028
#8536   pc=00400034
#8537   pc=00400038
#8538   pc=0040003c   x8(s0/fp)=00000002
#8539   pc=00400040
#8540   pc=00400044   x2(sp)=7fefff30
#8541   pc=00400048
#8542   pc=00400060   x8(s0/fp)=00000001
#8543   pc=00400064
#8544   pc=00400034   x10(a0)=00000001
#8545   pc=00400038   x1(ra)=00400054
#8546   pc=0040003c   x8(s0/fp)=00000003
#8547   pc=00400040   x9(s1)=00000008
#8548   pc=00400044   x2(sp)=7fefff40
#8549   pc=00400048
#8550   pc=00400054   x9(s1)=00000001
#8551   pc=00400058
#8552   pc=0040005c   x1(ra)=00400060
#8553   pc=00400014   x2(sp)=7fefff30
#8554   pc=00400018
#8555   pc=0040001c
#8556   pc=00400020
#8557   pc=00400024   x8(s0/fp)=00000001
#8558   pc=00400028
#8559   pc=0040002c
#8560   pc=00400030
#8561   pc=00400034
#8562   pc=00400038
#8563   pc=0040003c   x8(s0/fp)=00000003
#8564   pc=00400040
#8565   pc=00400044   x2(sp)=7fefff40
#8566   pc=00400048
#8567   pc=00400060   x8(s0/fp)=00000002
#8568   pc=00400064
#8569   pc=00400034   x10(a0)=00000002
#8570   pc=00400038   x1(ra)=00400054
#8571   pc=0040003c   x8(s0/fp)=00000004
#8572   pc=00400040   x9(s1)=00000008
#8573   pc=00400044   x2(sp)=7fefff50
#8574   pc=00400048
#8575   pc=00400054   x9(s1)=00000002
#8576   pc=00400058
#8577   pc=0040005c   x1(ra)=00400060
#8578   pc=00400014   x2(sp)=7fefff40
#8579   pc=00400018
#8580   pc=0040001c
#8581   pc=00400020
#8582   pc=00400024   x8(s0/fp)=00000002
#8583   pc=00400028
#8584   pc=0040002c
#8585   pc=00400030
#8586   pc=0040004c   x10(a0)=00000001
#8587   pc=00400050   x1(ra)=00400054
#8588   pc=00400014   x2(sp)=7fefff30
#8589   pc=00400018
#8590   pc=0040001c
#8591   pc=00400020
#8592   pc=00400024   x8(s0/fp)=00000001
#8593   pc=00400028
#8594   pc=0040002c
#8595   pc=00400030
#8596   pc=00400034
#8597   pc=00400038
#8598   pc=0040003c   x8(s0/fp)=00000002
#8599   pc=00400040
#8600   pc=00400044   x2(sp)=7fefff40
#8601   pc=00400048
#8602   pc=00400054   x9(s1)=00000001
#8603   pc=00400058   x10(a0)=00000000
#8604   pc=0040005c   x1(ra)=00400060
#8605   pc=00400014   x2(sp)=7fefff30
#8606   pc=00400018
#8607   pc=0040001c
#8608   pc=00400020
#8609   pc=00400024   x8(s0/fp)=00000000
#8610   pc=00400028
#8611   pc=00400034
#8612   pc=00400038
#8613   pc=0040003c   x8(s0/fp)=00000002
#8614   pc=00400040
#8615   pc=00400044   x2(sp)=7fefff40
#8616   pc=00400048
#8617   pc=00400060   x8(s0/fp)=00000001
#8618   pc=00400064
#8619   pc=00400034   x10(a0)=00000001
#8620   pc=00400038
#8621   pc=0040003c   x8(s0/fp)=00000004
#8622   pc=00400040   x9(s1)=00000002
#8623   pc=00400044   x2(sp)=7fefff50
#8624   pc=00400048
#8625   pc=00400060   x8(s0/fp)=00000003
#8626   pc=00400064
#8627   pc=00400034   x10(a0)=00000003
#8628   pc=00400038   x1(ra)=00400054
#8629   pc=0040003c   x8(s0/fp)=00000005
#8630   pc=00400040   x9(s1)=00000008
#8631   pc=00400044   x2(sp)=7fefff60
#8632   pc=00400048
#8633   pc=00400054   x9(s1)=00000003
#8634   pc=00400058
#8635   pc=0040005c   x1(ra)=00400060
#8636   pc=00400014   x2(sp)=7fefff50
#8637   pc=00400018
#8638   pc=0040001c
#8639   pc=00400020
#8640   pc=00400024   x8(s0/fp)=00000003
#8641   pc=00400028
#8642   pc=0040002c
#8643   pc=00400030
#8644   pc=0040004c   x10(a0)=00000002
#8645   pc=00400050   x1(ra)=00400054
#8646   pc=00400014   x2(sp)=7fefff40
#8647   pc=00400018
#8648   pc=0040001c
#8649   pc=00400020
#8650   pc=00400024   x8(s0/fp)=00000002
#8651   pc=00400028
#8652   pc=0040002c
#8653   pc=00400030
#8654   pc=0040004c   x10(a0)=00000001
#8655   pc=00400050
#8656   pc=00400014   x2(sp)=7fefff30
#8657   pc=00400018
#8658   pc=0040001c
#8659   pc=00400020
#8660   pc=00400024   x8(s0/fp)=00000001
#8661   pc=00400028
#8662   pc=0040002c
#8663   pc=00400030
#8664   pc=00400034
#8665   pc=00400038
#8666   pc=0040003c   x8(s0/fp)=00000002
#8667   pc=00400040
#8668   pc=00400044   x2(sp)=7fefff40
#8669   pc=00400048
#8670   pc=00400054   x9(s1)=00000001
#8671   pc=00400058   x10(a0)=00000000
#8672   pc=0040005c   x1(ra)=00400060
#8673   pc=00400014   x2(sp)=7fefff30
#8674   pc=00400018
#8675   pc=0040001c
#8676   pc=00400020
#8677   pc=00400024   x8(s0/fp)=00000000
#8678   pc=00400028
#8679   pc=00400034
#8680   pc=00400038
#8681   pc=0040003c   x8(s0/fp)=00000002
#8682   pc=00400040
#8683   pc=00400044   x2(sp)=7fefff40
#8684   pc=00400048
#8685   pc=00400060   x8(s0/fp)=00000001
#8686   pc=00400064
#8687   pc=00400034   x10(a0)=00000001
#8688   pc=00400038   x1(ra)=00400054
#8689   pc=0040003c   x8(s0/fp)=00000003
#8690   pc=00400040   x9(s1)=00000003
#8691   pc=00400044   x2(sp)=7fefff50
#8692   pc=00400048
#8693   pc=00400054   x9(s1)=00000001
#8694   pc=00400058
#8695   pc=0040005c   x1(ra)=00400060
#8696   pc=00400014   x2(sp)=7fefff40
#8697   pc=00400018
#8698   pc=0040001c
#8699   pc=00400020
#8700   pc=00400024   x8(s0/fp)=00000001
#8701   pc=00400028
#8702   pc=0040002c
#8703   pc=00400030
#8704   pc=00400034
#8705   pc=00400038
#8706   pc=0040003c   x8(s0/fp)=00000003
#8707   pc=00400040
#8708   pc=00400044   x2(sp)=7fefff50
#8709   pc=00400048
#8710   pc=00400060   x8(s0/fp)=00000002
#8711   pc=00400064
#8712   pc=00400034   x10(a0)=00000002
#8713   pc=00400038
#8714   pc=0040003c   x8(s0/fp)=00000005
#8715   pc=00400040   x9(s1)=00000003
#8716   pc=00400044   x2(sp)=7fefff60
#8717   pc=00400048
#8718   pc=00400060
#8719   pc=00400064
#8720   pc=00400034   x10(a0)=00000005
#8721   pc=00400038
#8722   pc=0040003c   x8(s0/fp)=00000007
#8723   pc=00400040   x9(s1)=00000008
#8724   pc=00400044   x2(sp)=7fefff70
#8725   pc=00400048
#8726   pc=00400060   x8(s0/fp)=0000000d
#8727   pc=00400064
#8728   pc=00400034   x10(a0)=0000000d
#8729   pc=00400038   x1(ra)=00400054
#8730   pc=0040003c   x8(s0/fp)=00000008
#8731   pc=00400040   x9(s1)=00000090
#8732   pc=00400044   x2(sp)=7fefff80
#8733   pc=00400048
#8734   pc=00400054   x9(s1)=0000000d
#8735   pc=00400058   x10(a0)=00000006
#8736   pc=0040005c   x1(ra)=00400060
#8737   pc=00400014   x2(sp)=7fefff70
#8738   pc=00400018
#8739   pc=0040001c
#8740   pc=00400020
#8741   pc=00400024   x8(s0/fp)=00000006
#8742   pc=00400028
#8743   pc=0040002c
#8744   pc=00400030
#8745   pc=0040004c   x10(a0)=00000005
#8746   pc=00400050   x1(ra)=00400054
#8747   pc=00400014   x2(sp)=7fefff60
#8748   pc=00400018
#8749   pc=0040001c
#8750   pc=00400020
#8751   pc=00400024   x8(s0/fp)=00000005
#8752   pc=00400028
#8753   pc=0040002c
#8754   pc=00400030
#8755   pc=0040004c   x10(a0)=00000004
#8756   pc=00400050
#8757   pc=00400014   x2(sp)=7fefff50
#8758   pc=00400018
#8759   pc=0040001c
#8760   pc=00400020
#8761   pc=00400024   x8(s0/fp)=00000004
#8762   pc=00400028
#8763   pc=0040002c
#8764   pc=00400030
#8765   pc=0040004c   x10(a0)=00000003
#8766   pc=00400050
#8767   pc=00400014   x2(sp)=7fefff40
#8768   pc=00400018
#8769   pc=0040001c
#8770   pc=00400020
#8771   pc=00400024   x8(s0/fp)=00000003
#8772   pc=00400028
#8773   pc=0040002c
#8774   pc=00400030
#8775   pc=0040004c   x10(a0)=00000002
#8776   pc=00400050
#8777   pc=00400014   x2(sp)=7fefff30
#8778   pc=00400018
#8779   pc=0040001c
#8780   pc=00400020
#8781   pc=00400024   x8(s0/fp)=00000002
#8782   pc=00400028
#8783   pc=0040002c
#8784   pc=00400030
#8785   pc=0040004c   x10(a0)=00000001
#8786   pc=00400050
#8787   pc=00400014   x2(sp)=7fefff20
#8788   pc=00400018
#8789   pc=0040001c
#8790   pc=00400020
#8791   pc=00400024   x8(s0/fp)=00000001
#8792   pc=00400028
#8793   pc=0040002c
#8794   pc=00400030
#8795   pc=00400034
#8796   pc=00400038
#8797   pc=0040003c   x8(s0/fp)=00000002
#8798   pc=00400040
#8799   pc=00400044   x2(sp)=7fefff30
#8800   pc=00400048
#8801   pc=00400054   x9(s1)=00000001
#8802   pc=00400058   x10(a0)=00000000
#8803   pc=0040005c   x1(ra)=00400060
#8804   pc=00400014   x2(sp)=7fefff20
#8805   pc=00400018
#8806   pc=0040001c
#8807   pc=00400020
#8808   pc=00400024   x8(s0/fp)=00000000
#8809   pc=00400028
#8810   pc=00400034
#8811   pc=00400038
#8812   pc=0040003c   x8(s0/fp)=00000002
#8813   pc=00400040
#8814   pc=00400044   x2(sp)=7fefff30
#8815   pc=00400048
#8816   pc=00400060   x8(s0/fp)=00000001
#8817   pc=00400064
#8818   pc=00400034   x10(a0)=00000001
#8819   pc=00400038   x1(ra)=00400054
#8820   pc=0040003c   x8(s0/fp)=00000003
#8821   pc=00400040   x9(s1)=0000000d
#8822   pc=00400044   x2(sp)=7fefff40
#8823   pc=00400048
#8824   pc=00400054   x9(s1)=00000001
#8825   pc=00400058
#8826   pc=0040005c   x1(ra)=00400060
#8827   pc=00400014   x2(sp)=7fefff30
#8828   pc=00400018
#8829   pc=0040001c
#8830   pc=00400020
#8831   pc=00400024   x8(s0/fp)=00000001
#8832   pc=00400028
#8833   pc=0040002c
#8834   pc=00400030
#8835   pc=00400034
#8836   pc=00400038
#8837   pc=0040003c   x8(s0/fp)=00000003
#8838   pc=00400040
#8839   pc=00400044   x2(sp)=7fefff40
#8840   pc=00400048
#8841   pc=00400060   x8(s0/fp)=00000002
#8842   pc=00400064
#8843   pc=00400034   x10(a0)=00000002
#8844   pc=00400038   x1(ra)=00400054
#8845   pc=0040003c   x8(s0/fp)=00000004
#8846   pc=00400040   x9(s1)=0000000d
#8847   pc=00400044   x2(sp)=7fefff50
#8848   pc=00400048
#8849   pc=00400054   x9(s1)=00000002
#8850   pc=00400058
#8851   pc=0040005c   x1(ra)=00400060
#8852   pc=00400014   x2(sp)=7fefff40
#8853   pc=00400018
#8854   pc=0040001c
#8855   pc=00400020
#8856   pc=00400024   x8(s0/fp)=00000002
#8857   pc=00400028
#8858   pc=0040002c
#8859   pc=00400030
#8860   pc=0040004c   x10(a0)=00000001
#8861   pc=00400050   x1(ra)=00400054
#8862   pc=00400014   x2(sp)=7fefff30
#8863   pc=00400018
#8864   pc=0040001c
#8865   pc=00400020
#8866   pc=00400024   x8(s0/fp)=00000001
#8867   pc=00400028
#8868   pc=0040002c
#8869   pc=00400030
#8870   pc=00400034
#8871   pc=00400038
#8872   pc=0040003c   x8(s0/fp)=00000002
#8873   pc=00400040
#8874   pc=00400044   x2(sp)=7fefff40
#8875   pc=00400048
#8876   pc=00400054   x9(s1)=00000001
#8877   pc=00400058   x10(a0)=00000000
#8878   pc=0040005c   x1(ra)=00400060
#8879   pc=00400014   x2(sp)=7fefff30
#8880   pc=00400018
#8881   pc=0040001c
#8882   pc=00400020
#8883   pc=00400024   x8(s0/fp)=00000000
#8884   pc=00400028
#8885   pc=00400034
#8886   pc=00400038
#8887   pc=0040003c   x8(s0/fp)=00000002
#8888   pc=00400040
#8889   pc=00400044   x2(sp)=7fefff40
#8890   pc=00400048
#8891   pc=00400060   x8(s0/fp)=00000001
#8892   pc=00400064
#8893   pc=00400034   x10(a0)=00000001
#8894   pc=00400038
#8895   pc=0040003c   x8(s0/fp)=00000004
#8896   pc=00400040   x9(s1)=00000002
#8897   pc=00400044   x2(sp)=7fefff50
#8898   pc=00400048
#8899   pc=00400060   x8(s0/fp)=00000003
#8900   pc=00400064
#8901   pc=00400034   x10(a0)=00000003
#8902   pc=00400038   x1(ra)=00400054
#8903   pc=0040003c   x8(s0/fp)=00000005
#8904   pc=00400040   x9(s1)=0000000d
#8905   pc=00400044   x2(sp)=7fefff60
#8906   pc=00400048
#8907   pc=00400054   x9(s1)=00000003
#8908   pc=00400058
#8909   pc=0040005c   x1(ra)=00400060
#8910   pc=00400014   x2(sp)=7fefff50
#8911   pc=00400018
#8912   pc=0040001c
#8913   pc=00400020
#8914   pc=00400024   x8(s0/fp)=00000003
#8915   pc=00400028
#8916   pc=0040002c
#8917   pc=00400030
#8918   pc=0040004c   x10(a0)=00000002
#8919   pc=00400050   x1(ra)=00400054
#8920   pc=00400014   x2(sp)=7fefff40
#8921   pc=00400018
#8922   pc=0040001c
#8923   pc=00400020
#8924   pc=00400024   x8(s0/fp)=00000002
#8925   pc=00400028
#8926   pc=0040002c
#8927   pc=00400030
#8928   pc=0040004c   x10(a0)=00000001
#8929   pc=00400050
#8930   pc=00400014   x2(sp)=7fefff30
#8931   pc=00400018
#8932   pc=0040001c
#8933   pc=00400020
#8934   pc=00400024   x8(s0/fp)=00000001
#8935   pc=00400028
#8936   pc=0040002c
#8937   pc=00400030
#8938   pc=00400034
#8939   pc=00400038
#8940   pc=0040003c   x8(s0/fp)=00000002
#8941   pc=00400040
#8942   pc=00400044   x2(sp)=7fefff40
#8943   pc=00400048
#8944   pc=00400054   x9(s1)=00000001
#8945   pc=00400058   x10(a0)=00000000
#8946   pc=0040005c   x1(ra)=00400060
#8947   pc=00400014   x2(sp)=7fefff30
#8948   pc=00400018
#8949   pc=0040001c
#8950   pc=00400020
#8951   pc=00400024   x8(s0/fp)=00000000
#8952   pc=00400028
#8953   pc=00400034
#8954   pc=00400038
#8955   pc=0040003c   x8(s0/fp)=00000002
#8956   pc=00400040
#8957   pc=00400044   x2(sp)=7fefff40
#8958   pc=00400048
#8959   pc=00400060   x8(s0/fp)=00000001
#8960   pc=00400064
#8961   pc=00400034   x10(a0)=00000001
#8962   pc=00400038   x1(ra)=00400054
#8963   pc=0040003c   x8(s0/fp)=00000003
#8964   pc=00400040   x9(s1)=00000003
#8965   pc=00400044   x2(sp)=7fefff50
#8966   pc=00400048
#8967   pc=00400054   x9(s1)=00000001
#8968   pc=00400058
#8969   pc=0040005c   x1(ra)=00400060
#8970   pc=00400014   x2(sp)=7fefff40
#8971   pc=00400018
#8972   pc=0040001c
#8973   pc=00400020
#8974   pc=00400024   x8(s0/fp)=00000001
#8975   pc=00400028
#8976   pc=0040002c
#8977   pc=00400030
#8978   pc=00400034
#8979   pc=00400038
#8980   pc=0040003c   x8(s0/fp)=00000003
#8981   pc=00400040
#8982   pc=00400044   x2(sp)=7fefff50
#8983   pc=00400048
#8984   pc=00400060   x8(s0/fp)=00000002
#8985   pc=00400064
#8986   pc=00400034   x10(a0)=00000002
#8987   pc=00400038
#8988   pc=0040003c   x8(s0/fp)=00000005
#8989   pc=00400040   x9(s1)=00000003
#8990   pc=00400044   x2(sp)=7fefff60
#8991   pc=00400048
#8992   pc=00400060
#8993   pc=00400064
#8994   pc=00400034   x10(a0)=00000005
#8995   pc=00400038   x1(ra)=00400054
#8996   pc=0040003c   x8(s0/fp)=00000006
#8997   pc=00400040   x9(s1)=0000000d
#8998   pc=00400044   x2(sp)=7fefff70
#8999   pc=00400048
#9000   pc=00400054   x9(s1)=00000005
#9001   pc=00400058   x10(a0)=00000004
#9002   pc=0040005c   x1(ra)=00400060
#9003   pc=00400014   x2(sp)=7fefff60
#9004   pc=00400018
#9005   pc=0040001c
#9006   pc=00400020
#9007   pc=00400024   x8(s0/fp)=00000004
#9008   pc=00400028
#9009   pc=0040002c
#9010   pc=00400030
#9011   pc=0040004c   x10(a0)=00000003
#9012   pc=00400050   x1(ra)=00400054
#9013   pc=00400014   x2(sp)=7fefff50
#9014   pc=00400018
#9015   pc=0040001c
#9016   pc=00400020
#9017   pc=00400024   x8(s0/fp)=00000003
#9018   pc=00400028
#9019   pc=0040002c
#9020   pc=00400030
#9021   pc=0040004c   x10(a0)=00000002
#9022   pc=00400050
#9023   pc=00400014   x2(sp)=7fefff40
#9024   pc=00400018
#9025   pc=0040001c
#9026   pc=00400020
#9027   pc=00400024   x8(s0/fp)=00000002
#9028   pc=00400028
#9029   pc=0040002c
#9030   pc=00400030
#9031   pc=0040004c   x10(a0)=00000001
#9032   pc=00400050
#9033   pc=00400014   x2(sp)=7fefff30
#9034   pc=00400018
#9035   pc=0040001c
#9036   pc=00400020
#9037   pc=00400024   x8(s0/fp)=00000001
#9038   pc=00400028
#9039   pc=0040002c
#9040   pc=00400030
#9041   pc=00400034
#9042   pc=00400038
#9043   pc=0040003c   x8(s0/fp)=00000002
#9044   pc=00400040
#9045   pc=00400044   x2(sp)=7fefff40
#9046   pc=00400048
#9047   pc=00400054   x9(s1)=00000001
#9048   pc=00400058   x10(a0)=00000000
#9049   pc=0040005c   x1(ra)=00400060
#9050   pc=00400014   x2(sp)=7fefff30
#9051   pc=00400018
#9052   pc=0040001c
#9053   pc=00400020
#9054   pc=00400024   x8(s0/fp)=00000000
#9055   pc=00400028
#9056   pc=00400034
#9057   pc=00400038
#9058   pc=0040003c   x8(s0/fp)=00000002
#9059   pc=00400040
#9060   pc=00400044   x2(sp)=7fefff40
#9061   pc=00400048
#9062   pc=00400060   x8(s0/fp)=00000001
#9063   pc=00400064
#9064   pc=00400034   x10(a0)=00000001
#9065   pc=00400038   x1(ra)=00400054
#9066   pc=0040003c   x8(s0/fp)=00000003
#9067   pc=00400040   x9(s1)=00000005
#9068   pc=00400044   x2(sp)=7fefff50
#9069   pc=00400048
#9070   pc=00400054   x9(s1)=00000001
#9071   pc=00400058
#9072   pc=0040005c   x1(ra)=00400060
#9073   pc=00400014   x2(sp)=7fefff40
#9074   pc=00400018
#9075   pc=0040001c
#9076   pc=00400020
#9077   pc=00400024   x8(s0/fp)=00000001
#9078   pc=00400028
#9079   pc=0040002c
#9080   pc=00400030
#9081   pc=00400034
#9082   pc=00400038
#9083   pc=0040003c   x8(s0/fp)=00000003
#9084   pc=00400040
#9085   pc=00400044   x2(sp)=7fefff50
#9086   pc=00400048
#9087   pc=00400060   x8(s0/fp)=00000002
#9088   pc=00400064
#9089   pc=00400034   x10(a0)=00000002
#9090   pc=00400038   x1(ra)=00400054
#9091   pc=0040003c   x8(s0/fp)=00000004
#9092   pc=00400040   x9(s1)=00000005
#9093   pc=00400044   x2(sp)=7fefff60
#9094   pc=00400048
#9095   pc=00400054   x9(s1)=00000002
#9096   pc=00400058
#9097   pc=0040005c   x1(ra)=00400060
#9098   pc=00400014   x2(sp)=7fefff50
#9099   pc=00400018
#9100   pc=0040001c
#9101   pc=00400020
#9102   pc=00400024   x8(s0/fp)=00000002
#9103   pc=00400028
#9104   pc=0040002c
#9105   pc=00400030
#9106   pc=0040004c   x10(a0)=00000001
#9107   pc=00400050   x1(ra)=00400054
#9108   pc=00400014   x2(sp)=7fefff40
#9109   pc=00400018
#9110   pc=0040001c
#9111   pc=00400020
#9112   pc=00400024   x8(s0/fp)=00000001
#9113   pc=00400028
#9114   pc=0040002c
#9115   pc=00400030
#9116   pc=00400034
#9117   pc=00400038
#9118   pc=0040003c   x8(s0/fp)=00000002
#9119   pc=00400040
#9120   pc=00400044   x2(sp)=7fefff50
#9121   pc=00400048
#9122   pc=00400054   x9(s1)=00000001
#9123   pc=00400058   x10(a0)=00000000
#9124   pc=0040005c   x1(ra)=00400060
#9125   pc=00400014   x2(sp)=7fefff40
#9126   pc=00400018
#9127   pc=0040001c
#9128   pc=00400020
#9129   pc=00400024   x8(s0/fp)=00000000
#9130   pc=00400028
#9131   pc=00400034
#9132   pc=00400038
#9133   pc=0040003c   x8(s0/fp)=00000002
#9134   pc=00400040
#9135   pc=00400044   x2(sp)=7fefff50
#9136   pc=00400048
#9137   pc=00400060   x8(s0/fp)=00000001
#9138   pc=00400064
#9139   pc=00400034   x10(a0)=00000001
#9140   pc=00400038
#9141   pc=0040003c   x8(s0/fp)=00000004
#9142   pc=00400040   x9(s1)=00000002
#9143   pc=00400044   x2(sp)=7fefff60
#9144   pc=00400048
#9145   pc=00400060   x8(s0/fp)=00000003
#9146   pc=00400064
#9147   pc=00400034   x10(a0)=00000003
#9148   pc=00400038
#9149   pc=0040003c   x8(s0/fp)=00000006
#9150   pc=00400040   x9(s1)=00000005
#9151   pc=00400044   x2(sp)=7fefff70
#9152   pc=00400048
#9153   pc=00400060   x8(s0/fp)=00000008
#9154   pc=00400064
#9155   pc=00400034   x10(a0)=00000008
#9156   pc=00400038
#9157   pc=0040003c
#9158   pc=00400040   x9(s1)=0000000d
#9159   pc=00400044   x2(sp)=7fefff80
#9160   pc=00400048
#9161   pc=00400060   x8(s0/fp)=00000015
#9162   pc=00400064
#9163   pc=00400034   x10(a0)=00000015
#9164   pc=00400038   x1(ra)=00400054
#9165   pc=0040003c   x8(s0/fp)=00000009
#9166   pc=00400040   x9(s1)=00000090
#9167   pc=00400044   x2(sp)=7fefff90
#9168   pc=00400048
#9169   pc=00400054   x9(s1)=00000015
#9170   pc=00400058   x10(a0)=00000007
#9171   pc=0040005c   x1(ra)=00400060
#9172   pc=00400014   x2(sp)=7fefff80
#9173   pc=00400018
#9174   pc=0040001c
#9175   pc=00400020
#9176   pc=00400024   x8(s0/fp)=00000007
#9177   pc=00400028
#9178   pc=0040002c
#9179   pc=00400030
#9180   pc=0040004c   x10(a0)=00000006
#9181   pc=00400050   x1(ra)=00400054
#9182   pc=00400014   x2(sp)=7fefff70
#9183   pc=00400018
#9184   pc=0040001c
#9185   pc=00400020
#9186   pc=00400024   x8(s0/fp)=00000006
#9187   pc=00400028
#9188   pc=0040002c
#9189   pc=00400030
#9190   pc=0040004c   x10(a0)=00000005
#9191   pc=00400050
#9192   pc=00400014   x2(sp)=7fefff60
#9193   pc=00400018
#9194   pc=0040001c
#9195   pc=00400020
#9196   pc=00400024   x8(s0/fp)=00000005
#9197   pc=00400028
#9198   pc=0040002c
#9199   pc=00400030
#9200   pc=0040004c   x10(a0)=00000004
#9201   pc=00400050
#9202   pc=00400014   x2(sp)=7fefff50
#9203   pc=00400018
#9204   pc=0040001c
#9205   pc=00400020
#9206   pc=00400024   x8(s0/fp)=00000004
#9207   pc=00400028
#9208   pc=0040002c
#9209   pc=00400030
#9210   pc=0040004c   x10(a0)=00000003
#9211   pc=00400050
#9212   pc=00400014   x2(sp)=7fefff40
#9213   pc=00400018
#9214   pc=0040001c
#9215   pc=00400020
#9216   pc=00400024   x8(s0/fp)=00000003
#9217   pc=00400028
#9218   pc=0040002c
#9219   pc=00400030
#9220   pc=0040004c   x10(a0)=00000002
#9221   pc=00400050
#9222   pc=00400014   x2(sp)=7fefff30
#9223   pc=00400018
#9224   pc=0040001c
#9225   pc=00400020
#9226   pc=00400024   x8(s0/fp)=00000002
#9227   pc=00400028
#9228   pc=0040002c
#9229   pc=00400030
#9230   pc=0040004c   x10(a0)=00000001
#9231   pc=00400050
#9232   pc=00400014   x2(sp)=7fefff20
#9233   pc=00400018
#9234   pc=0040001c
#9235   pc=00400020
#9236   pc=00400024   x8(s0/fp)=00000001
#9237   pc=00400028
#9238   pc=0040002c
#9239   pc=00400030
#9240   pc=00400034
#9241   pc=00400038
#9242   pc=0040003c   x8(s0/fp)=00000002
#9243   pc=00400040
#9244   pc=00400044   x2(sp)=7fefff30
#9245   pc=00400048
#9246   pc=00400054   x9(s1)=00000001
#9247   pc=00400058   x10(a0)=00000000
#9248   pc=0040005c   x1(ra)=00400060
#9249   pc=00400014   x2(sp)=7fefff20
#9250   pc=00400018
#9251   pc=0040001c
#9252   pc=00400020
#9253   pc=00400024   x8(s0/fp)=00000000
#9254   pc=00400028
#9255   pc=00400034
#9256   pc=00400038
#9257   pc=0040003c   x8(s0/fp)=00000002
#9258   pc=00400040
#9259   pc=00400044   x2(sp)=7fefff30
#9260   pc=00400048
#9261   pc=00400060   x8(s0/fp)=00000001
#9262   pc=00400064
#9263   pc=00400034   x10(a0)=00000001
#9264   pc=00400038   x1(ra)=00400054
#9265   pc=0040003c   x8(s0/fp)=00000003
#9266   pc=00400040   x9(s1)=00000015
#9267   pc=00400044   x2(sp)=7fefff40
#9268   pc=00400048
#9269   pc=00400054   x9(s1)=00000001
#9270   pc=00400058
#9271   pc=0040005c   x1(ra)=00400060
#9272   pc=00400014   x2(sp)=7fefff30
#9273   pc=00400018
#9274   pc=0040001c
#9275   pc=00400020
#9276   pc=00400024   x8(s0/fp)=00000001
#9277   pc=00400028
#9278   pc=0040002c
#9279   pc=00400030
#9280   pc=00400034
#9281   pc=00400038
#9282   pc=0040003c   x8(s0/fp)=00000003
#9283   pc=00400040
#9284   pc=00400044   x2(sp)=7fefff40
#9285   pc=00400048
#9286   pc=00400060   x8(s0/fp)=00000002
#9287   pc=00400064
#9288   pc=00400034   x10(a0)=00000002
#9289   pc=00400038   x1(ra)=00400054
#9290   pc=0040003c   x8(s0/fp)=00000004
#9291   pc=00400040   x9(s1)=00000015
#9292   pc=00400044   x2(sp)=7fefff50
#9293   pc=00400048
#9294   pc=00400054   x9(s1)=00000002
#9295   pc=00400058
#9296   pc=0040005c   x1(ra)=00400060
#9297   pc=00400014   x2(sp)=7fefff40
#9298   pc=00400018
#9299   pc=0040001c
#9300   pc=00400020
#9301   pc=00400024   x8(s0/fp)=00000002
#9302   pc=00400028
#9303   pc=0040002c
#9304   pc=00400030
#9305   pc=0040004c   x10(a0)=00000001
#9306   pc=00400050   x1(ra)=00400054
#9307   pc=00400014   x2(sp)=7fefff30
#9308   pc=00400018
#9309   pc=0040001c
#9310   pc=00400020
#9311   pc=00400024   x8(s0/fp)=00000001
#9312   pc=00400028
#9313   pc=0040002c
#9314   pc=00400030
#9315   pc=00400034
#9316   pc=00400038
#9317   pc=0040003c   x8(s0/fp)=00000002
#9318   pc=00400040
#9319   pc=00400044   x2(sp)=7fefff40
#9320   pc=00400048
#9321   pc=00400054   x9(s1)=00000001
#9322   pc=00400058   x10(a0)=00000000
#9323   pc=0040005c   x1(ra)=00400060
#9324   pc=00400014   x2(sp)=7fefff30
#9325   pc=00400018
#9326   pc=0040001c
#9327   pc=00400020
#9328   pc=00400024   x8(s0/fp)=00000000
#9329   pc=00400028
#9330   pc=00400034
#9331   pc=00400038
#9332   pc=0040003c   x8(s0/fp)=00000002
#9333   pc=00400040
#9334   pc=00400044   x2(sp)=7fefff40
#9335   pc=00400048
#9336   pc=00400060   x8(s0/fp)=00000001
#9337   pc=00400064
#9338   pc=00400034   x10(a0)=00000001
#9339   pc=00400038
#9340   pc=0040003c   x8(s0/fp)=00000004
#9341   pc=00400040   x9(s1)=00000002
#9342   pc=00400044   x2(sp)=7fefff50
#9343   pc=00400048
#9344   pc=00400060   x8(s0/fp)=00000003
#9345   pc=00400064
#9346   pc=00400034   x10(a0)=00000003
#9347   pc=00400038   x1(ra)=00400054
#9348   pc=0040003c   x8(s0/fp)=00000005
#9349   pc=00400040   x9(s1)=00000015
#9350   pc=00400044   x2(sp)=7fefff60
#9351   pc=00400048
#9352   pc=00400054   x9(s1)=00000003
#9353   pc=00400058
#9354   pc=0040005c   x1(ra)=00400060
#9355   pc=00400014   x2(sp)=7fefff50
#9356   pc=00400018
#9357   pc=0040001c
#9358   pc=00400020
#9359   pc=00400024   x8(s0/fp)=00000003
#9360   pc=00400028
#9361   pc=0040002c
#9362   pc=00400030
#9363   pc=0040004c   x10(a0)=00000002
#9364   pc=00400050   x1(ra)=00400054
#9365   pc=00400014   x2(sp)=7fefff40
#9366   pc=00400018
#9367   pc=0040001c
#9368   pc=00400020
#9369   pc=00400024   x8(s0/fp)=00000002
#9370   pc=00400028
#9371   pc=0040002c
#9372   pc=00400030
#9373   pc=0040004c   x10(a0)=00000001
#9374   pc=00400050
#9375   pc=00400014   x2(sp)=7fefff30
#9376   pc=00400018
#9377   pc=0040001c
#9378   pc=00400020
#9379   pc=00400024   x8(s0/fp)=00000001
#9380   pc=00400028
#9381   pc=0040002c
#9382   pc=00400030
#9383   pc=00400034
#9384   pc=00400038
#9385   pc=0040003c   x8(s0/fp)=00000002
#9386   pc=00400040
#9387   pc=00400044   x2(sp)=7fefff40
#9388   pc=00400048
#9389   pc=00400054   x9(s1)=00000001
#9390   pc=00400058   x10(a0)=00000000
#9391   pc=0040005c   x1(ra)=00400060
#9392   pc=00400014   x2(sp)=7fefff30
#9393   pc=00400018
#9394   pc=0040001c
#9395   pc=00400020
#9396   pc=00400024   x8(s0/fp)=00000000
#9397   pc=00400028
#9398   pc=00400034
#9399   pc=00400038
#9400   pc=0040003c   x8(s0/fp)=00000002
#9401   pc=00400040
#9402   pc=00400044   x2(sp)=7fefff40
#9403   pc=00400048
#9404   pc=00400060   x8(s0/fp)=00000001
#9405   pc=00400064
#9406   pc=00400034   x10(a0)=00000001
#9407   pc=00400038   x1(ra)=00400054
#9408   pc=0040003c   x8(s0/fp)=00000003
#9409   pc=00400040   x9(s1)=00000003
#9410   pc=00400044   x2(sp)=7fefff50
#9411   pc=00400048
#9412   pc=00400054   x9(s1)=00000001
#9413   pc=00400058
#9414   pc=0040005c   x1(ra)=00400060
#9415   pc=00400014   x2(sp)=7fefff40
#9416   pc=00400018
#9417   pc=0040001c
#9418   pc=00400020
#9419   pc=00400024   x8(s0/fp)=00000001
#9420   pc=00400028
#9421   pc=0040002c
#9422   pc=00400030
#9423   pc=00400034
#9424   pc=00400038
#9425   pc=0040003c   x8(s0/fp)=00000003
#9426   pc=00400040
#9427   pc=00400044   x2(sp)=7fefff50
#9428   pc=00400048
#9429   pc=00400060   x8(s0/fp)=00000002
#9430   pc=00400064
#9431   pc=00400034   x10(a0)=00000002
#9432   pc=00400038
#9433   pc=0040003c   x8(s0/fp)=00000005
#9434   pc=00400040   x9(s1)=00000003
#9435   pc=00400044   x2(sp)=7fefff60
#9436   pc=00400048
#9437   pc=00400060
#9438   pc=00400064
#9439   pc=00400034   x10(a0)=00000005
#9440   pc=00400038   x1(ra)=00400054
#9441   pc=0040003c   x8(s0/fp)=00000006
#9442   pc=00400040   x9(s1)=00000015
#9443   pc=00400044   x2(sp)=7fefff70
#9444   pc=00400048
#9445   pc=00400054   x9(s1)=00000005
#9446   pc=00400058   x10(a0)=00000004
#9447   pc=0040005c   x1(ra)=00400060
#9448   pc=00400014   x2(sp)=7fefff60
#9449   pc=00400018
#9450   pc=0040001c
#9451   pc=00400020
#9452   pc=00400024   x8(s0/fp)=00000004
#9453   pc=00400028
#9454   pc=0040002c
#9455   pc=00400030
#9456   pc=0040004c   x10(a0)=00000003
#9457   pc=00400050   x1(ra)=00400054
#9458   pc=00400014   x2(sp)=7fefff50
#9459   pc=00400018
#9460   pc=0040001c
#9461   pc=00400020
#9462   pc=00400024   x8(s0/fp)=00000003
#9463   pc=00400028
#9464   pc=0040002c
#9465   pc=00400030
#9466   pc=0040004c   x10(a0)=00000002
#9467   pc=00400050
#9468   pc=00400014   x2(sp)=7fefff40
#9469   pc=00400018
#9470   pc=0040001c
#9471   pc=00400020
#9472   pc=00400024   x8(s0/fp)=00000002
#9473   pc=00400028
#9474   pc=0040002c
#9475   pc=00400030
#9476   pc=0040004c   x10(a0)=00000001
#9477   pc=00400050
#9478   pc=00400014   x2(sp)=7fefff30
#9479   pc=00400018
#9480   pc=0040001c
#9481   pc=00400020
#9482   pc=00400024   x8(s0/fp)=00000001
#9483   pc=00400028
#9484   pc=0040002c
#9485   pc=00400030
#9486   pc=00400034
#9487   pc=00400038
#9488   pc=0040003c   x8(s0/fp)=00000002
#9489   pc=00400040
#9490   pc=00400044   x2(sp)=7fefff40
#9491   pc=00400048
#9492   pc=00400054   x9(s1)=00000001
#9493   pc=00400058   x10(a0)=00000000
#9494   pc=0040005c   x1(ra)=00400060
#9495   pc=00400014   x2(sp)=7fefff30
#9496   pc=00400018
#9497   pc=0040001c
#9498   pc=00400020
#9499   pc=00400024   x8(s0/fp)=00000000
#9500   pc=00400028
#9501   pc=00400034
#9502   pc=00400038
#9503   pc=0040003c   x8(s0/fp)=00000002
#9504   pc=00400040
#9505   pc=00400044   x2(sp)=7fefff40
#9506   pc=00400048
#9507   pc=00400060   x8(s0/fp)=00000001
#9508   pc=00400064
#9509   pc=00400034   x10(a0)=00000001
#9510   pc=00400038   x1(ra)=00400054
#9511   pc=0040003c   x8(s0/fp)=00000003
#9512   pc=00400040   x9(s1)=00000005
#9513   pc=00400044   x2(sp)=7fefff50
#9514   pc=00400048
#9515   pc=00400054   x9(s1)=00000001
#9516   pc=00400058
#9517   pc=0040005c   x1(ra)=00400060
#9518   pc=00400014   x2(sp)=7fefff40
#9519   pc=00400018
#9520   pc=0040001c
#9521   pc=00400020
#9522   pc=00400024   x8(s0/fp)=00000001
#9523   pc=00400028
#9524   pc=0040002c
#9525   pc=00400030
#9526   pc=00400034
#9527   pc=00400038
#9528   pc=0040003c   x8(s0/fp)=00000003
#9529   pc=00400040
#9530   pc=00400044   x2(sp)=7fefff50
#9531   pc=00400048
#9532   pc=00400060   x8(s0/fp)=00000002
#9533   pc=00400064
#9534   pc=00400034   x10(a0)=00000002
#9535   pc=00400038   x1(ra)=00400054
#9536   pc=0040003c   x8(s0/fp)=00000004
#9537   pc=00400040   x9(s1)=00000005
#9538   pc=00400044   x2(sp)=7fefff60
#9539   pc=00400048
#9540   pc=00400054   x9(s1)=00000002
#9541   pc=00400058
#9542   pc=0040005c   x1(ra)=00400060
#9543   pc=00400014   x2(sp)=7fefff50
#9544   pc=00400018
#9545   pc=0040001c
#9546   pc=00400020
#9547   pc=00400024   x8(s0/fp)=00000002
#9548   pc=00400028
#9549   pc=0040002c
#9550   pc=00400030
#9551   pc=0040004c   x10(a0)=00000001
#9552   pc=00400050   x1(ra)=00400054
#9553   pc=00400014   x2(sp)=7fefff40
#9554   pc=00400018
#9555   pc=0040001c
#9556   pc=00400020
#9557   pc=00400024   x8(s0/fp)=00000001
#9558   pc=00400028
#9559   pc=0040002c
#9560   pc=00400030
#9561   pc=00400034
#9562   pc=00400038
#9563   pc=0040003c   x8(s0/fp)=00000002
#9564   pc=00400040
#9565   pc=00400044   x2(sp)=7fefff50
#9566   pc=00400048
#9567   pc=00400054   x9(s1)=00000001
#9568   pc=00400058   x10(a0)=00000000
#9569   pc=0040005c   x1(ra)=00400060
#9570   pc=00400014   x2(sp)=7fefff40
#9571   pc=00400018
#9572   pc=0040001c
#9573   pc=00400020
#9574   pc=00400024   x8(s0/fp)=00000000
#9575   pc=00400028
#9576   pc=00400034
#9577   pc=00400038
#9578   pc=0040003c   x8(s0/fp)=00000002
#9579   pc=00400040
#9580   pc=00400044   x2(sp)=7fefff50
#9581   pc=00400048
#9582   pc=00400060   x8(s0/fp)=00000001
#9583   pc=00400064
#9584   pc=00400034   x10(a0)=00000001
#9585   pc=00400038
#9586   pc=0040003c   x8(s0/fp)=00000004
#9587   pc=00400040   x9(s1)=00000002
#9588   pc=00400044   x2(sp)=7fefff60
#9589   pc=00400048
#9590   pc=00400060   x8(s0/fp)=00000003
#9591   pc=00400064
#9592   pc=00400034   x10(a0)=00000003
#9593   pc=00400038
#9594   pc=0040003c   x8(s0/fp)=00000006
#9595   pc=00400040   x9(s1)=00000005
#9596   pc=00400044   x2(sp)=7fefff70
#9597   pc=00400048
#9598   pc=00400060   x8(s0/fp)=00000008
#9599   pc=00400064
#9600   pc=00400034   x10(a0)=00000008
#9601   pc=00400038   x1(ra)=00400054
#9602   pc=0040003c   x8(s0/fp)=00000007
#9603   pc=00400040   x9(s1)=00000015
#9604   pc=00400044   x2(sp)=7fefff80
#9605   pc=00400048
#9606   pc=00400054   x9(s1)=00000008
#9607   pc=00400058   x10(a0)=00000005
#9608   pc=0040005c   x1(ra)=00400060
#9609   pc=00400014   x2(sp)=7fefff70
#9610   pc=00400018
#9611   pc=0040001c
#9612   pc=00400020
#9613   pc=00400024   x8(s0/fp)=00000005
#9614   pc=00400028
#9615   pc=0040002c
#9616   pc=00400030
#9617   pc=0040004c   x10(a0)=00000004
#9618   pc=00400050   x1(ra)=00400054
#9619   pc=00400014   x2(sp)=7fefff60
#9620   pc=00400018
#9621   pc=0040001c
#9622   pc=00400020
#9623   pc=00400024   x8(s0/fp)=00000004
#9624   pc=00400028
#9625   pc=0040002c
#9626   pc=00400030
#9627   pc=0040004c   x10(a0)=00000003
#9628   pc=00400050
#9629   pc=00400014   x2(sp)=7fefff50
#9630   pc=00400018
#9631   pc=0040001c
#9632   pc=00400020
#9633   pc=00400024   x8(s0/fp)=00000003
#9634   pc=00400028
#9635   pc=0040002c
#9636   pc=00400030
#9637   pc=0040004c   x10(a0)=00000002
#9638   pc=00400050
#9639   pc=00400014   x2(sp)=7fefff40
#9640   pc=00400018
#9641   pc=0040001c
#9642   pc=00400020
#9643   pc=00400024   x8(s0/fp)=00000002
#9644   pc=00400028
#9645   pc=0040002c
#9646   pc=00400030
#9647   pc=0040004c   x10(a0)=00000001
#9648   pc=00400050
#9649   pc=00400014   x2(sp)=7fefff30
#9650   pc=00400018
#9651   pc=0040001c
#9652   pc=00400020
#9653   pc=00400024   x8(s0/fp)=00000001
#9654   pc=00400028
#9655   pc=0040002c
#9656   pc=00400030
#9657   pc=00400034
#9658   pc=00400038
#9659   pc=0040003c   x8(s0/fp)=00000002
#9660   pc=00400040
#9661   pc=00400044   x2(sp)=7fefff40
#9662   pc=00400048
#9663   pc=00400054   x9(s1)=00000001
#9664   pc=00400058   x10(a0)=00000000
#9665   pc=0040005c   x1(ra)=00400060
#9666   pc=00400014   x2(sp)=7fefff30
#9667   pc=00400018
#9668   pc=0040001c
#9669   pc=00400020
#9670   pc=00400024   x8(s0/fp)=00000000
#9671   pc=00400028
#9672   pc=00400034
#9673   pc=00400038
#9674   pc=0040003c   x8(s0/fp)=00000002
#9675   pc=00400040
#9676   pc=00400044   x2(sp)=7fefff40
#9677   pc=00400048
#9678   pc=00400060   x8(s0/fp)=00000001
#9679   pc=00400064
#9680   pc=00400034   x10(a0)=00000001
#9681   pc=00400038   x1(ra)=00400054
#9682   pc=0040003c   x8(s0/fp)=00000003
#9683   pc=00400040   x9(s1)=00000008
#9684   pc=00400044   x2(sp)=7fefff50
#9685   pc=00400048
#9686   pc=00400054   x9(s1)=00000001
#9687   pc=00400058
#9688   pc=0040005c   x1(ra)=00400060
#9689   pc=00400014   x2(sp)=7fefff40
#9690   pc=00400018
#9691   pc=0040001c
#9692   pc=00400020
#9693   pc=00400024   x8(s0/fp)=00000001
#9694   pc=00400028
#9695   pc=0040002c
#9696   pc=00400030
#9697   pc=00400034
#9698   pc=00400038
#9699   pc=0040003c   x8(s0/fp)=00000003
#9700   pc=00400040
#9701   pc=00400044   x2(sp)=7fefff50
#9702   pc=00400048
#9703   pc=00400060   x8(s0/fp)=00000002
#9704   pc=00400064
#9705   pc=00400034   x10(a0)=00000002
#9706   pc=00400038   x1(ra)=00400054
#9707   pc=0040003c   x8(s0/fp)=00000004
#9708   pc=00400040   x9(s1)=00000008
#9709   pc=00400044   x2(sp)=7fefff60
#9710   pc=00400048
#9711   pc=00400054   x9(s1)=00000002
#9712   pc=00400058
#9713   pc=0040005c   x1(ra)=00400060
#9714   pc=00400014   x2(sp)=7fefff50
#9715   pc=00400018
#9716   pc=0040001c
#9717   pc=00400020
#9718   pc=00400024   x8(s0/fp)=00000002
#9719   pc=00400028
#9720   pc=0040002c
#9721   pc=00400030
#9722   pc=0040004c   x10(a0)=00000001
#9723   pc=00400050   x1(ra)=00400054
#9724   pc=00400014   x2(sp)=7fefff40
#9725   pc=00400018
#9726   pc=0040001c
#9727   pc=00400020
#9728   pc=00400024   x8(s0/fp)=00000001
#9729   pc=00400028
#9730   pc=0040002c
#9731   pc=00400030
#9732   pc=00400034
#9733   pc=00400038
#9734   pc=0040003c   x8(s0/fp)=00000002
#9735   pc=00400040
#9736   pc=00400044   x2(sp)=7fefff50
#9737   pc=00400048
#9738   pc=00400054   x9(s1)=00000001
#9739   pc=00400058   x10(a0)=00000000
#9740   pc=0040005c   x1(ra)=00400060
#9741   pc=00400014   x2(sp)=7fefff40
#9742   pc=00400018
#9743   pc=0040001c
#9744   pc=00400020
#9745   pc=00400024   x8(s0/fp)=00000000
#9746   pc=00400028
#9747   pc=00400034
#9748   pc=00400038
#9749   pc=0040003c   x8(s0/fp)=00000002
#9750   pc=00400040
#9751   pc=00400044   x2(sp)=7fefff50
#9752   pc=00400048
#9753   pc=00400060   x8(s0/fp)=00000001
#9754   pc=00400064
#9755   pc=00400034   x10(a0)=00000001
#9756   pc=00400038
#9757   pc=0040003c   x8(s0/fp)=00000004
#9758   pc=00400040   x9(s1)=00000002
#9759   pc=00400044   x2(sp)=7fefff60
#9760   pc=00400048
#9761   pc=00400060   x8(s0/fp)=00000003
#9762   pc=00400064
#9763   pc=00400034   x10(a0)=00000003
#9764   pc=00400038   x1(ra)=00400054
#9765   pc=0040003c   x8(s0/fp)=00000005
#9766   pc=00400040   x9(s1)=00000008
#9767   pc=00400044   x2(sp)=7fefff70
#9768   pc=00400048
#9769   pc=00400054   x9(s1)=00000003
#9770   pc=00400058
#9771   pc=0040005c   x1(ra)=00400060
#9772   pc=00400014   x2(sp)=7fefff60
#9773   pc=00400018
#9774   pc=0040001c
#9775   pc=00400020
#9776   pc=00400024   x8(s0/fp)=00000003
#9777   pc=00400028
#9778   pc=0040002c
#9779   pc=00400030
#9780   pc=0040004c   x10(a0)=00000002
#9781   pc=00400050   x1(ra)=00400054
#9782   pc=00400014   x2(sp)=7fefff50
#9783   pc=00400018
#9784   pc=0040001c
#9785   pc=00400020
#9786   pc=00400024   x8(s0/fp)=00000002
#9787   pc=00400028
#9788   pc=0040002c
#9789   pc=00400030
#9790   pc=0040004c   x10(a0)=00000001
#9791   pc=00400050
#9792   pc=00400014   x2(sp)=7fefff40
#9793   pc=00400018
#9794   pc=0040001c
#9795   pc=00400020
#9796   pc=00400024   x8(s0/fp)=00000001
#9797   pc=00400028
#9798   pc=0040002c
#9799   pc=00400030
#9800   pc=00400034
#9801   pc=00400038
#9802   pc=0040003c   x8(s0/fp)=00000002
#9803   pc=00400040
#9804   pc=00400044   x2(sp)=7fefff50
#9805   pc=00400048
#9806   pc=00400054   x9(s1)=00000001
#9807   pc=00400058   x10(a0)=00000000
#9808   pc=0040005c   x1(ra)=00400060
#9809   pc=00400014   x2(sp)=7fefff40
#9810   pc=00400018
#9811   pc=0040001c
#9812   pc=00400020
#9813   pc=00400024   x8(s0/fp)=00000000
#9814   pc=00400028
#9815   pc=00400034
#9816   pc=00400038
#9817   pc=0040003c   x8(s0/fp)=00000002
#9818   pc=00400040
#9819   pc=00400044   x2(sp)=7fefff50
#9820   pc=00400048
#9821   pc=00400060   x8(s0/fp)=00000001
#9822   pc=00400064
#9823   pc=00400034   x10(a0)=00000001
#9824   pc=00400038   x1(ra)=00400054
#9825   pc=0040003c   x8(s0/fp)=00000003
#9826   pc=00400040   x9(s1)=00000003
#9827   pc=00400044   x2(sp)=7fefff60
#9828   pc=00400048
#9829   pc=00400054   x9(s1)=00000001
#9830   pc=00400058
#9831   pc=0040005c   x1(ra)=00400060
#9832   pc=00400014   x2(sp)=7fefff50
#9833   pc=00400018
#9834   pc=0040001c
#9835   pc=00400020
#9836   pc=00400024   x8(s0/fp)=00000001
#9837   pc=00400028
#9838   pc=0040002c
#9839   pc=00400030
#9840   pc=00400034
#9841   pc=00400038
#9842   pc=0040003c   x8(s0/fp)=00000003
#9843   pc=00400040
#9844   pc=00400044   x2(sp)=7fefff60
#9845   pc=00400048
#9846   pc=00400060   x8(s0/fp)=00000002
#9847   pc=00400064
#9848   pc=00400034   x10(a0)=00000002
#9849   pc=00400038
#9850   pc=0040003c   x8(s0/fp)=00000005
#9851   pc=00400040   x9(s1)=00000003
#9852   pc=00400044   x2(sp)=7fefff70
#9853   pc=00400048
#9854   pc=00400060
#9855   pc=00400064
#9856   pc=00400034   x10(a0)=00000005
#9857   pc=00400038
#9858   pc=0040003c   x8(s0/fp)=00000007
#9859   pc=00400040   x9(s1)=00000008
#9860   pc=00400044   x2(sp)=7fefff80
#9861   pc=00400048
#9862   pc=00400060   x8(s0/fp)=0000000d
#9863   pc=00400064
#9864   pc=00400034   x10(a0)=0000000d
#9865   pc=00400038
#9866   pc=0040003c   x8(s0/fp)=00000009
#9867   pc=00400040   x9(s1)=00000015
#9868   pc=00400044   x2(sp)=7fefff90
#9869   pc=00400048
#9870   pc=00400060   x8(s0/fp)=00000022
#9871   pc=00400064
#9872   pc=00400034   x10(a0)=00000022
#9873   pc=00400038   x1(ra)=00400054
#9874   pc=0040003c   x8(s0/fp)=0000000a
#9875   pc=00400040   x9(s1)=00000090
#9876   pc=00400044   x2(sp)=7fefffa0
#9877   pc=00400048
#9878   pc=00400054   x9(s1)=00000022
#9879   pc=00400058   x10(a0)=00000008
#9880   pc=0040005c   x1(ra)=00400060
#9881   pc=00400014   x2(sp)=7fefff90
#9882   pc=00400018
#9883   pc=0040001c
#9884   pc=00400020
#9885   pc=00400024   x8(s0/fp)=00000008
#9886   pc=00400028
#9887   pc=0040002c
#9888   pc=00400030
#9889   pc=0040004c   x10(a0)=00000007
#9890   pc=00400050   x1(ra)=00400054
#9891   pc=00400014   x2(sp)=7fefff80
#9892   pc=00400018
#9893   pc=0040001c
#9894   pc=00400020
#9895   pc=00400024   x8(s0/fp)=00000007
#9896   pc=00400028
#9897   pc=0040002c
#9898   pc=00400030
#9899   pc=0040004c   x10(a0)=00000006
#9900   pc=00400050
#9901   pc=00400014   x2(sp)=7fefff70
#9902   pc=00400018
#9903   pc=0040001c
#9904   pc=00400020
#9905   pc=00400024   x8(s0/fp)=00000006
#9906   pc=00400028
#9907   pc=0040002c
#9908   pc=00400030
#9909   pc=0040004c   x10(a0)=00000005
#9910   pc=00400050
#9911   pc=00400014   x2(sp)=7fefff60
#9912   pc=00400018
#9913   pc=0040001c
#9914   pc=00400020
#9915   pc=00400024   x8(s0/fp)=00000005
#9916   pc=00400028
#9917   pc=0040002c
#9918   pc=00400030
#9919   pc=0040004c   x10(a0)=00000004
#9920   pc=00400050
#9921   pc=00400014   x2(sp)=7fefff50
#9922   pc=00400018
#9923   pc=0040001c
#9924   pc=00400020
#9925   pc=00400024   x8(s0/fp)=00000004
#9926   pc=00400028
#9927   pc=0040002c
#9928   pc=00400030
#9929   pc=0040004c   x10(a0)=00000003
#9930   pc=00400050
#9931   pc=00400014   x2(sp)=7fefff40
#9932   pc=00400018
#9933   pc=0040001c
#9934   pc=00400020
#9935   pc=00400024   x8(s0/fp)=00000003
#9936   pc=00400028
#9937   pc=0040002c
#9938   pc=00400030
#9939   pc=0040004c   x10(a0)=00000002
#9940   pc=00400050
#9941   pc=00400014   x2(sp)=7fefff30
#9942   pc=00400018
#9943   pc=0040001c
#9944   pc=00400020
#9945   pc=00400024   x8(s0/fp)=00000002
#9946   pc=00400028
#9947   pc=0040002c
#9948   pc=00400030
#9949   pc=0040004c   x10(a0)=00000001
#9950   pc=00400050
#9951   pc=00400014   x2(sp)=7fefff20
#9952   pc=00400018
#9953   pc=0040001c
#9954   pc=00400020
#9955   pc=00400024   x8(s0/fp)=00000001
#9956   pc=00400028
#9957   pc=0040002c
#9958   pc=00400030
#9959   pc=00400034
#9960   pc=00400038
#9961   pc=0040003c   x8(s0/fp)=00000002
#9962   pc=00400040
#9963   pc=00400044   x2(sp)=7fefff30
#9964   pc=00400048
#9965   pc=00400054   x9(s1)=00000001
#9966   pc=00400058   x10(a0)=00000000
#9967   pc=0040005c   x1(ra)=00400060
#9968   pc=00400014   x2(sp)=7fefff20
#9969   pc=00400018
#9970   pc=0040001c
#9971   pc=00400020
#9972   pc=00400024   x8(s0/fp)=00000000
#9973   pc=00400028
#9974   pc=00400034
#9975   pc=00400038
#9976   pc=0040003c   x8(s0/fp)=00000002
#9977   pc=00400040
#9978   pc=00400044   x2(sp)=7fefff30
#9979   pc=00400048
#9980   pc=00400060   x8(s0/fp)=00000001
#9981   pc=00400064
#9982   pc=00400034   x10(a0)=00000001
#9983   pc=00400038   x1(ra)=00400054
#9984   pc=0040003c   x8(s0/fp)=00000003
#9985   pc=00400040   x9(s1)=00000022
#9986   pc=00400044   x2(sp)=7fefff40
#9987   pc=00400048
#9988   pc=00400054   x9(s1)=00000001
#9989   pc=00400058
#9990   pc=0040005c   x1(ra)=00400060
#9991   pc=00400014   x2(sp)=7fefff30
#9992   pc=00400018
#9993   pc=0040001c
#9994   pc=00400020
#9995   pc=00400024   x8(s0/fp)=00000001
#9996   pc=00400028
#9997   pc=0040002c
#9998   pc=00400030
#9999   pc=00400034
#10000  pc=00400038
#10001  pc=0040003c   x8(s0/fp)=00000003
#10002  pc=00400040
#10003  pc=00400044   x2(sp)=7fefff40
#10004  pc=00400048
#10005  pc=00400060   x8(s0/fp)=00000002
#10006  pc=00400064
#10007  pc=00400034   x10(a0)=00000002
#10008  pc=00400038   x1(ra)=00400054
#10009  pc=0040003c   x8(s0/fp)=00000004
#10010  pc=00400040   x9(s1)=00000022
#10011  pc=00400044   x2(sp)=7fefff50
#10012  pc=00400048
#10013  pc=00400054   x9(s1)=00000002
#10014  pc=00400058
#10015  pc=0040005c   x1(ra)=00400060
#10016  pc=00400014   x2(sp)=7fefff40
#10017  pc=00400018
#10018  pc=0040001c
#10019  pc=00400020
#10020  pc=00400024   x8(s0/fp)=00000002
#10021  pc=00400028
#10022  pc=0040002c
#10023  pc=00400030
#10024  pc=0040004c   x10(a0)=00000001
#10025  pc=00400050   x1(ra)=00400054
#10026  pc=00400014   x2(sp)=7fefff30
#10027  pc=00400018
#10028  pc=0040001c
#10029  pc=00400020
#10030  pc=00400024   x8(s0/fp)=00000001
#10031  pc=00400028
#10032  pc=0040002c
#10033  pc=00400030
#10034  pc=00400034
#10035  pc=00400038
#10036  pc=0040003c   x8(s0/fp)=00000002
#10037  pc=00400040
#10038  pc=00400044   x2(sp)=7fefff40
#10039  pc=00400048
#10040  pc=00400054   x9(s1)=00000001
#10041  pc=00400058   x10(a0)=00000000
#10042  pc=0040005c   x1(ra)=00400060
#10043  pc=00400014   x2(sp)=7fefff30
#10044  pc=00400018
#10045  pc=0040001c
#10046  pc=00400020
#10047  pc=00400024   x8(s0/fp)=00000000
#10048  pc=00400028
#10049  pc=00400034
#10050  pc=00400038
#10051  pc=0040003c   x8(s0/fp)=00000002
#10052  pc=00400040
#10053  pc=00400044   x2(sp)=7fefff40
#10054  pc=00400048
#10055  pc=00400060   x8(s0/fp)=00000001
#10056  pc=00400064
#10057  pc=00400034   x10(a0)=00000001
#10058  pc=00400038
#10059  pc=0040003c   x8(s0/fp)=00000004
#10060  pc=00400040   x9(s1)=00000002
#10061  pc=00400044   x2(sp)=7fefff50
#10062  pc=00400048
#10063  pc=00400060   x8(s0/fp)=00000003
#10064  pc=00400064
#10065  pc=00400034   x10(a0)=00000003
#10066  pc=00400038   x1(ra)=00400054
#10067  pc=0040003c   x8(s0/fp)=00000005
#10068  pc=00400040   x9(s1)=00000022
#10069  pc=00400044   x2(sp)=7fefff60
#10070  pc=00400048
#10071  pc=00400054   x9(s1)=00000003
#10072  pc=00400058
#10073  pc=0040005c   x1(ra)=00400060
#10074  pc=00400014   x2(sp)=7fefff50
#10075  pc=00400018
#10076  pc=0040001c
#10077  pc=00400020
#10078  pc=00400024   x8(s0/fp)=00000003
#10079  pc=00400028
#10080  pc=0040002c
#10081  pc=00400030
#10082  pc=0040004c   x10(a0)=00000002
#10083  pc=00400050   x1(ra)=00400054
#10084  pc=00400014   x2(sp)=7fefff40
#10085  pc=00400018
#10086  pc=0040001c
#10087  pc=00400020
#10088  pc=00400024   x8(s0/fp)=00000002
#10089  pc=00400028
#10090  pc=0040002c
#10091  pc=00400030
#10092  pc=0040004c   x10(a0)=00000001
#10093  pc=00400050
#10094  pc=00400014   x2(sp)=7fefff30
#10095  pc=00400018
#10096  pc=0040001c
#10097  pc=00400020
#10098  pc=00400024   x8(s0/fp)=00000001
#10099  pc=00400028
#10100  pc=0040002c
#10101  pc=00400030
#10102  pc=00400034
#10103  pc=00400038
#10104  pc=0040003c   x8(s0/fp)=00000002
#10105  pc=00400040
#10106  pc=00400044   x2(sp)=7fefff40
#10107  pc=00400048
#10108  pc=00400054   x9(s1)=00000001
#10109  pc=00400058   x10(a0)=00000000
#10110  pc=0040005c   x1(ra)=00400060
#10111  pc=00400014   x2(sp)=7fefff30
#10112  pc=00400018
#10113  pc=0040001c
#10114  pc=00400020
#10115  pc=00400024   x8(s0/fp)=00000000
#10116  pc=00400028
#10117  pc=00400034
#10118  pc=00400038
#10119  pc=0040003c   x8(s0/fp)=00000002
#10120  pc=00400040
#10121  pc=00400044   x2(sp)=7fefff40
#10122  pc=00400048
#10123  pc=00400060   x8(s0/fp)=00000001
#10124  pc=00400064
#10125  pc=00400034   x10(a0)=00000001
#10126  pc=00400038   x1(ra)=00400054
#10127  pc=0040003c   x8(s0/fp)=00000003
#10128  pc=00400040   x9(s1)=00000003
#10129  pc=00400044   x2(sp)=7fefff50
#10130  pc=00400048
#10131  pc=00400054   x9(s1)=00000001
#10132  pc=00400058
#10133  pc=0040005c   x1(ra)=00400060
#10134  pc=00400014   x2(sp)=7fefff40
#10135  pc=00400018
#10136  pc=0040001c
#10137  pc=00400020
#10138  pc=00400024   x8(s0/fp)=00000001
#10139  pc=00400028
#10140  pc=0040002c
#10141  pc=00400030
#10142  pc=00400034
#10143  pc=00400038
#10144  pc=0040003c   x8(s0/fp)=00000003
#10145  pc=00400040
#10146  pc=00400044   x2(sp)=7fefff50
#10147  pc=00400048
#10148  pc=00400060   x8(s0/fp)=00000002
#10149  pc=00400064
#10150  pc=00400034   x10(a0)=00000002
#10151  pc=00400038
#10152  pc=0040003c   x8(s0/fp)=00000005
#10153  pc=00400040   x9(s1)=00000003
#10154  pc=00400044   x2(sp)=7fefff60
#10155  pc=00400048
#10156  pc=00400060
#10157  pc=00400064
#10158  pc=00400034   x10(a0)=00000005
#10159  pc=00400038   x1(ra)=00400054
#10160  pc=0040003c   x8(s0/fp)=00000006
#10161  pc=00400040   x9(s1)=00000022
#10162  pc=00400044   x2(sp)=7fefff70
#10163  pc=00400048
#10164  pc=00400054   x9(s1)=00000005
#10165  pc=00400058   x10(a0)=00000004
#10166  pc=0040005c   x1(ra)=00400060
#10167  pc=00400014   x2(sp)=7fefff60
#10168  pc=00400018
#10169  pc=0040001c
#10170  pc=00400020
#10171  pc=00400024   x8(s0/fp)=00000004
#10172  pc=00400028
#10173  pc=0040002c
#10174  pc=00400030
#10175  pc=0040004c   x10(a0)=00000003
#10176  pc=00400050   x1(ra)=00400054
#10177  pc=00400014   x2(sp)=7fefff50
#10178  pc=00400018
#10179  pc=0040001c
#10180  pc=00400020
#10181  pc=00400024   x8(s0/fp)=00000003
#10182  pc=00400028
#10183  pc=0040002c
#10184  pc=00400030
#10185  pc=0040004c   x10(a0)=00000002
#10186  pc=00400050
#10187  pc=00400014   x2(sp)=7fefff40
#10188  pc=00400018
#10189  pc=0040001c
#10190  pc=00400020
#10191  pc=00400024   x8(s0/fp)=00000002
#10192  pc=00400028
#10193  pc=0040002c
#10194  pc=00400030
#10195  pc=0040004c   x10(a0)=00000001
#10196  pc=00400050
#10197  pc=00400014   x2(sp)=7fefff30
#10198  pc=00400018
#10199  pc=0040001c
#10200  pc=00400020
#10201  pc=00400024   x8(s0/fp)=00000001
#10202  pc=00400028
#10203  pc=0040002c
#10204  pc=00400030
#10205  pc=00400034
#10206  pc=00400038
#10207  pc=0040003c   x8(s0/fp)=00000002
#10208  pc=00400040
#10209  pc=00400044   x2(sp)=7fefff40
#10210  pc=00400048
#10211  pc=00400054   x9(s1)=00000001
#10212  pc=00400058   x10(a0)=00000000
#10213  pc=0040005c   x1(ra)=00400060
#10214  pc=00400014   x2(sp)=7fefff30
#10215  pc=00400018
#10216  pc=0040001c
#10217  pc=00400020
#10218  pc=00400024   x8(s0/fp)=00000000
#10219  pc=00400028
#10220  pc=00400034
#10221  pc=00400038
#10222  pc=0040003c   x8(s0/fp)=00000002
#10223  pc=00400040
#10224  pc=00400044   x2(sp)=7fefff40
#10225  pc=00400048
#10226  pc=00400060   x8(s0/fp)=00000001
#10227  pc=00400064
#10228  pc=00400034   x10(a0)=00000001
#10229  pc=00400038   x1(ra)=00400054
#10230  pc=0040003c   x8(s0/fp)=00000003
#10231  pc=00400040   x9(s1)=00000005
#10232  pc=00400044   x2(sp)=7fefff50
#10233  pc=00400048
#10234  pc=00400054   x9(s1)=00000001
#10235  pc=00400058
#10236  pc=0040005c   x1(ra)=00400060
#10237  pc=00400014   x2(sp)=7fefff40
#10238  pc=00400018
#10239  pc=0040001c
#10240  pc=00400020
#10241  pc=00400024   x8(s0/fp)=00000001
#10242  pc=00400028
#10243  pc=0040002c
#10244  pc=00400030
#10245  pc=00400034
#10246  pc=00400038
#10247  pc=0040003c   x8(s0/fp)=00000003
#10248  pc=00400040
#10249  pc=00400044   x2(sp)=7fefff50
#10250  pc=00400048
#10251  pc=00400060   x8(s0/fp)=00000002
#10252  pc=00400064
#10253  pc=00400034   x10(a0)=00000002
#10254  pc=00400038   x1(ra)=00400054
#10255  pc=0040003c   x8(s0/fp)=00000004
#10256  pc=00400040   x9(s1)=00000005
#10257  pc=00400044   x2(sp)=7fefff60
#10258  pc=00400048
#10259  pc=00400054   x9(s1)=00000002
#10260  pc=00400058
#10261  pc=0040005c   x1(ra)=00400060
#10262  pc=00400014   x2(sp)=7fefff50
#10263  pc=00400018
#10264  pc=0040001c
#10265  pc=00400020
#10266  pc=00400024   x8(s0/fp)=00000002
#10267  pc=00400028
#10268  pc=0040002c
#10269  pc=00400030
#10270  pc=0040004c   x10(a0)=00000001
#10271  pc=00400050   x1(ra)=00400054
#10272  pc=00400014   x2(sp)=7fefff40
#10273  pc=00400018
#10274  pc=0040001c
#10275  pc=00400020
#10276  pc=00400024   x8(s0/fp)=00000001
#10277  pc=00400028
#10278  pc=0040002c
#10279  pc=00400030
#10280  pc=00400034
#10281  pc=00400038
#10282  pc=0040003c   x8(s0/fp)=00000002
#10283  pc=00400040
#10284  pc=00400044   x2(sp)=7fefff50
#10285  pc=00400048
#10286  pc=00400054   x9(s1)=00000001
#10287  pc=00400058   x10(a0)=00000000
#10288  pc=0040005c   x1(ra)=00400060
#10289  pc=00400014   x2(sp)=7fefff40
#10290  pc=00400018
#10291  pc=0040001c
#10292  pc=00400020
#10293  pc=00400024   x8(s0/fp)=00000000
#10294  pc=00400028
#10295  pc=00400034
#10296  pc=00400038
#10297  pc=0040003c   x8(s0/fp)=00000002
#10298  pc=00400040
#10299  pc=00400044   x2(sp)=7fefff50
#10300  pc=00400048
#10301  pc=00400060   x8(s0/fp)=00000001
#10302  pc=00400064
#10303  pc=00400034   x10(a0)=00000001
#10304  pc=00400038
#10305  pc=0040003c   x8(s0/fp)=00000004
#10306  pc=00400040   x9(s1)=00000002
#10307  pc=00400044   x2(sp)=7fefff60
#10308  pc=00400048
#10309  pc=00400060   x8(s0/fp)=00000003
#10310  pc=00400064
#10311  pc=00400034   x10(a0)=00000003
#10312  pc=00400038
#10313  pc=0040003c   x8(s0/fp)=00000006
#10314  pc=00400040   x9(s1)=00000005
#10315  pc=00400044   x2(sp)=7fefff70
#10316  pc=00400048
#10317  pc=00400060   x8(s0/fp)=00000008
#10318  pc=00400064
#10319  pc=00400034   x10(a0)=00000008
#10320  pc=00400038   x1(ra)=00400054
#10321  pc=0040003c   x8(s0/fp)=00000007
#10322  pc=00400040   x9(s1)=00000022
#10323  pc=00400044   x2(sp)=7fefff80
#10324  pc=00400048
#10325  pc=00400054   x9(s1)=00000008
#10326  pc=00400058   x10(a0)=00000005
#10327  pc=0040005c   x1(ra)=00400060
#10328  pc=00400014   x2(sp)=7fefff70
#10329  pc=00400018
#10330  pc=0040001c
#10331  pc=00400020
#10332  pc=00400024   x8(s0/fp)=00000005
#10333  pc=00400028
#10334  pc=0040002c
#10335  pc=00400030
#10336  pc=0040004c   x10(a0)=00000004
#10337  pc=00400050   x1(ra)=00400054
#10338  pc=00400014   x2(sp)=7fefff60
#10339  pc=00400018
#10340  pc=0040001c
#10341  pc=00400020
#10342  pc=00400024   x8(s0/fp)=00000004
#10343  pc=00400028
#10344  pc=0040002c
#10345  pc=00400030
#10346  pc=0040004c   x10(a0)=00000003
#10347  pc=00400050
#10348  pc=00400014   x2(sp)=7fefff50
#10349  pc=00400018
#10350  pc=0040001c
#10351  pc=00400020
#10352  pc=00400024   x8(s0/fp)=00000003
#10353  pc=00400028
#10354  pc=0040002c
#10355  pc=00400030
#10356  pc=0040004c   x10(a0)=00000002
#10357  pc=00400050
#10358  pc=00400014   x2(sp)=7fefff40
#10359  pc=00400018
#10360  pc=0040001c
#10361  pc=00400020
#10362  pc=00400024   x8(s0/fp)=00000002
#10363  pc=00400028
#10364  pc=0040002c
#10365  pc=00400030
#10366  pc=0040004c   x10(a0)=00000001
#10367  pc=00400050
#10368  pc=00400014   x2(sp)=7fefff30
#10369  pc=00400018
#10370  pc=0040001c
#10371  pc=00400020
#10372  pc=00400024   x8(s0/fp)=00000001
#10373  pc=00400028
#10374  pc=0040002c
#10375  pc=00400030
#10376  pc=00400034
#10377  pc=00400038
#10378  pc=0040003c   x8(s0/fp)=00000002
#10379  pc=00400040
#10380  pc=00400044   x2(sp)=7fefff40
#10381  pc=00400048
#10382  pc=00400054   x9(s1)=00000001
#10383  pc=00400058   x10(a0)=00000000
#10384  pc=0040005c   x1(ra)=00400060
#10385  pc=00400014   x2(sp)=7fefff30
#10386  pc=00400018
#10387  pc=0040001c
#10388  pc=00400020
#10389  pc=00400024   x8(s0/fp)=00000000
#10390  pc=00400028
#10391  pc=00400034
#10392  pc=00400038
#10393  pc=0040003c   x8(s0/fp)=00000002
#10394  pc=00400040
#10395  pc=00400044   x2(sp)=7fefff40
#10396  pc=00400048
#10397  pc=00400060   x8(s0/fp)=00000001
#10398  pc=00400064
#10399  pc=00400034   x10(a0)=00000001
#10400  pc=00400038   x1(ra)=00400054
#10401  pc=0040003c   x8(s0/fp)=00000003
#10402  pc=00400040   x9(s1)=00000008
#10403  pc=00400044   x2(sp)=7fefff50
#10404  pc=00400048
#10405  pc=00400054   x9(s1)=00000001
#10406  pc=00400058
#10407  pc=0040005c   x1(ra)=00400060
#10408  pc=00400014   x2(sp)=7fefff40
#10409  pc=00400018
#10410  pc=0040001c
#10411  pc=00400020
#10412  pc=00400024   x8(s0/fp)=00000001
#10413  pc=00400028
#10414  pc=0040002c
#10415  pc=00400030
#10416  pc=00400034
#10417  pc=00400038
#10418  pc=0040003c   x8(s0/fp)=00000003
#10419  pc=00400040
#10420  pc=00400044   x2(sp)=7fefff50
#10421  pc=00400048
#10422  pc=00400060   x8(s0/fp)=00000002
#10423  pc=00400064
#10424  pc=00400034   x10(a0)=00000002
#10425  pc=00400038   x1(ra)=00400054
#10426  pc=0040003c   x8(s0/fp)=00000004
#10427  pc=00400040   x9(s1)=00000008
#10428  pc=00400044   x2(sp)=7fefff60
#10429  pc=00400048
#10430  pc=00400054   x9(s1)=00000002
#10431  pc=00400058
#10432  pc=0040005c   x1(ra)=00400060
#10433  pc=00400014   x2(sp)=7fefff50
#10434  pc=00400018
#10435  pc=0040001c
#10436  pc=00400020
#10437  pc=00400024   x8(s0/fp)=00000002
#10438  pc=00400028
#10439  pc=0040002c
#10440  pc=00400030
#10441  pc=0040004c   x10(a0)=00000001
#10442  pc=00400050   x1(ra)=00400054
#10443  pc=00400014   x2(sp)=7fefff40
#10444  pc=00400018
#10445  pc=0040001c
#10446  pc=00400020
#10447  pc=00400024   x8(s0/fp)=00000001
#10448  pc=00400028
#10449  pc=0040002c
#10450  pc=00400030
#10451  pc=00400034
#10452  pc=00400038
#10453  pc=0040003c   x8(s0/fp)=00000002
#10454  pc=00400040
#10455  pc=00400044   x2(sp)=7fefff50
#10456  pc=00400048
#10457  pc=00400054   x9(s1)=00000001
#10458  pc=00400058   x10(a0)=00000000
#10459  pc=0040005c   x1(ra)=00400060
#10460  pc=00400014   x2(sp)=7fefff40
#10461  pc=00400018
#10462  pc=0040001c
#10463  pc=00400020
#10464  pc=00400024   x8(s0/fp)=00000000
#10465  pc=00400028
#10466  pc=00400034
#10467  pc=00400038
#10468  pc=0040003c   x8(s0/fp)=00000002
#10469  pc=00400040
#10470  pc=00400044   x2(sp)=7fefff50
#10471  pc=00400048
#10472  pc=00400060   x8(s0/fp)=00000001
#10473  pc=00400064
#10474  pc=00400034   x10(a0)=00000001
#10475  pc=00400038
#10476  pc=0040003c   x8(s0/fp)=00000004
#10477  pc=00400040   x9(s1)=00000002
#10478  pc=00400044   x2(sp)=7fefff60
#10479  pc=00400048
#10480  pc=00400060   x8(s0/fp)=00000003
#10481  pc=00400064
#10482  pc=00400034   x10(a0)=00000003
#10483  pc=00400038   x1(ra)=00400054
#10484  pc=0040003c   x8(s0/fp)=00000005
#10485  pc=00400040   x9(s1)=00000008
#10486  pc=00400044   x2(sp)=7fefff70
#10487  pc=00400048
#10488  pc=00400054   x9(s1)=00000003
#10489  pc=00400058
#10490  pc=0040005c   x1(ra)=00400060
#10491  pc=00400014   x2(sp)=7fefff60
#10492  pc=00400018
#10493  pc=0040001c
#10494  pc=00400020
#10495  pc=00400024   x8(s0/fp)=00000003
#10496  pc=00400028
#10497  pc=0040002c
#10498  pc=00400030
#10499  pc=0040004c   x10(a0)=00000002
#10500  pc=00400050   x1(ra)=00400054
#10501  pc=00400014   x2(sp)=7fefff50
#10502  pc=00400018
#10503  pc=0040001c
#10504  pc=00400020
#10505  pc=00400024   x8(s0/fp)=00000002
#10506  pc=00400028
#10507  pc=0040002c
#10508  pc=00400030
#10509  pc=0040004c   x10(a0)=00000001
#10510  pc=00400050
#10511  pc=00400014   x2(sp)=7fefff40
#10512  pc=00400018
#10513  pc=0040001c
#10514  pc=00400020
#10515  pc=00400024   x8(s0/fp)=00000001
#10516  pc=00400028
#10517  pc=0040002c
#10518  pc=00400030
#10519  pc=00400034
#10520  pc=00400038
#10521  pc=0040003c   x8(s0/fp)=00000002
#10522  pc=00400040
#10523  pc=00400044   x2(sp)=7fefff50
#10524  pc=00400048
#10525  pc=00400054   x9(s1)=00000001
#10526  pc=00400058   x10(a0)=00000000
#10527  pc=0040005c   x1(ra)=00400060
#10528  pc=00400014   x2(sp)=7fefff40
#10529  pc=00400018
#10530  pc=0040001c
#10531  pc=00400020
#10532  pc=00400024   x8(s0/fp)=00000000
#10533  pc=00400028
#10534  pc=00400034
#10535  pc=00400038
#10536  pc=0040003c   x8(s0/fp)=00000002
#10537  pc=00400040
#10538  pc=00400044   x2(sp)=7fefff50
#10539  pc=00400048
#10540  pc=00400060   x8(s0/fp)=00000001
#10541  pc=00400064
#10542  pc=00400034   x10(a0)=00000001
#10543  pc=00400038   x1(ra)=00400054
#10544  pc=0040003c   x8(s0/fp)=00000003
#10545  pc=00400040   x9(s1)=00000003
#10546  pc=00400044   x2(sp)=7fefff60
#10547  pc=00400048
#10548  pc=00400054   x9(s1)=00000001
#10549  pc=00400058
#10550  pc=0040005c   x1(ra)=00400060
#10551  pc=00400014   x2(sp)=7fefff50
#10552  pc=00400018
#10553  pc=0040001c
#10554  pc=00400020
#10555  pc=00400024   x8(s0/fp)=00000001
#10556  pc=00400028
#10557  pc=0040002c
#10558  pc=00400030
#10559  pc=00400034
#10560  pc=00400038
#10561  pc=0040003c   x8(s0/fp)=00000003
#10562  pc=00400040
#10563  pc=00400044   x2(sp)=7fefff60
#10564  pc=00400048
#10565  pc=00400060   x8(s0/fp)=00000002
#10566  pc=00400064
#10567  pc=00400034   x10(a0)=00000002
#10568  pc=00400038
#10569  pc=0040003c   x8(s0/fp)=00000005
#10570  pc=00400040   x9(s1)=00000003
#10571  pc=00400044   x2(sp)=7fefff70
#10572  pc=00400048
#10573  pc=00400060
#10574  pc=00400064
#10575  pc=00400034   x10(a0)=00000005
#10576  pc=00400038
#10577  pc=0040003c   x8(s0/fp)=00000007
#10578  pc=00400040   x9(s1)=00000008
#10579  pc=00400044   x2(sp)=7fefff80
#10580  pc=00400048
#10581  pc=00400060   x8(s0/fp)=0000000d
#10582  pc=00400064
#10583  pc=00400034   x10(a0)=0000000d
#10584  pc=00400038   x1(ra)=00400054
#10585  pc=0040003c   x8(s0/fp)=00000008
#10586  pc=00400040   x9(s1)=00000022
#10587  pc=00400044   x2(sp)=7fefff90
#10588  pc=00400048
#10589  pc=00400054   x9(s1)=0000000d
#10590  pc=00400058   x10(a0)=00000006
#10591  pc=0040005c   x1(ra)=00400060
#10592  pc=00400014   x2(sp)=7fefff80
#10593  pc=00400018
#10594  pc=0040001c
#10595  pc=00400020
#10596  pc=00400024   x8(s0/fp)=00000006
#10597  pc=00400028
#10598  pc=0040002c
#10599  pc=00400030
#10600  pc=0040004c   x10(a0)=00000005
#10601  pc=00400050   x1(ra)=00400054
#10602  pc=00400014   x2(sp)=7fefff70
#10603  pc=00400018
#10604  pc=0040001c
#10605  pc=00400020
#10606  pc=00400024   x8(s0/fp)=00000005
#10607  pc=00400028
#10608  pc=0040002c
#10609  pc=00400030
#10610  pc=0040004c   x10(a0)=00000004
#10611  pc=00400050
#10612  pc=00400014   x2(sp)=7fefff60
#10613  pc=00400018
#10614  pc=0040001c
#10615  pc=00400020
#10616  pc=00400024   x8(s0/fp)=00000004
#10617  pc=00400028
#10618  pc=0040002c
#10619  pc=00400030
#10620  pc=0040004c   x10(a0)=00000003
#10621  pc=00400050
#10622  pc=00400014   x2(sp)=7fefff50
#10623  pc=00400018
#10624  pc=0040001c
#10625  pc=00400020
#10626  pc=00400024   x8(s0/fp)=00000003
#10627  pc=00400028
#10628  pc=0040002c
#10629  pc=00400030
#10630  pc=0040004c   x10(a0)=00000002
#10631  pc=00400050
#10632  pc=00400014   x2(sp)=7fefff40
#10633  pc=00400018
#10634  pc=0040001c
#10635  pc=00400020
#10636  pc=00400024   x8(s0/fp)=00000002
#10637  pc=00400028
#10638  pc=0040002c
#10639  pc=00400030
#10640  pc=0040004c   x10(a0)=00000001
#10641  pc=00400050
#10642  pc=00400014   x2(sp)=7fefff30
#10643  pc=00400018
#10644  pc=0040001c
#10645  pc=00400020
#10646  pc=00400024   x8(s0/fp)=00000001
#10647  pc=00400028
#10648  pc=0040002c
#10649  pc=00400030
#10650  pc=00400034
#10651  pc=00400038
#10652  pc=0040003c   x8(s0/fp)=00000002
#10653  pc=00400040
#10654  pc=00400044   x2(sp)=7fefff40
#10655  pc=00400048
#10656  pc=00400054   x9(s1)=00000001
#10657  pc=00400058   x10(a0)=00000000
#10658  pc=0040005c   x1(ra)=00400060
#10659  pc=00400014   x2(sp)=7fefff30
#10660  pc=00400018
#10661  pc=0040001c
#10662  pc=00400020
#10663  pc=00400024   x8(s0/fp)=00000000
#10664  pc=00400028
#10665  pc=00400034
#10666  pc=00400038
#10667  pc=0040003c   x8(s0/fp)=00000002
#10668  pc=00400040
#10669  pc=00400044   x2(sp)=7fefff40
#10670  pc=00400048
#10671  pc=00400060   x8(s0/fp)=00000001
#10672  pc=00400064
#10673  pc=00400034   x10(a0)=00000001
#10674  pc=00400038   x1(ra)=00400054
#10675  pc=0040003c   x8(s0/fp)=00000003
#10676  pc=00400040   x9(s1)=0000000d
#10677  pc=00400044   x2(sp)=7fefff50
#10678  pc=00400048
#10679  pc=00400054   x9(s1)=00000001
#10680  pc=00400058
#10681  pc=0040005c   x1(ra)=00400060
#10682  pc=00400014   x2(sp)=7fefff40
#10683  pc=00400018
#10684  pc=0040001c
#10685  pc=00400020
#10686  pc=00400024   x8(s0/fp)=00000001
#10687  pc=00400028
#10688  pc=0040002c
#10689  pc=00400030
#10690  pc=00400034
#10691  pc=00400038
#10692  pc=0040003c   x8(s0/fp)=00000003
#10693  pc=00400040
#10694  pc=00400044   x2(sp)=7fefff50
#10695  pc=00400048
#10696  pc=00400060   x8(s0/fp)=00000002
#10697  pc=00400064
#10698  pc=00400034   x10(a0)=00000002
#10699  pc=00400038   x1(ra)=00400054
#10700  pc=0040003c   x8(s0/fp)=00000004
#10701  pc=00400040   x9(s1)=0000000d
#10702  pc=00400044   x2(sp)=7fefff60
#10703  pc=00400048
#10704  pc=00400054   x9(s1)=00000002
#10705  pc=00400058
#10706  pc=0040005c   x1(ra)=00400060
#10707  pc=00400014   x2(sp)=7fefff50
#10708  pc=00400018
#10709  pc=0040001c
#10710  pc=00400020
#10711  pc=00400024   x8(s0/fp)=00000002
#10712  pc=00400028
#10713  pc=0040002c
#10714  pc=00400030
#10715  pc=0040004c   x10(a0)=00000001
#10716  pc=00400050   x1(ra)=00400054
#10717  pc=00400014   x2(sp)=7fefff40
#10718  pc=00400018
#10719  pc=0040001c
#10720  pc=00400020
#10721  pc=00400024   x8(s0/fp)=00000001
#10722  pc=00400028
#10723  pc=0040002c
#10724  pc=00400030
#10725  pc=00400034
#10726  pc=00400038
#10727  pc=0040003c   x8(s0/fp)=00000002
#10728  pc=00400040
#10729  pc=00400044   x2(sp)=7fefff50
#10730  pc=00400048
#10731  pc=00400054   x9(s1)=00000001
#10732  pc=00400058   x10(a0)=00000000
#10733  pc=0040005c   x1(ra)=00400060
#10734  pc=00400014   x2(sp)=7fefff40
#10735  pc=00400018
#10736  pc=0040001c
#10737  pc=00400020
#10738  pc=00400024   x8(s0/fp)=00000000
#10739  pc=00400028
#10740  pc=00400034
#10741  pc=00400038
#10742  pc=0040003c   x8(s0/fp)=00000002
#10743  pc=00400040
#10744  pc=00400044   x2(sp)=7fefff50
#10745  pc=00400048
#10746  pc=00400060   x8(s0/fp)=00000001
#10747  pc=00400064
#10748  pc=00400034   x10(a0)=00000001
#10749  pc=00400038
#10750  pc=0040003c   x8(s0/fp)=00000004
#10751  pc=00400040   x9(s1)=00000002
#10752  pc=00400044   x2(sp)=7fefff60
#10753  pc=00400048
#10754  pc=00400060   x8(s0/fp)=00000003
#10755  pc=00400064
#10756  pc=00400034   x10(a0)=00000003
#10757  pc=00400038   x1(ra)=00400054
#10758  pc=0040003c   x8(s0/fp)=00000005
#10759  pc=00400040   x9(s1)=0000000d
#10760  pc=00400044   x2(sp)=7fefff70
#10761  pc=00400048
#10762  pc=00400054   x9(s1)=00000003
#10763  pc=00400058
#10764  pc=0040005c   x1(ra)=00400060
#10765  pc=00400014   x2(sp)=7fefff60
#10766  pc=00400018
#10767  pc=0040001c
#10768  pc=00400020
#10769  pc=00400024   x8(s0/fp)=00000003
#10770  pc=00400028
#10771  pc=0040002c
#10772  pc=00400030
#10773  pc=0040004c   x10(a0)=00000002
#10774  pc=00400050   x1(ra)=00400054
#10775  pc=00400014   x2(sp)=7fefff50
#10776  pc=00400018
#10777  pc=0040001c
#10778  pc=00400020
#10779  pc=00400024   x8(s0/fp)=00000002
#10780  pc=00400028
#10781  pc=0040002c
#10782  pc=00400030
#10783  pc=0040004c   x10(a0)=00000001
#10784  pc=00400050
#10785  pc=00400014   x2(sp)=7fefff40
#10786  pc=00400018
#10787  pc=0040001c
#10788  pc=00400020
#10789  pc=00400024   x8(s0/fp)=00000001
#10790  pc=00400028
#10791  pc=0040002c
#10792  pc=00400030
#10793  pc=00400034
#10794  pc=00400038
#10795  pc=0040003c   x8(s0/fp)=00000002
#10796  pc=00400040
#10797  pc=00400044   x2(sp)=7fefff50
#10798  pc=00400048
#10799  pc=00400054   x9(s1)=00000001
#10800  pc=00400058   x10(a0)=00000000
#10801  pc=0040005c   x1(ra)=00400060
#10802  pc=00400014   x2(sp)=7fefff40
#10803  pc=00400018
#10804  pc=0040001c
#10805  pc=00400020
#10806  pc=00400024   x8(s0/fp)=00000000
#10807  pc=00400028
#10808  pc=00400034
#10809  pc=00400038
#10810  pc=0040003c   x8(s0/fp)=00000002
#10811  pc=00400040
#10812  pc=00400044   x2(sp)=7fefff50
#10813  pc=00400048
#10814  pc=00400060   x8(s0/fp)=00000001
#10815  pc=00400064
#10816  pc=00400034   x10(a0)=00000001
#10817  pc=00400038   x1(ra)=00400054
#10818  pc=0040003c   x8(s0/fp)=00000003
#10819  pc=00400040   x9(s1)=00000003
#10820  pc=00400044   x2(sp)=7fefff60
#10821  pc=00400048
#10822  pc=00400054   x9(s1)=00000001
#10823  pc=00400058
#10824  pc=0040005c   x1(ra)=00400060
#10825  pc=00400014   x2(sp)=7fefff50
#10826  pc=00400018
#10827  pc=0040001c
#10828  pc=00400020
#10829  pc=00400024   x8(s0/fp)=00000001
#10830  pc=00400028
#10831  pc=0040002c
#10832  pc=00400030
#10833  pc=00400034
#10834  pc=00400038
#10835  pc=0040003c   x8(s0/fp)=00000003
#10836  pc=00400040
#10837  pc=00400044   x2(sp)=7fefff60
#10838  pc=00400048
#10839  pc=00400060   x8(s0/fp)=00000002
#10840  pc=00400064
#10841  pc=00400034   x10(a0)=00000002
#10842  pc=00400038
#10843  pc=0040003c   x8(s0/fp)=00000005
#10844  pc=00400040   x9(s1)=00000003
#10845  pc=00400044   x2(sp)=7fefff70
#10846  pc=00400048
#10847  pc=00400060
#10848  pc=00400064
#10849  pc=00400034   x10(a0)=00000005
#10850  pc=00400038   x1(ra)=00400054
#10851  pc=0040003c   x8(s0/fp)=00000006
#10852  pc=00400040   x9(s1)=0000000d
#10853  pc=00400044   x2(sp)=7fefff80
#10854  pc=00400048
#10855  pc=00400054   x9(s1)=00000005
#10856  pc=00400058   x10(a0)=00000004
#10857  pc=0040005c   x1(ra)=00400060
#10858  pc=00400014   x2(sp)=7fefff70
#10859  pc=00400018
#10860  pc=0040001c
#10861  pc=00400020
#10862  pc=00400024   x8(s0/fp)=00000004
#10863  pc=00400028
#10864  pc=0040002c
#10865  pc=00400030
#10866  pc=0040004c   x10(a0)=00000003
#10867  pc=00400050   x1(ra)=00400054
#10868  pc=00400014   x2(sp)=7fefff60
#10869  pc=00400018
#10870  pc=0040001c
#10871  pc=00400020
#10872  pc=00400024   x8(s0/fp)=00000003
#10873  pc=00400028
#10874  pc=0040002c
#10875  pc=00400030
#10876  pc=0040004c   x10(a0)=00000002
#10877  pc=00400050
#10878  pc=00400014   x2(sp)=7fefff50
#10879  pc=00400018
#10880  pc=0040001c
#10881  pc=00400020
#10882  pc=00400024   x8(s0/fp)=00000002
#10883  pc=00400028
#10884  pc=0040002c
#10885  pc=00400030
#10886  pc=0040004c   x10(a0)=00000001
#10887  pc=00400050
#10888  pc=00400014   x2(sp)=7fefff40
#10889  pc=00400018
#10890  pc=0040001c
#10891  pc=00400020
#10892  pc=00400024   x8(s0/fp)=00000001
#10893  pc=00400028
#10894  pc=0040002c
#10895  pc=00400030
#10896  pc=00400034
#10897  pc=00400038
#10898  pc=0040003c   x8(s0/fp)=00000002
#10899  pc=00400040
#10900  pc=00400044   x2(sp)=7fefff50
#10901  pc=00400048
#10902  pc=00400054   x9(s1)=00000001
#10903  pc=00400058   x10(a0)=00000000
#10904  pc=0040005c   x1(ra)=00400060
#10905  pc=00400014   x2(sp)=7fefff40
#10906  pc=00400018
#10907  pc=0040001c
#10908  pc=00400020
#10909  pc=00400024   x8(s0/fp)=00000000
#10910  pc=00400028
#10911  pc=00400034
#10912  pc=00400038
#10913  pc=0040003c   x8(s0/fp)=00000002
#10914  pc=00400040
#10915  pc=00400044   x2(sp)=7fefff50
#10916  pc=00400048
#10917  pc=00400060   x8(s0/fp)=00000001
#10918  pc=00400064
#10919  pc=00400034   x10(a0)=00000001
#10920  pc=00400038   x1(ra)=00400054
#10921  pc=0040003c   x8(s0/fp)=00000003
#10922  pc=00400040   x9(s1)=00000005
#10923  pc=00400044   x2(sp)=7fefff60
#10924  pc=00400048
#10925  pc=00400054   x9(s1)=00000001
#10926  pc=00400058
#10927  pc=0040005c   x1(ra)=00400060
#10928  pc=00400014   x2(sp)=7fefff50
#10929  pc=00400018
#10930  pc=0040001c
#10931  pc=00400020
#10932  pc=00400024   x8(s0/fp)=00000001
#10933  pc=00400028
#10934  pc=0040002c
#10935  pc=00400030
#10936  pc=00400034
#10937  pc=00400038
#10938  pc=0040003c   x8(s0/fp)=00000003
#10939  pc=00400040
#10940  pc=00400044   x2(sp)=7fefff60
#10941  pc=00400048
#10942  pc=00400060   x8(s0/fp)=00000002
#10943  pc=00400064
#10944  pc=00400034   x10(a0)=00000002
#10945  pc=00400038   x1(ra)=00400054
#10946  pc=0040003c   x8(s0/fp)=00000004
#10947  pc=00400040   x9(s1)=00000005
#10948  pc=00400044   x2(sp)=7fefff70
#10949  pc=00400048
#10950  pc=00400054   x9(s1)=00000002
#10951  pc=00400058
#10952  pc=0040005c   x1(ra)=00400060
#10953  pc=00400014   x2(sp)=7fefff60
#10954  pc=00400018
#10955  pc=0040001c
#10956  pc=00400020
#10957  pc=00400024   x8(s0/fp)=00000002
#10958  pc=00400028
#10959  pc=0040002c
#10960  pc=00400030
#10961  pc=0040004c   x10(a0)=00000001
#10962  pc=00400050   x1(ra)=00400054
#10963  pc=00400014   x2(sp)=7fefff50
#10964  pc=00400018
#10965  pc=0040001c
#10966  pc=00400020
#10967  pc=00400024   x8(s0/fp)=00000001
#10968  pc=00400028
#10969  pc=0040002c
#10970  pc=00400030
#10971  pc=00400034
#10972  pc=00400038
#10973  pc=0040003c   x8(s0/fp)=00000002
#10974  pc=00400040
#10975  pc=00400044   x2(sp)=7fefff60
#10976  pc=00400048
#10977  pc=00400054   x9(s1)=00000001
#10978  pc=00400058   x10(a0)=00000000
#10979  pc=0040005c   x1(ra)=00400060
#10980  pc=00400014   x2(sp)=7fefff50
#10981  pc=00400018
#10982  pc=0040001c
#10983  pc=00400020
#10984  pc=00400024   x8(s0/fp)=00000000
#10985  pc=00400028
#10986  pc=00400034
#10987  pc=00400038
#10988  pc=0040003c   x8(s0/fp)=00000002
#10989  pc=00400040
#10990  pc=00400044   x2(sp)=7fefff60
#10991  pc=00400048
#10992  pc=00400060   x8(s0/fp)=00000001
#10993  pc=00400064
#10994  pc=00400034   x10(a0)=00000001
#10995  pc=00400038
#10996  pc=0040003c   x8(s0/fp)=00000004
#10997  pc=00400040   x9(s1)=00000002
#10998  pc=00400044   x2(sp)=7fefff70
#10999  pc=00400048
#11000  pc=00400060   x8(s0/fp)=00000003
#11001  pc=00400064
#11002  pc=00400034   x10(a0)=00000003
#11003  pc=00400038
#11004  pc=0040003c   x8(s0/fp)=00000006
#11005  pc=00400040   x9(s1)=00000005
#11006  pc=00400044   x2(sp)=7fefff80
#11007  pc=00400048
#11008  pc=00400060   x8(s0/fp)=00000008
#11009  pc=00400064
#11010  pc=00400034   x10(a0)=00000008
#11011  pc=00400038
#11012  pc=0040003c
#11013  pc=00400040   x9(s1)=0000000d
#11014  pc=00400044   x2(sp)=7fefff90
#11015  pc=00400048
#11016  pc=00400060   x8(s0/fp)=00000015
#11017  pc=00400064
#11018  pc=00400034   x10(a0)=00000015
#11019  pc=00400038
#11020  pc=0040003c   x8(s0/fp)=0000000a
#11021  pc=00400040   x9(s1)=00000022
#11022  pc=00400044   x2(sp)=7fefffa0
#11023  pc=00400048
#11024  pc=00400060   x8(s0/fp)=00000037
#11025  pc=00400064
#11026  pc=00400034   x10(a0)=00000037
#11027  pc=00400038   x1(ra)=00400054
#11028  pc=0040003c   x8(s0/fp)=0000000b
#11029  pc=00400040   x9(s1)=00000090
#11030  pc=00400044   x2(sp)=7fefffb0
#11031  pc=00400048
#11032  pc=00400054   x9(s1)=00000037
#11033  pc=00400058   x10(a0)=00000009
#11034  pc=0040005c   x1(ra)=00400060
#11035  pc=00400014   x2(sp)=7fefffa0
#11036  pc=00400018
#11037  pc=0040001c
#11038  pc=00400020
#11039  pc=00400024   x8(s0/fp)=00000009
#11040  pc=00400028
#11041  pc=0040002c
#11042  pc=00400030
#11043  pc=0040004c   x10(a0)=00000008
#11044  pc=00400050   x1(ra)=00400054
#11045  pc=00400014   x2(sp)=7fefff90
#11046  pc=00400018
#11047  pc=0040001c
#11048  pc=00400020
#11049  pc=00400024   x8(s0/fp)=00000008
#11050  pc=00400028
#11051  pc=0040002c
#11052  pc=00400030
#11053  pc=0040004c   x10(a0)=00000007
#11054  pc=00400050
#11055  pc=00400014   x2(sp)=7fefff80
#11056  pc=00400018
#11057  pc=0040001c
#11058  pc=00400020
#11059  pc=00400024   x8(s0/fp)=00000007
#11060  pc=00400028
#11061  pc=0040002c
#11062  pc=00400030
#11063  pc=0040004c   x10(a0)=00000006
#11064  pc=00400050
#11065  pc=00400014   x2(sp)=7fefff70
#11066  pc=00400018
#11067  pc=0040001c
#11068  pc=00400020
#11069  pc=00400024   x8(s0/fp)=00000006
#11070  pc=00400028
#11071  pc=0040002c
#11072  pc=00400030
#11073  pc=0040004c   x10(a0)=00000005
#11074  pc=00400050
#11075  pc=00400014   x2(sp)=7fefff60
#11076  pc=00400018
#11077  pc=0040001c
#11078  pc=00400020
#11079  pc=00400024   x8(s0/fp)=00000005
#11080  pc=00400028
#11081  pc=0040002c
#11082  pc=00400030
#11083  pc=0040004c   x10(a0)=00000004
#11084  pc=00400050
#11085  pc=00400014   x2(sp)=7fefff50
#11086  pc=00400018
#11087  pc=0040001c
#11088  pc=00400020
#11089  pc=00400024   x8(s0/fp)=00000004
#11090  pc=00400028
#11091  pc=0040002c
#11092  pc=00400030
#11093  pc=0040004c   x10(a0)=00000003
#11094  pc=00400050
#11095  pc=00400014   x2(sp)=7fefff40
#11096  pc=00400018
#11097  pc=0040001c
#11098  pc=00400020
#11099  pc=00400024   x8(s0/fp)=00000003
#11100  pc=00400028
#11101  pc=0040002c
#11102  pc=00400030
#11103  pc=0040004c   x10(a0)=00000002
#11104  pc=00400050
#11105  pc=00400014   x2(sp)=7fefff30
#11106  pc=00400018
#11107  pc=0040001c
#11108  pc=00400020
#11109  pc=00400024   x8(s0/fp)=00000002
#11110  pc=00400028
#11111  pc=0040002c
#11112  pc=00400030
#11113  pc=0040004c   x10(a0)=00000001
#11114  pc=00400050
#11115  pc=00400014   x2(sp)=7fefff20
#11116  pc=00400018
#11117  pc=0040001c
#11118  pc=00400020
#11119  pc=00400024   x8(s0/fp)=00000001
#11120  pc=00400028
#11121  pc=0040002c
#11122  pc=00400030
#11123  pc=00400034
#11124  pc=00400038
#11125  pc=0040003c   x8(s0/fp)=00000002
#11126  pc=00400040
#11127  pc=00400044   x2(sp)=7fefff30
#11128  pc=00400048
#11129  pc=00400054   x9(s1)=00000001
#11130  pc=00400058   x10(a0)=00000000
#11131  pc=0040005c   x1(ra)=00400060
#11132  pc=00400014   x2(sp)=7fefff20
#11133  pc=00400018
#11134  pc=0040001c
#11135  pc=00400020
#11136  pc=00400024   x8(s0/fp)=00000000
#11137  pc=00400028
#11138  pc=00400034
#11139  pc=00400038
#11140  pc=0040003c   x8(s0/fp)=00000002
#11141  pc=00400040
#11142  pc=00400044   x2(sp)=7fefff30
#11143  pc=00400048
#11144  pc=00400060   x8(s0/fp)=00000001
#11145  pc=00400064
#11146  pc=00400034   x10(a0)=00000001
#11147  pc=00400038   x1(ra)=00400054
#11148  pc=0040003c   x8(s0/fp)=00000003
#11149  pc=00400040   x9(s1)=00000037
#11150  pc=00400044   x2(sp)=7fefff40
#11151  pc=00400048
#11152  pc=00400054   x9(s1)=00000001
#11153  pc=00400058
#11154  pc=0040005c   x1(ra)=00400060
#11155  pc=00400014   x2(sp)=7fefff30
#11156  pc=00400018
#11157  pc=0040001c
#11158  pc=00400020
#11159  pc=00400024   x8(s0/fp)=00000001
#11160  pc=00400028
#11161  pc=0040002c
#11162  pc=00400030
#11163  pc=00400034
#11164  pc=00400038
#11165  pc=0040003c   x8(s0/fp)=00000003
#11166  pc=00400040
#11167  pc=00400044   x2(sp)=7fefff40
#11168  pc=00400048
#11169  pc=00400060   x8(s0/fp)=00000002
#11170  pc=00400064
#11171  pc=00400034   x10(a0)=00000002
#11172  pc=00400038   x1(ra)=00400054
#11173  pc=0040003c   x8(s0/fp)=00000004
#11174  pc=00400040   x9(s1)=00000037
#11175  pc=00400044   x2(sp)=7fefff50
#11176  pc=00400048
#11177  pc=00400054   x9(s1)=00000002
#11178  pc=00400058
#11179  pc=0040005c   x1(ra)=00400060
#11180  pc=00400014   x2(sp)=7fefff40
#11181  pc=00400018
#11182  pc=0040001c
#11183  pc=00400020
#11184  pc=00400024   x8(s0/fp)=00000002
#11185  pc=00400028
#11186  pc=0040002c
#11187  pc=00400030
#11188  pc=0040004c   x10(a0)=00000001
#11189  pc=00400050   x1(ra)=00400054
#11190  pc=00400014   x2(sp)=7fefff30
#11191  pc=00400018
#11192  pc=0040001c
#11193  pc=00400020
#11194  pc=00400024   x8(s0/fp)=00000001
#11195  pc=00400028
#11196  pc=0040002c
#11197  pc=00400030
#11198  pc=00400034
#11199  pc=00400038
#11200  pc=0040003c   x8(s0/fp)=00000002
#11201  pc=00400040
#11202  pc=00400044   x2(sp)=7fefff40
#11203  pc=00400048
#11204  pc=00400054   x9(s1)=00000001
#11205  pc=00400058   x10(a0)=00000000
#11206  pc=0040005c   x1(ra)=00400060
#11207  pc=00400014   x2(sp)=7fefff30
#11208  pc=00400018
#11209  pc=0040001c
#11210  pc=00400020
#11211  pc=00400024   x8(s0/fp)=00000000
#11212  pc=00400028
#11213  pc=00400034
#11214  pc=00400038
#11215  pc=0040003c   x8(s0/fp)=00000002
#11216  pc=00400040
#11217  pc=00400044   x2(sp)=7fefff40
#11218  pc=00400048
#11219  pc=00400060   x8(s0/fp)=00000001
#11220  pc=00400064
#11221  pc=00400034   x10(a0)=00000001
#11222  pc=00400038
#11223  pc=0040003c   x8(s0/fp)=00000004
#11224  pc=00400040   x9(s1)=00000002
#11225  pc=00400044   x2(sp)=7fefff50
#11226  pc=00400048
#11227  pc=00400060   x8(s0/fp)=00000003
#11228  pc=00400064
#11229  pc=00400034   x10(a0)=00000003
#11230  pc=00400038   x1(ra)=00400054
#11231  pc=0040003c   x8(s0/fp)=00000005
#11232  pc=00400040   x9(s1)=00000037
#11233  pc=00400044   x2(sp)=7fefff60
#11234  pc=00400048
#11235  pc=00400054   x9(s1)=00000003
#11236  pc=00400058
#11237  pc=0040005c   x1(ra)=00400060
#11238  pc=00400014   x2(sp)=7fefff50
#11239  pc=00400018
#11240  pc=0040001c
#11241  pc=00400020
#11242  pc=00400024   x8(s0/fp)=00000003
#11243  pc=00400028
#11244  pc=0040002c
#11245  pc=00400030
#11246  pc=0040004c   x10(a0)=00000002
#11247  pc=00400050   x1(ra)=00400054
#11248  pc=00400014   x2(sp)=7fefff40
#11249  pc=00400018
#11250  pc=0040001c
#11251  pc=00400020
#11252  pc=00400024   x8(s0/fp)=00000002
#11253  pc=00400028
#11254  pc=0040002c
#11255  pc=00400030
#11256  pc=0040004c   x10(a0)=00000001
#11257  pc=00400050
#11258  pc=00400014   x2(sp)=7fefff30
#11259  pc=00400018
#11260  pc=0040001c
#11261  pc=00400020
#11262  pc=00400024   x8(s0/fp)=00000001
#11263  pc=00400028
#11264  pc=0040002c
#11265  pc=00400030
#11266  pc=00400034
#11267  pc=00400038
#11268  pc=0040003c   x8(s0/fp)=00000002
#11269  pc=00400040
#11270  pc=00400044   x2(sp)=7fefff40
#11271  pc=00400048
#11272  pc=00400054   x9(s1)=00000001
#11273  pc=00400058   x10(a0)=00000000
#11274  pc=0040005c   x1(ra)=00400060
#11275  pc=00400014   x2(sp)=7fefff30
#11276  pc=00400018
#11277  pc=0040001c
#11278  pc=00400020
#11279  pc=00400024   x8(s0/fp)=00000000
#11280  pc=00400028
#11281  pc=00400034
#11282  pc=00400038
#11283  pc=0040003c   x8(s0/fp)=00000002
#11284  pc=00400040
#11285  pc=00400044   x2(sp)=7fefff40
#11286  pc=00400048
#11287  pc=00400060   x8(s0/fp)=00000001
#11288  pc=00400064
#11289  pc=00400034   x10(a0)=00000001
#11290  pc=00400038   x1(ra)=00400054
#11291  pc=0040003c   x8(s0/fp)=00000003
#11292  pc=00400040   x9(s1)=00000003
#11293  pc=00400044   x2(sp)=7fefff50
#11294  pc=00400048
#11295  pc=00400054   x9(s1)=00000001
#11296  pc=00400058
#11297  pc=0040005c   x1(ra)=00400060
#11298  pc=00400014   x2(sp)=7fefff40
#11299  pc=00400018
#11300  pc=0040001c
#11301  pc=00400020
#11302  pc=00400024   x8(s0/fp)=00000001
#11303  pc=00400028
#11304  pc=0040002c
#11305  pc=00400030
#11306  pc=00400034
#11307  pc=00400038
#11308  pc=0040003c   x8(s0/fp)=00000003
#11309  pc=00400040
#11310  pc=00400044   x2(sp)=7fefff50
#11311  pc=00400048
#11312  pc=00400060   x8(s0/fp)=00000002
#11313  pc=00400064
#11314  pc=00400034   x10(a0)=00000002
#11315  pc=00400038
#11316  pc=0040003c   x8(s0/fp)=00000005
#11317  pc=00400040   x9(s1)=00000003
#11318  pc=00400044   x2(sp)=7fefff60
#11319  pc=00400048
#11320  pc=00400060
#11321  pc=00400064
#11322  pc=00400034   x10(a0)=00000005
#11323  pc=00400038   x1(ra)=00400054
#11324  pc=0040003c   x8(s0/fp)=00000006
#11325  pc=00400040   x9(s1)=00000037
#11326  pc=00400044   x2(sp)=7fefff70
#11327  pc=00400048
#11328  pc=00400054   x9(s1)=00000005
#11329  pc=00400058   x10(a0)=00000004
#11330  pc=0040005c   x1(ra)=00400060
#11331  pc=00400014   x2(sp)=7fefff60
#11332  pc=00400018
#11333  pc=0040001c
#11334  pc=00400020
#11335  pc=00400024   x8(s0/fp)=00000004
#11336  pc=00400028
#11337  pc=0040002c
#11338  pc=00400030
#11339  pc=0040004c   x10(a0)=00000003
#11340  pc=00400050   x1(ra)=00400054
#11341  pc=00400014   x2(sp)=7fefff50
#11342  pc=00400018
#11343  pc=0040001c
#11344  pc=00400020
#11345  pc=00400024   x8(s0/fp)=00000003
#11346  pc=00400028
#11347  pc=0040002c
#11348  pc=00400030
#11349  pc=0040004c   x10(a0)=00000002
#11350  pc=00400050
#11351  pc=00400014   x2(sp)=7fefff40
#11352  pc=00400018
#11353  pc=0040001c
#11354  pc=00400020
#11355  pc=00400024   x8(s0/fp)=00000002
#11356  pc=00400028
#11357  pc=0040002c
#11358  pc=00400030
#11359  pc=0040004c   x10(a0)=00000001
#11360  pc=00400050
#11361  pc=00400014   x2(sp)=7fefff30
#11362  pc=00400018
#11363  pc=0040001c
#11364  pc=00400020
#11365  pc=00400024   x8(s0/fp)=00000001
#11366  pc=00400028
#11367  pc=0040002c
#11368  pc=00400030
#11369  pc=00400034
#11370  pc=00400038
#11371  pc=0040003c   x8(s0/fp)=00000002
#11372  pc=00400040
#11373  pc=00400044   x2(sp)=7fefff40
#11374  pc=00400048
#11375  pc=00400054   x9(s1)=00000001
#11376  pc=00400058   x10(a0)=00000000
#11377  pc=0040005c   x1(ra)=00400060
#11378  pc=00400014   x2(sp)=7fefff30
#11379  pc=00400018
#11380  pc=0040001c
#11381  pc=00400020
#11382  pc=00400024   x8(s0/fp)=00000000
#11383  pc=00400028
#11384  pc=00400034
#11385  pc=00400038
#11386  pc=0040003c   x8(s0/fp)=00000002
#11387  pc=00400040
#11388  pc=00400044   x2(sp)=7fefff40
#11389  pc=00400048
#11390  pc=00400060   x8(s0/fp)=00000001
#11391  pc=00400064
#11392  pc=00400034   x10(a0)=00000001
#11393  pc=00400038   x1(ra)=00400054
#11394  pc=0040003c   x8(s0/fp)=00000003
#11395  pc=00400040   x9(s1)=00000005
#11396  pc=00400044   x2(sp)=7fefff50
#11397  pc=00400048
#11398  pc=00400054   x9(s1)=00000001
#11399  pc=00400058
#11400  pc=0040005c   x1(ra)=00400060
#11401  pc=00400014   x2(sp)=7fefff40
#11402  pc=00400018
#11403  pc=0040001c
#11404  pc=00400020
#11405  pc=00400024   x8(s0/fp)=00000001
#11406  pc=00400028
#11407  pc=0040002c
#11408  pc=00400030
#11409  pc=00400034
#11410  pc=00400038
#11411  pc=0040003c   x8(s0/fp)=00000003
#11412  pc=00400040
#11413  pc=00400044   x2(sp)=7fefff50
#11414  pc=00400048
#11415  pc=00400060   x8(s0/fp)=00000002
#11416  pc=00400064
#11417  pc=00400034   x10(a0)=00000002
#11418  pc=00400038   x1(ra)=00400054
#11419  pc=0040003c   x8(s0/fp)=00000004
#11420  pc=00400040   x9(s1)=00000005
#11421  pc=00400044   x2(sp)=7fefff60
#11422  pc=00400048
#11423  pc=00400054   x9(s1)=00000002
#11424  pc=00400058
#11425  pc=0040005c   x1(ra)=00400060
#11426  pc=00400014   x2(sp)=7fefff50
#11427  pc=00400018
#11428  pc=0040001c
#11429  pc=00400020
#11430  pc=00400024   x8(s0/fp)=00000002
#11431  pc=00400028
#11432  pc=0040002c
#11433  pc=00400030
#11434  pc=0040004c   x10(a0)=00000001
#11435  pc=00400050   x1(ra)=00400054
#11436  pc=00400014   x2(sp)=7fefff40
#11437  pc=00400018
#11438  pc=0040001c
#11439  pc=00400020
#11440  pc=00400024   x8(s0/fp)=00000001
#11441  pc=00400028
#11442  pc=0040002c
#11443  pc=00400030
#11444  pc=00400034
#11445  pc=00400038
#11446  pc=0040003c   x8(s0/fp)=00000002
#11447  pc=00400040
#11448  pc=00400044   x2(sp)=7fefff50
#11449  pc=00400048
#11450  pc=00400054   x9(s1)=00000001
#11451  pc=00400058   x10(a0)=00000000
#11452  pc=0040005c   x1(ra)=00400060
#11453  pc=00400014   x2(sp)=7fefff40
#11454  pc=00400018
#11455  pc=0040001c
#11456  pc=00400020
#11457  pc=00400024   x8(s0/fp)=00000000
#11458  pc=00400028
#11459  pc=00400034
#11460  pc=00400038
#11461  pc=0040003c   x8(s0/fp)=00000002
#11462  pc=00400040
#11463  pc=00400044   x2(sp)=7fefff50
#11464  pc=00400048
#11465  pc=00400060   x8(s0/fp)=00000001
#11466  pc=00400064
#11467  pc=00400034   x10(a0)=00000001
#11468  pc=00400038
#11469  pc=0040003c   x8(s0/fp)=00000004
#11470  pc=00400040   x9(s1)=00000002
#11471  pc=00400044   x2(sp)=7fefff60
#11472  pc=00400048
#11473  pc=00400060   x8(s0/fp)=00000003
#11474  pc=00400064
#11475  pc=00400034   x10(a0)=00000003
#11476  pc=00400038
#11477  pc=0040003c   x8(s0/fp)=00000006
#11478  pc=00400040   x9(s1)=00000005
#11479  pc=00400044   x2(sp)=7fefff70
#11480  pc=00400048
#11481  pc=00400060   x8(s0/fp)=00000008
#11482  pc=00400064
#11483  pc=00400034   x10(a0)=00000008
#11484  pc=00400038   x1(ra)=00400054
#11485  pc=0040003c   x8(s0/fp)=00000007
#11486  pc=00400040   x9(s1)=00000037
#11487  pc=00400044   x2(sp)=7fefff80
#11488  pc=00400048
#11489  pc=00400054   x9(s1)=00000008
#11490  pc=00400058   x10(a0)=00000005
#11491  pc=0040005c   x1(ra)=00400060
#11492  pc=00400014   x2(sp)=7fefff70
#11493  pc=00400018
#11494  pc=0040001c
#11495  pc=00400020
#11496  pc=00400024   x8(s0/fp)=00000005
#11497  pc=00400028
#11498  pc=0040002c
#11499  pc=00400030
#11500  pc=0040004c   x10(a0)=00000004
#11501  pc=00400050   x1(ra)=00400054
#11502  pc=00400014   x2(sp)=7fefff60
#11503  pc=00400018
#11504  pc=0040001c
#11505  pc=00400020
#11506  pc=00400024   x8(s0/fp)=00000004
#11507  pc=00400028
#11508  pc=0040002c
#11509  pc=00400030
#11510  pc=0040004c   x10(a0)=00000003
#11511  pc=00400050
#11512  pc=00400014   x2(sp)=7fefff50
#11513  pc=00400018
#11514  pc=0040001c
#11515  pc=00400020
#11516  pc=00400024   x8(s0/fp)=00000003
#11517  pc=00400028
#11518  pc=0040002c
#11519  pc=00400030
#11520  pc=0040004c   x10(a0)=00000002
#11521  pc=00400050
#11522  pc=00400014   x2(sp)=7fefff40
#11523  pc=00400018
#11524  pc=0040001c
#11525  pc=00400020
#11526  pc=00400024   x8(s0/fp)=00000002
#11527  pc=00400028
#11528  pc=0040002c
#11529  pc=00400030
#11530  pc=0040004c   x10(a0)=00000001
#11531  pc=00400050
#11532  pc=00400014   x2(sp)=7fefff30
#11533  pc=00400018
#11534  pc=0040001c
#11535  pc=00400020
#11536  pc=00400024   x8(s0/fp)=00000001
#11537  pc=00400028
#11538  pc=0040002c
#11539  pc=00400030
#11540  pc=00400034
#11541  pc=00400038
#11542  pc=0040003c   x8(s0/fp)=00000002
#11543  pc=00400040
#11544  pc=00400044   x2(sp)=7fefff40
#11545  pc=00400048
#11546  pc=00400054   x9(s1)=00000001
#11547  pc=00400058   x10(a0)=00000000
#11548  pc=0040005c   x1(ra)=00400060
#11549  pc=00400014   x2(sp)=7fefff30
#11550  pc=00400018
#11551  pc=0040001c
#11552  pc=00400020
#11553  pc=00400024   x8(s0/fp)=00000000
#11554  pc=00400028
#11555  pc=00400034
#11556  pc=00400038
#11557  pc=0040003c   x8(s0/fp)=00000002
#11558  pc=00400040
#11559  pc=00400044   x2(sp)=7fefff40
#11560  pc=00400048
#11561  pc=00400060   x8(s0/fp)=00000001
#11562  pc=00400064
#11563  pc=00400034   x10(a0)=00000001
#11564  pc=00400038   x1(ra)=00400054
#11565  pc=0040003c   x8(s0/fp)=00000003
#11566  pc=00400040   x9(s1)=00000008
#11567  pc=00400044   x2(sp)=7fefff50
#11568  pc=00400048
#11569  pc=00400054   x9(s1)=00000001
#11570  pc=00400058
#11571  pc=0040005c   x1(ra)=00400060
#11572  pc=00400014   x2(sp)=7fefff40
#11573  pc=00400018
#11574  pc=0040001c
#11575  pc=00400020
#11576  pc=00400024   x8(s0/fp)=00000001
#11577  pc=00400028
#11578  pc=0040002c
#11579  pc=00400030
#11580  pc=00400034
#11581  pc=00400038
#11582  pc=0040003c   x8(s0/fp)=00000003
#11583  pc=00400040
#11584  pc=00400044   x2(sp)=7fefff50
#11585  pc=00400048
#11586  pc=00400060   x8(s0/fp)=00000002
#11587  pc=00400064
#11588  pc=00400034   x10(a0)=00000002
#11589  pc=00400038   x1(ra)=00400054
#11590  pc=0040003c   x8(s0/fp)=00000004
#11591  pc=00400040   x9(s1)=00000008
#11592  pc=00400044   x2(sp)=7fefff60
#11593  pc=00400048
#11594  pc=00400054   x9(s1)=00000002
#11595  pc=00400058
#11596  pc=0040005c   x1(ra)=00400060
#11597  pc=00400014   x2(sp)=7fefff50
#11598  pc=00400018
#11599  pc=0040001c
#11600  pc=00400020
#11601  pc=00400024   x8(s0/fp)=00000002
#11602  pc=00400028
#11603  pc=0040002c
#11604  pc=00400030
#11605  pc=0040004c   x10(a0)=00000001
#11606  pc=00400050   x1(ra)=00400054
#11607  pc=00400014   x2(sp)=7fefff40
#11608  pc=00400018
#11609  pc=0040001c
#11610  pc=00400020
#11611  pc=00400024   x8(s0/fp)=00000001
#11612  pc=00400028
#11613  pc=0040002c
#11614  pc=00400030
#11615  pc=00400034
#11616  pc=00400038
#11617  pc=0040003c   x8(s0/fp)=00000002
#11618  pc=00400040
#11619  pc=00400044   x2(sp)=7fefff50
#11620  pc=00400048
#11621  pc=00400054   x9(s1)=00000001
#11622  pc=00400058   x10(a0)=00000000
#11623  pc=0040005c   x1(ra)=00400060
#11624  pc=00400014   x2(sp)=7fefff40
#11625  pc=00400018
#11626  pc=0040001c
#11627  pc=00400020
#11628  pc=00400024   x8(s0/fp)=00000000
#11629  pc=00400028
#11630  pc=00400034
#11631  pc=00400038
#11632  pc=0040003c   x8(s0/fp)=00000002
#11633  pc=00400040
#11634  pc=00400044   x2(sp)=7fefff50
#11635  pc=00400048
#11636  pc=00400060   x8(s0/fp)=00000001
#11637  pc=00400064
#11638  pc=00400034   x10(a0)=00000001
#11639  pc=00400038
#11640  pc=0040003c   x8(s0/fp)=00000004
#11641  pc=00400040   x9(s1)=00000002
#11642  pc=00400044   x2(sp)=7fefff60
#11643  pc=00400048
#11644  pc=00400060   x8(s0/fp)=00000003
#11645  pc=00400064
#11646  pc=00400034   x10(a0)=00000003
#11647  pc=00400038   x1(ra)=00400054
#11648  pc=0040003c   x8(s0/fp)=00000005
#11649  pc=00400040   x9(s1)=00000008
#11650  pc=00400044   x2(sp)=7fefff70
#11651  pc=00400048
#11652  pc=00400054   x9(s1)=00000003
#11653  pc=00400058
#11654  pc=0040005c   x1(ra)=00400060
#11655  pc=00400014   x2(sp)=7fefff60
#11656  pc=00400018
#11657  pc=0040001c
#11658  pc=00400020
#11659  pc=00400024   x8(s0/fp)=00000003
#11660  pc=00400028
#11661  pc=0040002c
#11662  pc=00400030
#11663  pc=0040004c   x10(a0)=00000002
#11664  pc=00400050   x1(ra)=00400054
#11665  pc=00400014   x2(sp)=7fefff50
#11666  pc=00400018
#11667  pc=0040001c
#11668  pc=00400020
#11669  pc=00400024   x8(s0/fp)=00000002
#11670  pc=00400028
#11671  pc=0040002c
#11672  pc=00400030
#11673  pc=0040004c   x10(a0)=00000001
#11674  pc=00400050
#11675  pc=00400014   x2(sp)=7fefff40
#11676  pc=00400018
#11677  pc=0040001c
#11678  pc=00400020
#11679  pc=00400024   x8(s0/fp)=00000001
#11680  pc=00400028
#11681  pc=0040002c
#11682  pc=00400030
#11683  pc=00400034
#11684  pc=00400038
#11685  pc=0040003c   x8(s0/fp)=00000002
#11686  pc=00400040
#11687  pc=00400044   x2(sp)=7fefff50
#11688  pc=00400048
#11689  pc=00400054   x9(s1)=00000001
#11690  pc=00400058   x10(a0)=00000000
#11691  pc=0040005c   x1(ra)=00400060
#11692  pc=00400014   x2(sp)=7fefff40
#11693  pc=00400018
#11694  pc=0040001c
#11695  pc=00400020
#11696  pc=00400024   x8(s0/fp)=00000000
#11697  pc=00400028
#11698  pc=00400034
#11699  pc=00400038
#11700  pc=0040003c   x8(s0/fp)=00000002
#11701  pc=00400040
#11702  pc=00400044   x2(sp)=7fefff50
#11703  pc=00400048
#11704  pc=00400060   x8(s0/fp)=00000001
#11705  pc=00400064
#11706  pc=00400034   x10(a0)=00000001
#11707  pc=00400038   x1(ra)=00400054
#11708  pc=0040003c   x8(s0/fp)=00000003
#11709  pc=00400040   x9(s1)=00000003
#11710  pc=00400044   x2(sp)=7fefff60
#11711  pc=00400048
#11712  pc=00400054   x9(s1)=00000001
#11713  pc=00400058
#11714  pc=0040005c   x1(ra)=00400060
#11715  pc=00400014   x2(sp)=7fefff50
#11716  pc=00400018
#11717  pc=0040001c
#11718  pc=00400020
#11719  pc=00400024   x8(s0/fp)=00000001
#11720  pc=00400028
#11721  pc=0040002c
#11722  pc=00400030
#11723  pc=00400034
#11724  pc=00400038
#11725  pc=0040003c   x8(s0/fp)=00000003
#11726  pc=00400040
#11727  pc=00400044   x2(sp)=7fefff60
#11728  pc=00400048
#11729  pc=00400060   x8(s0/fp)=00000002
#11730  pc=00400064
#11731  pc=00400034   x10(a0)=00000002
#11732  pc=00400038
#11733  pc=0040003c   x8(s0/fp)=00000005
#11734  pc=00400040   x9(s1)=00000003
#11735  pc=00400044   x2(sp)=7fefff70
#11736  pc=00400048
#11737  pc=00400060
#11738  pc=00400064
#11739  pc=00400034   x10(a0)=00000005
#11740  pc=00400038
#11741  pc=0040003c   x8(s0/fp)=00000007
#11742  pc=00400040   x9(s1)=00000008
#11743  pc=00400044   x2(sp)=7fefff80
#11744  pc=00400048
#11745  pc=00400060   x8(s0/fp)=0000000d
#11746  pc=00400064
#11747  pc=00400034   x10(a0)=0000000d
#11748  pc=00400038   x1(ra)=00400054
#11749  pc=0040003c   x8(s0/fp)=00000008
#11750  pc=00400040   x9(s1)=00000037
#11751  pc=00400044   x2(sp)=7fefff90
#11752  pc=00400048
#11753  pc=00400054   x9(s1)=0000000d
#11754  pc=00400058   x10(a0)=00000006
#11755  pc=0040005c   x1(ra)=00400060
#11756  pc=00400014   x2(sp)=7fefff80
#11757  pc=00400018
#11758  pc=0040001c
#11759  pc=00400020
#11760  pc=00400024   x8(s0/fp)=00000006
#11761  pc=00400028
#11762  pc=0040002c
#11763  pc=00400030
#11764  pc=0040004c   x10(a0)=00000005
#11765  pc=00400050   x1(ra)=00400054
#11766  pc=00400014   x2(sp)=7fefff70
#11767  pc=00400018
#11768  pc=0040001c
#11769  pc=00400020
#11770  pc=00400024   x8(s0/fp)=00000005
#11771  pc=00400028
#11772  pc=0040002c
#11773  pc=00400030
#11774  pc=0040004c   x10(a0)=00000004
#11775  pc=00400050
#11776  pc=00400014   x2(sp)=7fefff60
#11777  pc=00400018
#11778  pc=0040001c
#11779  pc=00400020
#11780  pc=00400024   x8(s0/fp)=00000004
#11781  pc=00400028
#11782  pc=0040002c
#11783  pc=00400030
#11784  pc=0040004c   x10(a0)=00000003
#11785  pc=00400050
#11786  pc=00400014   x2(sp)=7fefff50
#11787  pc=00400018
#11788  pc=0040001c
#11789  pc=00400020
#11790  pc=00400024   x8(s0/fp)=00000003
#11791  pc=00400028
#11792  pc=0040002c
#11793  pc=00400030
#11794  pc=0040004c   x10(a0)=00000002
#11795  pc=00400050
#11796  pc=00400014   x2(sp)=7fefff40
#11797  pc=00400018
#11798  pc=0040001c
#11799  pc=00400020
#11800  pc=00400024   x8(s0/fp)=00000002
#11801  pc=00400028
#11802  pc=0040002c
#11803  pc=00400030
#11804  pc=0040004c   x10(a0)=00000001
#11805  pc=00400050
#11806  pc=00400014   x2(sp)=7fefff30
#11807  pc=00400018
#11808  pc=0040001c
#11809  pc=00400020
#11810  pc=00400024   x8(s0/fp)=00000001
#11811  pc=00400028
#11812  pc=0040002c
#11813  pc=00400030
#11814  pc=00400034
#11815  pc=00400038
#11816  pc=0040003c   x8(s0/fp)=00000002
#11817  pc=00400040
#11818  pc=00400044   x2(sp)=7fefff40
#11819  pc=00400048
#11820  pc=00400054   x9(s1)=00000001
#11821  pc=00400058   x10(a0)=00000000
#11822  pc=0040005c   x1(ra)=00400060
#11823  pc=00400014   x2(sp)=7fefff30
#11824  pc=00400018
#11825  pc=0040001c
#11826  pc=00400020
#11827  pc=00400024   x8(s0/fp)=00000000
#11828  pc=00400028
#11829  pc=00400034
#11830  pc=00400038
#11831  pc=0040003c   x8(s0/fp)=00000002
#11832  pc=00400040
#11833  pc=00400044   x2(sp)=7fefff40
#11834  pc=00400048
#11835  pc=00400060   x8(s0/fp)=00000001
#11836  pc=00400064
#11837  pc=00400034   x10(a0)=00000001
#11838  pc=00400038   x1(ra)=00400054
#11839  pc=0040003c   x8(s0/fp)=00000003
#11840  pc=00400040   x9(s1)=0000000d
#11841  pc=00400044   x2(sp)=7fefff50
#11842  pc=00400048
#11843  pc=00400054   x9(s1)=00000001
#11844  pc=00400058
#11845  pc=0040005c   x1(ra)=00400060
#11846  pc=00400014   x2(sp)=7fefff40
#11847  pc=00400018
#11848  pc=0040001c
#11849  pc=00400020
#11850  pc=00400024   x8(s0/fp)=00000001
#11851  pc=00400028
#11852  pc=0040002c
#11853  pc=00400030
#11854  pc=00400034
#11855  pc=00400038
#11856  pc=0040003c   x8(s0/fp)=00000003
#11857  pc=00400040
#11858  pc=00400044   x2(sp)=7fefff50
#11859  pc=00400048
#11860  pc=00400060   x8(s0/fp)=00000002
#11861  pc=00400064
#11862  pc=00400034   x10(a0)=00000002
#11863  pc=00400038   x1(ra)=00400054
#11864  pc=0040003c   x8(s0/fp)=00000004
#11865  pc=00400040   x9(s1)=0000000d
#11866  pc=00400044   x2(sp)=7fefff60
#11867  pc=00400048
#11868  pc=00400054   x9(s1)=00000002
#11869  pc=00400058
#11870  pc=0040005c   x1(ra)=00400060
#11871  pc=00400014   x2(sp)=7fefff50
#11872  pc=00400018
#11873  pc=0040001c
#11874  pc=00400020
#11875  pc=00400024   x8(s0/fp)=00000002
#11876  pc=00400028
#11877  pc=0040002c
#11878  pc=00400030
#11879  pc=0040004c   x10(a0)=00000001
#11880  pc=00400050   x1(ra)=00400054
#11881  pc=00400014   x2(sp)=7fefff40
#11882  pc=00400018
#11883  pc=0040001c
#11884  pc=00400020
#11885  pc=00400024   x8(s0/fp)=00000001
#11886  pc=00400028
#11887  pc=0040002c
#11888  pc=00400030
#11889  pc=00400034
#11890  pc=00400038
#11891  pc=0040003c   x8(s0/fp)=00000002
#11892  pc=00400040
#11893  pc=00400044   x2(sp)=7fefff50
#11894  pc=00400048
#11895  pc=00400054   x9(s1)=00000001
#11896  pc=00400058   x10(a0)=00000000
#11897  pc=0040005c   x1(ra)=00400060
#11898  pc=00400014   x2(sp)=7fefff40
#11899  pc=00400018
#11900  pc=0040001c
#11901  pc=00400020
#11902  pc=00400024   x8(s0/fp)=00000000
#11903  pc=00400028
#11904  pc=00400034
#11905  pc=00400038
#11906  pc=0040003c   x8(s0/fp)=00000002
#11907  pc=00400040
#11908  pc=00400044   x2(sp)=7fefff50
#11909  pc=00400048
#11910  pc=00400060   x8(s0/fp)=00000001
#11911  pc=00400064
#11912  pc=00400034   x10(a0)=00000001
#11913  pc=00400038
#11914  pc=0040003c   x8(s0/fp)=00000004
#11915  pc=00400040   x9(s1)=00000002
#11916  pc=00400044   x2(sp)=7fefff60
#11917  pc=00400048
#11918  pc=00400060   x8(s0/fp)=00000003
#11919  pc=00400064
#11920  pc=00400034   x10(a0)=00000003
#11921  pc=00400038   x1(ra)=00400054
#11922  pc=0040003c   x8(s0/fp)=00000005
#11923  pc=00400040   x9(s1)=0000000d
#11924  pc=00400044   x2(sp)=7fefff70
#11925  pc=00400048
#11926  pc=00400054   x9(s1)=00000003
#11927  pc=00400058
#11928  pc=0040005c   x1(ra)=00400060
#11929  pc=00400014   x2(sp)=7fefff60
#11930  pc=00400018
#11931  pc=0040001c
#11932  pc=00400020
#11933  pc=00400024   x8(s0/fp)=00000003
#11934  pc=00400028
#11935  pc=0040002c
#11936  pc=00400030
#11937  pc=0040004c   x10(a0)=00000002
#11938  pc=00400050   x1(ra)=00400054
#11939  pc=00400014   x2(sp)=7fefff50
#11940  pc=00400018
#11941  pc=0040001c
#11942  pc=00400020
#11943  pc=00400024   x8(s0/fp)=00000002
#11944  pc=00400028
#11945  pc=0040002c
#11946  pc=00400030
#11947  pc=0040004c   x10(a0)=00000001
#11948  pc=00400050
#11949  pc=00400014   x2(sp)=7fefff40
#11950  pc=00400018
#11951  pc=0040001c
#11952  pc=00400020
#11953  pc=00400024   x8(s0/fp)=00000001
#11954  pc=00400028
#11955  pc=0040002c
#11956  pc=00400030
#11957  pc=00400034
#11958  pc=00400038
#11959  pc=0040003c   x8(s0/fp)=00000002
#11960  pc=00400040
#11961  pc=00400044   x2(sp)=7fefff50
#11962  pc=00400048
#11963  pc=00400054   x9(s1)=00000001
#11964  pc=00400058   x10(a0)=00000000
#11965  pc=0040005c   x1(ra)=00400060
#11966  pc=00400014   x2(sp)=7fefff40
#11967  pc=00400018
#11968  pc=0040001c
#11969  pc=00400020
#11970  pc=00400024   x8(s0/fp)=00000000
#11971  pc=00400028
#11972  pc=00400034
#11973  pc=00400038
#11974  pc=0040003c   x8(s0/fp)=00000002
#11975  pc=00400040
#11976  pc=00400044   x2(sp)=7fefff50
#11977  pc=00400048
#11978  pc=00400060   x8(s0/fp)=00000001
#11979  pc=00400064
#11980  pc=00400034   x10(a0)=00000001
#11981  pc=00400038   x1(ra)=00400054
#11982  pc=0040003c   x8(s0/fp)=00000003
#11983  pc=00400040   x9(s1)=00000003
#11984  pc=00400044   x2(sp)=7fefff60
#11985  pc=00400048
#11986  pc=00400054   x9(s1)=00000001
#11987  pc=00400058
#11988  pc=0040005c   x1(ra)=00400060
#11989  pc=00400014   x2(sp)=7fefff50
#11990  pc=00400018
#11991  pc=0040001c
#11992  pc=00400020
#11993  pc=00400024   x8(s0/fp)=00000001
#11994  pc=00400028
#11995  pc=0040002c
#11996  pc=00400030
#11997  pc=00400034
#11998  pc=00400038
#11999  pc=0040003c   x8(s0/fp)=00000003
#12000  pc=00400040
#12001  pc=00400044   x2(sp)=7fefff60
#12002  pc=00400048
#12003  pc=00400060   x8(s0/fp)=00000002
#12004  pc=00400064
#12005  pc=00400034   x10(a0)=00000002
#12006  pc=00400038
#12007  pc=0040003c   x8(s0/fp)=00000005
#12008  pc=00400040   x9(s1)=00000003
#12009  pc=00400044   x2(sp)=7fefff70
#12010  pc=00400048
#12011  pc=00400060
#12012  pc=00400064
#12013  pc=00400034   x10(a0)=00000005
#12014  pc=00400038   x1(ra)=00400054
#12015  pc=0040003c   x8(s0/fp)=00000006
#12016  pc=00400040   x9(s1)=0000000d
#12017  pc=00400044   x2(sp)=7fefff80
#12018  pc=00400048
#12019  pc=00400054   x9(s1)=00000005
#12020  pc=00400058   x10(a0)=00000004
#12021  pc=0040005c   x1(ra)=00400060
#12022  pc=00400014   x2(sp)=7fefff70
#12023  pc=00400018
#12024  pc=0040001c
#12025  pc=00400020
#12026  pc=00400024   x8(s0/fp)=00000004
#12027  pc=00400028
#12028  pc=0040002c
#12029  pc=00400030
#12030  pc=0040004c   x10(a0)=00000003
#12031  pc=00400050   x1(ra)=00400054
#12032  pc=00400014   x2(sp)=7fefff60
#12033  pc=00400018
#12034  pc=0040001c
#12035  pc=00400020
#12036  pc=00400024   x8(s0/fp)=00000003
#12037  pc=00400028
#12038  pc=0040002c
#12039  pc=00400030
#12040  pc=0040004c   x10(a0)=00000002
#12041  pc=00400050
#12042  pc=00400014   x2(sp)=7fefff50
#12043  pc=00400018
#12044  pc=0040001c
#12045  pc=00400020
#12046  pc=00400024   x8(s0/fp)=00000002
#12047  pc=00400028
#12048  pc=0040002c
#12049  pc=00400030
#12050  pc=0040004c   x10(a0)=00000001
#12051  pc=00400050
#12052  pc=00400014   x2(sp)=7fefff40
#12053  pc=00400018
#12054  pc=0040001c
#12055  pc=00400020
#12056  pc=00400024   x8(s0/fp)=00000001
#12057  pc=00400028
#12058  pc=0040002c
#12059  pc=00400030
#12060  pc=00400034
#12061  pc=00400038
#12062  pc=0040003c   x8(s0/fp)=00000002
#12063  pc=00400040
#12064  pc=00400044   x2(sp)=7fefff50
#12065  pc=00400048
#12066  pc=00400054   x9(s1)=00000001
#12067  pc=00400058   x10(a0)=00000000
#12068  pc=0040005c   x1(ra)=00400060
#12069  pc=00400014   x2(sp)=7fefff40
#12070  pc=00400018
#12071  pc=0040001c
#12072  pc=00400020
#12073  pc=00400024   x8(s0/fp)=00000000
#12074  pc=00400028
#12075  pc=00400034
#12076  pc=00400038
#12077  pc=0040003c   x8(s0/fp)=00000002
#12078  pc=00400040
#12079  pc=00400044   x2(sp)=7fefff50
#12080  pc=00400048
#12081  pc=00400060   x8(s0/fp)=00000001
#12082  pc=00400064
#12083  pc=00400034   x10(a0)=00000001
#12084  pc=00400038   x1(ra)=00400054
#12085  pc=0040003c   x8(s0/fp)=00000003
#12086  pc=00400040   x9(s1)=00000005
#12087  pc=00400044   x2(sp)=7fefff60
#12088  pc=00400048
#12089  pc=00400054   x9(s1)=00000001
#12090  pc=00400058
#12091  pc=0040005c   x1(ra)=00400060
#12092  pc=00400014   x2(sp)=7fefff50
#12093  pc=00400018
#12094  pc=0040001c
#12095  pc=00400020
#12096  pc=00400024   x8(s0/fp)=00000001
#12097  pc=00400028
#12098  pc=0040002c
#12099  pc=00400030
#12100  pc=00400034
#12101  pc=00400038
#12102  pc=0040003c   x8(s0/fp)=00000003
#12103  pc=00400040
#12104  pc=00400044   x2(sp)=7fefff60
#12105  pc=00400048
#12106  pc=00400060   x8(s0/fp)=00000002
#12107  pc=00400064
#12108  pc=00400034   x10(a0)=00000002
#12109  pc=00400038   x1(ra)=00400054
#12110  pc=0040003c   x8(s0/fp)=00000004
#12111  pc=00400040   x9(s1)=00000005
#12112  pc=00400044   x2(sp)=7fefff70
#12113  pc=00400048
#12114  pc=00400054   x9(s1)=00000002
#12115  pc=00400058
#12116  pc=0040005c   x1(ra)=00400060
#12117  pc=00400014   x2(sp)=7fefff60
#12118  pc=00400018
#12119  pc=0040001c
#12120  pc=00400020
#12121  pc=00400024   x8(s0/fp)=00000002
#12122  pc=00400028
#12123  pc=0040002c
#12124  pc=00400030
#12125  pc=0040004c   x10(a0)=00000001
#12126  pc=00400050   x1(ra)=00400054
#12127  pc=00400014   x2(sp)=7fefff50
#12128  pc=00400018
#12129  pc=0040001c
#12130  pc=00400020
#12131  pc=00400024   x8(s0/fp)=00000001
#12132  pc=00400028
#12133  pc=0040002c
#12134  pc=00400030
#12135  pc=00400034
#12136  pc=00400038
#12137  pc=0040003c   x8(s0/fp)=00000002
#12138  pc=00400040
#12139  pc=00400044   x2(sp)=7fefff60
#12140  pc=00400048
#12141  pc=00400054   x9(s1)=00000001
#12142  pc=00400058   x10(a0)=00000000
#12143  pc=0040005c   x1(ra)=00400060
#12144  pc=00400014   x2(sp)=7fefff50
#12145  pc=00400018
#12146  pc=0040001c
#12147  pc=00400020
#12148  pc=00400024   x8(s0/fp)=00000000
#12149  pc=00400028
#12150  pc=00400034
#12151  pc=00400038
#12152  pc=0040003c   x8(s0/fp)=00000002
#12153  pc=00400040
#12154  pc=00400044   x2(sp)=7fefff60
#12155  pc=00400048
#12156  pc=00400060   x8(s0/fp)=00000001
#12157  pc=00400064
#12158  pc=00400034   x10(a0)=00000001
#12159  pc=00400038
#12160  pc=0040003c   x8(s0/fp)=00000004
#12161  pc=00400040   x9(s1)=00000002
#12162  pc=00400044   x2(sp)=7fefff70
#12163  pc=00400048
#12164  pc=00400060   x8(s0/fp)=00000003
#12165  pc=00400064
#12166  pc=00400034   x10(a0)=00000003
#12167  pc=00400038
#12168  pc=0040003c   x8(s0/fp)=00000006
#12169  pc=00400040   x9(s1)=00000005
#12170  pc=00400044   x2(sp)=7fefff80
#12171  pc=00400048
#12172  pc=00400060   x8(s0/fp)=00000008
#12173  pc=00400064
#12174  pc=00400034   x10(a0)=00000008
#12175  pc=00400038
#12176  pc=0040003c
#12177  pc=00400040   x9(s1)=0000000d
#12178  pc=00400044   x2(sp)=7fefff90
#12179  pc=00400048
#12180  pc=00400060   x8(s0/fp)=00000015
#12181  pc=00400064
#12182  pc=00400034   x10(a0)=00000015
#12183  pc=00400038   x1(ra)=00400054
#12184  pc=0040003c   x8(s0/fp)=00000009
#12185  pc=00400040   x9(s1)=00000037
#12186  pc=00400044   x2(sp)=7fefffa0
#12187  pc=00400048
#12188  pc=00400054   x9(s1)=00000015
#12189  pc=00400058   x10(a0)=00000007
#12190  pc=0040005c   x1(ra)=00400060
#12191  pc=00400014   x2(sp)=7fefff90
#12192  pc=00400018
#12193  pc=0040001c
#12194  pc=00400020
#12195  pc=00400024   x8(s0/fp)=00000007
#12196  pc=00400028
#12197  pc=0040002c
#12198  pc=00400030
#12199  pc=0040004c   x10(a0)=00000006
#12200  pc=00400050   x1(ra)=00400054
#12201  pc=00400014   x2(sp)=7fefff80
#12202  pc=00400018
#12203  pc=0040001c
#12204  pc=00400020
#12205  pc=00400024   x8(s0/fp)=00000006
#12206  pc=00400028
#12207  pc=0040002c
#12208  pc=00400030
#12209  pc=0040004c   x10(a0)=00000005
#12210  pc=00400050
#12211  pc=00400014   x2(sp)=7fefff70
#12212  pc=00400018
#12213  pc=0040001c
#12214  pc=00400020
#12215  pc=00400024   x8(s0/fp)=00000005
#12216  pc=00400028
#12217  pc=0040002c
#12218  pc=00400030
#12219  pc=0040004c   x10(a0)=00000004
#12220  pc=00400050
#12221  pc=00400014   x2(sp)=7fefff60
#12222  pc=00400018
#12223  pc=0040001c
#12224  pc=00400020
#12225  pc=00400024   x8(s0/fp)=00000004
#12226  pc=00400028
#12227  pc=0040002c
#12228  pc=00400030
#12229  pc=0040004c   x10(a0)=00000003
#12230  pc=00400050
#12231  pc=00400014   x2(sp)=7fefff50
#12232  pc=00400018
#12233  pc=0040001c
#12234  pc=00400020
#12235  pc=00400024   x8(s0/fp)=00000003
#12236  pc=00400028
#12237  pc=0040002c
#12238  pc=00400030
#12239  pc=0040004c   x10(a0)=00000002
#12240  pc=00400050
#12241  pc=00400014   x2(sp)=7fefff40
#12242  pc=00400018
#12243  pc=0040001c
#12244  pc=00400020
#12245  pc=00400024   x8(s0/fp)=00000002
#12246  pc=00400028
#12247  pc=0040002c
#12248  pc=00400030
#12249  pc=0040004c   x10(a0)=00000001
#12250  pc=00400050
#12251  pc=00400014   x2(sp)=7fefff30
#12252  pc=00400018
#12253  pc=0040001c
#12254  pc=00400020
#12255  pc=00400024   x8(s0/fp)=00000001
#12256  pc=00400028
#12257  pc=0040002c
#12258  pc=00400030
#12259  pc=00400034
#12260  pc=00400038
#12261  pc=0040003c   x8(s0/fp)=00000002
#12262  pc=00400040
#12263  pc=00400044   x2(sp)=7fefff40
#12264  pc=00400048
#12265  pc=00400054   x9(s1)=00000001
#12266  pc=00400058   x10(a0)=00000000
#12267  pc=0040005c   x1(ra)=00400060
#12268  pc=00400014   x2(sp)=7fefff30
#12269  pc=00400018
#12270  pc=0040001c
#12271  pc=00400020
#12272  pc=00400024   x8(s0/fp)=00000000
#12273  pc=00400028
#12274  pc=00400034
#12275  pc=00400038
#12276  pc=0040003c   x8(s0/fp)=00000002
#12277  pc=00400040
#12278  pc=00400044   x2(sp)=7fefff40
#12279  pc=00400048
#12280  pc=00400060   x8(s0/fp)=00000001
#12281  pc=00400064
#12282  pc=00400034   x10(a0)=00000001
#12283  pc=00400038   x1(ra)=00400054
#12284  pc=0040003c   x8(s0/fp)=00000003
#12285  pc=00400040   x9(s1)=00000015
#12286  pc=00400044   x2(sp)=7fefff50
#12287  pc=00400048
#12288  pc=00400054   x9(s1)=00000001
#12289  pc=00400058
#12290  pc=0040005c   x1(ra)=00400060
#12291  pc=00400014   x2(sp)=7fefff40
#12292  pc=00400018
#12293  pc=0040001c
#12294  pc=00400020
#12295  pc=00400024   x8(s0/fp)=00000001
#12296  pc=00400028
#12297  pc=0040002c
#12298  pc=00400030
#12299  pc=00400034
#12300  pc=00400038
#12301  pc=0040003c   x8(s0/fp)=00000003
#12302  pc=00400040
#12303  pc=00400044   x2(sp)=7fefff50
#12304  pc=00400048
#12305  pc=00400060   x8(s0/fp)=00000002
#12306  pc=00400064
#12307  pc=00400034   x10(a0)=00000002
#12308  pc=00400038   x1(ra)=00400054
#12309  pc=0040003c   x8(s0/fp)=00000004
#12310  pc=00400040   x9(s1)=00000015
#12311  pc=00400044   x2(sp)=7fefff60
#12312  pc=00400048
#12313  pc=00400054   x9(s1)=00000002
#12314  pc=00400058
#12315  pc=0040005c   x1(ra)=00400060
#12316  pc=00400014   x2(sp)=7fefff50
#12317  pc=00400018
#12318  pc=0040001c
#12319  pc=00400020
#12320  pc=00400024   x8(s0/fp)=00000002
#12321  pc=00400028
#12322  pc=0040002c
#12323  pc=00400030
#12324  pc=0040004c   x10(a0)=00000001
#12325  pc=00400050   x1(ra)=00400054
#12326  pc=00400014   x2(sp)=7fefff40
#12327  pc=00400018
#12328  pc=0040001c
#12329  pc=00400020
#12330  pc=00400024   x8(s0/fp)=00000001
#12331  pc=00400028
#12332  pc=0040002c
#12333  pc=00400030
#12334  pc=00400034
#12335  pc=00400038
#12336  pc=0040003c   x8(s0/fp)=00000002
#12337  pc=00400040
#12338  pc=00400044   x2(sp)=7fefff50
#12339  pc=00400048
#12340  pc=00400054   x9(s1)=00000001
#12341  pc=00400058   x10(a0)=00000000
#12342  pc=0040005c   x1(ra)=00400060
#12343  pc=00400014   x2(sp)=7fefff40
#12344  pc=00400018
#12345  pc=0040001c
#12346  pc=00400020
#12347  pc=00400024   x8(s0/fp)=00000000
#12348  pc=00400028
#12349  pc=00400034
#12350  pc=00400038
#12351  pc=0040003c   x8(s0/fp)=00000002
#12352  pc=00400040
#12353  pc=00400044   x2(sp)=7fefff50
#12354  pc=00400048
#12355  pc=00400060   x8(s0/fp)=00000001
#12356  pc=00400064
#12357  pc=00400034   x10(a0)=00000001
#12358  pc=00400038
#12359  pc=0040003c   x8(s0/fp)=00000004
#12360  pc=00400040   x9(s1)=00000002
#12361  pc=00400044   x2(sp)=7fefff60
#12362  pc=00400048
#12363  pc=00400060   x8(s0/fp)=00000003
#12364  pc=00400064
#12365  pc=00400034   x10(a0)=00000003
#12366  pc=00400038   x1(ra)=00400054
#12367  pc=0040003c   x8(s0/fp)=00000005
#12368  pc=00400040   x9(s1)=00000015
#12369  pc=00400044   x2(sp)=7fefff70
#12370  pc=00400048
#12371  pc=00400054   x9(s1)=00000003
#12372  pc=00400058
#12373  pc=0040005c   x1(ra)=00400060
#12374  pc=00400014   x2(sp)=7fefff60
#12375  pc=00400018
#12376  pc=0040001c
#12377  pc=00400020
#12378  pc=00400024   x8(s0/fp)=00000003
#12379  pc=00400028
#12380  pc=0040002c
#12381  pc=00400030
#12382  pc=0040004c   x10(a0)=00000002
#12383  pc=00400050   x1(ra)=00400054
#12384  pc=00400014   x2(sp)=7fefff50
#12385  pc=00400018
#12386  pc=0040001c
#12387  pc=00400020
#12388  pc=00400024   x8(s0/fp)=00000002
#12389  pc=00400028
#12390  pc=0040002c
#12391  pc=00400030
#12392  pc=0040004c   x10(a0)=00000001
#12393  pc=00400050
#12394  pc=00400014   x2(sp)=7fefff40
#12395  pc=00400018
#12396  pc=0040001c
#12397  pc=00400020
#12398  pc=00400024   x8(s0/fp)=00000001
#12399  pc=00400028
#12400  pc=0040002c
#12401  pc=00400030
#12402  pc=00400034
#12403  pc=00400038
#12404  pc=0040003c   x8(s0/fp)=00000002
#12405  pc=00400040
#12406  pc=00400044   x2(sp)=7fefff50
#12407  pc=00400048
#12408  pc=00400054   x9(s1)=00000001
#12409  pc=00400058   x10(a0)=00000000
#12410  pc=0040005c   x1(ra)=00400060
#12411  pc=00400014   x2(sp)=7fefff40
#12412  pc=00400018
#12413  pc=0040001c
#12414  pc=00400020
#12415  pc=00400024   x8(s0/fp)=00000000
#12416  pc=00400028
#12417  pc=00400034
#12418  pc=00400038
#12419  pc=0040003c   x8(s0/fp)=00000002
#12420  pc=00400040
#12421  pc=00400044   x2(sp)=7fefff50
#12422  pc=00400048
#12423  pc=00400060   x8(s0/fp)=00000001
#12424  pc=00400064
#12425  pc=00400034   x10(a0)=00000001
#12426  pc=00400038   x1(ra)=00400054
#12427  pc=0040003c   x8(s0/fp)=00000003
#12428  pc=00400040   x9(s1)=00000003
#12429  pc=00400044   x2(sp)=7fefff60
#12430  pc=00400048
#12431  pc=00400054   x9(s1)=00000001
#12432  pc=00400058
#12433  pc=0040005c   x1(ra)=00400060
#12434  pc=00400014   x2(sp)=7fefff50
#12435  pc=00400018
#12436  pc=0040001c
#12437  pc=00400020
#12438  pc=00400024   x8(s0/fp)=00000001
#12439  pc=00400028
#12440  pc=0040002c
#12441  pc=00400030
#12442  pc=00400034
#12443  pc=00400038
#12444  pc=0040003c   x8(s0/fp)=00000003
#12445  pc=00400040
#12446  pc=00400044   x2(sp)=7fefff60
#12447  pc=00400048
#12448  pc=00400060   x8(s0/fp)=00000002
#12449  pc=00400064
#12450  pc=00400034   x10(a0)=00000002
#12451  pc=00400038
#12452  pc=0040003c   x8(s0/fp)=00000005
#12453  pc=00400040   x9(s1)=00000003
#12454  pc=00400044   x2(sp)=7fefff70
#12455  pc=00400048
#12456  pc=00400060
#12457  pc=00400064
#12458  pc=00400034   x10(a0)=00000005
#12459  pc=00400038   x1(ra)=00400054
#12460  pc=0040003c   x8(s0/fp)=00000006
#12461  pc=00400040   x9(s1)=00000015
#12462  pc=00400044   x2(sp)=7fefff80
#12463  pc=00400048
#12464  pc=00400054   x9(s1)=00000005
#12465  pc=00400058   x10(a0)=00000004
#12466  pc=0040005c   x1(ra)=00400060
#12467  pc=00400014   x2(sp)=7fefff70
#12468  pc=00400018
#12469  pc=0040001c
#12470  pc=00400020
#12471  pc=00400024   x8(s0/fp)=00000004
#12472  pc=00400028
#12473  pc=0040002c
#12474  pc=00400030
#12475  pc=0040004c   x10(a0)=00000003
#12476  pc=00400050   x1(ra)=00400054
#12477  pc=00400014   x2(sp)=7fefff60
#12478  pc=00400018
#12479  pc=0040001c
#12480  pc=00400020
#12481  pc=00400024   x8(s0/fp)=00000003
#12482  pc=00400028
#12483  pc=0040002c
#12484  pc=00400030
#12485  pc=0040004c   x10(a0)=00000002
#12486  pc=00400050
#12487  pc=00400014   x2(sp)=7fefff50
#12488  pc=00400018
#12489  pc=0040001c
#12490  pc=00400020
#12491  pc=00400024   x8(s0/fp)=00000002
#12492  pc=00400028
#12493  pc=0040002c
#12494  pc=00400030
#12495  pc=0040004c   x10(a0)=00000001
#12496  pc=00400050
#12497  pc=00400014   x2(sp)=7fefff40
#12498  pc=00400018
#12499  pc=0040001c
#12500  pc=00400020
#12501  pc=00400024   x8(s0/fp)=00000001
#12502  pc=00400028
#12503  pc=0040002c
#12504  pc=00400030
#12505  pc=00400034
#12506  pc=00400038
#12507  pc=0040003c   x8(s0/fp)=00000002
#12508  pc=00400040
#12509  pc=00400044   x2(sp)=7fefff50
#12510  pc=00400048
#12511  pc=00400054   x9(s1)=00000001
#12512  pc=00400058   x10(a0)=00000000
#12513  pc=0040005c   x1(ra)=00400060
#12514  pc=00400014   x2(sp)=7fefff40
#12515  pc=00400018
#12516  pc=0040001c
#12517  pc=00400020
#12518  pc=00400024   x8(s0/fp)=00000000
#12519  pc=00400028
#12520  pc=00400034
#12521  pc=00400038
#12522  pc=0040003c   x8(s0/fp)=00000002
#12523  pc=00400040
#12524  pc=00400044   x2(sp)=7fefff50
#12525  pc=00400048
#12526  pc=00400060   x8(s0/fp)=00000001
#12527  pc=00400064
#12528  pc=00400034   x10(a0)=00000001
#12529  pc=00400038   x1(ra)=00400054
#12530  pc=0040003c   x8(s0/fp)=00000003
#12531  pc=00400040   x9(s1)=00000005
#12532  pc=00400044   x2(sp)=7fefff60
#12533  pc=00400048
#12534  pc=00400054   x9(s1)=00000001
#12535  pc=00400058
#12536  pc=0040005c   x1(ra)=00400060
#12537  pc=00400014   x2(sp)=7fefff50
#12538  pc=00400018
#12539  pc=0040001c
#12540  pc=00400020
#12541  pc=00400024   x8(s0/fp)=00000001
#12542  pc=00400028
#12543  pc=0040002c
#12544  pc=00400030
#12545  pc=00400034
#12546  pc=00400038
#12547  pc=0040003c   x8(s0/fp)=00000003
#12548  pc=00400040
#12549  pc=00400044   x2(sp)=7fefff60
#12550  pc=00400048
#12551  pc=00400060   x8(s0/fp)=00000002
#12552  pc=00400064
#12553  pc=00400034   x10(a0)=00000002
#12554  pc=00400038   x1(ra)=00400054
#12555  pc=0040003c   x8(s0/fp)=00000004
#12556  pc=00400040   x9(s1)=00000005
#12557  pc=00400044   x2(sp)=7fefff70
#12558  pc=00400048
#12559  pc=00400054   x9(s1)=00000002
#12560  pc=00400058
#12561  pc=0040005c   x1(ra)=00400060
#12562  pc=00400014   x2(sp)=7fefff60
#12563  pc=00400018
#12564  pc=0040001c
#12565  pc=00400020
#12566  pc=00400024   x8(s0/fp)=00000002
#12567  pc=00400028
#12568  pc=0040002c
#12569  pc=00400030
#12570  pc=0040004c   x10(a0)=00000001
#12571  pc=00400050   x1(ra)=00400054
#12572  pc=00400014   x2(sp)=7fefff50
#12573  pc=00400018
#12574  pc=0040001c
#12575  pc=00400020
#12576  pc=00400024   x8(s0/fp)=00000001
#12577  pc=00400028
#12578  pc=0040002c
#12579  pc=00400030
#12580  pc=00400034
#12581  pc=00400038
#12582  pc=0040003c   x8(s0/fp)=00000002
#12583  pc=00400040
#12584  pc=00400044   x2(sp)=7fefff60
#12585  pc=00400048
#12586  pc=00400054   x9(s1)=00000001
#12587  pc=00400058   x10(a0)=00000000
#12588  pc=0040005c   x1(ra)=00400060
#12589  pc=00400014   x2(sp)=7fefff50
#12590  pc=00400018
#12591  pc=0040001c
#12592  pc=00400020
#12593  pc=00400024   x8(s0/fp)=00000000
#12594  pc=00400028
#12595  pc=00400034
#12596  pc=00400038
#12597  pc=0040003c   x8(s0/fp)=00000002
#12598  pc=00400040
#12599  pc=00400044   x2(sp)=7fefff60
#12600  pc=00400048
#12601  pc=00400060   x8(s0/fp)=00000001
#12602  pc=00400064
#12603  pc=00400034   x10(a0)=00000001
#12604  pc=00400038
#12605  pc=0040003c   x8(s0/fp)=00000004
#12606  pc=00400040   x9(s1)=00000002
#12607  pc=00400044   x2(sp)=7fefff70
#12608  pc=00400048
#12609  pc=00400060   x8(s0/fp)=00000003
#12610  pc=00400064
#12611  pc=00400034   x10(a0)=00000003
#12612  pc=00400038
#12613  pc=0040003c   x8(s0/fp)=00000006
#12614  pc=00400040   x9(s1)=00000005
#12615  pc=00400044   x2(sp)=7fefff80
#12616  pc=00400048
#12617  pc=00400060   x8(s0/fp)=00000008
#12618  pc=00400064
#12619  pc=00400034   x10(a0)=00000008
#12620  pc=00400038   x1(ra)=00400054
#12621  pc=0040003c   x8(s0/fp)=00000007
#12622  pc=00400040   x9(s1)=00000015
#12623  pc=00400044   x2(sp)=7fefff90
#12624  pc=00400048
#12625  pc=00400054   x9(s1)=00000008
#12626  pc=00400058   x10(a0)=00000005
#12627  pc=0040005c   x1(ra)=00400060
#12628  pc=00400014   x2(sp)=7fefff80
#12629  pc=00400018
#12630  pc=0040001c
#12631  pc=00400020
#12632  pc=00400024   x8(s0/fp)=00000005
#12633  pc=00400028
#12634  pc=0040002c
#12635  pc=00400030
#12636  pc=0040004c   x10(a0)=00000004
#12637  pc=00400050   x1(ra)=00400054
#12638  pc=00400014   x2(sp)=7fefff70
#12639  pc=00400018
#12640  pc=0040001c
#12641  pc=00400020
#12642  pc=00400024   x8(s0/fp)=00000004
#12643  pc=00400028
#12644  pc=0040002c
#12645  pc=00400030
#12646  pc=0040004c   x10(a0)=00000003
#12647  pc=00400050
#12648  pc=00400014   x2(sp)=7fefff60
#12649  pc=00400018
#12650  pc=0040001c
#12651  pc=00400020
#12652  pc=00400024   x8(s0/fp)=00000003
#12653  pc=00400028
#12654  pc=0040002c
#12655  pc=00400030
#12656  pc=0040004c   x10(a0)=00000002
#12657  pc=00400050
#12658  pc=00400014   x2(sp)=7fefff50
#12659  pc=00400018
#12660  pc=0040001c
#12661  pc=00400020
#12662  pc=00400024   x8(s0/fp)=00000002
#12663  pc=00400028
#12664  pc=0040002c
#12665  pc=00400030
#12666  pc=0040004c   x10(a0)=00000001
#12667  pc=00400050
#12668  pc=00400014   x2(sp)=7fefff40
#12669  pc=00400018
#12670  pc=0040001c
#12671  pc=00400020
#12672  pc=00400024   x8(s0/fp)=00000001
#12673  pc=00400028
#12674  pc=0040002c
#12675  pc=00400030
#12676  pc=00400034
#12677  pc=00400038
#12678  pc=0040003c   x8(s0/fp)=00000002
#12679  pc=00400040
#12680  pc=00400044   x2(sp)=7fefff50
#12681  pc=00400048
#12682  pc=00400054   x9(s1)=00000001
#12683  pc=00400058   x10(a0)=00000000
#12684  pc=0040005c   x1(ra)=00400060
#12685  pc=00400014   x2(sp)=7fefff40
#12686  pc=00400018
#12687  pc=0040001c
#12688  pc=00400020
#12689  pc=00400024   x8(s0/fp)=00000000
#12690  pc=00400028
#12691  pc=00400034
#12692  pc=00400038
#12693  pc=0040003c   x8(s0/fp)=00000002
#12694  pc=00400040
#12695  pc=00400044   x2(sp)=7fefff50
#12696  pc=00400048
#12697  pc=00400060   x8(s0/fp)=00000001
#12698  pc=00400064
#12699  pc=00400034   x10(a0)=00000001
#12700  pc=00400038   x1(ra)=00400054
#12701  pc=0040003c   x8(s0/fp)=00000003
#12702  pc=00400040   x9(s1)=00000008
#12703  pc=00400044   x2(sp)=7fefff60
#12704  pc=00400048
#12705  pc=00400054   x9(s1)=00000001
#12706  pc=00400058
#12707  pc=0040005c   x1(ra)=00400060
#12708  pc=00400014   x2(sp)=7fefff50
#12709  pc=00400018
#12710  pc=0040001c
#12711  pc=00400020
#12712  pc=00400024   x8(s0/fp)=00000001
#12713  pc=00400028
#12714  pc=0040002c
#12715  pc=00400030
#12716  pc=00400034
#12717  pc=00400038
#12718  pc=0040003c   x8(s0/fp)=00000003
#12719  pc=00400040
#12720  pc=00400044   x2(sp)=7fefff60
#12721  pc=00400048
#12722  pc=00400060   x8(s0/fp)=00000002
#12723  pc=00400064
#12724  pc=00400034   x10(a0)=00000002
#12725  pc=00400038   x1(ra)=00400054
#12726  pc=0040003c   x8(s0/fp)=00000004
#12727  pc=00400040   x9(s1)=00000008
#12728  pc=00400044   x2(sp)=7fefff70
#12729  pc=00400048
#12730  pc=00400054   x9(s1)=00000002
#12731  pc=00400058
#12732  pc=0040005c   x1(ra)=00400060
#12733  pc=00400014   x2(sp)=7fefff60
#12734  pc=00400018
#12735  pc=0040001c
#12736  pc=00400020
#12737  pc=00400024   x8(s0/fp)=00000002
#12738  pc=00400028
#12739  pc=0040002c
#12740  pc=00400030
#12741  pc=0040004c   x10(a0)=00000001
#12742  pc=00400050   x1(ra)=00400054
#12743  pc=00400014   x2(sp)=7fefff50
#12744  pc=00400018
#12745  pc=0040001c
#12746  pc=00400020
#12747  pc=00400024   x8(s0/fp)=00000001
#12748  pc=00400028
#12749  pc=0040002c
#12750  pc=00400030
#12751  pc=00400034
#12752  pc=00400038
#12753  pc=0040003c   x8(s0/fp)=00000002
#12754  pc=00400040
#12755  pc=00400044   x2(sp)=7fefff60
#12756  pc=00400048
#12757  pc=00400054   x9(s1)=00000001
#12758  pc=00400058   x10(a0)=00000000
#12759  pc=0040005c   x1(ra)=00400060
#12760  pc=00400014   x2(sp)=7fefff50
#12761  pc=00400018
#12762  pc=0040001c
#12763  pc=00400020
#12764  pc=00400024   x8(s0/fp)=00000000
#12765  pc=00400028
#12766  pc=00400034
#12767  pc=00400038
#12768  pc=0040003c   x8(s0/fp)=00000002
#12769  pc=00400040
#12770  pc=00400044   x2(sp)=7fefff60
#12771  pc=00400048
#12772  pc=00400060   x8(s0/fp)=00000001
#12773  pc=00400064
#12774  pc=00400034   x10(a0)=00000001
#12775  pc=00400038
#12776  pc=0040003c   x8(s0/fp)=00000004
#12777  pc=00400040   x9(s1)=00000002
#12778  pc=00400044   x2(sp)=7fefff70
#12779  pc=00400048
#12780  pc=00400060   x8(s0/fp)=00000003
#12781  pc=00400064
#12782  pc=00400034   x10(a0)=00000003
#12783  pc=00400038   x1(ra)=00400054
#12784  pc=0040003c   x8(s0/fp)=00000005
#12785  pc=00400040   x9(s1)=00000008
#12786  pc=00400044   x2(sp)=7fefff80
#12787  pc=00400048
#12788  pc=00400054   x9(s1)=00000003
#12789  pc=00400058
#12790  pc=0040005c   x1(ra)=00400060
#12791  pc=00400014   x2(sp)=7fefff70
#12792  pc=00400018
#12793  pc=0040001c
#12794  pc=00400020
#12795  pc=00400024   x8(s0/fp)=00000003
#12796  pc=00400028
#12797  pc=0040002c
#12798  pc=00400030
#12799  pc=0040004c   x10(a0)=00000002
#12800  pc=00400050   x1(ra)=00400054
#12801  pc=00400014   x2(sp)=7fefff60
#12802  pc=00400018
#12803  pc=0040001c
#12804  pc=00400020
#12805  pc=00400024   x8(s0/fp)=00000002
#12806  pc=00400028
#12807  pc=0040002c
#12808  pc=00400030
#12809  pc=0040004c   x10(a0)=00000001
#12810  pc=00400050
#12811  pc=00400014   x2(sp)=7fefff50
#12812  pc=00400018
#12813  pc=0040001c
#12814  pc=00400020
#12815  pc=00400024   x8(s0/fp)=00000001
#12816  pc=00400028
#12817  pc=0040002c
#12818  pc=00400030
#12819  pc=00400034
#12820  pc=00400038
#12821  pc=0040003c   x8(s0/fp)=00000002
#12822  pc=00400040
#12823  pc=00400044   x2(sp)=7fefff60
#12824  pc=00400048
#12825  pc=00400054   x9(s1)=00000001
#12826  pc=00400058   x10(a0)=00000000
#12827  pc=0040005c   x1(ra)=00400060
#12828  pc=00400014   x2(sp)=7fefff50
#12829  pc=00400018
#12830  pc=0040001c
#12831  pc=00400020
#12832  pc=00400024   x8(s0/fp)=00000000
#12833  pc=00400028
#12834  pc=00400034
#12835  pc=00400038
#12836  pc=0040003c   x8(s0/fp)=00000002
#12837  pc=00400040
#12838  pc=00400044   x2(sp)=7fefff60
#12839  pc=00400048
#12840  pc=00400060   x8(s0/fp)=00000001
#12841  pc=00400064
#12842  pc=00400034   x10(a0)=00000001
#12843  pc=00400038   x1(ra)=00400054
#12844  pc=0040003c   x8(s0/fp)=00000003
#12845  pc=00400040   x9(s1)=00000003
#12846  pc=00400044   x2(sp)=7fefff70
#12847  pc=00400048
#12848  pc=00400054   x9(s1)=00000001
#12849  pc=00400058
#12850  pc=0040005c   x1(ra)=00400060
#12851  pc=00400014   x2(sp)=7fefff60
#12852  pc=00400018
#12853  pc=0040001c
#12854  pc=00400020
#12855  pc=00400024   x8(s0/fp)=00000001
#12856  pc=00400028
#12857  pc=0040002c
#12858  pc=00400030
#12859  pc=00400034
#12860  pc=00400038
#12861  pc=0040003c   x8(s0/fp)=00000003
#12862  pc=00400040
#12863  pc=00400044   x2(sp)=7fefff70
#12864  pc=00400048
#12865  pc=00400060   x8(s0/fp)=00000002
#12866  pc=00400064
#12867  pc=00400034   x10(a0)=00000002
#12868  pc=00400038
#12869  pc=0040003c   x8(s0/fp)=00000005
#12870  pc=00400040   x9(s1)=00000003
#12871  pc=00400044   x2(sp)=7fefff80
#12872  pc=00400048
#12873  pc=00400060
#12874  pc=00400064
#12875  pc=00400034   x10(a0)=00000005
#12876  pc=00400038
#12877  pc=0040003c   x8(s0/fp)=00000007
#12878  pc=00400040   x9(s1)=00000008
#12879  pc=00400044   x2(sp)=7fefff90
#12880  pc=00400048
#12881  pc=00400060   x8(s0/fp)=0000000d
#12882  pc=00400064
#12883  pc=00400034   x10(a0)=0000000d
#12884  pc=00400038
#12885  pc=0040003c   x8(s0/fp)=00000009
#12886  pc=00400040   x9(s1)=00000015
#12887  pc=00400044   x2(sp)=7fefffa0
#12888  pc=00400048
#12889  pc=00400060   x8(s0/fp)=00000022
#12890  pc=00400064
#12891  pc=00400034   x10(a0)=00000022
#12892  pc=00400038
#12893  pc=0040003c   x8(s0/fp)=0000000b
#12894  pc=00400040   x9(s1)=00000037
#12895  pc=00400044   x2(sp)=7fefffb0
#12896  pc=00400048
#12897  pc=00400060   x8(s0/fp)=00000059
#12898  pc=00400064
#12899  pc=00400034   x10(a0)=00000059
#12900  pc=00400038
#12901  pc=0040003c   x8(s0/fp)=0000000d
#12902  pc=00400040   x9(s1)=00000090
#12903  pc=00400044   x2(sp)=7fefffc0
#12904  pc=00400048
#12905  pc=00400060   x8(s0/fp)=000000e9
#12906  pc=00400064
#12907  pc=00400034   x10(a0)=000000e9
#12908  pc=00400038   x1(ra)=00400054
#12909  pc=0040003c   x8(s0/fp)=0000000e
#12910  pc=00400040   x9(s1)=00000000
#12911  pc=00400044   x2(sp)=7fefffd0
#12912  pc=00400048
#12913  pc=00400054   x9(s1)=000000e9
#12914  pc=00400058   x10(a0)=0000000c
#12915  pc=0040005c   x1(ra)=00400060
#12916  pc=00400014   x2(sp)=7fefffc0
#12917  pc=00400018
#12918  pc=0040001c
#12919  pc=00400020
#12920  pc=00400024   x8(s0/fp)=0000000c
#12921  pc=00400028
#12922  pc=0040002c
#12923  pc=00400030
#12924  pc=0040004c   x10(a0)=0000000b
#12925  pc=00400050   x1(ra)=00400054
#12926  pc=00400014   x2(sp)=7fefffb0
#12927  pc=00400018
#12928  pc=0040001c
#12929  pc=00400020
#12930  pc=00400024   x8(s0/fp)=0000000b
#12931  pc=00400028
#12932  pc=0040002c
#12933  pc=00400030
#12934  pc=0040004c   x10(a0)=0000000a
#12935  pc=00400050
#12936  pc=00400014   x2(sp)=7fefffa0
#12937  pc=00400018
#12938  pc=0040001c
#12939  pc=00400020
#12940  pc=00400024   x8(s0/fp)=0000000a
#12941  pc=00400028
#12942  pc=0040002c
#12943  pc=00400030
#12944  pc=0040004c   x10(a0)=00000009
#12945  pc=00400050
#12946  pc=00400014   x2(sp)=7fefff90
#12947  pc=00400018
#12948  pc=0040001c
#12949  pc=00400020
#12950  pc=00400024   x8(s0/fp)=00000009
#12951  pc=00400028
#12952  pc=0040002c
#12953  pc=00400030
#12954  pc=0040004c   x10(a0)=00000008
#12955  pc=00400050
#12956  pc=00400014   x2(sp)=7fefff80
#12957  pc=00400018
#12958  pc=0040001c
#12959  pc=00400020
#12960  pc=00400024   x8(s0/fp)=00000008
#12961  pc=00400028
#12962  pc=0040002c
#12963  pc=00400030
#12964  pc=0040004c   x10(a0)=00000007
#12965  pc=00400050
#12966  pc=00400014   x2(sp)=7fefff70
#12967  pc=00400018
#12968  pc=0040001c
#12969  pc=00400020
#12970  pc=00400024   x8(s0/fp)=00000007
#12971  pc=00400028
#12972  pc=0040002c
#12973  pc=00400030
#12974  pc=0040004c   x10(a0)=00000006
#12975  pc=00400050
#12976  pc=00400014   x2(sp)=7fefff60
#12977  pc=00400018
#12978  pc=0040001c
#12979  pc=00400020
#12980  pc=00400024   x8(s0/fp)=00000006
#12981  pc=00400028
#12982  pc=0040002c
#12983  pc=00400030
#12984  pc=0040004c   x10(a0)=00000005
#12985  pc=00400050
#12986  pc=00400014   x2(sp)=7fefff50
#12987  pc=00400018
#12988  pc=0040001c
#12989  pc=00400020
#12990  pc=00400024   x8(s0/fp)=00000005
#12991  pc=00400028
#12992  pc=0040002c
#12993  pc=00400030
#12994  pc=0040004c   x10(a0)=00000004
#12995  pc=00400050
#12996  pc=00400014   x2(sp)=7fefff40
#12997  pc=00400018
#12998  pc=0040001c
#12999  pc=00400020
#13000  pc=00400024   x8(s0/fp)=00000004
#13001  pc=00400028
#13002  pc=0040002c
#13003  pc=00400030
#13004  pc=0040004c   x10(a0)=00000003
#13005  pc=00400050
#13006  pc=00400014   x2(sp)=7fefff30
#13007  pc=00400018
#13008  pc=0040001c
#13009  pc=00400020
#13010  pc=00400024   x8(s0/fp)=00000003
#13011  pc=00400028
#13012  pc=0040002c
#13013  pc=00400030
#13014  pc=0040004c   x10(a0)=00000002
#13015  pc=00400050
#13016  pc=00400014   x2(sp)=7fefff20
#13017  pc=00400018
#13018  pc=0040001c
#13019  pc=00400020
#13020  pc=00400024   x8(s0/fp)=00000002
#13021  pc=00400028
#13022  pc=0040002c
#13023  pc=00400030
#13024  pc=0040004c   x10(a0)=00000001
#13025  pc=00400050
#13026  pc=00400014   x2(sp)=7fefff10
#13027  pc=00400018
#13028  pc=0040001c
#13029  pc=00400020
#13030  pc=00400024   x8(s0/fp)=00000001
#13031  pc=00400028
#13032  pc=0040002c
#13033  pc=00400030
#13034  pc=00400034
#13035  pc=00400038
#13036  pc=0040003c   x8(s0/fp)=00000002
#13037  pc=00400040
#13038  pc=00400044   x2(sp)=7fefff20
#13039  pc=00400048
#13040  pc=00400054   x9(s1)=00000001
#13041  pc=00400058   x10(a0)=00000000
#13042  pc=0040005c   x1(ra)=00400060
#13043  pc=00400014   x2(sp)=7fefff10
#13044  pc=00400018
#13045  pc=0040001c
#13046  pc=00400020
#13047  pc=00400024   x8(s0/fp)=00000000
#13048  pc=00400028
#13049  pc=00400034
#13050  pc=00400038
#13051  pc=0040003c   x8(s0/fp)=00000002
#13052  pc=00400040
#13053  pc=00400044   x2(sp)=7fefff20
#13054  pc=00400048
#13055  pc=00400060   x8(s0/fp)=00000001
#13056  pc=00400064
#13057  pc=00400034   x10(a0)=00000001
#13058  pc=00400038   x1(ra)=00400054
#13059  pc=0040003c   x8(s0/fp)=00000003
#13060  pc=00400040   x9(s1)=000000e9
#13061  pc=00400044   x2(sp)=7fefff30
#13062  pc=00400048
#13063  pc=00400054   x9(s1)=00000001
#13064  pc=00400058
#13065  pc=0040005c   x1(ra)=00400060
#13066  pc=00400014   x2(sp)=7fefff20
#13067  pc=00400018
#13068  pc=0040001c
#13069  pc=00400020
#13070  pc=00400024   x8(s0/fp)=00000001
#13071  pc=00400028
#13072  pc=0040002c
#13073  pc=00400030
#13074  pc=00400034
#13075  pc=00400038
#13076  pc=0040003c   x8(s0/fp)=00000003
#13077  pc=00400040
#13078  pc=00400044   x2(sp)=7fefff30
#13079  pc=00400048
#13080  pc=00400060   x8(s0/fp)=00000002
#13081  pc=00400064
#13082  pc=00400034   x10(a0)=00000002
#13083  pc=00400038   x1(ra)=00400054
#13084  pc=0040003c   x8(s0/fp)=00000004
#13085  pc=00400040   x9(s1)=000000e9
#13086  pc=00400044   x2(sp)=7fefff40
#13087  pc=00400048
#13088  pc=00400054   x9(s1)=00000002
#13089  pc=00400058
#13090  pc=0040005c   x1(ra)=00400060
#13091  pc=00400014   x2(sp)=7fefff30
#13092  pc=00400018
#13093  pc=0040001c
#13094  pc=00400020
#13095  pc=00400024   x8(s0/fp)=00000002
#13096  pc=00400028
#13097  pc=0040002c
#13098  pc=00400030
#13099  pc=0040004c   x10(a0)=00000001
#13100  pc=00400050   x1(ra)=00400054
#13101  pc=00400014   x2(sp)=7fefff20
#13102  pc=00400018
#13103  pc=0040001c
#13104  pc=00400020
#13105  pc=00400024   x8(s0/fp)=00000001
#13106  pc=00400028
#13107  pc=0040002c
#13108  pc=00400030
#13109  pc=00400034
#13110  pc=00400038
#13111  pc=0040003c   x8(s0/fp)=00000002
#13112  pc=00400040
#13113  pc=00400044   x2(sp)=7fefff30
#13114  pc=00400048
#13115  pc=00400054   x9(s1)=00000001
#13116  pc=00400058   x10(a0)=00000000
#13117  pc=0040005c   x1(ra)=00400060
#13118  pc=00400014   x2(sp)=7fefff20
#13119  pc=00400018
#13120  pc=0040001c
#13121  pc=00400020
#13122  pc=00400024   x8(s0/fp)=00000000
#13123  pc=00400028
#13124  pc=00400034
#13125  pc=00400038
#13126  pc=0040003c   x8(s0/fp)=00000002
#13127  pc=00400040
#13128  pc=00400044   x2(sp)=7fefff30
#13129  pc=00400048
#13130  pc=00400060   x8(s0/fp)=00000001
#13131  pc=00400064
#13132  pc=00400034   x10(a0)=00000001
#13133  pc=00400038
#13134  pc=0040003c   x8(s0/fp)=00000004
#13135  pc=00400040   x9(s1)=00000002
#13136  pc=00400044   x2(sp)=7fefff40
#13137  pc=00400048
#13138  pc=00400060   x8(s0/fp)=00000003
#13139  pc=00400064
#13140  pc=00400034   x10(a0)=00000003
#13141  pc=00400038   x1(ra)=00400054
#13142  pc=0040003c   x8(s0/fp)=00000005
#13143  pc=00400040   x9(s1)=000000e9
#13144  pc=00400044   x2(sp)=7fefff50
#13145  pc=00400048
#13146  pc=00400054   x9(s1)=00000003
#13147  pc=00400058
#13148  pc=0040005c   x1(ra)=00400060
#13149  pc=00400014   x2(sp)=7fefff40
#13150  pc=00400018
#13151  pc=0040001c
#13152  pc=00400020
#13153  pc=00400024   x8(s0/fp)=00000003
#13154  pc=00400028
#13155  pc=0040002c
#13156  pc=00400030
#13157  pc=0040004c   x10(a0)=00000002
#13158  pc=00400050   x1(ra)=00400054
#13159  pc=00400014   x2(sp)=7fefff30
#13160  pc=00400018
#13161  pc=0040001c
#13162  pc=00400020
#13163  pc=00400024   x8(s0/fp)=00000002
#13164  pc=00400028
#13165  pc=0040002c
#13166  pc=00400030
#13167  pc=0040004c   x10(a0)=00000001
#13168  pc=00400050
#13169  pc=00400014   x2(sp)=7fefff20
#13170  pc=00400018
#13171  pc=0040001c
#13172  pc=00400020
#13173  pc=00400024   x8(s0/fp)=00000001
#13174  pc=00400028
#13175  pc=0040002c
#13176  pc=00400030
#13177  pc=00400034
#13178  pc=00400038
#13179  pc=0040003c   x8(s0/fp)=00000002
#13180  pc=00400040
#13181  pc=00400044   x2(sp)=7fefff30
#13182  pc=00400048
#13183  pc=00400054   x9(s1)=00000001
#13184  pc=00400058   x10(a0)=00000000
#13185  pc=0040005c   x1(ra)=00400060
#13186  pc=00400014   x2(sp)=7fefff20
#13187  pc=00400018
#13188  pc=0040001c
#13189  pc=00400020
#13190  pc=00400024   x8(s0/fp)=00000000
#13191  pc=00400028
#13192  pc=00400034
#13193  pc=00400038
#13194  pc=0040003c   x8(s0/fp)=00000002
#13195  pc=00400040
#13196  pc=00400044   x2(sp)=7fefff30
#13197  pc=00400048
#13198  pc=00400060   x8(s0/fp)=00000001
#13199  pc=00400064
#13200  pc=00400034   x10(a0)=00000001
#13201  pc=00400038   x1(ra)=00400054
#13202  pc=0040003c   x8(s0/fp)=00000003
#13203  pc=00400040   x9(s1)=00000003
#13204  pc=00400044   x2(sp)=7fefff40
#13205  pc=00400048
#13206  pc=00400054   x9(s1)=00000001
#13207  pc=00400058
#13208  pc=0040005c   x1(ra)=00400060
#13209  pc=00400014   x2(sp)=7fefff30
#13210  pc=00400018
#13211  pc=0040001c
#13212  pc=00400020
#13213  pc=00400024   x8(s0/fp)=00000001
#13214  pc=00400028
#13215  pc=0040002c
#13216  pc=00400030
#13217  pc=00400034
#13218  pc=00400038
#13219  pc=0040003c   x8(s0/fp)=00000003
#13220  pc=00400040
#13221  pc=00400044   x2(sp)=7fefff40
#13222  pc=00400048
#13223  pc=00400060   x8(s0/fp)=00000002
#13224  pc=00400064
#13225  pc=00400034   x10(a0)=00000002
#13226  pc=00400038
#13227  pc=0040003c   x8(s0/fp)=00000005
#13228  pc=00400040   x9(s1)=00000003
#13229  pc=00400044   x2(sp)=7fefff50
#13230  pc=00400048
#13231  pc=00400060
#13232  pc=00400064
#13233  pc=00400034   x10(a0)=00000005
#13234  pc=00400038   x1(ra)=00400054
#13235  pc=0040003c   x8(s0/fp)=00000006
#13236  pc=00400040   x9(s1)=000000e9
#13237  pc=00400044   x2(sp)=7fefff60
#13238  pc=00400048
#13239  pc=00400054   x9(s1)=00000005
#13240  pc=00400058   x10(a0)=00000004
#13241  pc=0040005c   x1(ra)=00400060
#13242  pc=00400014   x2(sp)=7fefff50
#13243  pc=00400018
#13244  pc=0040001c
#13245  pc=00400020
#13246  pc=00400024   x8(s0/fp)=00000004
#13247  pc=00400028
#13248  pc=0040002c
#13249  pc=00400030
#13250  pc=0040004c   x10(a0)=00000003
#13251  pc=00400050   x1(ra)=00400054
#13252  pc=00400014   x2(sp)=7fefff40
#13253  pc=00400018
#13254  pc=0040001c
#13255  pc=00400020
#13256  pc=00400024   x8(s0/fp)=00000003
#13257  pc=00400028
#13258  pc=0040002c
#13259  pc=00400030
#13260  pc=0040004c   x10(a0)=00000002
#13261  pc=00400050
#13262  pc=00400014   x2(sp)=7fefff30
#13263  pc=00400018
#13264  pc=0040001c
#13265  pc=00400020
#13266  pc=00400024   x8(s0/fp)=00000002
#13267  pc=00400028
#13268  pc=0040002c
#13269  pc=00400030
#13270  pc=0040004c   x10(a0)=00000001
#13271  pc=00400050
#13272  pc=00400014   x2(sp)=7fefff20
#13273  pc=00400018
#13274  pc=0040001c
#13275  pc=00400020
#13276  pc=00400024   x8(s0/fp)=00000001
#13277  pc=00400028
#13278  pc=0040002c
#13279  pc=00400030
#13280  pc=00400034
#13281  pc=00400038
#13282  pc=0040003c   x8(s0/fp)=00000002
#13283  pc=00400040
#13284  pc=00400044   x2(sp)=7fefff30
#13285  pc=00400048
#13286  pc=00400054   x9(s1)=00000001
#13287  pc=00400058   x10(a0)=00000000
#13288  pc=0040005c   x1(ra)=00400060
#13289  pc=00400014   x2(sp)=7fefff20
#13290  pc=00400018
#13291  pc=0040001c
#13292  pc=00400020
#13293  pc=00400024   x8(s0/fp)=00000000
#13294  pc=00400028
#13295  pc=00400034
#13296  pc=00400038
#13297  pc=0040003c   x8(s0/fp)=00000002
#13298  pc=00400040
#13299  pc=00400044   x2(sp)=7fefff30
#13300  pc=00400048
#13301  pc=00400060   x8(s0/fp)=00000001
#13302  pc=00400064
#13303  pc=00400034   x10(a0)=00000001
#13304  pc=00400038   x1(ra)=00400054
#13305  pc=0040003c   x8(s0/fp)=00000003
#13306  pc=00400040   x9(s1)=00000005
#13307  pc=00400044   x2(sp)=7fefff40
#13308  pc=00400048
#13309  pc=00400054   x9(s1)=00000001
#13310  pc=00400058
#13311  pc=0040005c   x1(ra)=00400060
#13312  pc=00400014   x2(sp)=7fefff30
#13313  pc=00400018
#13314  pc=0040001c
#13315  pc=00400020
#13316  pc=00400024   x8(s0/fp)=00000001
#13317  pc=00400028
#13318  pc=0040002c
#13319  pc=00400030
#13320  pc=00400034
#13321  pc=00400038
#13322  pc=0040003c   x8(s0/fp)=00000003
#13323  pc=00400040
#13324  pc=00400044   x2(sp)=7fefff40
#13325  pc=00400048
#13326  pc=00400060   x8(s0/fp)=00000002
#13327  pc=00400064
#13328  pc=00400034   x10(a0)=00000002
#13329  pc=00400038   x1(ra)=00400054
#13330  pc=0040003c   x8(s0/fp)=00000004
#13331  pc=00400040   x9(s1)=00000005
#13332  pc=00400044   x2(sp)=7fefff50
#13333  pc=00400048
#13334  pc=00400054   x9(s1)=00000002
#13335  pc=00400058
#13336  pc=0040005c   x1(ra)=00400060
#13337  pc=00400014   x2(sp)=7fefff40
#13338  pc=00400018
#13339  pc=0040001c
#13340  pc=00400020
#13341  pc=00400024   x8(s0/fp)=00000002
#13342  pc=00400028
#13343  pc=0040002c
#13344  pc=00400030
#13345  pc=0040004c   x10(a0)=00000001
#13346  pc=00400050   x1(ra)=00400054
#13347  pc=00400014   x2(sp)=7fefff30
#13348  pc=00400018
#13349  pc=0040001c
#13350  pc=00400020
#13351  pc=00400024   x8(s0/fp)=00000001
#13352  pc=00400028
#13353  pc=0040002c
#13354  pc=00400030
#13355  pc=00400034
#13356  pc=00400038
#13357  pc=0040003c   x8(s0/fp)=00000002
#13358  pc=00400040
#13359  pc=00400044   x2(sp)=7fefff40
#13360  pc=00400048
#13361  pc=00400054   x9(s1)=00000001
#13362  pc=00400058   x10(a0)=00000000
#13363  pc=0040005c   x1(ra)=00400060
#13364  pc=00400014   x2(sp)=7fefff30
#13365  pc=00400018
#13366  pc=0040001c
#13367  pc=00400020
#13368  pc=00400024   x8(s0/fp)=00000000
#13369  pc=00400028
#13370  pc=00400034
#13371  pc=00400038
#13372  pc=0040003c   x8(s0/fp)=00000002
#13373  pc=00400040
#13374  pc=00400044   x2(sp)=7fefff40
#13375  pc=00400048
#13376  pc=00400060   x8(s0/fp)=00000001
#13377  pc=00400064
#13378  pc=00400034   x10(a0)=00000001
#13379  pc=00400038
#13380  pc=0040003c   x8(s0/fp)=00000004
#13381  pc=00400040   x9(s1)=00000002
#13382  pc=00400044   x2(sp)=7fefff50
#13383  pc=00400048
#13384  pc=00400060   x8(s0/fp)=00000003
#13385  pc=00400064
#13386  pc=00400034   x10(a0)=00000003
#13387  pc=00400038
#13388  pc=0040003c   x8(s0/fp)=00000006
#13389  pc=00400040   x9(s1)=00000005
#13390  pc=00400044   x2(sp)=7fefff60
#13391  pc=00400048
#13392  pc=00400060   x8(s0/fp)=00000008
#13393  pc=00400064
#13394  pc=00400034   x10(a0)=00000008
#13395  pc=00400038   x1(ra)=00400054
#13396  pc=0040003c   x8(s0/fp)=00000007
#13397  pc=00400040   x9(s1)=000000e9
#13398  pc=00400044   x2(sp)=7fefff70
#13399  pc=00400048
#13400  pc=00400054   x9(s1)=00000008
#13401  pc=00400058   x10(a0)=00000005
#13402  pc=0040005c   x1(ra)=00400060
#13403  pc=00400014   x2(sp)=7fefff60
#13404  pc=00400018
#13405  pc=0040001c
#13406  pc=00400020
#13407  pc=00400024   x8(s0/fp)=00000005
#13408  pc=00400028
#13409  pc=0040002c
#13410  pc=00400030
#13411  pc=0040004c   x10(a0)=00000004
#13412  pc=00400050   x1(ra)=00400054
#13413  pc=00400014   x2(sp)=7fefff50
#13414  pc=00400018
#13415  pc=0040001c
#13416  pc=00400020
#13417  pc=00400024   x8(s0/fp)=00000004
#13418  pc=00400028
#13419  pc=0040002c
#13420  pc=00400030
#13421  pc=0040004c   x10(a0)=00000003
#13422  pc=00400050
#13423  pc=00400014   x2(sp)=7fefff40
#13424  pc=00400018
#13425  pc=0040001c
#13426  pc=00400020
#13427  pc=00400024   x8(s0/fp)=00000003
#13428  pc=00400028
#13429  pc=0040002c
#13430  pc=00400030
#13431  pc=0040004c   x10(a0)=00000002
#13432  pc=00400050
#13433  pc=00400014   x2(sp)=7fefff30
#13434  pc=00400018
#13435  pc=0040001c
#13436  pc=00400020
#13437  pc=00400024   x8(s0/fp)=00000002
#13438  pc=00400028
#13439  pc=0040002c
#13440  pc=00400030
#13441  pc=0040004c   x10(a0)=00000001
#13442  pc=00400050
#13443  pc=00400014   x2(sp)=7fefff20
#13444  pc=00400018
#13445  pc=0040001c
#13446  pc=00400020
#13447  pc=00400024   x8(s0/fp)=00000001
#13448  pc=00400028
#13449  pc=0040002c
#13450  pc=00400030
#13451  pc=00400034
#13452  pc=00400038
#13453  pc=0040003c   x8(s0/fp)=00000002
#13454  pc=00400040
#13455  pc=00400044   x2(sp)=7fefff30
#13456  pc=00400048
#13457  pc=00400054   x9(s1)=00000001
#13458  pc=00400058   x10(a0)=00000000
#13459  pc=0040005c   x1(ra)=00400060
#13460  pc=00400014   x2(sp)=7fefff20
#13461  pc=00400018
#13462  pc=0040001c
#13463  pc=00400020
#13464  pc=00400024   x8(s0/fp)=00000000
#13465  pc=00400028
#13466  pc=00400034
#13467  pc=00400038
#13468  pc=0040003c   x8(s0/fp)=00000002
#13469  pc=00400040
#13470  pc=00400044   x2(sp)=7fefff30
#13471  pc=00400048
#13472  pc=00400060   x8(s0/fp)=00000001
#13473  pc=00400064
#13474  pc=00400034   x10(a0)=00000001
#13475  pc=00400038   x1(ra)=00400054
#13476  pc=0040003c   x8(s0/fp)=00000003
#13477  pc=00400040   x9(s1)=00000008
#13478  pc=00400044   x2(sp)=7fefff40
#13479  pc=00400048
#13480  pc=00400054   x9(s1)=00000001
#13481  pc=00400058
#13482  pc=0040005c   x1(ra)=00400060
#13483  pc=00400014   x2(sp)=7fefff30
#13484  pc=00400018
#13485  pc=0040001c
#13486  pc=00400020
#13487  pc=00400024   x8(s0/fp)=00000001
#13488  pc=00400028
#13489  pc=0040002c
#13490  pc=00400030
#13491  pc=00400034
#13492  pc=00400038
#13493  pc=0040003c   x8(s0/fp)=00000003
#13494  pc=00400040
#13495  pc=00400044   x2(sp)=7fefff40
#13496  pc=00400048
#13497  pc=00400060   x8(s0/fp)=00000002
#13498  pc=00400064
#13499  pc=00400034   x10(a0)=00000002
#13500  pc=00400038   x1(ra)=00400054
#13501  pc=0040003c   x8(s0/fp)=00000004
#13502  pc=00400040   x9(s1)=00000008
#13503  pc=00400044   x2(sp)=7fefff50
#13504  pc=00400048
#13505  pc=00400054   x9(s1)=00000002
#13506  pc=00400058
#13507  pc=0040005c   x1(ra)=00400060
#13508  pc=00400014   x2(sp)=7fefff40
#13509  pc=00400018
#13510  pc=0040001c
#13511  pc=00400020
#13512  pc=00400024   x8(s0/fp)=00000002
#13513  pc=00400028
#13514  pc=0040002c
#13515  pc=00400030
#13516  pc=0040004c   x10(a0)=00000001
#13517  pc=00400050   x1(ra)=00400054
#13518  pc=00400014   x2(sp)=7fefff30
#13519  pc=00400018
#13520  pc=0040001c
#13521  pc=00400020
#13522  pc=00400024   x8(s0/fp)=00000001
#13523  pc=00400028
#13524  pc=0040002c
#13525  pc=00400030
#13526  pc=00400034
#13527  pc=00400038
#13528  pc=0040003c   x8(s0/fp)=00000002
#13529  pc=00400040
#13530  pc=00400044   x2(sp)=7fefff40
#13531  pc=00400048
#13532  pc=00400054   x9(s1)=00000001
#13533  pc=00400058   x10(a0)=00000000
#13534  pc=0040005c   x1(ra)=00400060
#13535  pc=00400014   x2(sp)=7fefff30
#13536  pc=00400018
#13537  pc=0040001c
#13538  pc=00400020
#13539  pc=00400024   x8(s0/fp)=00000000
#13540  pc=00400028
#13541  pc=00400034
#13542  pc=00400038
#13543  pc=0040003c   x8(s0/fp)=00000002
#13544  pc=00400040
#13545  pc=00400044   x2(sp)=7fefff40
#13546  pc=00400048
#13547  pc=00400060   x8(s0/fp)=00000001
#13548  pc=00400064
#13549  pc=00400034   x10(a0)=00000001
#13550  pc=00400038
#13551  pc=0040003c   x8(s0/fp)=00000004
#13552  pc=00400040   x9(s1)=00000002
#13553  pc=00400044   x2(sp)=7fefff50
#13554  pc=00400048
#13555  pc=00400060   x8(s0/fp)=00000003
#13556  pc=00400064
#13557  pc=00400034   x10(a0)=00000003
#13558  pc=00400038   x1(ra)=00400054
#13559  pc=0040003c   x8(s0/fp)=00000005
#13560  pc=00400040   x9(s1)=00000008
#13561  pc=00400044   x2(sp)=7fefff60
#13562  pc=00400048
#13563  pc=00400054   x9(s1)=00000003
#13564  pc=00400058
#13565  pc=0040005c   x1(ra)=00400060
#13566  pc=00400014   x2(sp)=7fefff50
#13567  pc=00400018
#13568  pc=0040001c
#13569  pc=00400020
#13570  pc=00400024   x8(s0/fp)=00000003
#13571  pc=00400028
#13572  pc=0040002c
#13573  pc=00400030
#13574  pc=0040004c   x10(a0)=00000002
#13575  pc=00400050   x1(ra)=00400054
#13576  pc=00400014   x2(sp)=7fefff40
#13577  pc=00400018
#13578  pc=0040001c
#13579  pc=00400020
#13580  pc=00400024   x8(s0/fp)=00000002
#13581  pc=00400028
#13582  pc=0040002c
#13583  pc=00400030
#13584  pc=0040004c   x10(a0)=00000001
#13585  pc=00400050
#13586  pc=00400014   x2(sp)=7fefff30
#13587  pc=00400018
#13588  pc=0040001c
#13589  pc=00400020
#13590  pc=00400024   x8(s0/fp)=00000001
#13591  pc=00400028
#13592  pc=0040002c
#13593  pc=00400030
#13594  pc=00400034
#13595  pc=00400038
#13596  pc=0040003c   x8(s0/fp)=00000002
#13597  pc=00400040
#13598  pc=00400044   x2(sp)=7fefff40
#13599  pc=00400048
#13600  pc=00400054   x9(s1)=00000001
#13601  pc=00400058   x10(a0)=00000000
#13602  pc=0040005c   x1(ra)=00400060
#13603  pc=00400014   x2(sp)=7fefff30
#13604  pc=00400018
#13605  pc=0040001c
#13606  pc=00400020
#13607  pc=00400024   x8(s0/fp)=00000000
#13608  pc=00400028
#13609  pc=00400034
#13610  pc=00400038
#13611  pc=0040003c   x8(s0/fp)=00000002
#13612  pc=00400040
#13613  pc=00400044   x2(sp)=7fefff40
#13614  pc=00400048
#13615  pc=00400060   x8(s0/fp)=00000001
#13616  pc=00400064
#13617  pc=00400034   x10(a0)=00000001
#13618  pc=00400038   x1(ra)=00400054
#13619  pc=0040003c   x8(s0/fp)=00000003
#13620  pc=00400040   x9(s1)=00000003
#13621  pc=00400044   x2(sp)=7fefff50
#13622  pc=00400048
#13623  pc=00400054   x9(s1)=00000001
#13624  pc=00400058
#13625  pc=0040005c   x1(ra)=00400060
#13626  pc=00400014   x2(sp)=7fefff40
#13627  pc=00400018
#13628  pc=0040001c
#13629  pc=00400020
#13630  pc=00400024   x8(s0/fp)=00000001
#13631  pc=00400028
#13632  pc=0040002c
#13633  pc=00400030
#13634  pc=00400034
#13635  pc=00400038
#13636  pc=0040003c   x8(s0/fp)=00000003
#13637  pc=00400040
#13638  pc=00400044   x2(sp)=7fefff50
#13639  pc=00400048
#13640  pc=00400060   x8(s0/fp)=00000002
#13641  pc=00400064
#13642  pc=00400034   x10(a0)=00000002
#13643  pc=00400038
#13644  pc=0040003c   x8(s0/fp)=00000005
#13645  pc=00400040   x9(s1)=00000003
#13646  pc=00400044   x2(sp)=7fefff60
#13647  pc=00400048
#13648  pc=00400060
#13649  pc=00400064
#13650  pc=00400034   x10(a0)=00000005
#13651  pc=00400038
#13652  pc=0040003c   x8(s0/fp)=00000007
#13653  pc=00400040   x9(s1)=00000008
#13654  pc=00400044   x2(sp)=7fefff70
#13655  pc=00400048
#13656  pc=00400060   x8(s0/fp)=0000000d
#13657  pc=00400064
#13658  pc=00400034   x10(a0)=0000000d
#13659  pc=00400038   x1(ra)=00400054
#13660  pc=0040003c   x8(s0/fp)=00000008
#13661  pc=00400040   x9(s1)=000000e9
#13662  pc=00400044   x2(sp)=7fefff80
#13663  pc=00400048
#13664  pc=00400054   x9(s1)=0000000d
#13665  pc=00400058   x10(a0)=00000006
#13666  pc=0040005c   x1(ra)=00400060
#13667  pc=00400014   x2(sp)=7fefff70
#13668  pc=00400018
#13669  pc=0040001c
#13670  pc=00400020
#13671  pc=00400024   x8(s0/fp)=00000006
#13672  pc=00400028
#13673  pc=0040002c
#13674  pc=00400030
#13675  pc=0040004c   x10(a0)=00000005
#13676  pc=00400050   x1(ra)=00400054
#13677  pc=00400014   x2(sp)=7fefff60
#13678  pc=00400018
#13679  pc=0040001c
#13680  pc=00400020
#13681  pc=00400024   x8(s0/fp)=00000005
#13682  pc=00400028
#13683  pc=0040002c
#13684  pc=00400030
#13685  pc=0040004c   x10(a0)=00000004
#13686  pc=00400050
#13687  pc=00400014   x2(sp)=7fefff50
#13688  pc=00400018
#13689  pc=0040001c
#13690  pc=00400020
#13691  pc=00400024   x8(s0/fp)=00000004
#13692  pc=00400028
#13693  pc=0040002c
#13694  pc=00400030
#13695  pc=0040004c   x10(a0)=00000003
#13696  pc=00400050
#13697  pc=00400014   x2(sp)=7fefff40
#13698  pc=00400018
#13699  pc=0040001c
#13700  pc=00400020
#13701  pc=00400024   x8(s0/fp)=00000003
#13702  pc=00400028
#13703  pc=0040002c
#13704  pc=00400030
#13705  pc=0040004c   x10(a0)=00000002
#13706  pc=00400050
#13707  pc=00400014   x2(sp)=7fefff30
#13708  pc=00400018
#13709  pc=0040001c
#13710  pc=00400020
#13711  pc=00400024   x8(s0/fp)=00000002
#13712  pc=00400028
#13713  pc=0040002c
#13714  pc=00400030
#13715  pc=0040004c   x10(a0)=00000001
#13716  pc=00400050
#13717  pc=00400014   x2(sp)=7fefff20
#13718  pc=00400018
#13719  pc=0040001c
#13720  pc=00400020
#13721  pc=00400024   x8(s0/fp)=00000001
#13722  pc=00400028
#13723  pc=0040002c
#13724  pc=00400030
#13725  pc=00400034
#13726  pc=00400038
#13727  pc=0040003c   x8(s0/fp)=00000002
#13728  pc=00400040
#13729  pc=00400044   x2(sp)=7fefff30
#13730  pc=00400048
#13731  pc=00400054   x9(s1)=00000001
#13732  pc=00400058   x10(a0)=00000000
#13733  pc=0040005c   x1(ra)=00400060
#13734  pc=00400014   x2(sp)=7fefff20
#13735  pc=00400018
#13736  pc=0040001c
#13737  pc=00400020
#13738  pc=00400024   x8(s0/fp)=00000000
#13739  pc=00400028
#13740  pc=00400034
#13741  pc=00400038
#13742  pc=0040003c   x8(s0/fp)=00000002
#13743  pc=00400040
#13744  pc=00400044   x2(sp)=7fefff30
#13745  pc=00400048
#13746  pc=00400060   x8(s0/fp)=00000001
#13747  pc=00400064
#13748  pc=00400034   x10(a0)=00000001
#13749  pc=00400038   x1(ra)=00400054
#13750  pc=0040003c   x8(s0/fp)=00000003
#13751  pc=00400040   x9(s1)=0000000d
#13752  pc=00400044   x2(sp)=7fefff40
#13753  pc=00400048
#13754  pc=00400054   x9(s1)=00000001
#13755  pc=00400058
#13756  pc=0040005c   x1(ra)=00400060
#13757  pc=00400014   x2(sp)=7fefff30
#13758  pc=00400018
#13759  pc=0040001c
#13760  pc=00400020
#13761  pc=00400024   x8(s0/fp)=00000001
#13762  pc=00400028
#13763  pc=0040002c
#13764  pc=00400030
#13765  pc=00400034
#13766  pc=00400038
#13767  pc=0040003c   x8(s0/fp)=00000003
#13768  pc=00400040
#13769  pc=00400044   x2(sp)=7fefff40
#13770  pc=00400048
#13771  pc=00400060   x8(s0/fp)=00000002
#13772  pc=00400064
#13773  pc=00400034   x10(a0)=00000002
#13774  pc=00400038   x1(ra)=00400054
#13775  pc=0040003c   x8(s0/fp)=00000004
#13776  pc=00400040   x9(s1)=0000000d
#13777  pc=00400044   x2(sp)=7fefff50
#13778  pc=00400048
#13779  pc=00400054   x9(s1)=00000002
#13780  pc=00400058
#13781  pc=0040005c   x1(ra)=00400060
#13782  pc=00400014   x2(sp)=7fefff40
#13783  pc=00400018
#13784  pc=0040001c
#13785  pc=00400020
#13786  pc=00400024   x8(s0/fp)=00000002
#13787  pc=00400028
#13788  pc=0040002c
#13789  pc=00400030
#13790  pc=0040004c   x10(a0)=00000001
#13791  pc=00400050   x1(ra)=00400054
#13792  pc=00400014   x2(sp)=7fefff30
#13793  pc=00400018
#13794  pc=0040001c
#13795  pc=00400020
#13796  pc=00400024   x8(s0/fp)=00000001
#13797  pc=00400028
#13798  pc=0040002c
#13799  pc=00400030
#13800  pc=00400034
#13801  pc=00400038
#13802  pc=0040003c   x8(s0/fp)=00000002
#13803  pc=00400040
#13804  pc=00400044   x2(sp)=7fefff40
#13805  pc=00400048
#13806  pc=00400054   x9(s1)=00000001
#13807  pc=00400058   x10(a0)=00000000
#13808  pc=0040005c   x1(ra)=00400060
#13809  pc=00400014   x2(sp)=7fefff30
#13810  pc=00400018
#13811  pc=0040001c
#13812  pc=00400020
#13813  pc=00400024   x8(s0/fp)=00000000
#13814  pc=00400028
#13815  pc=00400034
#13816  pc=00400038
#13817  pc=0040003c   x8(s0/fp)=00000002
#13818  pc=00400040
#13819  pc=00400044   x2(sp)=7fefff40
#13820  pc=00400048
#13821  pc=00400060   x8(s0/fp)=00000001
#13822  pc=00400064
#13823  pc=00400034   x10(a0)=00000001
#13824  pc=00400038
#13825  pc=0040003c   x8(s0/fp)=00000004
#13826  pc=00400040   x9(s1)=00000002
#13827  pc=00400044   x2(sp)=7fefff50
#13828  pc=00400048
#13829  pc=00400060   x8(s0/fp)=00000003
#13830  pc=00400064
#13831  pc=00400034   x10(a0)=00000003
#13832  pc=00400038   x1(ra)=00400054
#13833  pc=0040003c   x8(s0/fp)=00000005
#13834  pc=00400040   x9(s1)=0000000d
#13835  pc=00400044   x2(sp)=7fefff60
#13836  pc=00400048
#13837  pc=00400054   x9(s1)=00000003
#13838  pc=00400058
#13839  pc=0040005c   x1(ra)=00400060
#13840  pc=00400014   x2(sp)=7fefff50
#13841  pc=00400018
#13842  pc=0040001c
#13843  pc=00400020
#13844  pc=00400024   x8(s0/fp)=00000003
#13845  pc=00400028
#13846  pc=0040002c
#13847  pc=00400030
#13848  pc=0040004c   x10(a0)=00000002
#13849  pc=00400050   x1(ra)=00400054
#13850  pc=00400014   x2(sp)=7fefff40
#13851  pc=00400018
#13852  pc=0040001c
#13853  pc=00400020
#13854  pc=00400024   x8(s0/fp)=00000002
#13855  pc=00400028
#13856  pc=0040002c
#13857  pc=00400030
#13858  pc=0040004c   x10(a0)=00000001
#13859  pc=00400050
#13860  pc=00400014   x2(sp)=7fefff30
#13861  pc=00400018
#13862  pc=0040001c
#13863  pc=00400020
#13864  pc=00400024   x8(s0/fp)=00000001
#13865  pc=00400028
#13866  pc=0040002c
#13867  pc=00400030
#13868  pc=00400034
#13869  pc=00400038
#13870  pc=0040003c   x8(s0/fp)=00000002
#13871  pc=00400040
#13872  pc=00400044   x2(sp)=7fefff40
#13873  pc=00400048
#13874  pc=00400054   x9(s1)=00000001
#13875  pc=00400058   x10(a0)=00000000
#13876  pc=0040005c   x1(ra)=00400060
#13877  pc=00400014   x2(sp)=7fefff30
#13878  pc=00400018
#13879  pc=0040001c
#13880  pc=00400020
#13881  pc=00400024   x8(s0/fp)=00000000
#13882  pc=00400028
#13883  pc=00400034
#13884  pc=00400038
#13885  pc=0040003c   x8(s0/fp)=00000002
#13886  pc=00400040
#13887  pc=00400044   x2(sp)=7fefff40
#13888  pc=00400048
#13889  pc=00400060   x8(s0/fp)=00000001
#13890  pc=00400064
#13891  pc=00400034   x10(a0)=00000001
#13892  pc=00400038   x1(ra)=00400054
#13893  pc=0040003c   x8(s0/fp)=00000003
#13894  pc=00400040   x9(s1)=00000003
#13895  pc=00400044   x2(sp)=7fefff50
#13896  pc=00400048
#13897  pc=00400054   x9(s1)=00000001
#13898  pc=00400058
#13899  pc=0040005c   x1(ra)=00400060
#13900  pc=00400014   x2(sp)=7fefff40
#13901  pc=00400018
#13902  pc=0040001c
#13903  pc=00400020
#13904  pc=00400024   x8(s0/fp)=00000001
#13905  pc=00400028
#13906  pc=0040002c
#13907  pc=00400030
#13908  pc=00400034
#13909  pc=00400038
#13910  pc=0040003c   x8(s0/fp)=00000003
#13911  pc=00400040
#13912  pc=00400044   x2(sp)=7fefff50
#13913  pc=00400048
#13914  pc=00400060   x8(s0/fp)=00000002
#13915  pc=00400064
#13916  pc=00400034   x10(a0)=00000002
#13917  pc=00400038
#13918  pc=0040003c   x8(s0/fp)=00000005
#13919  pc=00400040   x9(s1)=00000003
#13920  pc=00400044   x2(sp)=7fefff60
#13921  pc=00400048
#13922  pc=00400060
#13923  pc=00400064
#13924  pc=00400034   x10(a0)=00000005
#13925  pc=00400038   x1(ra)=00400054
#13926  pc=0040003c   x8(s0/fp)=00000006
#13927  pc=00400040   x9(s1)=0000000d
#13928  pc=00400044   x2(sp)=7fefff70
#13929  pc=00400048
#13930  pc=00400054   x9(s1)=00000005
#13931  pc=00400058   x10(a0)=00000004
#13932  pc=0040005c   x1(ra)=00400060
#13933  pc=00400014   x2(sp)=7fefff60
#13934  pc=00400018
#13935  pc=0040001c
#13936  pc=00400020
#13937  pc=00400024   x8(s0/fp)=00000004
#13938  pc=00400028
#13939  pc=0040002c
#13940  pc=00400030
#13941  pc=0040004c   x10(a0)=00000003
#13942  pc=00400050   x1(ra)=00400054
#13943  pc=00400014   x2(sp)=7fefff50
#13944  pc=00400018
#13945  pc=0040001c
#13946  pc=00400020
#13947  pc=00400024   x8(s0/fp)=00000003
#13948  pc=00400028
#13949  pc=0040002c
#13950  pc=00400030
#13951  pc=0040004c   x10(a0)=00000002
#13952  pc=00400050
#13953  pc=00400014   x2(sp)=7fefff40
#13954  pc=00400018
#13955  pc=0040001c
#13956  pc=00400020
#13957  pc=00400024   x8(s0/fp)=00000002
#13958  pc=00400028
#13959  pc=0040002c
#13960  pc=00400030
#13961  pc=0040004c   x10(a0)=00000001
#13962  pc=00400050
#13963  pc=00400014   x2(sp)=7fefff30
#13964  pc=00400018
#13965  pc=0040001c
#13966  pc=00400020
#13967  pc=00400024   x8(s0/fp)=00000001
#13968  pc=00400028
#13969  pc=0040002c
#13970  pc=00400030
#13971  pc=00400034
#13972  pc=00400038
#13973  pc=0040003c   x8(s0/fp)=00000002
#13974  pc=00400040
#13975  pc=00400044   x2(sp)=7fefff40
#13976  pc=00400048
#13977  pc=00400054   x9(s1)=00000001
#13978  pc=00400058   x10(a0)=00000000
#13979  pc=0040005c   x1(ra)=00400060
#13980  pc=00400014   x2(sp)=7fefff30
#13981  pc=00400018
#13982  pc=0040001c
#13983  pc=00400020
#13984  pc=00400024   x8(s0/fp)=00000000
#13985  pc=00400028
#13986  pc=00400034
#13987  pc=00400038
#13988  pc=0040003c   x8(s0/fp)=00000002
#13989  pc=00400040
#13990  pc=00400044   x2(sp)=7fefff40
#13991  pc=00400048
#13992  pc=00400060   x8(s0/fp)=00000001
#13993  pc=00400064
#13994  pc=00400034   x10(a0)=00000001
#13995  pc=00400038   x1(ra)=00400054
#13996  pc=0040003c   x8(s0/fp)=00000003
#13997  pc=00400040   x9(s1)=00000005
#13998  pc=00400044   x2(sp)=7fefff50
#13999  pc=00400048
#14000  pc=00400054   x9(s1)=00000001
#14001  pc=00400058
#14002  pc=0040005c   x1(ra)=00400060
#14003  pc=00400014   x2(sp)=7fefff40
#14004  pc=00400018
#14005  pc=0040001c
#14006  pc=00400020
#14007  pc=00400024   x8(s0/fp)=00000001
#14008  pc=00400028
#14009  pc=0040002c
#14010  pc=00400030
#14011  pc=00400034
#14012  pc=00400038
#14013  pc=0040003c   x8(s0/fp)=00000003
#14014  pc=00400040
#14015  pc=00400044   x2(sp)=7fefff50
#14016  pc=00400048
#14017  pc=00400060   x8(s0/fp)=00000002
#14018  pc=00400064
#14019  pc=00400034   x10(a0)=00000002
#14020  pc=00400038   x1(ra)=00400054
#14021  pc=0040003c   x8(s0/fp)=00000004
#14022  pc=00400040   x9(s1)=00000005
#14023  pc=00400044   x2(sp)=7fefff60
#14024  pc=00400048
#14025  pc=00400054   x9(s1)=00000002
#14026  pc=00400058
#14027  pc=0040005c   x1(ra)=00400060
#14028  pc=00400014   x2(sp)=7fefff50
#14029  pc=00400018
#14030  pc=0040001c
#14031  pc=00400020
#14032  pc=00400024   x8(s0/fp)=00000002
#14033  pc=00400028
#14034  pc=0040002c
#14035  pc=00400030
#14036  pc=0040004c   x10(a0)=00000001
#14037  pc=00400050   x1(ra)=00400054
#14038  pc=00400014   x2(sp)=7fefff40
#14039  pc=00400018
#14040  pc=0040001c
#14041  pc=00400020
#14042  pc=00400024   x8(s0/fp)=00000001
#14043  pc=00400028
#14044  pc=0040002c
#14045  pc=00400030
#14046  pc=00400034
#14047  pc=00400038
#14048  pc=0040003c   x8(s0/fp)=00000002
#14049  pc=00400040
#14050  pc=00400044   x2(sp)=7fefff50
#14051  pc=00400048
#14052  pc=00400054   x9(s1)=00000001
#14053  pc=00400058   x10(a0)=00000000
#14054  pc=0040005c   x1(ra)=00400060
#14055  pc=00400014   x2(sp)=7fefff40
#14056  pc=00400018
#14057  pc=0040001c
#14058  pc=00400020
#14059  pc=00400024   x8(s0/fp)=00000000
#14060  pc=00400028
#14061  pc=00400034
#14062  pc=00400038
#14063  pc=0040003c   x8(s0/fp)=00000002
#14064  pc=00400040
#14065  pc=00400044   x2(sp)=7fefff50
#14066  pc=00400048
#14067  pc=00400060   x8(s0/fp)=00000001
#14068  pc=00400064
#14069  pc=00400034   x10(a0)=00000001
#14070  pc=00400038
#14071  pc=0040003c   x8(s0/fp)=00000004
#14072  pc=00400040   x9(s1)=00000002
#14073  pc=00400044   x2(sp)=7fefff60
#14074  pc=00400048
#14075  pc=00400060   x8(s0/fp)=00000003
#14076  pc=00400064
#14077  pc=00400034   x10(a0)=00000003
#14078  pc=00400038
#14079  pc=0040003c   x8(s0/fp)=00000006
#14080  pc=00400040   x9(s1)=00000005
#14081  pc=00400044   x2(sp)=7fefff70
#14082  pc=00400048
#14083  pc=00400060   x8(s0/fp)=00000008
#14084  pc=00400064
#14085  pc=00400034   x10(a0)=00000008
#14086  pc=00400038
#14087  pc=0040003c
#14088  pc=00400040   x9(s1)=0000000d
#14089  pc=00400044   x2(sp)=7fefff80
#14090  pc=00400048
#14091  pc=00400060   x8(s0/fp)=00000015
#14092  pc=00400064
#14093  pc=00400034   x10(a0)=00000015
#14094  pc=00400038   x1(ra)=00400054
#14095  pc=0040003c   x8(s0/fp)=00000009
#14096  pc=00400040   x9(s1)=000000e9
#14097  pc=00400044   x2(sp)=7fefff90
#14098  pc=00400048
#14099  pc=00400054   x9(s1)=00000015
#14100  pc=00400058   x10(a0)=00000007
#14101  pc=0040005c   x1(ra)=00400060
#14102  pc=00400014   x2(sp)=7fefff80
#14103  pc=00400018
#14104  pc=0040001c
#14105  pc=00400020
#14106  pc=00400024   x8(s0/fp)=00000007
#14107  pc=00400028
#14108  pc=0040002c
#14109  pc=00400030
#14110  pc=0040004c   x10(a0)=00000006
#14111  pc=00400050   x1(ra)=00400054
#14112  pc=00400014   x2(sp)=7fefff70
#14113  pc=00400018
#14114  pc=0040001c
#14115  pc=00400020
#14116  pc=00400024   x8(s0/fp)=00000006
#14117  pc=00400028
#14118  pc=0040002c
#14119  pc=00400030
#14120  pc=0040004c   x10(a0)=00000005
#14121  pc=00400050
#14122  pc=00400014   x2(sp)=7fefff60
#14123  pc=00400018
#14124  pc=0040001c
#14125  pc=00400020
#14126  pc=00400024   x8(s0/fp)=00000005
#14127  pc=00400028
#14128  pc=0040002c
#14129  pc=00400030
#14130  pc=0040004c   x10(a0)=00000004
#14131  pc=00400050
#14132  pc=00400014   x2(sp)=7fefff50
#14133  pc=00400018
#14134  pc=0040001c
#14135  pc=00400020
#14136  pc=00400024   x8(s0/fp)=00000004
#14137  pc=00400028
#14138  pc=0040002c
#14139  pc=00400030
#14140  pc=0040004c   x10(a0)=00000003
#14141  pc=00400050
#14142  pc=00400014   x2(sp)=7fefff40
#14143  pc=00400018
#14144  pc=0040001c
#14145  pc=00400020
#14146  pc=00400024   x8(s0/fp)=00000003
#14147  pc=00400028
#14148  pc=0040002c
#14149  pc=00400030
#14150  pc=0040004c   x10(a0)=00000002
#14151  pc=00400050
#14152  pc=00400014   x2(sp)=7fefff30
#14153  pc=00400018
#14154  pc=0040001c
#14155  pc=00400020
#14156  pc=00400024   x8(s0/fp)=00000002
#14157  pc=00400028
#14158  pc=0040002c
#14159  pc=00400030
#14160  pc=0040004c   x10(a0)=00000001
#14161  pc=00400050
#14162  pc=00400014   x2(sp)=7fefff20
#14163  pc=00400018
#14164  pc=0040001c
#14165  pc=00400020
#14166  pc=00400024   x8(s0/fp)=00000001
#14167  pc=00400028
#14168  pc=0040002c
#14169  pc=00400030
#14170  pc=00400034
#14171  pc=00400038
#14172  pc=0040003c   x8(s0/fp)=00000002
#14173  pc=00400040
#14174  pc=00400044   x2(sp)=7fefff30
#14175  pc=00400048
#14176  pc=00400054   x9(s1)=00000001
#14177  pc=00400058   x10(a0)=00000000
#14178  pc=0040005c   x1(ra)=00400060
#14179  pc=00400014   x2(sp)=7fefff20
#14180  pc=00400018
#14181  pc=0040001c
#14182  pc=00400020
#14183  pc=00400024   x8(s0/fp)=00000000
#14184  pc=00400028
#14185  pc=00400034
#14186  pc=00400038
#14187  pc=0040003c   x8(s0/fp)=00000002
#14188  pc=00400040
#14189  pc=00400044   x2(sp)=7fefff30
#14190  pc=00400048
#14191  pc=00400060   x8(s0/fp)=00000001
#14192  pc=00400064
#14193  pc=00400034   x10(a0)=00000001
#14194  pc=00400038   x1(ra)=00400054
#14195  pc=0040003c   x8(s0/fp)=00000003
#14196  pc=00400040   x9(s1)=00000015
#14197  pc=00400044   x2(sp)=7fefff40
#14198  pc=00400048
#14199  pc=00400054   x9(s1)=00000001
#14200  pc=00400058
#14201  pc=0040005c   x1(ra)=00400060
#14202  pc=00400014   x2(sp)=7fefff30
#14203  pc=00400018
#14204  pc=0040001c
#14205  pc=00400020
#14206  pc=00400024   x8(s0/fp)=00000001
#14207  pc=00400028
#14208  pc=0040002c
#14209  pc=00400030
#14210  pc=00400034
#14211  pc=00400038
#14212  pc=0040003c   x8(s0/fp)=00000003
#14213  pc=00400040
#14214  pc=00400044   x2(sp)=7fefff40
#14215  pc=00400048
#14216  pc=00400060   x8(s0/fp)=00000002
#14217  pc=00400064
#14218  pc=00400034   x10(a0)=00000002
#14219  pc=00400038   x1(ra)=00400054
#14220  pc=0040003c   x8(s0/fp)=00000004
#14221  pc=00400040   x9(s1)=00000015
#14222  pc=00400044   x2(sp)=7fefff50
#14223  pc=00400048
#14224  pc=00400054   x9(s1)=00000002
#14225  pc=00400058
#14226  pc=0040005c   x1(ra)=00400060
#14227  pc=00400014   x2(sp)=7fefff40
#14228  pc=00400018
#14229  pc=0040001c
#14230  pc=00400020
#14231  pc=00400024   x8(s0/fp)=00000002
#14232  pc=00400028
#14233  pc=0040002c
#14234  pc=00400030
#14235  pc=0040004c   x10(a0)=00000001
#14236  pc=00400050   x1(ra)=00400054
#14237  pc=00400014   x2(sp)=7fefff30
#14238  pc=00400018
#14239  pc=0040001c
#14240  pc=00400020
#14241  pc=00400024   x8(s0/fp)=00000001
#14242  pc=00400028
#14243  pc=0040002c
#14244  pc=00400030
#14245  pc=00400034
#14246  pc=00400038
#14247  pc=0040003c   x8(s0/fp)=00000002
#14248  pc=00400040
#14249  pc=00400044   x2(sp)=7fefff40
#14250  pc=00400048
#14251  pc=00400054   x9(s1)=00000001
#14252  pc=00400058   x10(a0)=00000000
#14253  pc=0040005c   x1(ra)=00400060
#14254  pc=00400014   x2(sp)=7fefff30
#14255  pc=00400018
#14256  pc=0040001c
#14257  pc=00400020
#14258  pc=00400024   x8(s0/fp)=00000000
#14259  pc=00400028
#14260  pc=00400034
#14261  pc=00400038
#14262  pc=0040003c   x8(s0/fp)=00000002
#14263  pc=00400040
#14264  pc=00400044   x2(sp)=7fefff40
#14265  pc=00400048
#14266  pc=00400060   x8(s0/fp)=00000001
#14267  pc=00400064
#14268  pc=00400034   x10(a0)=00000001
#14269  pc=00400038
#14270  pc=0040003c   x8(s0/fp)=00000004
#14271  pc=00400040   x9(s1)=00000002
#14272  pc=00400044   x2(sp)=7fefff50
#14273  pc=00400048
#14274  pc=00400060   x8(s0/fp)=00000003
#14275  pc=00400064
#14276  pc=00400034   x10(a0)=00000003
#14277  pc=00400038   x1(ra)=00400054
#14278  pc=0040003c   x8(s0/fp)=00000005
#14279  pc=00400040   x9(s1)=00000015
#14280  pc=00400044   x2(sp)=7fefff60
#14281  pc=00400048
#14282  pc=00400054   x9(s1)=00000003
#14283  pc=00400058
#14284  pc=0040005c   x1(ra)=00400060
#14285  pc=00400014   x2(sp)=7fefff50
#14286  pc=00400018
#14287  pc=0040001c
#14288  pc=00400020
#14289  pc=00400024   x8(s0/fp)=00000003
#14290  pc=00400028
#14291  pc=0040002c
#14292  pc=00400030
#14293  pc=0040004c   x10(a0)=00000002
#14294  pc=00400050   x1(ra)=00400054
#14295  pc=00400014   x2(sp)=7fefff40
#14296  pc=00400018
#14297  pc=0040001c
#14298  pc=00400020
#14299  pc=00400024   x8(s0/fp)=00000002
#14300  pc=00400028
#14301  pc=0040002c
#14302  pc=00400030
#14303  pc=0040004c   x10(a0)=00000001
#14304  pc=00400050
#14305  pc=00400014   x2(sp)=7fefff30
#14306  pc=00400018
#14307  pc=0040001c
#14308  pc=00400020
#14309  pc=00400024   x8(s0/fp)=00000001
#14310  pc=00400028
#14311  pc=0040002c
#14312  pc=00400030
#14313  pc=00400034
#14314  pc=00400038
#14315  pc=0040003c   x8(s0/fp)=00000002
#14316  pc=00400040
#14317  pc=00400044   x2(sp)=7fefff40
#14318  pc=00400048
#14319  pc=00400054   x9(s1)=00000001
#14320  pc=00400058   x10(a0)=00000000
#14321  pc=0040005c   x1(ra)=00400060
#14322  pc=00400014   x2(sp)=7fefff30
#14323  pc=00400018
#14324  pc=0040001c
#14325  pc=00400020
#14326  pc=00400024   x8(s0/fp)=00000000
#14327  pc=00400028
#14328  pc=00400034
#14329  pc=00400038
#14330  pc=0040003c   x8(s0/fp)=00000002
#14331  pc=00400040
#14332  pc=00400044   x2(sp)=7fefff40
#14333  pc=00400048
#14334  pc=00400060   x8(s0/fp)=00000001
#14335  pc=00400064
#14336  pc=00400034   x10(a0)=00000001
#14337  pc=00400038   x1(ra)=00400054
#14338  pc=0040003c   x8(s0/fp)=00000003
#14339  pc=00400040   x9(s1)=00000003
#14340  pc=00400044   x2(sp)=7fefff50
#14341  pc=00400048
#14342  pc=00400054   x9(s1)=00000001
#14343  pc=00400058
#14344  pc=0040005c   x1(ra)=00400060
#14345  pc=00400014   x2(sp)=7fefff40
#14346  pc=00400018
#14347  pc=0040001c
#14348  pc=00400020
#14349  pc=00400024   x8(s0/fp)=00000001
#14350  pc=00400028
#14351  pc=0040002c
#14352  pc=00400030
#14353  pc=00400034
#14354  pc=00400038
#14355  pc=0040003c   x8(s0/fp)=00000003
#14356  pc=00400040
#14357  pc=00400044   x2(sp)=7fefff50
#14358  pc=00400048
#14359  pc=00400060   x8(s0/fp)=00000002
#14360  pc=00400064
#14361  pc=00400034   x10(a0)=00000002
#14362  pc=00400038
#14363  pc=0040003c   x8(s0/fp)=00000005
#14364  pc=00400040   x9(s1)=00000003
#14365  pc=00400044   x2(sp)=7fefff60
#14366  pc=00400048
#14367  pc=00400060
#14368  pc=00400064
#14369  pc=00400034   x10(a0)=00000005
#14370  pc=00400038   x1(ra)=00400054
#14371  pc=0040003c   x8(s0/fp)=00000006
#14372  pc=00400040   x9(s1)=00000015
#14373  pc=00400044   x2(sp)=7fefff70
#14374  pc=00400048
#14375  pc=00400054   x9(s1)=00000005
#14376  pc=00400058   x10(a0)=00000004
#14377  pc=0040005c   x1(ra)=00400060
#14378  pc=00400014   x2(sp)=7fefff60
#14379  pc=00400018
#14380  pc=0040001c
#14381  pc=00400020
#14382  pc=00400024   x8(s0/fp)=00000004
#14383  pc=00400028
#14384  pc=0040002c
#14385  pc=00400030
#14386  pc=0040004c   x10(a0)=00000003
#14387  pc=00400050   x1(ra)=00400054
#14388  pc=00400014   x2(sp)=7fefff50
#14389  pc=00400018
#14390  pc=0040001c
#14391  pc=00400020
#14392  pc=00400024   x8(s0/fp)=00000003
#14393  pc=00400028
#14394  pc=0040002c
#14395  pc=00400030
#14396  pc=0040004c   x10(a0)=00000002
#14397  pc=00400050
#14398  pc=00400014   x2(sp)=7fefff40
#14399  pc=00400018
#14400  pc=0040001c
#14401  pc=00400020
#14402  pc=00400024   x8(s0/fp)=00000002
#14403  pc=00400028
#14404  pc=0040002c
#14405  pc=00400030
#14406  pc=0040004c   x10(a0)=00000001
#14407  pc=00400050
#14408  pc=00400014   x2(sp)=7fefff30
#14409  pc=00400018
#14410  pc=0040001c
#14411  pc=00400020
#14412  pc=00400024   x8(s0/fp)=00000001
#14413  pc=00400028
#14414  pc=0040002c
#14415  pc=00400030
#14416  pc=00400034
#14417  pc=00400038
#14418  pc=0040003c   x8(s0/fp)=00000002
#14419  pc=00400040
#14420  pc=00400044   x2(sp)=7fefff40
#14421  pc=00400048
#14422  pc=00400054   x9(s1)=00000001
#14423  pc=00400058   x10(a0)=00000000
#14424  pc=0040005c   x1(ra)=00400060
#14425  pc=00400014   x2(sp)=7fefff30
#14426  pc=00400018
#14427  pc=0040001c
#14428  pc=00400020
#14429  pc=00400024   x8(s0/fp)=00000000
#14430  pc=00400028
#14431  pc=00400034
#14432  pc=00400038
#14433  pc=0040003c   x8(s0/fp)=00000002
#14434  pc=00400040
#14435  pc=00400044   x2(sp)=7fefff40
#14436  pc=00400048
#14437  pc=00400060   x8(s0/fp)=00000001
#14438  pc=00400064
#14439  pc=00400034   x10(a0)=00000001
#14440  pc=00400038   x1(ra)=00400054
#14441  pc=0040003c   x8(s0/fp)=00000003
#14442  pc=00400040   x9(s1)=00000005
#14443  pc=00400044   x2(sp)=7fefff50
#14444  pc=00400048
#14445  pc=00400054   x9(s1)=00000001
#14446  pc=00400058
#14447  pc=0040005c   x1(ra)=00400060
#14448  pc=00400014   x2(sp)=7fefff40
#14449  pc=00400018
#14450  pc=0040001c
#14451  pc=00400020
#14452  pc=00400024   x8(s0/fp)=00000001
#14453  pc=00400028
#14454  pc=0040002c
#14455  pc=00400030
#14456  pc=00400034
#14457  pc=00400038
#14458  pc=0040003c   x8(s0/fp)=00000003
#14459  pc=00400040
#14460  pc=00400044   x2(sp)=7fefff50
#14461  pc=00400048
#14462  pc=00400060   x8(s0/fp)=00000002
#14463  pc=00400064
#14464  pc=00400034   x10(a0)=00000002
#14465  pc=00400038   x1(ra)=00400054
#14466  pc=0040003c   x8(s0/fp)=00000004
#14467  pc=00400040   x9(s1)=00000005
#14468  pc=00400044   x2(sp)=7fefff60
#14469  pc=00400048
#14470  pc=00400054   x9(s1)=00000002
#14471  pc=00400058
#14472  pc=0040005c   x1(ra)=00400060
#14473  pc=00400014   x2(sp)=7fefff50
#14474  pc=00400018
#14475  pc=0040001c
#14476  pc=00400020
#14477  pc=00400024   x8(s0/fp)=00000002
#14478  pc=00400028
#14479  pc=0040002c
#14480  pc=00400030
#14481  pc=0040004c   x10(a0)=00000001
#14482  pc=00400050   x1(ra)=00400054
#14483  pc=00400014   x2(sp)=7fefff40
#14484  pc=00400018
#14485  pc=0040001c
#14486  pc=00400020
#14487  pc=00400024   x8(s0/fp)=00000001
#14488  pc=00400028
#14489  pc=0040002c
#14490  pc=00400030
#14491  pc=00400034
#14492  pc=00400038
#14493  pc=0040003c   x8(s0/fp)=00000002
#14494  pc=00400040
#14495  pc=00400044   x2(sp)=7fefff50
#14496  pc=00400048
#14497  pc=00400054   x9(s1)=00000001
#14498  pc=00400058   x10(a0)=00000000
#14499  pc=0040005c   x1(ra)=00400060
#14500  pc=00400014   x2(sp)=7fefff40
#14501  pc=00400018
#14502  pc=0040001c
#14503  pc=00400020
#14504  pc=00400024   x8(s0/fp)=00000000
#14505  pc=00400028
#14506  pc=00400034
#14507  pc=00400038
#14508  pc=0040003c   x8(s0/fp)=00000002
#14509  pc=00400040
#14510  pc=00400044   x2(sp)=7fefff50
#14511  pc=00400048
#14512  pc=00400060   x8(s0/fp)=00000001
#14513  pc=00400064
#14514  pc=00400034   x10(a0)=00000001
#14515  pc=00400038
#14516  pc=0040003c   x8(s0/fp)=00000004
#14517  pc=00400040   x9(s1)=00000002
#14518  pc=00400044   x2(sp)=7fefff60
#14519  pc=00400048
#14520  pc=00400060   x8(s0/fp)=00000003
#14521  pc=00400064
#14522  pc=00400034   x10(a0)=00000003
#14523  pc=00400038
#14524  pc=0040003c   x8(s0/fp)=00000006
#14525  pc=00400040   x9(s1)=00000005
#14526  pc=00400044   x2(sp)=7fefff70
#14527  pc=00400048
#14528  pc=00400060   x8(s0/fp)=00000008
#14529  pc=00400064
#14530  pc=00400034   x10(a0)=00000008
#14531  pc=00400038   x1(ra)=00400054
#14532  pc=0040003c   x8(s0/fp)=00000007
#14533  pc=00400040   x9(s1)=00000015
#14534  pc=00400044   x2(sp)=7fefff80
#14535  pc=00400048
#14536  pc=00400054   x9(s1)=00000008
#14537  pc=00400058   x10(a0)=00000005
#14538  pc=0040005c   x1(ra)=00400060
#14539  pc=00400014   x2(sp)=7fefff70
#14540  pc=00400018
#14541  pc=0040001c
#14542  pc=00400020
#14543  pc=00400024   x8(s0/fp)=00000005
#14544  pc=00400028
#14545  pc=0040002c
#14546  pc=00400030
#14547  pc=0040004c   x10(a0)=00000004
#14548  pc=00400050   x1(ra)=00400054
#14549  pc=00400014   x2(sp)=7fefff60
#14550  pc=00400018
#14551  pc=0040001c
#14552  pc=00400020
#14553  pc=00400024   x8(s0/fp)=00000004
#14554  pc=00400028
#14555  pc=0040002c
#14556  pc=00400030
#14557  pc=0040004c   x10(a0)=00000003
#14558  pc=00400050
#14559  pc=00400014   x2(sp)=7fefff50
#14560  pc=00400018
#14561  pc=0040001c
#14562  pc=00400020
#14563  pc=00400024   x8(s0/fp)=00000003
#14564  pc=00400028
#14565  pc=0040002c
#14566  pc=00400030
#14567  pc=0040004c   x10(a0)=00000002
#14568  pc=00400050
#14569  pc=00400014   x2(sp)=7fefff40
#14570  pc=00400018
#14571  pc=0040001c
#14572  pc=00400020
#14573  pc=00400024   x8(s0/fp)=00000002
#14574  pc=00400028
#14575  pc=0040002c
#14576  pc=00400030
#14577  pc=0040004c   x10(a0)=00000001
#14578  pc=00400050
#14579  pc=00400014   x2(sp)=7fefff30
#14580  pc=00400018
#14581  pc=0040001c
#14582  pc=00400020
#14583  pc=00400024   x8(s0/fp)=00000001
#14584  pc=00400028
#14585  pc=0040002c
#14586  pc=00400030
#14587  pc=00400034
#14588  pc=00400038
#14589  pc=0040003c   x8(s0/fp)=00000002
#14590  pc=00400040
#14591  pc=00400044   x2(sp)=7fefff40
#14592  pc=00400048
#14593  pc=00400054   x9(s1)=00000001
#14594  pc=00400058   x10(a0)=00000000
#14595  pc=0040005c   x1(ra)=00400060
#14596  pc=00400014   x2(sp)=7fefff30
#14597  pc=00400018
#14598  pc=0040001c
#14599  pc=00400020
#14600  pc=00400024   x8(s0/fp)=00000000
#14601  pc=00400028
#14602  pc=00400034
#14603  pc=00400038
#14604  pc=0040003c   x8(s0/fp)=00000002
#14605  pc=00400040
#14606  pc=00400044   x2(sp)=7fefff40
#14607  pc=00400048
#14608  pc=00400060   x8(s0/fp)=00000001
#14609  pc=00400064
#14610  pc=00400034   x10(a0)=00000001
#14611  pc=00400038   x1(ra)=00400054
#14612  pc=0040003c   x8(s0/fp)=00000003
#14613  pc=00400040   x9(s1)=00000008
#14614  pc=00400044   x2(sp)=7fefff50
#14615  pc=00400048
#14616  pc=00400054   x9(s1)=00000001
#14617  pc=00400058
#14618  pc=0040005c   x1(ra)=00400060
#14619  pc=00400014   x2(sp)=7fefff40
#14620  pc=00400018
#14621  pc=0040001c
#14622  pc=00400020
#14623  pc=00400024   x8(s0/fp)=00000001
#14624  pc=00400028
#14625  pc=0040002c
#14626  pc=00400030
#14627  pc=00400034
#14628  pc=00400038
#14629  pc=0040003c   x8(s0/fp)=00000003
#14630  pc=00400040
#14631  pc=00400044   x2(sp)=7fefff50
#14632  pc=00400048
#14633  pc=00400060   x8(s0/fp)=00000002
#14634  pc=00400064
#14635  pc=00400034   x10(a0)=00000002
#14636  pc=00400038   x1(ra)=00400054
#14637  pc=0040003c   x8(s0/fp)=00000004
#14638  pc=00400040   x9(s1)=00000008
#14639  pc=00400044   x2(sp)=7fefff60
#14640  pc=00400048
#14641  pc=00400054   x9(s1)=00000002
#14642  pc=00400058
#14643  pc=0040005c   x1(ra)=00400060
#14644  pc=00400014   x2(sp)=7fefff50
#14645  pc=00400018
#14646  pc=0040001c
#14647  pc=00400020
#14648  pc=00400024   x8(s0/fp)=00000002
#14649  pc=00400028
#14650  pc=0040002c
#14651  pc=00400030
#14652  pc=0040004c   x10(a0)=00000001
#14653  pc=00400050   x1(ra)=00400054
#14654  pc=00400014   x2(sp)=7fefff40
#14655  pc=00400018
#14656  pc=0040001c
#14657  pc=00400020
#14658  pc=00400024   x8(s0/fp)=00000001
#14659  pc=00400028
#14660  pc=0040002c
#14661  pc=00400030
#14662  pc=00400034
#14663  pc=00400038
#14664  pc=0040003c   x8(s0/fp)=00000002
#14665  pc=00400040
#14666  pc=00400044   x2(sp)=7fefff50
#14667  pc=00400048
#14668  pc=00400054   x9(s1)=00000001
#14669  pc=00400058   x10(a0)=00000000
#14670  pc=0040005c   x1(ra)=00400060
#14671  pc=00400014   x2(sp)=7fefff40
#14672  pc=00400018
#14673  pc=0040001c
#14674  pc=00400020
#14675  pc=00400024   x8(s0/fp)=00000000
#14676  pc=00400028
#14677  pc=00400034
#14678  pc=00400038
#14679  pc=0040003c   x8(s0/fp)=00000002
#14680  pc=00400040
#14681  pc=00400044   x2(sp)=7fefff50
#14682  pc=00400048
#14683  pc=00400060   x8(s0/fp)=00000001
#14684  pc=00400064
#14685  pc=00400034   x10(a0)=00000001
#14686  pc=00400038
#14687  pc=0040003c   x8(s0/fp)=00000004
#14688  pc=00400040   x9(s1)=00000002
#14689  pc=00400044   x2(sp)=7fefff60
#14690  pc=00400048
#14691  pc=00400060   x8(s0/fp)=00000003
#14692  pc=00400064
#14693  pc=00400034   x10(a0)=00000003
#14694  pc=00400038   x1(ra)=00400054
#14695  pc=0040003c   x8(s0/fp)=00000005
#14696  pc=00400040   x9(s1)=00000008
#14697  pc=00400044   x2(sp)=7fefff70
#14698  pc=00400048
#14699  pc=00400054   x9(s1)=00000003
#14700  pc=00400058
#14701  pc=0040005c   x1(ra)=00400060
#14702  pc=00400014   x2(sp)=7fefff60
#14703  pc=00400018
#14704  pc=0040001c
#14705  pc=00400020
#14706  pc=00400024   x8(s0/fp)=00000003
#14707  pc=00400028
#14708  pc=0040002c
#14709  pc=00400030
#14710  pc=0040004c   x10(a0)=00000002
#14711  pc=00400050   x1(ra)=00400054
#14712  pc=00400014   x2(sp)=7fefff50
#14713  pc=00400018
#14714  pc=0040001c
#14715  pc=00400020
#14716  pc=00400024   x8(s0/fp)=00000002
#14717  pc=00400028
#14718  pc=0040002c
#14719  pc=00400030
#14720  pc=0040004c   x10(a0)=00000001
#14721  pc=00400050
#14722  pc=00400014   x2(sp)=7fefff40
#14723  pc=00400018
#14724  pc=0040001c
#14725  pc=00400020
#14726  pc=00400024   x8(s0/fp)=00000001
#14727  pc=00400028
#14728  pc=0040002c
#14729  pc=00400030
#14730  pc=00400034
#14731  pc=00400038
#14732  pc=0040003c   x8(s0/fp)=00000002
#14733  pc=00400040
#14734  pc=00400044   x2(sp)=7fefff50
#14735  pc=00400048
#14736  pc=00400054   x9(s1)=00000001
#14737  pc=00400058   x10(a0)=00000000
#14738  pc=0040005c   x1(ra)=00400060
#14739  pc=00400014   x2(sp)=7fefff40
#14740  pc=00400018
#14741  pc=0040001c
#14742  pc=00400020
#14743  pc=00400024   x8(s0/fp)=00000000
#14744  pc=00400028
#14745  pc=00400034
#14746  pc=00400038
#14747  pc=0040003c   x8(s0/fp)=00000002
#14748  pc=00400040
#14749  pc=00400044   x2(sp)=7fefff50
#14750  pc=00400048
#14751  pc=00400060   x8(s0/fp)=00000001
#14752  pc=00400064
#14753  pc=00400034   x10(a0)=00000001
#14754  pc=00400038   x1(ra)=00400054
#14755  pc=0040003c   x8(s0/fp)=00000003
#14756  pc=00400040   x9(s1)=00000003
#14757  pc=00400044   x2(sp)=7fefff60
#14758  pc=00400048
#14759  pc=00400054   x9(s1)=00000001
#14760  pc=00400058
#14761  pc=0040005c   x1(ra)=00400060
#14762  pc=00400014   x2(sp)=7fefff50
#14763  pc=00400018
#14764  pc=0040001c
#14765  pc=00400020
#14766  pc=00400024   x8(s0/fp)=00000001
#14767  pc=00400028
#14768  pc=0040002c
#14769  pc=00400030
#14770  pc=00400034
#14771  pc=00400038
#14772  pc=0040003c   x8(s0/fp)=00000003
#14773  pc=00400040
#14774  pc=00400044   x2(sp)=7fefff60
#14775  pc=00400048
#14776  pc=00400060   x8(s0/fp)=00000002
#14777  pc=00400064
#14778  pc=00400034   x10(a0)=00000002
#14779  pc=00400038
#14780  pc=0040003c   x8(s0/fp)=00000005
#14781  pc=00400040   x9(s1)=00000003
#14782  pc=00400044   x2(sp)=7fefff70
#14783  pc=00400048
#14784  pc=00400060
#14785  pc=00400064
#14786  pc=00400034   x10(a0)=00000005
#14787  pc=00400038
#14788  pc=0040003c   x8(s0/fp)=00000007
#14789  pc=00400040   x9(s1)=00000008
#14790  pc=00400044   x2(sp)=7fefff80
#14791  pc=00400048
#14792  pc=00400060   x8(s0/fp)=0000000d
#14793  pc=00400064
#14794  pc=00400034   x10(a0)=0000000d
#14795  pc=00400038
#14796  pc=0040003c   x8(s0/fp)=00000009
#14797  pc=00400040   x9(s1)=00000015
#14798  pc=00400044   x2(sp)=7fefff90
#14799  pc=00400048
#14800  pc=00400060   x8(s0/fp)=00000022
#14801  pc=00400064
#14802  pc=00400034   x10(a0)=00000022
#14803  pc=00400038   x1(ra)=00400054
#14804  pc=0040003c   x8(s0/fp)=0000000a
#14805  pc=00400040   x9(s1)=000000e9
#14806  pc=00400044   x2(sp)=7fefffa0
#14807  pc=00400048
#14808  pc=00400054   x9(s1)=00000022
#14809  pc=00400058   x10(a0)=00000008
#14810  pc=0040005c   x1(ra)=00400060
#14811  pc=00400014   x2(sp)=7fefff90
#14812  pc=00400018
#14813  pc=0040001c
#14814  pc=00400020
#14815  pc=00400024   x8(s0/fp)=00000008
#14816  pc=00400028
#14817  pc=0040002c
#14818  pc=00400030
#14819  pc=0040004c   x10(a0)=00000007
#14820  pc=00400050   x1(ra)=00400054
#14821  pc=00400014   x2(sp)=7fefff80
#14822  pc=00400018
#14823  pc=0040001c
#14824  pc=00400020
#14825  pc=00400024   x8(s0/fp)=00000007
#14826  pc=00400028
#14827  pc=0040002c
#14828  pc=00400030
#14829  pc=0040004c   x10(a0)=00000006
#14830  pc=00400050
#14831  pc=00400014   x2(sp)=7fefff70
#14832  pc=00400018
#14833  pc=0040001c
#14834  pc=00400020
#14835  pc=00400024   x8(s0/fp)=00000006
#14836  pc=00400028
#14837  pc=0040002c
#14838  pc=00400030
#14839  pc=0040004c   x10(a0)=00000005
#14840  pc=00400050
#14841  pc=00400014   x2(sp)=7fefff60
#14842  pc=00400018
#14843  pc=0040001c
#14844  pc=00400020
#14845  pc=00400024   x8(s0/fp)=00000005
#14846  pc=00400028
#14847  pc=0040002c
#14848  pc=00400030
#14849  pc=0040004c   x10(a0)=00000004
#14850  pc=00400050
#14851  pc=00400014   x2(sp)=7fefff50
#14852  pc=00400018
#14853  pc=0040001c
#14854  pc=00400020
#14855  pc=00400024   x8(s0/fp)=00000004
#14856  pc=00400028
#14857  pc=0040002c
#14858  pc=00400030
#14859  pc=0040004c   x10(a0)=00000003
#14860  pc=00400050
#14861  pc=00400014   x2(sp)=7fefff40
#14862  pc=00400018
#14863  pc=0040001c
#14864  pc=00400020
#14865  pc=00400024   x8(s0/fp)=00000003
#14866  pc=00400028
#14867  pc=0040002c
#14868  pc=00400030
#14869  pc=0040004c   x10(a0)=00000002
#14870  pc=00400050
#14871  pc=00400014   x2(sp)=7fefff30
#14872  pc=00400018
#14873  pc=0040001c
#14874  pc=00400020
#14875  pc=00400024   x8(s0/fp)=00000002
#14876  pc=00400028
#14877  pc=0040002c
#14878  pc=00400030
#14879  pc=0040004c   x10(a0)=00000001
#14880  pc=00400050
#14881  pc=00400014   x2(sp)=7fefff20
#14882  pc=00400018
#14883  pc=0040001c
#14884  pc=00400020
#14885  pc=00400024   x8(s0/fp)=00000001
#14886  pc=00400028
#14887  pc=0040002c
#14888  pc=00400030
#14889  pc=00400034
#14890  pc=00400038
#14891  pc=0040003c   x8(s0/fp)=00000002
#14892  pc=00400040
#14893  pc=00400044   x2(sp)=7fefff30
#14894  pc=00400048
#14895  pc=00400054   x9(s1)=00000001
#14896  pc=00400058   x10(a0)=00000000
#14897  pc=0040005c   x1(ra)=00400060
#14898  pc=00400014   x2(sp)=7fefff20
#14899  pc=00400018
#14900  pc=0040001c
#14901  pc=00400020
#14902  pc=00400024   x8(s0/fp)=00000000
#14903  pc=00400028
#14904  pc=00400034
#14905  pc=00400038
#14906  pc=0040003c   x8(s0/fp)=00000002
#14907  pc=00400040
#14908  pc=00400044   x2(sp)=7fefff30
#14909  pc=00400048
#14910  pc=00400060   x8(s0/fp)=00000001
#14911  pc=00400064
#14912  pc=00400034   x10(a0)=00000001
#14913  pc=00400038   x1(ra)=00400054
#14914  pc=0040003c   x8(s0/fp)=00000003
#14915  pc=00400040   x9(s1)=00000022
#14916  pc=00400044   x2(sp)=7fefff40
#14917  pc=00400048
#14918  pc=00400054   x9(s1)=00000001
#14919  pc=00400058
#14920  pc=0040005c   x1(ra)=00400060
#14921  pc=00400014   x2(sp)=7fefff30
#14922  pc=00400018
#14923  pc=0040001c
#14924  pc=00400020
#14925  pc=00400024   x8(s0/fp)=00000001
#14926  pc=00400028
#14927  pc=0040002c
#14928  pc=00400030
#14929  pc=00400034
#14930  pc=00400038
#14931  pc=0040003c   x8(s0/fp)=00000003
#14932  pc=00400040
#14933  pc=00400044   x2(sp)=7fefff40
#14934  pc=00400048
#14935  pc=00400060   x8(s0/fp)=00000002
#14936  pc=00400064
#14937  pc=00400034   x10(a0)=00000002
#14938  pc=00400038   x1(ra)=00400054
#14939  pc=0040003c   x8(s0/fp)=00000004
#14940  pc=00400040   x9(s1)=00000022
#14941  pc=00400044   x2(sp)=7fefff50
#14942  pc=00400048
#14943  pc=00400054   x9(s1)=00000002
#14944  pc=00400058
#14945  pc=0040005c   x1(ra)=00400060
#14946  pc=00400014   x2(sp)=7fefff40
#14947  pc=00400018
#14948  pc=0040001c
#14949  pc=00400020
#14950  pc=00400024   x8(s0/fp)=00000002
#14951  pc=00400028
#14952  pc=0040002c
#14953  pc=00400030
#14954  pc=0040004c   x10(a0)=00000001
#14955  pc=00400050   x1(ra)=00400054
#14956  pc=00400014   x2(sp)=7fefff30
#14957  pc=00400018
#14958  pc=0040001c
#14959  pc=00400020
#14960  pc=00400024   x8(s0/fp)=00000001
#14961  pc=00400028
#14962  pc=0040002c
#14963  pc=00400030
#14964  pc=00400034
#14965  pc=00400038
#14966  pc=0040003c   x8(s0/fp)=00000002
#14967  pc=00400040
#14968  pc=00400044   x2(sp)=7fefff40
#14969  pc=00400048
#14970  pc=00400054   x9(s1)=00000001
#14971  pc=00400058   x10(a0)=00000000
#14972  pc=0040005c   x1(ra)=00400060
#14973  pc=00400014   x2(sp)=7fefff30
#14974  pc=00400018
#14975  pc=0040001c
#14976  pc=00400020
#14977  pc=00400024   x8(s0/fp)=00000000
#14978  pc=00400028
#14979  pc=00400034
#14980  pc=00400038
#14981  pc=0040003c   x8(s0/fp)=00000002
#14982  pc=00400040
#14983  pc=00400044   x2(sp)=7fefff40
#14984  pc=00400048
#14985  pc=00400060   x8(s0/fp)=00000001
#14986  pc=00400064
#14987  pc=00400034   x10(a0)=00000001
#14988  pc=00400038
#14989  pc=0040003c   x8(s0/fp)=00000004
#14990  pc=00400040   x9(s1)=00000002
#14991  pc=00400044   x2(sp)=7fefff50
#14992  pc=00400048
#14993  pc=00400060   x8(s0/fp)=00000003
#14994  pc=00400064
#14995  pc=00400034   x10(a0)=00000003
#14996  pc=00400038   x1(ra)=00400054
#14997  pc=0040003c   x8(s0/fp)=00000005
#14998  pc=00400040   x9(s1)=00000022
#14999  pc=00400044   x2(sp)=7fefff60
#15000  pc=00400048
#15001  pc=00400054   x9(s1)=00000003
#15002  pc=00400058
#15003  pc=0040005c   x1(ra)=00400060
#15004  pc=00400014   x2(sp)=7fefff50
#15005  pc=00400018
#15006  pc=0040001c
#15007  pc=00400020
#15008  pc=00400024   x8(s0/fp)=00000003
#15009  pc=00400028
#15010  pc=0040002c
#15011  pc=00400030
#15012  pc=0040004c   x10(a0)=00000002
#15013  pc=00400050   x1(ra)=00400054
#15014  pc=00400014   x2(sp)=7fefff40
#15015  pc=00400018
#15016  pc=0040001c
#15017  pc=00400020
#15018  pc=00400024   x8(s0/fp)=00000002
#15019  pc=00400028
#15020  pc=0040002c
#15021  pc=00400030
#15022  pc=0040004c   x10(a0)=00000001
#15023  pc=00400050
#15024  pc=00400014   x2(sp)=7fefff30
#15025  pc=00400018
#15026  pc=0040001c
#15027  pc=00400020
#15028  pc=00400024   x8(s0/fp)=00000001
#15029  pc=00400028
#15030  pc=0040002c
#15031  pc=00400030
#15032  pc=00400034
#15033  pc=00400038
#15034  pc=0040003c   x8(s0/fp)=00000002
#15035  pc=00400040
#15036  pc=00400044   x2(sp)=7fefff40
#15037  pc=00400048
#15038  pc=00400054   x9(s1)=00000001
#15039  pc=00400058   x10(a0)=00000000
#15040  pc=0040005c   x1(ra)=00400060
#15041  pc=00400014   x2(sp)=7fefff30
#15042  pc=00400018
#15043  pc=0040001c
#15044  pc=00400020
#15045  pc=00400024   x8(s0/fp)=00000000
#15046  pc=00400028
#15047  pc=00400034
#15048  pc=00400038
#15049  pc=0040003c   x8(s0/fp)=00000002
#15050  pc=00400040
#15051  pc=00400044   x2(sp)=7fefff40
#15052  pc=00400048
#15053  pc=00400060   x8(s0/fp)=00000001
#15054  pc=00400064
#15055  pc=00400034   x10(a0)=00000001
#15056  pc=00400038   x1(ra)=00400054
#15057  pc=0040003c   x8(s0/fp)=00000003
#15058  pc=00400040   x9(s1)=00000003
#15059  pc=00400044   x2(sp)=7fefff50
#15060  pc=00400048
#15061  pc=00400054   x9(s1)=00000001
#15062  pc=00400058
#15063  pc=0040005c   x1(ra)=00400060
#15064  pc=00400014   x2(sp)=7fefff40
#15065  pc=00400018
#15066  pc=0040001c
#15067  pc=00400020
#15068  pc=00400024   x8(s0/fp)=00000001
#15069  pc=00400028
#15070  pc=0040002c
#15071  pc=00400030
#15072  pc=00400034
#15073  pc=00400038
#15074  pc=0040003c   x8(s0/fp)=00000003
#15075  pc=00400040
#15076  pc=00400044   x2(sp)=7fefff50
#15077  pc=00400048
#15078  pc=00400060   x8(s0/fp)=00000002
#15079  pc=00400064
#15080  pc=00400034   x10(a0)=00000002
#15081  pc=00400038
#15082  pc=0040003c   x8(s0/fp)=00000005
#15083  pc=00400040   x9(s1)=00000003
#15084  pc=00400044   x2(sp)=7fefff60
#15085  pc=00400048
#15086  pc=00400060
#15087  pc=00400064
#15088  pc=00400034   x10(a0)=00000005
#15089  pc=00400038   x1(ra)=00400054
#15090  pc=0040003c   x8(s0/fp)=00000006
#15091  pc=00400040   x9(s1)=00000022
#15092  pc=00400044   x2(sp)=7fefff70
#15093  pc=00400048
#15094  pc=00400054   x9(s1)=00000005
#15095  pc=00400058   x10(a0)=00000004
#15096  pc=0040005c   x1(ra)=00400060
#15097  pc=00400014   x2(sp)=7fefff60
#15098  pc=00400018
#15099  pc=0040001c
#15100  pc=00400020
#15101  pc=00400024   x8(s0/fp)=00000004
#15102  pc=00400028
#15103  pc=0040002c
#15104  pc=00400030
#15105  pc=0040004c   x10(a0)=00000003
#15106  pc=00400050   x1(ra)=00400054
#15107  pc=00400014   x2(sp)=7fefff50
#15108  pc=00400018
#15109  pc=0040001c
#15110  pc=00400020
#15111  pc=00400024   x8(s0/fp)=00000003
#15112  pc=00400028
#15113  pc=0040002c
#15114  pc=00400030
#15115  pc=0040004c   x10(a0)=00000002
#15116  pc=00400050
#15117  pc=00400014   x2(sp)=7fefff40
#15118  pc=00400018
#15119  pc=0040001c
#15120  pc=00400020
#15121  pc=00400024   x8(s0/fp)=00000002
#15122  pc=00400028
#15123  pc=0040002c
#15124  pc=00400030
#15125  pc=0040004c   x10(a0)=00000001
#15126  pc=00400050
#15127  pc=00400014   x2(sp)=7fefff30
#15128  pc=00400018
#15129  pc=0040001c
#15130  pc=00400020
#15131  pc=00400024   x8(s0/fp)=00000001
#15132  pc=00400028
#15133  pc=0040002c
#15134  pc=00400030
#15135  pc=00400034
#15136  pc=00400038
#15137  pc=0040003c   x8(s0/fp)=00000002
#15138  pc=00400040
#15139  pc=00400044   x2(sp)=7fefff40
#15140  pc=00400048
#15141  pc=00400054   x9(s1)=00000001
#15142  pc=00400058   x10(a0)=00000000
#15143  pc=0040005c   x1(ra)=00400060
#15144  pc=00400014   x2(sp)=7fefff30
#15145  pc=00400018
#15146  pc=0040001c
#15147  pc=00400020
#15148  pc=00400024   x8(s0/fp)=00000000
#15149  pc=00400028
#15150  pc=00400034
#15151  pc=00400038
#15152  pc=0040003c   x8(s0/fp)=00000002
#15153  pc=00400040
#15154  pc=00400044   x2(sp)=7fefff40
#15155  pc=00400048
#15156  pc=00400060   x8(s0/fp)=00000001
#15157  pc=00400064
#15158  pc=00400034   x10(a0)=00000001
#15159  pc=00400038   x1(ra)=00400054
#15160  pc=0040003c   x8(s0/fp)=00000003
#15161  pc=00400040   x9(s1)=00000005
#15162  pc=00400044   x2(sp)=7fefff50
#15163  pc=00400048
#15164  pc=00400054   x9(s1)=00000001
#15165  pc=00400058
#15166  pc=0040005c   x1(ra)=00400060
#15167  pc=00400014   x2(sp)=7fefff40
#15168  pc=00400018
#15169  pc=0040001c
#15170  pc=00400020
#15171  pc=00400024   x8(s0/fp)=00000001
#15172  pc=00400028
#15173  pc=0040002c
#15174  pc=00400030
#15175  pc=00400034
#15176  pc=00400038
#15177  pc=0040003c   x8(s0/fp)=00000003
#15178  pc=00400040
#15179  pc=00400044   x2(sp)=7fefff50
#15180  pc=00400048
#15181  pc=00400060   x8(s0/fp)=00000002
#15182  pc=00400064
#15183  pc=00400034   x10(a0)=00000002
#15184  pc=00400038   x1(ra)=00400054
#15185  pc=0040003c   x8(s0/fp)=00000004
#15186  pc=00400040   x9(s1)=00000005
#15187  pc=00400044   x2(sp)=7fefff60
#15188  pc=00400048
#15189  pc=00400054   x9(s1)=00000002
#15190  pc=00400058
#15191  pc=0040005c   x1(ra)=00400060
#15192  pc=00400014   x2(sp)=7fefff50
#15193  pc=00400018
#15194  pc=0040001c
#15195  pc=00400020
#15196  pc=00400024   x8(s0/fp)=00000002
#15197  pc=00400028
#15198  pc=0040002c
#15199  pc=00400030
#15200  pc=0040004c   x10(a0)=00000001
#15201  pc=00400050   x1(ra)=00400054
#15202  pc=00400014   x2(sp)=7fefff40
#15203  pc=00400018
#15204  pc=0040001c
#15205  pc=00400020
#15206  pc=00400024   x8(s0/fp)=00000001
#15207  pc=00400028
#15208  pc=0040002c
#15209  pc=00400030
#15210  pc=00400034
#15211  pc=00400038
#15212  pc=0040003c   x8(s0/fp)=00000002
#15213  pc=00400040
#15214  pc=00400044   x2(sp)=7fefff50
#15215  pc=00400048
#15216  pc=00400054   x9(s1)=00000001
#15217  pc=00400058   x10(a0)=00000000
#15218  pc=0040005c   x1(ra)=00400060
#15219  pc=00400014   x2(sp)=7fefff40
#15220  pc=00400018
#15221  pc=0040001c
#15222  pc=00400020
#15223  pc=00400024   x8(s0/fp)=00000000
#15224  pc=00400028
#15225  pc=00400034
#15226  pc=00400038
#15227  pc=0040003c   x8(s0/fp)=00000002
#15228  pc=00400040
#15229  pc=00400044   x2(sp)=7fefff50
#15230  pc=00400048
#15231  pc=00400060   x8(s0/fp)=00000001
#15232  pc=00400064
#15233  pc=00400034   x10(a0)=00000001
#15234  pc=00400038
#15235  pc=0040003c   x8(s0/fp)=00000004
#15236  pc=00400040   x9(s1)=00000002
#15237  pc=00400044   x2(sp)=7fefff60
#15238  pc=00400048
#15239  pc=00400060   x8(s0/fp)=00000003
#15240  pc=00400064
#15241  pc=00400034   x10(a0)=00000003
#15242  pc=00400038
#15243  pc=0040003c   x8(s0/fp)=00000006
#15244  pc=00400040   x9(s1)=00000005
#15245  pc=00400044   x2(sp)=7fefff70
#15246  pc=00400048
#15247  pc=00400060   x8(s0/fp)=00000008
#15248  pc=00400064
#15249  pc=00400034   x10(a0)=00000008
#15250  pc=00400038   x1(ra)=00400054
#15251  pc=0040003c   x8(s0/fp)=00000007
#15252  pc=00400040   x9(s1)=00000022
#15253  pc=00400044   x2(sp)=7fefff80
#15254  pc=00400048
#15255  pc=00400054   x9(s1)=00000008
#15256  pc=00400058   x10(a0)=00000005
#15257  pc=0040005c   x1(ra)=00400060
#15258  pc=00400014   x2(sp)=7fefff70
#15259  pc=00400018
#15260  pc=0040001c
#15261  pc=00400020
#15262  pc=00400024   x8(s0/fp)=00000005
#15263  pc=00400028
#15264  pc=0040002c
#15265  pc=00400030
#15266  pc=0040004c   x10(a0)=00000004
#15267  pc=00400050   x1(ra)=00400054
#15268  pc=00400014   x2(sp)=7fefff60
#15269  pc=00400018
#15270  pc=0040001c
#15271  pc=00400020
#15272  pc=00400024   x8(s0/fp)=00000004
#15273  pc=00400028
#15274  pc=0040002c
#15275  pc=00400030
#15276  pc=0040004c   x10(a0)=00000003
#15277  pc=00400050
#15278  pc=00400014   x2(sp)=7fefff50
#15279  pc=00400018
#15280  pc=0040001c
#15281  pc=00400020
#15282  pc=00400024   x8(s0/fp)=00000003
#15283  pc=00400028
#15284  pc=0040002c
#15285  pc=00400030
#15286  pc=0040004c   x10(a0)=00000002
#15287  pc=00400050
#15288  pc=00400014   x2(sp)=7fefff40
#15289  pc=00400018
#15290  pc=0040001c
#15291  pc=00400020
#15292  pc=00400024   x8(s0/fp)=00000002
#15293  pc=00400028
#15294  pc=0040002c
#15295  pc=00400030
#15296  pc=0040004c   x10(a0)=00000001
#15297  pc=00400050
#15298  pc=00400014   x2(sp)=7fefff30
#15299  pc=00400018
#15300  pc=0040001c
#15301  pc=00400020
#15302  pc=00400024   x8(s0/fp)=00000001
#15303  pc=00400028
#15304  pc=0040002c
#15305  pc=00400030
#15306  pc=00400034
#15307  pc=00400038
#15308  pc=0040003c   x8(s0/fp)=00000002
#15309  pc=00400040
#15310  pc=00400044   x2(sp)=7fefff40
#15311  pc=00400048
#15312  pc=00400054   x9(s1)=00000001
#15313  pc=00400058   x10(a0)=00000000
#15314  pc=0040005c   x1(ra)=00400060
#15315  pc=00400014   x2(sp)=7fefff30
#15316  pc=00400018
#15317  pc=0040001c
#15318  pc=00400020
#15319  pc=00400024   x8(s0/fp)=00000000
#15320  pc=00400028
#15321  pc=00400034
#15322  pc=00400038
#15323  pc=0040003c   x8(s0/fp)=00000002
#15324  pc=00400040
#15325  pc=00400044   x2(sp)=7fefff40
#15326  pc=00400048
#15327  pc=00400060   x8(s0/fp)=00000001
#15328  pc=00400064
#15329  pc=00400034   x10(a0)=00000001
#15330  pc=00400038   x1(ra)=00400054
#15331  pc=0040003c   x8(s0/fp)=00000003
#15332  pc=00400040   x9(s1)=00000008
#15333  pc=00400044   x2(sp)=7fefff50
#15334  pc=00400048
#15335  pc=00400054   x9(s1)=00000001
#15336  pc=00400058
#15337  pc=0040005c   x1(ra)=00400060
#15338  pc=00400014   x2(sp)=7fefff40
#15339  pc=00400018
#15340  pc=0040001c
#15341  pc=00400020
#15342  pc=00400024   x8(s0/fp)=00000001
#15343  pc=00400028
#15344  pc=0040002c
#15345  pc=00400030
#15346  pc=00400034
#15347  pc=00400038
#15348  pc=0040003c   x8(s0/fp)=00000003
#15349  pc=00400040
#15350  pc=00400044   x2(sp)=7fefff50
#15351  pc=00400048
#15352  pc=00400060   x8(s0/fp)=00000002
#15353  pc=00400064
#15354  pc=00400034   x10(a0)=00000002
#15355  pc=00400038   x1(ra)=00400054
#15356  pc=0040003c   x8(s0/fp)=00000004
#15357  pc=00400040   x9(s1)=00000008
#15358  pc=00400044   x2(sp)=7fefff60
#15359  pc=00400048
#15360  pc=00400054   x9(s1)=00000002
#15361  pc=00400058
#15362  pc=0040005c   x1(ra)=00400060
#15363  pc=00400014   x2(sp)=7fefff50
#15364  pc=00400018
#15365  pc=0040001c
#15366  pc=00400020
#15367  pc=00400024   x8(s0/fp)=00000002
#15368  pc=00400028
#15369  pc=0040002c
#15370  pc=00400030
#15371  pc=0040004c   x10(a0)=00000001
#15372  pc=00400050   x1(ra)=00400054
#15373  pc=00400014   x2(sp)=7fefff40
#15374  pc=00400018
#15375  pc=0040001c
#15376  pc=00400020
#15377  pc=00400024   x8(s0/fp)=00000001
#15378  pc=00400028
#15379  pc=0040002c
#15380  pc=00400030
#15381  pc=00400034
#15382  pc=00400038
#15383  pc=0040003c   x8(s0/fp)=00000002
#15384  pc=00400040
#15385  pc=00400044   x2(sp)=7fefff50
#15386  pc=00400048
#15387  pc=00400054   x9(s1)=00000001
#15388  pc=00400058   x10(a0)=00000000
#15389  pc=0040005c   x1(ra)=00400060
#15390  pc=00400014   x2(sp)=7fefff40
#15391  pc=00400018
#15392  pc=0040001c
#15393  pc=00400020
#15394  pc=00400024   x8(s0/fp)=00000000
#15395  pc=00400028
#15396  pc=00400034
#15397  pc=00400038
#15398  pc=0040003c   x8(s0/fp)=00000002
#15399  pc=00400040
#15400  pc=00400044   x2(sp)=7fefff50
#15401  pc=00400048
#15402  pc=00400060   x8(s0/fp)=00000001
#15403  pc=00400064
#15404  pc=00400034   x10(a0)=00000001
#15405  pc=00400038
#15406  pc=0040003c   x8(s0/fp)=00000004
#15407  pc=00400040   x9(s1)=00000002
#15408  pc=00400044   x2(sp)=7fefff60
#15409  pc=00400048
#15410  pc=00400060   x8(s0/fp)=00000003
#15411  pc=00400064
#15412  pc=00400034   x10(a0)=00000003
#15413  pc=00400038   x1(ra)=00400054
#15414  pc=0040003c   x8(s0/fp)=00000005
#15415  pc=00400040   x9(s1)=00000008
#15416  pc=00400044   x2(sp)=7fefff70
#15417  pc=00400048
#15418  pc=00400054   x9(s1)=00000003
#15419  pc=00400058
#15420  pc=0040005c   x1(ra)=00400060
#15421  pc=00400014   x2(sp)=7fefff60
#15422  pc=00400018
#15423  pc=0040001c
#15424  pc=00400020
#15425  pc=00400024   x8(s0/fp)=00000003
#15426  pc=00400028
#15427  pc=0040002c
#15428  pc=00400030
#15429  pc=0040004c   x10(a0)=00000002
#15430  pc=00400050   x1(ra)=00400054
#15431  pc=00400014   x2(sp)=7fefff50
#15432  pc=00400018
#15433  pc=0040001c
#15434  pc=00400020
#15435  pc=00400024   x8(s0/fp)=00000002
#15436  pc=00400028
#15437  pc=0040002c
#15438  pc=00400030
#15439  pc=0040004c   x10(a0)=00000001
#15440  pc=00400050
#15441  pc=00400014   x2(sp)=7fefff40
#15442  pc=00400018
#15443  pc=0040001c
#15444  pc=00400020
#15445  pc=00400024   x8(s0/fp)=00000001
#15446  pc=00400028
#15447  pc=0040002c
#15448  pc=00400030
#15449  pc=00400034
#15450  pc=00400038
#15451  pc=0040003c   x8(s0/fp)=00000002
#15452  pc=00400040
#15453  pc=00400044   x2(sp)=7fefff50
#15454  pc=00400048
#15455  pc=00400054   x9(s1)=00000001
#15456  pc=00400058   x10(a0)=00000000
#15457  pc=0040005c   x1(ra)=00400060
#15458  pc=00400014   x2(sp)=7fefff40
#15459  pc=00400018
#15460  pc=0040001c
#15461  pc=00400020
#15462  pc=00400024   x8(s0/fp)=00000000
#15463  pc=00400028
#15464  pc=00400034
#15465  pc=00400038
#15466  pc=0040003c   x8(s0/fp)=00000002
#15467  pc=00400040
#15468  pc=00400044   x2(sp)=7fefff50
#15469  pc=00400048
#15470  pc=00400060   x8(s0/fp)=00000001
#15471  pc=00400064
#15472  pc=00400034   x10(a0)=00000001
#15473  pc=00400038   x1(ra)=00400054
#15474  pc=0040003c   x8(s0/fp)=00000003
#15475  pc=00400040   x9(s1)=00000003
#15476  pc=00400044   x2(sp)=7fefff60
#15477  pc=00400048
#15478  pc=00400054   x9(s1)=00000001
#15479  pc=00400058
#15480  pc=0040005c   x1(ra)=00400060
#15481  pc=00400014   x2(sp)=7fefff50
#15482  pc=00400018
#15483  pc=0040001c
#15484  pc=00400020
#15485  pc=00400024   x8(s0/fp)=00000001
#15486  pc=00400028
#15487  pc=0040002c
#15488  pc=00400030
#15489  pc=00400034
#15490  pc=00400038
#15491  pc=0040003c   x8(s0/fp)=00000003
#15492  pc=00400040
#15493  pc=00400044   x2(sp)=7fefff60
#15494  pc=00400048
#15495  pc=00400060   x8(s0/fp)=00000002
#15496  pc=00400064
#15497  pc=00400034   x10(a0)=00000002
#15498  pc=00400038
#15499  pc=0040003c   x8(s0/fp)=00000005
#15500  pc=00400040   x9(s1)=00000003
#15501  pc=00400044   x2(sp)=7fefff70
#15502  pc=00400048
#15503  pc=00400060
#15504  pc=00400064
#15505  pc=00400034   x10(a0)=00000005
#15506  pc=00400038
#15507  pc=0040003c   x8(s0/fp)=00000007
#15508  pc=00400040   x9(s1)=00000008
#15509  pc=00400044   x2(sp)=7fefff80
#15510  pc=00400048
#15511  pc=00400060   x8(s0/fp)=0000000d
#15512  pc=00400064
#15513  pc=00400034   x10(a0)=0000000d
#15514  pc=00400038   x1(ra)=00400054
#15515  pc=0040003c   x8(s0/fp)=00000008
#15516  pc=00400040   x9(s1)=00000022
#15517  pc=00400044   x2(sp)=7fefff90
#15518  pc=00400048
#15519  pc=00400054   x9(s1)=0000000d
#15520  pc=00400058   x10(a0)=00000006
#15521  pc=0040005c   x1(ra)=00400060
#15522  pc=00400014   x2(sp)=7fefff80
#15523  pc=00400018
#15524  pc=0040001c
#15525  pc=00400020
#15526  pc=00400024   x8(s0/fp)=00000006
#15527  pc=00400028
#15528  pc=0040002c
#15529  pc=00400030
#15530  pc=0040004c   x10(a0)=00000005
#15531  pc=00400050   x1(ra)=00400054
#15532  pc=00400014   x2(sp)=7fefff70
#15533  pc=00400018
#15534  pc=0040001c
#15535  pc=00400020
#15536  pc=00400024   x8(s0/fp)=00000005
#15537  pc=00400028
#15538  pc=0040002c
#15539  pc=00400030
#15540  pc=0040004c   x10(a0)=00000004
#15541  pc=00400050
#15542  pc=00400014   x2(sp)=7fefff60
#15543  pc=00400018
#15544  pc=0040001c
#15545  pc=00400020
#15546  pc=00400024   x8(s0/fp)=00000004
#15547  pc=00400028
#15548  pc=0040002c
#15549  pc=00400030
#15550  pc=0040004c   x10(a0)=00000003
#15551  pc=00400050
#15552  pc=00400014   x2(sp)=7fefff50
#15553  pc=00400018
#15554  pc=0040001c
#15555  pc=00400020
#15556  pc=00400024   x8(s0/fp)=00000003
#15557  pc=00400028
#15558  pc=0040002c
#15559  pc=00400030
#15560  pc=0040004c   x10(a0)=00000002
#15561  pc=00400050
#15562  pc=00400014   x2(sp)=7fefff40
#15563  pc=00400018
#15564  pc=0040001c
#15565  pc=00400020
#15566  pc=00400024   x8(s0/fp)=00000002
#15567  pc=00400028
#15568  pc=0040002c
#15569  pc=00400030
#15570  pc=0040004c   x10(a0)=00000001
#15571  pc=00400050
#15572  pc=00400014   x2(sp)=7fefff30
#15573  pc=00400018
#15574  pc=0040001c
#15575  pc=00400020
#15576  pc=00400024   x8(s0/fp)=00000001
#15577  pc=00400028
#15578  pc=0040002c
#15579  pc=00400030
#15580  pc=00400034
#15581  pc=00400038
#15582  pc=0040003c   x8(s0/fp)=00000002
#15583  pc=00400040
#15584  pc=00400044   x2(sp)=7fefff40
#15585  pc=00400048
#15586  pc=00400054   x9(s1)=00000001
#15587  pc=00400058   x10(a0)=00000000
#15588  pc=0040005c   x1(ra)=00400060
#15589  pc=00400014   x2(sp)=7fefff30
#15590  pc=00400018
#15591  pc=0040001c
#15592  pc=00400020
#15593  pc=00400024   x8(s0/fp)=00000000
#15594  pc=00400028
#15595  pc=00400034
#15596  pc=00400038
#15597  pc=0040003c   x8(s0/fp)=00000002
#15598  pc=00400040
#15599  pc=00400044   x2(sp)=7fefff40
#15600  pc=00400048
#15601  pc=00400060   x8(s0/fp)=00000001
#15602  pc=00400064
#15603  pc=00400034   x10(a0)=00000001
#15604  pc=00400038   x1(ra)=00400054
#15605  pc=0040003c   x8(s0/fp)=00000003
#15606  pc=00400040   x9(s1)=0000000d
#15607  pc=00400044   x2(sp)=7fefff50
#15608  pc=00400048
#15609  pc=00400054   x9(s1)=00000001
#15610  pc=00400058
#15611  pc=0040005c   x1(ra)=00400060
#15612  pc=00400014   x2(sp)=7fefff40
#15613  pc=00400018
#15614  pc=0040001c
#15615  pc=00400020
#15616  pc=00400024   x8(s0/fp)=00000001
#15617  pc=00400028
#15618  pc=0040002c
#15619  pc=00400030
#15620  pc=00400034
#15621  pc=00400038
#15622  pc=0040003c   x8(s0/fp)=00000003
#15623  pc=00400040
#15624  pc=00400044   x2(sp)=7fefff50
#15625  pc=00400048
#15626  pc=00400060   x8(s0/fp)=00000002
#15627  pc=00400064
#15628  pc=00400034   x10(a0)=00000002
#15629  pc=00400038   x1(ra)=00400054
#15630  pc=0040003c   x8(s0/fp)=00000004
#15631  pc=00400040   x9(s1)=0000000d
#15632  pc=00400044   x2(sp)=7fefff60
#15633  pc=00400048
#15634  pc=00400054   x9(s1)=00000002
#15635  pc=00400058
#15636  pc=0040005c   x1(ra)=00400060
#15637  pc=00400014   x2(sp)=7fefff50
#15638  pc=00400018
#15639  pc=0040001c
#15640  pc=00400020
#15641  pc=00400024   x8(s0/fp)=00000002
#15642  pc=00400028
#15643  pc=0040002c
#15644  pc=00400030
#15645  pc=0040004c   x10(a0)=00000001
#15646  pc=00400050   x1(ra)=00400054
#15647  pc=00400014   x2(sp)=7fefff40
#15648  pc=00400018
#15649  pc=0040001c
#15650  pc=00400020
#15651  pc=00400024   x8(s0/fp)=00000001
#15652  pc=00400028
#15653  pc=0040002c
#15654  pc=00400030
#15655  pc=00400034
#15656  pc=00400038
#15657  pc=0040003c   x8(s0/fp)=00000002
#15658  pc=00400040
#15659  pc=00400044   x2(sp)=7fefff50
#15660  pc=00400048
#15661  pc=00400054   x9(s1)=00000001
#15662  pc=00400058   x10(a0)=00000000
#15663  pc=0040005c   x1(ra)=00400060
#15664  pc=00400014   x2(sp)=7fefff40
#15665  pc=00400018
#15666  pc=0040001c
#15667  pc=00400020
#15668  pc=00400024   x8(s0/fp)=00000000
#15669  pc=00400028
#15670  pc=00400034
#15671  pc=00400038
#15672  pc=0040003c   x8(s0/fp)=00000002
#15673  pc=00400040
#15674  pc=00400044   x2(sp)=7fefff50
#15675  pc=00400048
#15676  pc=00400060   x8(s0/fp)=00000001
#15677  pc=00400064
#15678  pc=00400034   x10(a0)=00000001
#15679  pc=00400038
#15680  pc=0040003c   x8(s0/fp)=00000004
#15681  pc=00400040   x9(s1)=00000002
#15682  pc=00400044   x2(sp)=7fefff60
#15683  pc=00400048
#15684  pc=00400060   x8(s0/fp)=00000003
#15685  pc=00400064
#15686  pc=00400034   x10(a0)=00000003
#15687  pc=00400038   x1(ra)=00400054
#15688  pc=0040003c   x8(s0/fp)=00000005
#15689  pc=00400040   x9(s1)=0000000d
#15690  pc=00400044   x2(sp)=7fefff70
#15691  pc=00400048
#15692  pc=00400054   x9(s1)=00000003
#15693  pc=00400058
#15694  pc=0040005c   x1(ra)=00400060
#15695  pc=00400014   x2(sp)=7fefff60
#15696  pc=00400018
#15697  pc=0040001c
#15698  pc=00400020
#15699  pc=00400024   x8(s0/fp)=00000003
#15700  pc=00400028
#15701  pc=0040002c
#15702  pc=00400030
#15703  pc=0040004c   x10(a0)=00000002
#15704  pc=00400050   x1(ra)=00400054
#15705  pc=00400014   x2(sp)=7fefff50
#15706  pc=00400018
#15707  pc=0040001c
#15708  pc=00400020
#15709  pc=00400024   x8(s0/fp)=00000002
#15710  pc=00400028
#15711  pc=0040002c
#15712  pc=00400030
#15713  pc=0040004c   x10(a0)=00000001
#15714  pc=00400050
#15715  pc=00400014   x2(sp)=7fefff40
#15716  pc=00400018
#15717  pc=0040001c
#15718  pc=00400020
#15719  pc=00400024   x8(s0/fp)=00000001
#15720  pc=00400028
#15721  pc=0040002c
#15722  pc=00400030
#15723  pc=00400034
#15724  pc=00400038
#15725  pc=0040003c   x8(s0/fp)=00000002
#15726  pc=00400040
#15727  pc=00400044   x2(sp)=7fefff50
#15728  pc=00400048
#15729  pc=00400054   x9(s1)=00000001
#15730  pc=00400058   x10(a0)=00000000
#15731  pc=0040005c   x1(ra)=00400060
#15732  pc=00400014   x2(sp)=7fefff40
#15733  pc=00400018
#15734  pc=0040001c
#15735  pc=00400020
#15736  pc=00400024   x8(s0/fp)=00000000
#15737  pc=00400028
#15738  pc=00400034
#15739  pc=00400038
#15740  pc=0040003c   x8(s0/fp)=00000002
#15741  pc=00400040
#15742  pc=00400044   x2(sp)=7fefff50
#15743  pc=00400048
#15744  pc=00400060   x8(s0/fp)=00000001
#15745  pc=00400064
#15746  pc=00400034   x10(a0)=00000001
#15747  pc=00400038   x1(ra)=00400054
#15748  pc=0040003c   x8(s0/fp)=00000003
#15749  pc=00400040   x9(s1)=00000003
#15750  pc=00400044   x2(sp)=7fefff60
#15751  pc=00400048
#15752  pc=00400054   x9(s1)=00000001
#15753  pc=00400058
#15754  pc=0040005c   x1(ra)=00400060
#15755  pc=00400014   x2(sp)=7fefff50
#15756  pc=00400018
#15757  pc=0040001c
#15758  pc=00400020
#15759  pc=00400024   x8(s0/fp)=00000001
#15760  pc=00400028
#15761  pc=0040002c
#15762  pc=00400030
#15763  pc=00400034
#15764  pc=00400038
#15765  pc=0040003c   x8(s0/fp)=00000003
#15766  pc=00400040
#15767  pc=00400044   x2(sp)=7fefff60
#15768  pc=00400048
#15769  pc=00400060   x8(s0/fp)=00000002
#15770  pc=00400064
#15771  pc=00400034   x10(a0)=00000002
#15772  pc=00400038
#15773  pc=0040003c   x8(s0/fp)=00000005
#15774  pc=00400040   x9(s1)=00000003
#15775  pc=00400044   x2(sp)=7fefff70
#15776  pc=00400048
#15777  pc=00400060
#15778  pc=00400064
#15779  pc=00400034   x10(a0)=00000005
#15780  pc=00400038   x1(ra)=00400054
#15781  pc=0040003c   x8(s0/fp)=00000006
#15782  pc=00400040   x9(s1)=0000000d
#15783  pc=00400044   x2(sp)=7fefff80
#15784  pc=00400048
#15785  pc=00400054   x9(s1)=00000005
#15786  pc=00400058   x10(a0)=00000004
#15787  pc=0040005c   x1(ra)=00400060
#15788  pc=00400014   x2(sp)=7fefff70
#15789  pc=00400018
#15790  pc=0040001c
#15791  pc=00400020
#15792  pc=00400024   x8(s0/fp)=00000004
#15793  pc=00400028
#15794  pc=0040002c
#15795  pc=00400030
#15796  pc=0040004c   x10(a0)=00000003
#15797  pc=00400050   x1(ra)=00400054
#15798  pc=00400014   x2(sp)=7fefff60
#15799  pc=00400018
#15800  pc=0040001c
#15801  pc=00400020
#15802  pc=00400024   x8(s0/fp)=00000003
#15803  pc=00400028
#15804  pc=0040002c
#15805  pc=00400030
#15806  pc=0040004c   x10(a0)=00000002
#15807  pc=00400050
#15808  pc=00400014   x2(sp)=7fefff50
#15809  pc=00400018
#15810  pc=0040001c
#15811  pc=00400020
#15812  pc=00400024   x8(s0/fp)=00000002
#15813  pc=00400028
#15814  pc=0040002c
#15815  pc=00400030
#15816  pc=0040004c   x10(a0)=00000001
#15817  pc=00400050
#15818  pc=00400014   x2(sp)=7fefff40
#15819  pc=00400018
#15820  pc=0040001c
#15821  pc=00400020
#15822  pc=00400024   x8(s0/fp)=00000001
#15823  pc=00400028
#15824  pc=0040002c
#15825  pc=00400030
#15826  pc=00400034
#15827  pc=00400038
#15828  pc=0040003c   x8(s0/fp)=00000002
#15829  pc=00400040
#15830  pc=00400044   x2(sp)=7fefff50
#15831  pc=00400048
#15832  pc=00400054   x9(s1)=00000001
#15833  pc=00400058   x10(a0)=00000000
#15834  pc=0040005c   x1(ra)=00400060
#15835  pc=00400014   x2(sp)=7fefff40
#15836  pc=00400018
#15837  pc=0040001c
#15838  pc=00400020
#15839  pc=00400024   x8(s0/fp)=00000000
#15840  pc=00400028
#15841  pc=00400034
#15842  pc=00400038
#15843  pc=0040003c   x8(s0/fp)=00000002
#15844  pc=00400040
#15845  pc=00400044   x2(sp)=7fefff50
#15846  pc=00400048
#15847  pc=00400060   x8(s0/fp)=00000001
#15848  pc=00400064
#15849  pc=00400034   x10(a0)=00000001
#15850  pc=00400038   x1(ra)=00400054
#15851  pc=0040003c   x8(s0/fp)=00000003
#15852  pc=00400040   x9(s1)=00000005
#15853  pc=00400044   x2(sp)=7fefff60
#15854  pc=00400048
#15855  pc=00400054   x9(s1)=00000001
#15856  pc=00400058
#15857  pc=0040005c   x1(ra)=00400060
#15858  pc=00400014   x2(sp)=7fefff50
#15859  pc=00400018
#15860  pc=0040001c
#15861  pc=00400020
#15862  pc=00400024   x8(s0/fp)=00000001
#15863  pc=00400028
#15864  pc=0040002c
#15865  pc=00400030
#15866  pc=00400034
#15867  pc=00400038
#15868  pc=0040003c   x8(s0/fp)=00000003
#15869  pc=00400040
#15870  pc=00400044   x2(sp)=7fefff60
#15871  pc=00400048
#15872  pc=00400060   x8(s0/fp)=00000002
#15873  pc=00400064
#15874  pc=00400034   x10(a0)=00000002
#15875  pc=00400038   x1(ra)=00400054
#15876  pc=0040003c   x8(s0/fp)=00000004
#15877  pc=00400040   x9(s1)=00000005
#15878  pc=00400044   x2(sp)=7fefff70
#15879  pc=00400048
#15880  pc=00400054   x9(s1)=00000002
#15881  pc=00400058
#15882  pc=0040005c   x1(ra)=00400060
#15883  pc=00400014   x2(sp)=7fefff60
#15884  pc=00400018
#15885  pc=0040001c
#15886  pc=00400020
#15887  pc=00400024   x8(s0/fp)=00000002
#15888  pc=00400028
#15889  pc=0040002c
#15890  pc=00400030
#15891  pc=0040004c   x10(a0)=00000001
#15892  pc=00400050   x1(ra)=00400054
#15893  pc=00400014   x2(sp)=7fefff50
#15894  pc=00400018
#15895  pc=0040001c
#15896  pc=00400020
#15897  pc=00400024   x8(s0/fp)=00000001
#15898  pc=00400028
#15899  pc=0040002c
#15900  pc=00400030
#15901  pc=00400034
#15902  pc=00400038
#15903  pc=0040003c   x8(s0/fp)=00000002
#15904  pc=00400040
#15905  pc=00400044   x2(sp)=7fefff60
#15906  pc=00400048
#15907  pc=00400054   x9(s1)=00000001
#15908  pc=00400058   x10(a0)=00000000
#15909  pc=0040005c   x1(ra)=00400060
#15910  pc=00400014   x2(sp)=7fefff50
#15911  pc=00400018
#15912  pc=0040001c
#15913  pc=00400020
#15914  pc=00400024   x8(s0/fp)=00000000
#15915  pc=00400028
#15916  pc=00400034
#15917  pc=00400038
#15918  pc=0040003c   x8(s0/fp)=00000002
#15919  pc=00400040
#15920  pc=00400044   x2(sp)=7fefff60
#15921  pc=00400048
#15922  pc=00400060   x8(s0/fp)=00000001
#15923  pc=00400064
#15924  pc=00400034   x10(a0)=00000001
#15925  pc=00400038
#15926  pc=0040003c   x8(s0/fp)=00000004
#15927  pc=00400040   x9(s1)=00000002
#15928  pc=00400044   x2(sp)=7fefff70
#15929  pc=00400048
#15930  pc=00400060   x8(s0/fp)=00000003
#15931  pc=00400064
#15932  pc=00400034   x10(a0)=00000003
#15933  pc=00400038
#15934  pc=0040003c   x8(s0/fp)=00000006
#15935  pc=00400040   x9(s1)=00000005
#15936  pc=00400044   x2(sp)=7fefff80
#15937  pc=00400048
#15938  pc=00400060   x8(s0/fp)=00000008
#15939  pc=00400064
#15940  pc=00400034   x10(a0)=00000008
#15941  pc=00400038
#15942  pc=0040003c
#15943  pc=00400040   x9(s1)=0000000d
#15944  pc=00400044   x2(sp)=7fefff90
#15945  pc=00400048
#15946  pc=00400060   x8(s0/fp)=00000015
#15947  pc=00400064
#15948  pc=00400034   x10(a0)=00000015
#15949  pc=00400038
#15950  pc=0040003c   x8(s0/fp)=0000000a
#15951  pc=00400040   x9(s1)=00000022
#15952  pc=00400044   x2(sp)=7fefffa0
#15953  pc=00400048
#15954  pc=00400060   x8(s0/fp)=00000037
#15955  pc=00400064
#15956  pc=00400034   x10(a0)=00000037
#15957  pc=00400038   x1(ra)=00400054
#15958  pc=0040003c   x8(s0/fp)=0000000b
#15959  pc=00400040   x9(s1)=000000e9
#15960  pc=00400044   x2(sp)=7fefffb0
#15961  pc=00400048
#15962  pc=00400054   x9(s1)=00000037
#15963  pc=00400058   x10(a0)=00000009
#15964  pc=0040005c   x1(ra)=00400060
#15965  pc=00400014   x2(sp)=7fefffa0
#15966  pc=00400018
#15967  pc=0040001c
#15968  pc=00400020
#15969  pc=00400024   x8(s0/fp)=00000009
#15970  pc=00400028
#15971  pc=0040002c
#15972  pc=00400030
#15973  pc=0040004c   x10(a0)=00000008
#15974  pc=00400050   x1(ra)=00400054
#15975  pc=00400014   x2(sp)=7fefff90
#15976  pc=00400018
#15977  pc=0040001c
#15978  pc=00400020
#15979  pc=00400024   x8(s0/fp)=00000008
#15980  pc=00400028
#15981  pc=0040002c
#15982  pc=00400030
#15983  pc=0040004c   x10(a0)=00000007
#15984  pc=00400050
#15985  pc=00400014   x2(sp)=7fefff80
#15986  pc=00400018
#15987  pc=0040001c
#15988  pc=00400020
#15989  pc=00400024   x8(s0/fp)=00000007
#15990  pc=00400028
#15991  pc=0040002c
#15992  pc=00400030
#15993  pc=0040004c   x10(a0)=00000006
#15994  pc=00400050
#15995  pc=00400014   x2(sp)=7fefff70
#15996  pc=00400018
#15997  pc=0040001c
#15998  pc=00400020
#15999  pc=00400024   x8(s0/fp)=00000006
#16000  pc=00400028
#16001  pc=0040002c
#16002  pc=00400030
#16003  pc=0040004c   x10(a0)=00000005
#16004  pc=00400050
#16005  pc=00400014   x2(sp)=7fefff60
#16006  pc=00400018
#16007  pc=0040001c
#16008  pc=00400020
#16009  pc=00400024   x8(s0/fp)=00000005
#16010  pc=00400028
#16011  pc=0040002c
#16012  pc=00400030
#16013  pc=0040004c   x10(a0)=00000004
#16014  pc=00400050
#16015  pc=00400014   x2(sp)=7fefff50
#16016  pc=00400018
#16017  pc=0040001c
#16018  pc=00400020
#16019  pc=00400024   x8(s0/fp)=00000004
#16020  pc=00400028
#16021  pc=0040002c
#16022  pc=00400030
#16023  pc=0040004c   x10(a0)=00000003
#16024  pc=00400050
#16025  pc=00400014   x2(sp)=7fefff40
#16026  pc=00400018
#16027  pc=0040001c
#16028  pc=00400020
#16029  pc=00400024   x8(s0/fp)=00000003
#16030  pc=00400028
#16031  pc=0040002c
#16032  pc=00400030
#16033  pc=0040004c   x10(a0)=00000002
#16034  pc=00400050
#16035  pc=00400014   x2(sp)=7fefff30
#16036  pc=00400018
#16037  pc=0040001c
#16038  pc=00400020
#16039  pc=00400024   x8(s0/fp)=00000002
#16040  pc=00400028
#16041  pc=0040002c
#16042  pc=00400030
#16043  pc=0040004c   x10(a0)=00000001
#16044  pc=00400050
#16045  pc=00400014   x2(sp)=7fefff20
#16046  pc=00400018
#16047  pc=0040001c
#16048  pc=00400020
#16049  pc=00400024   x8(s0/fp)=00000001
#16050  pc=00400028
#16051  pc=0040002c
#16052  pc=00400030
#16053  pc=00400034
#16054  pc=00400038
#16055  pc=0040003c   x8(s0/fp)=00000002
#16056  pc=00400040
#16057  pc=00400044   x2(sp)=7fefff30
#16058  pc=00400048
#16059  pc=00400054   x9(s1)=00000001
#16060  pc=00400058   x10(a0)=00000000
#16061  pc=0040005c   x1(ra)=00400060
#16062  pc=00400014   x2(sp)=7fefff20
#16063  pc=00400018
#16064  pc=0040001c
#16065  pc=00400020
#16066  pc=00400024   x8(s0/fp)=00000000
#16067  pc=00400028
#16068  pc=00400034
#16069  pc=00400038
#16070  pc=0040003c   x8(s0/fp)=00000002
#16071  pc=00400040
#16072  pc=00400044   x2(sp)=7fefff30
#16073  pc=00400048
#16074  pc=00400060   x8(s0/fp)=00000001
#16075  pc=00400064
#16076  pc=00400034   x10(a0)=00000001
#16077  pc=00400038   x1(ra)=00400054
#16078  pc=0040003c   x8(s0/fp)=00000003
#16079  pc=00400040   x9(s1)=00000037
#16080  pc=00400044   x2(sp)=7fefff40
#16081  pc=00400048
#16082  pc=00400054   x9(s1)=00000001
#16083  pc=00400058
#16084  pc=0040005c   x1(ra)=00400060
#16085  pc=00400014   x2(sp)=7fefff30
#16086  pc=00400018
#16087  pc=0040001c
#16088  pc=00400020
#16089  pc=00400024   x8(s0/fp)=00000001
#16090  pc=00400028
#16091  pc=0040002c
#16092  pc=00400030
#16093  pc=00400034
#16094  pc=00400038
#16095  pc=0040003c   x8(s0/fp)=00000003
#16096  pc=00400040
#16097  pc=00400044   x2(sp)=7fefff40
#16098  pc=00400048
#16099  pc=00400060   x8(s0/fp)=00000002
#16100  pc=00400064
#16101  pc=00400034   x10(a0)=00000002
#16102  pc=00400038   x1(ra)=00400054
#16103  pc=0040003c   x8(s0/fp)=00000004
#16104  pc=00400040   x9(s1)=00000037
#16105  pc=00400044   x2(sp)=7fefff50
#16106  pc=00400048
#16107  pc=00400054   x9(s1)=00000002
#16108  pc=00400058
#16109  pc=0040005c   x1(ra)=00400060
#16110  pc=00400014   x2(sp)=7fefff40
#16111  pc=00400018
#16112  pc=0040001c
#16113  pc=00400020
#16114  pc=00400024   x8(s0/fp)=00000002
#16115  pc=00400028
#16116  pc=0040002c
#16117  pc=00400030
#16118  pc=0040004c   x10(a0)=00000001
#16119  pc=00400050   x1(ra)=00400054
#16120  pc=00400014   x2(sp)=7fefff30
#16121  pc=00400018
#16122  pc=0040001c
#16123  pc=00400020
#16124  pc=00400024   x8(s0/fp)=00000001
#16125  pc=00400028
#16126  pc=0040002c
#16127  pc=00400030
#16128  pc=00400034
#16129  pc=00400038
#16130  pc=0040003c   x8(s0/fp)=00000002
#16131  pc=00400040
#16132  pc=00400044   x2(sp)=7fefff40
#16133  pc=00400048
#16134  pc=00400054   x9(s1)=00000001
#16135  pc=00400058   x10(a0)=00000000
#16136  pc=0040005c   x1(ra)=00400060
#16137  pc=00400014   x2(sp)=7fefff30
#16138  pc=00400018
#16139  pc=0040001c
#16140  pc=00400020
#16141  pc=00400024   x8(s0/fp)=00000000
#16142  pc=00400028
#16143  pc=00400034
#16144  pc=00400038
#16145  pc=0040003c   x8(s0/fp)=00000002
#16146  pc=00400040
#16147  pc=00400044   x2(sp)=7fefff40
#16148  pc=00400048
#16149  pc=00400060   x8(s0/fp)=00000001
#16150  pc=00400064
#16151  pc=00400034   x10(a0)=00000001
#16152  pc=00400038
#16153  pc=0040003c   x8(s0/fp)=00000004
#16154  pc=00400040   x9(s1)=00000002
#16155  pc=00400044   x2(sp)=7fefff50
#16156  pc=00400048
#16157  pc=00400060   x8(s0/fp)=00000003
#16158  pc=00400064
#16159  pc=00400034   x10(a0)=00000003
#16160  pc=00400038   x1(ra)=00400054
#16161  pc=0040003c   x8(s0/fp)=00000005
#16162  pc=00400040   x9(s1)=00000037
#16163  pc=00400044   x2(sp)=7fefff60
#16164  pc=00400048
#16165  pc=00400054   x9(s1)=00000003
#16166  pc=00400058
#16167  pc=0040005c   x1(ra)=00400060
#16168  pc=00400014   x2(sp)=7fefff50
#16169  pc=00400018
#16170  pc=0040001c
#16171  pc=00400020
#16172  pc=00400024   x8(s0/fp)=00000003
#16173  pc=00400028
#16174  pc=0040002c
#16175  pc=00400030
#16176  pc=0040004c   x10(a0)=00000002
#16177  pc=00400050   x1(ra)=00400054
#16178  pc=00400014   x2(sp)=7fefff40
#16179  pc=00400018
#16180  pc=0040001c
#16181  pc=00400020
#16182  pc=00400024   x8(s0/fp)=00000002
#16183  pc=00400028
#16184  pc=0040002c
#16185  pc=00400030
#16186  pc=0040004c   x10(a0)=00000001
#16187  pc=00400050
#16188  pc=00400014   x2(sp)=7fefff30
#16189  pc=00400018
#16190  pc=0040001c
#16191  pc=00400020
#16192  pc=00400024   x8(s0/fp)=00000001
#16193  pc=00400028
#16194  pc=0040002c
#16195  pc=00400030
#16196  pc=00400034
#16197  pc=00400038
#16198  pc=0040003c   x8(s0/fp)=00000002
#16199  pc=00400040
#16200  pc=00400044   x2(sp)=7fefff40
#16201  pc=00400048
#16202  pc=00400054   x9(s1)=00000001
#16203  pc=00400058   x10(a0)=00000000
#16204  pc=0040005c   x1(ra)=00400060
#16205  pc=00400014   x2(sp)=7fefff30
#16206  pc=00400018
#16207  pc=0040001c
#16208  pc=00400020
#16209  pc=00400024   x8(s0/fp)=00000000
#16210  pc=00400028
#16211  pc=00400034
#16212  pc=00400038
#16213  pc=0040003c   x8(s0/fp)=00000002
#16214  pc=00400040
#16215  pc=00400044   x2(sp)=7fefff40
#16216  pc=00400048
#16217  pc=00400060   x8(s0/fp)=00000001
#16218  pc=00400064
#16219  pc=00400034   x10(a0)=00000001
#16220  pc=00400038   x1(ra)=00400054
#16221  pc=0040003c   x8(s0/fp)=00000003
#16222  pc=00400040   x9(s1)=00000003
#16223  pc=00400044   x2(sp)=7fefff50
#16224  pc=00400048
#16225  pc=00400054   x9(s1)=00000001
#16226  pc=00400058
#16227  pc=0040005c   x1(ra)=00400060
#16228  pc=00400014   x2(sp)=7fefff40
#16229  pc=00400018
#16230  pc=0040001c
#16231  pc=00400020
#16232  pc=00400024   x8(s0/fp)=00000001
#16233  pc=00400028
#16234  pc=0040002c
#16235  pc=00400030
#16236  pc=00400034
#16237  pc=00400038
#16238  pc=0040003c   x8(s0/fp)=00000003
#16239  pc=00400040
#16240  pc=00400044   x2(sp)=7fefff50
#16241  pc=00400048
#16242  pc=00400060   x8(s0/fp)=00000002
#16243  pc=00400064
#16244  pc=00400034   x10(a0)=00000002
#16245  pc=00400038
#16246  pc=0040003c   x8(s0/fp)=00000005
#16247  pc=00400040   x9(s1)=00000003
#16248  pc=00400044   x2(sp)=7fefff60
#16249  pc=00400048
#16250  pc=00400060
#16251  pc=00400064
#16252  pc=00400034   x10(a0)=00000005
#16253  pc=00400038   x1(ra)=00400054
#16254  pc=0040003c   x8(s0/fp)=00000006
#16255  pc=00400040   x9(s1)=00000037
#16256  pc=00400044   x2(sp)=7fefff70
#16257  pc=00400048
#16258  pc=00400054   x9(s1)=00000005
#16259  pc=00400058   x10(a0)=00000004
#16260  pc=0040005c   x1(ra)=00400060
#16261  pc=00400014   x2(sp)=7fefff60
#16262  pc=00400018
#16263  pc=0040001c
#16264  pc=00400020
#16265  pc=00400024   x8(s0/fp)=00000004
#16266  pc=00400028
#16267  pc=0040002c
#16268  pc=00400030
#16269  pc=0040004c   x10(a0)=00000003
#16270  pc=00400050   x1(ra)=00400054
#16271  pc=00400014   x2(sp)=7fefff50
#16272  pc=00400018
#16273  pc=0040001c
#16274  pc=00400020
#16275  pc=00400024   x8(s0/fp)=00000003
#16276  pc=00400028
#16277  pc=0040002c
#16278  pc=00400030
#16279  pc=0040004c   x10(a0)=00000002
#16280  pc=00400050
#16281  pc=00400014   x2(sp)=7fefff40
#16282  pc=00400018
#16283  pc=0040001c
#16284  pc=00400020
#16285  pc=00400024   x8(s0/fp)=00000002
#16286  pc=00400028
#16287  pc=0040002c
#16288  pc=00400030
#16289  pc=0040004c   x10(a0)=00000001
#16290  pc=00400050
#16291  pc=00400014   x2(sp)=7fefff30
#16292  pc=00400018
#16293  pc=0040001c
#16294  pc=00400020
#16295  pc=00400024   x8(s0/fp)=00000001
#16296  pc=00400028
#16297  pc=0040002c
#16298  pc=00400030
#16299  pc=00400034
#16300  pc=00400038
#16301  pc=0040003c   x8(s0/fp)=00000002
#16302  pc=00400040
#16303  pc=00400044   x2(sp)=7fefff40
#16304  pc=00400048
#16305  pc=00400054   x9(s1)=00000001
#16306  pc=00400058   x10(a0)=00000000
#16307  pc=0040005c   x1(ra)=00400060
#16308  pc=00400014   x2(sp)=7fefff30
#16309  pc=00400018
#16310  pc=0040001c
#16311  pc=00400020
#16312  pc=00400024   x8(s0/fp)=00000000
#16313  pc=00400028
#16314  pc=00400034
#16315  pc=00400038
#16316  pc=0040003c   x8(s0/fp)=00000002
#16317  pc=00400040
#16318  pc=00400044   x2(sp)=7fefff40
#16319  pc=00400048
#16320  pc=00400060   x8(s0/fp)=00000001
#16321  pc=00400064
#16322  pc=00400034   x10(a0)=00000001
#16323  pc=00400038   x1(ra)=00400054
#16324  pc=0040003c   x8(s0/fp)=00000003
#16325  pc=00400040   x9(s1)=00000005
#16326  pc=00400044   x2(sp)=7fefff50
#16327  pc=00400048
#16328  pc=00400054   x9(s1)=00000001
#16329  pc=00400058
#16330  pc=0040005c   x1(ra)=00400060
#16331  pc=00400014   x2(sp)=7fefff40
#16332  pc=00400018
#16333  pc=0040001c
#16334  pc=00400020
#16335  pc=00400024   x8(s0/fp)=00000001
#16336  pc=00400028
#16337  pc=0040002c
#16338  pc=00400030
#16339  pc=00400034
#16340  pc=00400038
#16341  pc=0040003c   x8(s0/fp)=00000003
#16342  pc=00400040
#16343  pc=00400044   x2(sp)=7fefff50
#16344  pc=00400048
#16345  pc=00400060   x8(s0/fp)=00000002
#16346  pc=00400064
#16347  pc=00400034   x10(a0)=00000002
#16348  pc=00400038   x1(ra)=00400054
#16349  pc=0040003c   x8(s0/fp)=00000004
#16350  pc=00400040   x9(s1)=00000005
#16351  pc=00400044   x2(sp)=7fefff60
#16352  pc=00400048
#16353  pc=00400054   x9(s1)=00000002
#16354  pc=00400058
#16355  pc=0040005c   x1(ra)=00400060
#16356  pc=00400014   x2(sp)=7fefff50
#16357  pc=00400018
#16358  pc=0040001c
#16359  pc=00400020
#16360  pc=00400024   x8(s0/fp)=00000002
#16361  pc=00400028
#16362  pc=0040002c
#16363  pc=00400030
#16364  pc=0040004c   x10(a0)=00000001
#16365  pc=00400050   x1(ra)=00400054
#16366  pc=00400014   x2(sp)=7fefff40
#16367  pc=00400018
#16368  pc=0040001c
#16369  pc=00400020
#16370  pc=00400024   x8(s0/fp)=00000001
#16371  pc=00400028
#16372  pc=0040002c
#16373  pc=00400030
#16374  pc=00400034
#16375  pc=00400038
#16376  pc=0040003c   x8(s0/fp)=00000002
#16377  pc=00400040
#16378  pc=00400044   x2(sp)=7fefff50
#16379  pc=00400048
#16380  pc=00400054   x9(s1)=00000001
#16381  pc=00400058   x10(a0)=00000000
#16382  pc=0040005c   x1(ra)=00400060
#16383  pc=00400014   x2(sp)=7fefff40
#16384  pc=00400018
#16385  pc=0040001c
#16386  pc=00400020
#16387  pc=00400024   x8(s0/fp)=00000000
#16388  pc=00400028
#16389  pc=00400034
#16390  pc=00400038
#16391  pc=0040003c   x8(s0/fp)=00000002
#16392  pc=00400040
#16393  pc=00400044   x2(sp)=7fefff50
#16394  pc=00400048
#16395  pc=00400060   x8(s0/fp)=00000001
#16396  pc=00400064
#16397  pc=00400034   x10(a0)=00000001
#16398  pc=00400038
#16399  pc=0040003c   x8(s0/fp)=00000004
#16400  pc=00400040   x9(s1)=00000002
#16401  pc=00400044   x2(sp)=7fefff60
#16402  pc=00400048
#16403  pc=00400060   x8(s0/fp)=00000003
#16404  pc=00400064
#16405  pc=00400034   x10(a0)=00000003
#16406  pc=00400038
#16407  pc=0040003c   x8(s0/fp)=00000006
#16408  pc=00400040   x9(s1)=00000005
#16409  pc=00400044   x2(sp)=7fefff70
#16410  pc=00400048
#16411  pc=00400060   x8(s0/fp)=00000008
#16412  pc=00400064
#16413  pc=00400034   x10(a0)=00000008
#16414  pc=00400038   x1(ra)=00400054
#16415  pc=0040003c   x8(s0/fp)=00000007
#16416  pc=00400040   x9(s1)=00000037
#16417  pc=00400044   x2(sp)=7fefff80
#16418  pc=00400048
#16419  pc=00400054   x9(s1)=00000008
#16420  pc=00400058   x10(a0)=00000005
#16421  pc=0040005c   x1(ra)=00400060
#16422  pc=00400014   x2(sp)=7fefff70
#16423  pc=00400018
#16424  pc=0040001c
#16425  pc=00400020
#16426  pc=00400024   x8(s0/fp)=00000005
#16427  pc=00400028
#16428  pc=0040002c
#16429  pc=00400030
#16430  pc=0040004c   x10(a0)=00000004
#16431  pc=00400050   x1(ra)=00400054
#16432  pc=00400014   x2(sp)=7fefff60
#16433  pc=00400018
#16434  pc=0040001c
#16435  pc=00400020
#16436  pc=00400024   x8(s0/fp)=00000004
#16437  pc=00400028
#16438  pc=0040002c
#16439  pc=00400030
#16440  pc=0040004c   x10(a0)=00000003
#16441  pc=00400050
#16442  pc=00400014   x2(sp)=7fefff50
#16443  pc=00400018
#16444  pc=0040001c
#16445  pc=00400020
#16446  pc=00400024   x8(s0/fp)=00000003
#16447  pc=00400028
#16448  pc=0040002c
#16449  pc=00400030
#16450  pc=0040004c   x10(a0)=00000002
#16451  pc=00400050
#16452  pc=00400014   x2(sp)=7fefff40
#16453  pc=00400018
#16454  pc=0040001c
#16455  pc=00400020
#16456  pc=00400024   x8(s0/fp)=00000002
#16457  pc=00400028
#16458  pc=0040002c
#16459  pc=00400030
#16460  pc=0040004c   x10(a0)=00000001
#16461  pc=00400050
#16462  pc=00400014   x2(sp)=7fefff30
#16463  pc=00400018
#16464  pc=0040001c
#16465  pc=00400020
#16466  pc=00400024   x8(s0/fp)=00000001
#16467  pc=00400028
#16468  pc=0040002c
#16469  pc=00400030
#16470  pc=00400034
#16471  pc=00400038
#16472  pc=0040003c   x8(s0/fp)=00000002
#16473  pc=00400040
#16474  pc=00400044   x2(sp)=7fefff40
#16475  pc=00400048
#16476  pc=00400054   x9(s1)=00000001
#16477  pc=00400058   x10(a0)=00000000
#16478  pc=0040005c   x1(ra)=00400060
#16479  pc=00400014   x2(sp)=7fefff30
#16480  pc=00400018
#16481  pc=0040001c
#16482  pc=00400020
#16483  pc=00400024   x8(s0/fp)=00000000
#16484  pc=00400028
#16485  pc=00400034
#16486  pc=00400038
#16487  pc=0040003c   x8(s0/fp)=00000002
#16488  pc=00400040
#16489  pc=00400044   x2(sp)=7fefff40
#16490  pc=00400048
#16491  pc=00400060   x8(s0/fp)=00000001
#16492  pc=00400064
#16493  pc=00400034   x10(a0)=00000001
#16494  pc=00400038   x1(ra)=00400054
#16495  pc=0040003c   x8(s0/fp)=00000003
#16496  pc=00400040   x9(s1)=00000008
#16497  pc=00400044   x2(sp)=7fefff50
#16498  pc=00400048
#16499  pc=00400054   x9(s1)=00000001
#16500  pc=00400058
#16501  pc=0040005c   x1(ra)=00400060
#16502  pc=00400014   x2(sp)=7fefff40
#16503  pc=00400018
#16504  pc=0040001c
#16505  pc=00400020
#16506  pc=00400024   x8(s0/fp)=00000001
#16507  pc=00400028
#16508  pc=0040002c
#16509  pc=00400030
#16510  pc=00400034
#16511  pc=00400038
#16512  pc=0040003c   x8(s0/fp)=00000003
#16513  pc=00400040
#16514  pc=00400044   x2(sp)=7fefff50
#16515  pc=00400048
#16516  pc=00400060   x8(s0/fp)=00000002
#16517  pc=00400064
#16518  pc=00400034   x10(a0)=00000002
#16519  pc=00400038   x1(ra)=00400054
#16520  pc=0040003c   x8(s0/fp)=00000004
#16521  pc=00400040   x9(s1)=00000008
#16522  pc=00400044   x2(sp)=7fefff60
#16523  pc=00400048
#16524  pc=00400054   x9(s1)=00000002
#16525  pc=00400058
#16526  pc=0040005c   x1(ra)=00400060
#16527  pc=00400014   x2(sp)=7fefff50
#16528  pc=00400018
#16529  pc=0040001c
#16530  pc=00400020
#16531  pc=00400024   x8(s0/fp)=00000002
#16532  pc=00400028
#16533  pc=0040002c
#16534  pc=00400030
#16535  pc=0040004c   x10(a0)=00000001
#16536  pc=00400050   x1(ra)=00400054
#16537  pc=00400014   x2(sp)=7fefff40
#16538  pc=00400018
#16539  pc=0040001c
#16540  pc=00400020
#16541  pc=00400024   x8(s0/fp)=00000001
#16542  pc=00400028
#16543  pc=0040002c
#16544  pc=00400030
#16545  pc=00400034
#16546  pc=00400038
#16547  pc=0040003c   x8(s0/fp)=00000002
#16548  pc=00400040
#16549  pc=00400044   x2(sp)=7fefff50
#16550  pc=00400048
#16551  pc=00400054   x9(s1)=00000001
#16552  pc=00400058   x10(a0)=00000000
#16553  pc=0040005c   x1(ra)=00400060
#16554  pc=00400014   x2(sp)=7fefff40
#16555  pc=00400018
#16556  pc=0040001c
#16557  pc=00400020
#16558  pc=00400024   x8(s0/fp)=00000000
#16559  pc=00400028
#16560  pc=00400034
#16561  pc=00400038
#16562  pc=0040003c   x8(s0/fp)=00000002
#16563  pc=00400040
#16564  pc=00400044   x2(sp)=7fefff50
#16565  pc=00400048
#16566  pc=00400060   x8(s0/fp)=00000001
#16567  pc=00400064
#16568  pc=00400034   x10(a0)=00000001
#16569  pc=00400038
#16570  pc=0040003c   x8(s0/fp)=00000004
#16571  pc=00400040   x9(s1)=00000002
#16572  pc=00400044   x2(sp)=7fefff60
#16573  pc=00400048
#16574  pc=00400060   x8(s0/fp)=00000003
#16575  pc=00400064
#16576  pc=00400034   x10(a0)=00000003
#16577  pc=00400038   x1(ra)=00400054
#16578  pc=0040003c   x8(s0/fp)=00000005
#16579  pc=00400040   x9(s1)=00000008
#16580  pc=00400044   x2(sp)=7fefff70
#16581  pc=00400048
#16582  pc=00400054   x9(s1)=00000003
#16583  pc=00400058
#16584  pc=0040005c   x1(ra)=00400060
#16585  pc=00400014   x2(sp)=7fefff60
#16586  pc=00400018
#16587  pc=0040001c
#16588  pc=00400020
#16589  pc=00400024   x8(s0/fp)=00000003
#16590  pc=00400028
#16591  pc=0040002c
#16592  pc=00400030
#16593  pc=0040004c   x10(a0)=00000002
#16594  pc=00400050   x1(ra)=00400054
#16595  pc=00400014   x2(sp)=7fefff50
#16596  pc=00400018
#16597  pc=0040001c
#16598  pc=00400020
#16599  pc=00400024   x8(s0/fp)=00000002
#16600  pc=00400028
#16601  pc=0040002c
#16602  pc=00400030
#16603  pc=0040004c   x10(a0)=00000001
#16604  pc=00400050
#16605  pc=00400014   x2(sp)=7fefff40
#16606  pc=00400018
#16607  pc=0040001c
#16608  pc=00400020
#16609  pc=00400024   x8(s0/fp)=00000001
#16610  pc=00400028
#16611  pc=0040002c
#16612  pc=00400030
#16613  pc=00400034
#16614  pc=00400038
#16615  pc=0040003c   x8(s0/fp)=00000002
#16616  pc=00400040
#16617  pc=00400044   x2(sp)=7fefff50
#16618  pc=00400048
#16619  pc=00400054   x9(s1)=00000001
#16620  pc=00400058   x10(a0)=00000000
#16621  pc=0040005c   x1(ra)=00400060
#16622  pc=00400014   x2(sp)=7fefff40
#16623  pc=00400018
#16624  pc=0040001c
#16625  pc=00400020
#16626  pc=00400024   x8(s0/fp)=00000000
#16627  pc=00400028
#16628  pc=00400034
#16629  pc=00400038
#16630  pc=0040003c   x8(s0/fp)=00000002
#16631  pc=00400040
#16632  pc=00400044   x2(sp)=7fefff50
#16633  pc=00400048
#16634  pc=00400060   x8(s0/fp)=00000001
#16635  pc=00400064
#16636  pc=00400034   x10(a0)=00000001
#16637  pc=00400038   x1(ra)=00400054
#16638  pc=0040003c   x8(s0/fp)=00000003
#16639  pc=00400040   x9(s1)=00000003
#16640  pc=00400044   x2(sp)=7fefff60
#16641  pc=00400048
#16642  pc=00400054   x9(s1)=00000001
#16643  pc=00400058
#16644  pc=0040005c   x1(ra)=00400060
#16645  pc=00400014   x2(sp)=7fefff50
#16646  pc=00400018
#16647  pc=0040001c
#16648  pc=00400020
#16649  pc=00400024   x8(s0/fp)=00000001
#16650  pc=00400028
#16651  pc=0040002c
#16652  pc=00400030
#16653  pc=00400034
#16654  pc=00400038
#16655  pc=0040003c   x8(s0/fp)=00000003
#16656  pc=00400040
#16657  pc=00400044   x2(sp)=7fefff60
#16658  pc=00400048
#16659  pc=00400060   x8(s0/fp)=00000002
#16660  pc=00400064
#16661  pc=00400034   x10(a0)=00000002
#16662  pc=00400038
#16663  pc=0040003c   x8(s0/fp)=00000005
#16664  pc=00400040   x9(s1)=00000003
#16665  pc=00400044   x2(sp)=7fefff70
#16666  pc=00400048
#16667  pc=00400060
#16668  pc=00400064
#16669  pc=00400034   x10(a0)=00000005
#16670  pc=00400038
#16671  pc=0040003c   x8(s0/fp)=00000007
#16672  pc=00400040   x9(s1)=00000008
#16673  pc=00400044   x2(sp)=7fefff80
#16674  pc=00400048
#16675  pc=00400060   x8(s0/fp)=0000000d
#16676  pc=00400064
#16677  pc=00400034   x10(a0)=0000000d
#16678  pc=00400038   x1(ra)=00400054
#16679  pc=0040003c   x8(s0/fp)=00000008
#16680  pc=00400040   x9(s1)=00000037
#16681  pc=00400044   x2(sp)=7fefff90
#16682  pc=00400048
#16683  pc=00400054   x9(s1)=0000000d
#16684  pc=00400058   x10(a0)=00000006
#16685  pc=0040005c   x1(ra)=00400060
#16686  pc=00400014   x2(sp)=7fefff80
#16687  pc=00400018
#16688  pc=0040001c
#16689  pc=00400020
#16690  pc=00400024   x8(s0/fp)=00000006
#16691  pc=00400028
#16692  pc=0040002c
#16693  pc=00400030
#16694  pc=0040004c   x10(a0)=00000005
#16695  pc=00400050   x1(ra)=00400054
#16696  pc=00400014   x2(sp)=7fefff70
#16697  pc=00400018
#16698  pc=0040001c
#16699  pc=00400020
#16700  pc=00400024   x8(s0/fp)=00000005
#16701  pc=00400028
#16702  pc=0040002c
#16703  pc=00400030
#16704  pc=0040004c   x10(a0)=00000004
#16705  pc=00400050
#16706  pc=00400014   x2(sp)=7fefff60
#16707  pc=00400018
#16708  pc=0040001c
#16709  pc=00400020
#16710  pc=00400024   x8(s0/fp)=00000004
#16711  pc=00400028
#16712  pc=0040002c
#16713  pc=00400030
#16714  pc=0040004c   x10(a0)=00000003
#16715  pc=00400050
#16716  pc=00400014   x2(sp)=7fefff50
#16717  pc=00400018
#16718  pc=0040001c
#16719  pc=00400020
#16720  pc=00400024   x8(s0/fp)=00000003
#16721  pc=00400028
#16722  pc=0040002c
#16723  pc=00400030
#16724  pc=0040004c   x10(a0)=00000002
#16725  pc=00400050
#16726  pc=00400014   x2(sp)=7fefff40
#16727  pc=00400018
#16728  pc=0040001c
#16729  pc=00400020
#16730  pc=00400024   x8(s0/fp)=00000002
#16731  pc=00400028
#16732  pc=0040002c
#16733  pc=00400030
#16734  pc=0040004c   x10(a0)=00000001
#16735  pc=00400050
#16736  pc=00400014   x2(sp)=7fefff30
#16737  pc=00400018
#16738  pc=0040001c
#16739  pc=00400020
#16740  pc=00400024   x8(s0/fp)=00000001
#16741  pc=00400028
#16742  pc=0040002c
#16743  pc=00400030
#16744  pc=00400034
#16745  pc=00400038
#16746  pc=0040003c   x8(s0/fp)=00000002
#16747  pc=00400040
#16748  pc=00400044   x2(sp)=7fefff40
#16749  pc=00400048
#16750  pc=00400054   x9(s1)=00000001
#16751  pc=00400058   x10(a0)=00000000
#16752  pc=0040005c   x1(ra)=00400060
#16753  pc=00400014   x2(sp)=7fefff30
#16754  pc=00400018
#16755  pc=0040001c
#16756  pc=00400020
#16757  pc=00400024   x8(s0/fp)=00000000
#16758  pc=00400028
#16759  pc=00400034
#16760  pc=00400038
#16761  pc=0040003c   x8(s0/fp)=00000002
#16762  pc=00400040
#16763  pc=00400044   x2(sp)=7fefff40
#16764  pc=00400048
#16765  pc=00400060   x8(s0/fp)=00000001
#16766  pc=00400064
#16767  pc=00400034   x10(a0)=00000001
#16768  pc=00400038   x1(ra)=00400054
#16769  pc=0040003c   x8(s0/fp)=00000003
#16770  pc=00400040   x9(s1)=0000000d
#16771  pc=00400044   x2(sp)=7fefff50
#16772  pc=00400048
#16773  pc=00400054   x9(s1)=00000001
#16774  pc=00400058
#16775  pc=0040005c   x1(ra)=00400060
#16776  pc=00400014   x2(sp)=7fefff40
#16777  pc=00400018
#16778  pc=0040001c
#16779  pc=00400020
#16780  pc=00400024   x8(s0/fp)=00000001
#16781  pc=00400028
#16782  pc=0040002c
#16783  pc=00400030
#16784  pc=00400034
#16785  pc=00400038
#16786  pc=0040003c   x8(s0/fp)=00000003
#16787  pc=00400040
#16788  pc=00400044   x2(sp)=7fefff50
#16789  pc=00400048
#16790  pc=00400060   x8(s0/fp)=00000002
#16791  pc=00400064
#16792  pc=00400034   x10(a0)=00000002
#16793  pc=00400038   x1(ra)=00400054
#16794  pc=0040003c   x8(s0/fp)=00000004
#16795  pc=00400040   x9(s1)=0000000d
#16796  pc=00400044   x2(sp)=7fefff60
#16797  pc=00400048
#16798  pc=00400054   x9(s1)=00000002
#16799  pc=00400058
#16800  pc=0040005c   x1(ra)=00400060
#16801  pc=00400014   x2(sp)=7fefff50
#16802  pc=00400018
#16803  pc=0040001c
#16804  pc=00400020
#16805  pc=00400024   x8(s0/fp)=00000002
#16806  pc=00400028
#16807  pc=0040002c
#16808  pc=00400030
#16809  pc=0040004c   x10(a0)=00000001
#16810  pc=00400050   x1(ra)=00400054
#16811  pc=00400014   x2(sp)=7fefff40
#16812  pc=00400018
#16813  pc=0040001c
#16814  pc=00400020
#16815  pc=00400024   x8(s0/fp)=00000001
#16816  pc=00400028
#16817  pc=0040002c
#16818  pc=00400030
#16819  pc=00400034
#16820  pc=00400038
#16821  pc=0040003c   x8(s0/fp)=00000002
#16822  pc=00400040
#16823  pc=00400044   x2(sp)=7fefff50
#16824  pc=00400048
#16825  pc=00400054   x9(s1)=00000001
#16826  pc=00400058   x10(a0)=00000000
#16827  pc=0040005c   x1(ra)=00400060
#16828  pc=00400014   x2(sp)=7fefff40
#16829  pc=00400018
#16830  pc=0040001c
#16831  pc=00400020
#16832  pc=00400024   x8(s0/fp)=00000000
#16833  pc=00400028
#16834  pc=00400034
#16835  pc=00400038
#16836  pc=0040003c   x8(s0/fp)=00000002
#16837  pc=00400040
#16838  pc=00400044   x2(sp)=7fefff50
#16839  pc=00400048
#16840  pc=00400060   x8(s0/fp)=00000001
#16841  pc=00400064
#16842  pc=00400034   x10(a0)=00000001
#16843  pc=00400038
#16844  pc=0040003c   x8(s0/fp)=00000004
#16845  pc=00400040   x9(s1)=00000002
#16846  pc=00400044   x2(sp)=7fefff60
#16847  pc=00400048
#16848  pc=00400060   x8(s0/fp)=00000003
#16849  pc=00400064
#16850  pc=00400034   x10(a0)=00000003
#16851  pc=00400038   x1(ra)=00400054
#16852  pc=0040003c   x8(s0/fp)=00000005
#16853  pc=00400040   x9(s1)=0000000d
#16854  pc=00400044   x2(sp)=7fefff70
#16855  pc=00400048
#16856  pc=00400054   x9(s1)=00000003
#16857  pc=00400058
#16858  pc=0040005c   x1(ra)=00400060
#16859  pc=00400014   x2(sp)=7fefff60
#16860  pc=00400018
#16861  pc=0040001c
#16862  pc=00400020
#16863  pc=00400024   x8(s0/fp)=00000003
#16864  pc=00400028
#16865  pc=0040002c
#16866  pc=00400030
#16867  pc=0040004c   x10(a0)=00000002
#16868  pc=00400050   x1(ra)=00400054
#16869  pc=00400014   x2(sp)=7fefff50
#16870  pc=00400018
#16871  pc=0040001c
#16872  pc=00400020
#16873  pc=00400024   x8(s0/fp)=00000002
#16874  pc=00400028
#16875  pc=0040002c
#16876  pc=00400030
#16877  pc=0040004c   x10(a0)=00000001
#16878  pc=00400050
#16879  pc=00400014   x2(sp)=7fefff40
#16880  pc=00400018
#16881  pc=0040001c
#16882  pc=00400020
#16883  pc=00400024   x8(s0/fp)=00000001
#16884  pc=00400028
#16885  pc=0040002c
#16886  pc=00400030
#16887  pc=00400034
#16888  pc=00400038
#16889  pc=0040003c   x8(s0/fp)=00000002
#16890  pc=00400040
#16891  pc=00400044   x2(sp)=7fefff50
#16892  pc=00400048
#16893  pc=00400054   x9(s1)=00000001
#16894  pc=00400058   x10(a0)=00000000
#16895  pc=0040005c   x1(ra)=00400060
#16896  pc=00400014   x2(sp)=7fefff40
#16897  pc=00400018
#16898  pc=0040001c
#16899  pc=00400020
#16900  pc=00400024   x8(s0/fp)=00000000
#16901  pc=00400028
#16902  pc=00400034
#16903  pc=00400038
#16904  pc=0040003c   x8(s0/fp)=00000002
#16905  pc=00400040
#16906  pc=00400044   x2(sp)=7fefff50
#16907  pc=00400048
#16908  pc=00400060   x8(s0/fp)=00000001
#16909  pc=00400064
#16910  pc=00400034   x10(a0)=00000001
#16911  pc=00400038   x1(ra)=00400054
#16912  pc=0040003c   x8(s0/fp)=00000003
#16913  pc=00400040   x9(s1)=00000003
#16914  pc=00400044   x2(sp)=7fefff60
#16915  pc=00400048
#16916  pc=00400054   x9(s1)=00000001
#16917  pc=00400058
#16918  pc=0040005c   x1(ra)=00400060
#16919  pc=00400014   x2(sp)=7fefff50
#16920  pc=00400018
#16921  pc=0040001c
#16922  pc=00400020
#16923  pc=00400024   x8(s0/fp)=00000001
#16924  pc=00400028
#16925  pc=0040002c
#16926  pc=00400030
#16927  pc=00400034
#16928  pc=00400038
#16929  pc=0040003c   x8(s0/fp)=00000003
#16930  pc=00400040
#16931  pc=00400044   x2(sp)=7fefff60
#16932  pc=00400048
#16933  pc=00400060   x8(s0/fp)=00000002
#16934  pc=00400064
#16935  pc=00400034   x10(a0)=00000002
#16936  pc=00400038
#16937  pc=0040003c   x8(s0/fp)=00000005
#16938  pc=00400040   x9(s1)=00000003
#16939  pc=00400044   x2(sp)=7fefff70
#16940  pc=00400048
#16941  pc=00400060
#16942  pc=00400064
#16943  pc=00400034   x10(a0)=00000005
#16944  pc=00400038   x1(ra)=00400054
#16945  pc=0040003c   x8(s0/fp)=00000006
#16946  pc=00400040   x9(s1)=0000000d
#16947  pc=00400044   x2(sp)=7fefff80
#16948  pc=00400048
#16949  pc=00400054   x9(s1)=00000005
#16950  pc=00400058   x10(a0)=00000004
#16951  pc=0040005c   x1(ra)=00400060
#16952  pc=00400014   x2(sp)=7fefff70
#16953  pc=00400018
#16954  pc=0040001c
#16955  pc=00400020
#16956  pc=00400024   x8(s0/fp)=00000004
#16957  pc=00400028
#16958  pc=0040002c
#16959  pc=00400030
#16960  pc=0040004c   x10(a0)=00000003
#16961  pc=00400050   x1(ra)=00400054
#16962  pc=00400014   x2(sp)=7fefff60
#16963  pc=00400018
#16964  pc=0040001c
#16965  pc=00400020
#16966  pc=00400024   x8(s0/fp)=00000003
#16967  pc=00400028
#16968  pc=0040002c
#16969  pc=00400030
#16970  pc=0040004c   x10(a0)=00000002
#16971  pc=00400050
#16972  pc=00400014   x2(sp)=7fefff50
#16973  pc=00400018
#16974  pc=0040001c
#16975  pc=00400020
#16976  pc=00400024   x8(s0/fp)=00000002
#16977  pc=00400028
#16978  pc=0040002c
#16979  pc=00400030
#16980  pc=0040004c   x10(a0)=00000001
#16981  pc=00400050
#16982  pc=00400014   x2(sp)=7fefff40
#16983  pc=00400018
#16984  pc=0040001c
#16985  pc=00400020
#16986  pc=00400024   x8(s0/fp)=00000001
#16987  pc=00400028
#16988  pc=0040002c
#16989  pc=00400030
#16990  pc=00400034
#16991  pc=00400038
#16992  pc=0040003c   x8(s0/fp)=00000002
#16993  pc=00400040
#16994  pc=00400044   x2(sp)=7fefff50
#16995  pc=00400048
#16996  pc=00400054   x9(s1)=00000001
#16997  pc=00400058   x10(a0)=00000000
#16998  pc=0040005c   x1(ra)=00400060
#16999  pc=00400014   x2(sp)=7fefff40
#17000  pc=00400018
#17001  pc=0040001c
#17002  pc=00400020
#17003  pc=00400024   x8(s0/fp)=00000000
#17004  pc=00400028
#17005  pc=00400034
#17006  pc=00400038
#17007  pc=0040003c   x8(s0/fp)=00000002
#17008  pc=00400040
#17009  pc=00400044   x2(sp)=7fefff50
#17010  pc=00400048
#17011  pc=00400060   x8(s0/fp)=00000001
#17012  pc=00400064
#17013  pc=00400034   x10(a0)=00000001
#17014  pc=00400038   x1(ra)=00400054
#17015  pc=0040003c   x8(s0/fp)=00000003
#17016  pc=00400040   x9(s1)=00000005
#17017  pc=00400044   x2(sp)=7fefff60
#17018  pc=00400048
#17019  pc=00400054   x9(s1)=00000001
#17020  pc=00400058
#17021  pc=0040005c   x1(ra)=00400060
#17022  pc=00400014   x2(sp)=7fefff50
#17023  pc=00400018
#17024  pc=0040001c
#17025  pc=00400020
#17026  pc=00400024   x8(s0/fp)=00000001
#17027  pc=00400028
#17028  pc=0040002c
#17029  pc=00400030
#17030  pc=00400034
#17031  pc=00400038
#17032  pc=0040003c   x8(s0/fp)=00000003
#17033  pc=00400040
#17034  pc=00400044   x2(sp)=7fefff60
#17035  pc=00400048
#17036  pc=00400060   x8(s0/fp)=00000002
#17037  pc=00400064
#17038  pc=00400034   x10(a0)=00000002
#17039  pc=00400038   x1(ra)=00400054
#17040  pc=0040003c   x8(s0/fp)=00000004
#17041  pc=00400040   x9(s1)=00000005
#17042  pc=00400044   x2(sp)=7fefff70
#17043  pc=00400048
#17044  pc=00400054   x9(s1)=00000002
#17045  pc=00400058
#17046  pc=0040005c   x1(ra)=00400060
#17047  pc=00400014   x2(sp)=7fefff60
#17048  pc=00400018
#17049  pc=0040001c
#17050  pc=00400020
#17051  pc=00400024   x8(s0/fp)=00000002
#17052  pc=00400028
#17053  pc=0040002c
#17054  pc=00400030
#17055  pc=0040004c   x10(a0)=00000001
#17056  pc=00400050   x1(ra)=00400054
#17057  pc=00400014   x2(sp)=7fefff50
#17058  pc=00400018
#17059  pc=0040001c
#17060  pc=00400020
#17061  pc=00400024   x8(s0/fp)=00000001
#17062  pc=00400028
#17063  pc=0040002c
#17064  pc=00400030
#17065  pc=00400034
#17066  pc=00400038
#17067  pc=0040003c   x8(s0/fp)=00000002
#17068  pc=00400040
#17069  pc=00400044   x2(sp)=7fefff60
#17070  pc=00400048
#17071  pc=00400054   x9(s1)=00000001
#17072  pc=00400058   x10(a0)=00000000
#17073  pc=0040005c   x1(ra)=00400060
#17074  pc=00400014   x2(sp)=7fefff50
#17075  pc=00400018
#17076  pc=0040001c
#17077  pc=00400020
#17078  pc=00400024   x8(s0/fp)=00000000
#17079  pc=00400028
#17080  pc=00400034
#17081  pc=00400038
#17082  pc=0040003c   x8(s0/fp)=00000002
#17083  pc=00400040
#17084  pc=00400044   x2(sp)=7fefff60
#17085  pc=00400048
#17086  pc=00400060   x8(s0/fp)=00000001
#17087  pc=00400064
#17088  pc=00400034   x10(a0)=00000001
#17089  pc=00400038
#17090  pc=0040003c   x8(s0/fp)=00000004
#17091  pc=00400040   x9(s1)=00000002
#17092  pc=00400044   x2(sp)=7fefff70
#17093  pc=00400048
#17094  pc=00400060   x8(s0/fp)=00000003
#17095  pc=00400064
#17096  pc=00400034   x10(a0)=00000003
#17097  pc=00400038
#17098  pc=0040003c   x8(s0/fp)=00000006
#17099  pc=00400040   x9(s1)=00000005
#17100  pc=00400044   x2(sp)=7fefff80
#17101  pc=00400048
#17102  pc=00400060   x8(s0/fp)=00000008
#17103  pc=00400064
#17104  pc=00400034   x10(a0)=00000008
#17105  pc=00400038
#17106  pc=0040003c
#17107  pc=00400040   x9(s1)=0000000d
#17108  pc=00400044   x2(sp)=7fefff90
#17109  pc=00400048
#17110  pc=00400060   x8(s0/fp)=00000015
#17111  pc=00400064
#17112  pc=00400034   x10(a0)=00000015
#17113  pc=00400038   x1(ra)=00400054
#17114  pc=0040003c   x8(s0/fp)=00000009
#17115  pc=00400040   x9(s1)=00000037
#17116  pc=00400044   x2(sp)=7fefffa0
#17117  pc=00400048
#17118  pc=00400054   x9(s1)=00000015
#17119  pc=00400058   x10(a0)=00000007
#17120  pc=0040005c   x1(ra)=00400060
#17121  pc=00400014   x2(sp)=7fefff90
#17122  pc=00400018
#17123  pc=0040001c
#17124  pc=00400020
#17125  pc=00400024   x8(s0/fp)=00000007
#17126  pc=00400028
#17127  pc=0040002c
#17128  pc=00400030
#17129  pc=0040004c   x10(a0)=00000006
#17130  pc=00400050   x1(ra)=00400054
#17131  pc=00400014   x2(sp)=7fefff80
#17132  pc=00400018
#17133  pc=0040001c
#17134  pc=00400020
#17135  pc=00400024   x8(s0/fp)=00000006
#17136  pc=00400028
#17137  pc=0040002c
#17138  pc=00400030
#17139  pc=0040004c   x10(a0)=00000005
#17140  pc=00400050
#17141  pc=00400014   x2(sp)=7fefff70
#17142  pc=00400018
#17143  pc=0040001c
#17144  pc=00400020
#17145  pc=00400024   x8(s0/fp)=00000005
#17146  pc=00400028
#17147  pc=0040002c
#17148  pc=00400030
#17149  pc=0040004c   x10(a0)=00000004
#17150  pc=00400050
#17151  pc=00400014   x2(sp)=7fefff60
#17152  pc=00400018
#17153  pc=0040001c
#17154  pc=00400020
#17155  pc=00400024   x8(s0/fp)=00000004
#17156  pc=00400028
#17157  pc=0040002c
#17158  pc=00400030
#17159  pc=0040004c   x10(a0)=00000003
#17160  pc=00400050
#17161  pc=00400014   x2(sp)=7fefff50
#17162  pc=00400018
#17163  pc=0040001c
#17164  pc=00400020
#17165  pc=00400024   x8(s0/fp)=00000003
#17166  pc=00400028
#17167  pc=0040002c
#17168  pc=00400030
#17169  pc=0040004c   x10(a0)=00000002
#17170  pc=00400050
#17171  pc=00400014   x2(sp)=7fefff40
#17172  pc=00400018
#17173  pc=0040001c
#17174  pc=00400020
#17175  pc=00400024   x8(s0/fp)=00000002
#17176  pc=00400028
#17177  pc=0040002c
#17178  pc=00400030
#17179  pc=0040004c   x10(a0)=00000001
#17180  pc=00400050
#17181  pc=00400014   x2(sp)=7fefff30
#17182  pc=00400018
#17183  pc=0040001c
#17184  pc=00400020
#17185  pc=00400024   x8(s0/fp)=00000001
#17186  pc=00400028
#17187  pc=0040002c
#17188  pc=00400030
#17189  pc=00400034
#17190  pc=00400038
#17191  pc=0040003c   x8(s0/fp)=00000002
#17192  pc=00400040
#17193  pc=00400044   x2(sp)=7fefff40
#17194  pc=00400048
#17195  pc=00400054   x9(s1)=00000001
#17196  pc=00400058   x10(a0)=00000000
#17197  pc=0040005c   x1(ra)=00400060
#17198  pc=00400014   x2(sp)=7fefff30
#17199  pc=00400018
#17200  pc=0040001c
#17201  pc=00400020
#17202  pc=00400024   x8(s0/fp)=00000000
#17203  pc=00400028
#17204  pc=00400034
#17205  pc=00400038
#17206  pc=0040003c   x8(s0/fp)=00000002
#17207  pc=00400040
#17208  pc=00400044   x2(sp)=7fefff40
#17209  pc=00400048
#17210  pc=00400060   x8(s0/fp)=00000001
#17211  pc=00400064
#17212  pc=00400034   x10(a0)=00000001
#17213  pc=00400038   x1(ra)=00400054
#17214  pc=0040003c   x8(s0/fp)=00000003
#17215  pc=00400040   x9(s1)=00000015
#17216  pc=00400044   x2(sp)=7fefff50
#17217  pc=00400048
#17218  pc=00400054   x9(s1)=00000001
#17219  pc=00400058
#17220  pc=0040005c   x1(ra)=00400060
#17221  pc=00400014   x2(sp)=7fefff40
#17222  pc=00400018
#17223  pc=0040001c
#17224  pc=00400020
#17225  pc=00400024   x8(s0/fp)=00000001
#17226  pc=00400028
#17227  pc=0040002c
#17228  pc=00400030
#17229  pc=00400034
#17230  pc=00400038
#17231  pc=0040003c   x8(s0/fp)=00000003
#17232  pc=00400040
#17233  pc=00400044   x2(sp)=7fefff50
#17234  pc=00400048
#17235  pc=00400060   x8(s0/fp)=00000002
#17236  pc=00400064
#17237  pc=00400034   x10(a0)=00000002
#17238  pc=00400038   x1(ra)=00400054
#17239  pc=0040003c   x8(s0/fp)=00000004
#17240  pc=00400040   x9(s1)=00000015
#17241  pc=00400044   x2(sp)=7fefff60
#17242  pc=00400048
#17243  pc=00400054   x9(s1)=00000002
#17244  pc=00400058
#17245  pc=0040005c   x1(ra)=00400060
#17246  pc=00400014   x2(sp)=7fefff50
#17247  pc=00400018
#17248  pc=0040001c
#17249  pc=00400020
#17250  pc=00400024   x8(s0/fp)=00000002
#17251  pc=00400028
#17252  pc=0040002c
#17253  pc=00400030
#17254  pc=0040004c   x10(a0)=00000001
#17255  pc=00400050   x1(ra)=00400054
#17256  pc=00400014   x2(sp)=7fefff40
#17257  pc=00400018
#17258  pc=0040001c
#17259  pc=00400020
#17260  pc=00400024   x8(s0/fp)=00000001
#17261  pc=00400028
#17262  pc=0040002c
#17263  pc=00400030
#17264  pc=00400034
#17265  pc=00400038
#17266  pc=0040003c   x8(s0/fp)=00000002
#17267  pc=00400040
#17268  pc=00400044   x2(sp)=7fefff50
#17269  pc=00400048
#17270  pc=00400054   x9(s1)=00000001
#17271  pc=00400058   x10(a0)=00000000
#17272  pc=0040005c   x1(ra)=00400060
#17273  pc=00400014   x2(sp)=7fefff40
#17274  pc=00400018
#17275  pc=0040001c
#17276  pc=00400020
#17277  pc=00400024   x8(s0/fp)=00000000
#17278  pc=00400028
#17279  pc=00400034
#17280  pc=00400038
#17281  pc=0040003c   x8(s0/fp)=00000002
#17282  pc=00400040
#17283  pc=00400044   x2(sp)=7fefff50
#17284  pc=00400048
#17285  pc=00400060   x8(s0/fp)=00000001
#17286  pc=00400064
#17287  pc=00400034   x10(a0)=00000001
#17288  pc=00400038
#17289  pc=0040003c   x8(s0/fp)=00000004
#17290  pc=00400040   x9(s1)=00000002
#17291  pc=00400044   x2(sp)=7fefff60
#17292  pc=00400048
#17293  pc=00400060   x8(s0/fp)=00000003
#17294  pc=00400064
#17295  pc=00400034   x10(a0)=00000003
#17296  pc=00400038   x1(ra)=00400054
#17297  pc=0040003c   x8(s0/fp)=00000005
#17298  pc=00400040   x9(s1)=00000015
#17299  pc=00400044   x2(sp)=7fefff70
#17300  pc=00400048
#17301  pc=00400054   x9(s1)=00000003
#17302  pc=00400058
#17303  pc=0040005c   x1(ra)=00400060
#17304  pc=00400014   x2(sp)=7fefff60
#17305  pc=00400018
#17306  pc=0040001c
#17307  pc=00400020
#17308  pc=00400024   x8(s0/fp)=00000003
#17309  pc=00400028
#17310  pc=0040002c
#17311  pc=00400030
#17312  pc=0040004c   x10(a0)=00000002
#17313  pc=00400050   x1(ra)=00400054
#17314  pc=00400014   x2(sp)=7fefff50
#17315  pc=00400018
#17316  pc=0040001c
#17317  pc=00400020
#17318  pc=00400024   x8(s0/fp)=00000002
#17319  pc=00400028
#17320  pc=0040002c
#17321  pc=00400030
#17322  pc=0040004c   x10(a0)=00000001
#17323  pc=00400050
#17324  pc=00400014   x2(sp)=7fefff40
#17325  pc=00400018
#17326  pc=0040001c
#17327  pc=00400020
#17328  pc=00400024   x8(s0/fp)=00000001
#17329  pc=00400028
#17330  pc=0040002c
#17331  pc=00400030
#17332  pc=00400034
#17333  pc=00400038
#17334  pc=0040003c   x8(s0/fp)=00000002
#17335  pc=00400040
#17336  pc=00400044   x2(sp)=7fefff50
#17337  pc=00400048
#17338  pc=00400054   x9(s1)=00000001
#17339  pc=00400058   x10(a0)=00000000
#17340  pc=0040005c   x1(ra)=00400060
#17341  pc=00400014   x2(sp)=7fefff40
#17342  pc=00400018
#17343  pc=0040001c
#17344  pc=00400020
#17345  pc=00400024   x8(s0/fp)=00000000
#17346  pc=00400028
#17347  pc=00400034
#17348  pc=00400038
#17349  pc=0040003c   x8(s0/fp)=00000002
#17350  pc=00400040
#17351  pc=00400044   x2(sp)=7fefff50
#17352  pc=00400048
#17353  pc=00400060   x8(s0/fp)=00000001
#17354  pc=00400064
#17355  pc=00400034   x10(a0)=00000001
#17356  pc=00400038   x1(ra)=00400054
#17357  pc=0040003c   x8(s0/fp)=00000003
#17358  pc=00400040   x9(s1)=00000003
#17359  pc=00400044   x2(sp)=7fefff60
#17360  pc=00400048
#17361  pc=00400054   x9(s1)=00000001
#17362  pc=00400058
#17363  pc=0040005c   x1(ra)=00400060
#17364  pc=00400014   x2(sp)=7fefff50
#17365  pc=00400018
#17366  pc=0040001c
#17367  pc=00400020
#17368  pc=00400024   x8(s0/fp)=00000001
#17369  pc=00400028
#17370  pc=0040002c
#17371  pc=00400030
#17372  pc=00400034
#17373  pc=00400038
#17374  pc=0040003c   x8(s0/fp)=00000003
#17375  pc=00400040
#17376  pc=00400044   x2(sp)=7fefff60
#17377  pc=00400048
#17378  pc=00400060   x8(s0/fp)=00000002
#17379  pc=00400064
#17380  pc=00400034   x10(a0)=00000002
#17381  pc=00400038
#17382  pc=0040003c   x8(s0/fp)=00000005
#17383  pc=00400040   x9(s1)=00000003
#17384  pc=00400044   x2(sp)=7fefff70
#17385  pc=00400048
#17386  pc=00400060
#17387  pc=00400064
#17388  pc=00400034   x10(a0)=00000005
#17389  pc=00400038   x1(ra)=00400054
#17390  pc=0040003c   x8(s0/fp)=00000006
#17391  pc=00400040   x9(s1)=00000015
#17392  pc=00400044   x2(sp)=7fefff80
#17393  pc=00400048
#17394  pc=00400054   x9(s1)=00000005
#17395  pc=00400058   x10(a0)=00000004
#17396  pc=0040005c   x1(ra)=00400060
#17397  pc=00400014   x2(sp)=7fefff70
#17398  pc=00400018
#17399  pc=0040001c
#17400  pc=00400020
#17401  pc=00400024   x8(s0/fp)=00000004
#17402  pc=00400028
#17403  pc=0040002c
#17404  pc=00400030
#17405  pc=0040004c   x10(a0)=00000003
#17406  pc=00400050   x1(ra)=00400054
#17407  pc=00400014   x2(sp)=7fefff60
#17408  pc=00400018
#17409  pc=0040001c
#17410  pc=00400020
#17411  pc=00400024   x8(s0/fp)=00000003
#17412  pc=00400028
#17413  pc=0040002c
#17414  pc=00400030
#17415  pc=0040004c   x10(a0)=00000002
#17416  pc=00400050
#17417  pc=00400014   x2(sp)=7fefff50
#17418  pc=00400018
#17419  pc=0040001c
#17420  pc=00400020
#17421  pc=00400024   x8(s0/fp)=00000002
#17422  pc=00400028
#17423  pc=0040002c
#17424  pc=00400030
#17425  pc=0040004c   x10(a0)=00000001
#17426  pc=00400050
#17427  pc=00400014   x2(sp)=7fefff40
#17428  pc=00400018
#17429  pc=0040001c
#17430  pc=00400020
#17431  pc=00400024   x8(s0/fp)=00000001
#17432  pc=00400028
#17433  pc=0040002c
#17434  pc=00400030
#17435  pc=00400034
#17436  pc=00400038
#17437  pc=0040003c   x8(s0/fp)=00000002
#17438  pc=00400040
#17439  pc=00400044   x2(sp)=7fefff50
#17440  pc=00400048
#17441  pc=00400054   x9(s1)=00000001
#17442  pc=00400058   x10(a0)=00000000
#17443  pc=0040005c   x1(ra)=00400060
#17444  pc=00400014   x2(sp)=7fefff40
#17445  pc=00400018
#17446  pc=0040001c
#17447  pc=00400020
#17448  pc=00400024   x8(s0/fp)=00000000
#17449  pc=00400028
#17450  pc=00400034
#17451  pc=00400038
#17452  pc=0040003c   x8(s0/fp)=00000002
#17453  pc=00400040
#17454  pc=00400044   x2(sp)=7fefff50
#17455  pc=00400048
#17456  pc=00400060   x8(s0/fp)=00000001
#17457  pc=00400064
#17458  pc=00400034   x10(a0)=00000001
#17459  pc=00400038   x1(ra)=00400054
#17460  pc=0040003c   x8(s0/fp)=00000003
#17461  pc=00400040   x9(s1)=00000005
#17462  pc=00400044   x2(sp)=7fefff60
#17463  pc=00400048
#17464  pc=00400054   x9(s1)=00000001
#17465  pc=00400058
#17466  pc=0040005c   x1(ra)=00400060
#17467  pc=00400014   x2(sp)=7fefff50
#17468  pc=00400018
#17469  pc=0040001c
#17470  pc=00400020
#17471  pc=00400024   x8(s0/fp)=00000001
#17472  pc=00400028
#17473  pc=0040002c
#17474  pc=00400030
#17475  pc=00400034
#17476  pc=00400038
#17477  pc=0040003c   x8(s0/fp)=00000003
#17478  pc=00400040
#17479  pc=00400044   x2(sp)=7fefff60
#17480  pc=00400048
#17481  pc=00400060   x8(s0/fp)=00000002
#17482  pc=00400064
#17483  pc=00400034   x10(a0)=00000002
#17484  pc=00400038   x1(ra)=00400054
#17485  pc=0040003c   x8(s0/fp)=00000004
#17486  pc=00400040   x9(s1)=00000005
#17487  pc=00400044   x2(sp)=7fefff70
#17488  pc=00400048
#17489  pc=00400054   x9(s1)=00000002
#17490  pc=00400058
#17491  pc=0040005c   x1(ra)=00400060
#17492  pc=00400014   x2(sp)=7fefff60
#17493  pc=00400018
#17494  pc=0040001c
#17495  pc=00400020
#17496  pc=00400024   x8(s0/fp)=00000002
#17497  pc=00400028
#17498  pc=0040002c
#17499  pc=00400030
#17500  pc=0040004c   x10(a0)=00000001
#17501  pc=00400050   x1(ra)=00400054
#17502  pc=00400014   x2(sp)=7fefff50
#17503  pc=00400018
#17504  pc=0040001c
#17505  pc=00400020
#17506  pc=00400024   x8(s0/fp)=00000001
#17507  pc=00400028
#17508  pc=0040002c
#17509  pc=00400030
#17510  pc=00400034
#17511  pc=00400038
#17512  pc=0040003c   x8(s0/fp)=00000002
#17513  pc=00400040
#17514  pc=00400044   x2(sp)=7fefff60
#17515  pc=00400048
#17516  pc=00400054   x9(s1)=00000001
#17517  pc=00400058   x10(a0)=00000000
#17518  pc=0040005c   x1(ra)=00400060
#17519  pc=00400014   x2(sp)=7fefff50
#17520  pc=00400018
#17521  pc=0040001c
#17522  pc=00400020
#17523  pc=00400024   x8(s0/fp)=00000000
#17524  pc=00400028
#17525  pc=00400034
#17526  pc=00400038
#17527  pc=0040003c   x8(s0/fp)=00000002
#17528  pc=00400040
#17529  pc=00400044   x2(sp)=7fefff60
#17530  pc=00400048
#17531  pc=00400060   x8(s0/fp)=00000001
#17532  pc=00400064
#17533  pc=00400034   x10(a0)=00000001
#17534  pc=00400038
#17535  pc=0040003c   x8(s0/fp)=00000004
#17536  pc=00400040   x9(s1)=00000002
#17537  pc=00400044   x2(sp)=7fefff70
#17538  pc=00400048
#17539  pc=00400060   x8(s0/fp)=00000003
#17540  pc=00400064
#17541  pc=00400034   x10(a0)=00000003
#17542  pc=00400038
#17543  pc=0040003c   x8(s0/fp)=00000006
#17544  pc=00400040   x9(s1)=00000005
#17545  pc=00400044   x2(sp)=7fefff80
#17546  pc=00400048
#17547  pc=00400060   x8(s0/fp)=00000008
#17548  pc=00400064
#17549  pc=00400034   x10(a0)=00000008
#17550  pc=00400038   x1(ra)=00400054
#17551  pc=0040003c   x8(s0/fp)=00000007
#17552  pc=00400040   x9(s1)=00000015
#17553  pc=00400044   x2(sp)=7fefff90
#17554  pc=00400048
#17555  pc=00400054   x9(s1)=00000008
#17556  pc=00400058   x10(a0)=00000005
#17557  pc=0040005c   x1(ra)=00400060
#17558  pc=00400014   x2(sp)=7fefff80
#17559  pc=00400018
#17560  pc=0040001c
#17561  pc=00400020
#17562  pc=00400024   x8(s0/fp)=00000005
#17563  pc=00400028
#17564  pc=0040002c
#17565  pc=00400030
#17566  pc=0040004c   x10(a0)=00000004
#17567  pc=00400050   x1(ra)=00400054
#17568  pc=00400014   x2(sp)=7fefff70
#17569  pc=00400018
#17570  pc=0040001c
#17571  pc=00400020
#17572  pc=00400024   x8(s0/fp)=00000004
#17573  pc=00400028
#17574  pc=0040002c
#17575  pc=00400030
#17576  pc=0040004c   x10(a0)=00000003
#17577  pc=00400050
#17578  pc=00400014   x2(sp)=7fefff60
#17579  pc=00400018
#17580  pc=0040001c
#17581  pc=00400020
#17582  pc=00400024   x8(s0/fp)=00000003
#17583  pc=00400028
#17584  pc=0040002c
#17585  pc=00400030
#17586  pc=0040004c   x10(a0)=00000002
#17587  pc=00400050
#17588  pc=00400014   x2(sp)=7fefff50
#17589  pc=00400018
#17590  pc=0040001c
#17591  pc=00400020
#17592  pc=00400024   x8(s0/fp)=00000002
#17593  pc=00400028
#17594  pc=0040002c
#17595  pc=00400030
#17596  pc=0040004c   x10(a0)=00000001
#17597  pc=00400050
#17598  pc=00400014   x2(sp)=7fefff40
#17599  pc=00400018
#17600  pc=0040001c
#17601  pc=00400020
#17602  pc=00400024   x8(s0/fp)=00000001
#17603  pc=00400028
#17604  pc=0040002c
#17605  pc=00400030
#17606  pc=00400034
#17607  pc=00400038
#17608  pc=0040003c   x8(s0/fp)=00000002
#17609  pc=00400040
#17610  pc=00400044   x2(sp)=7fefff50
#17611  pc=00400048
#17612  pc=00400054   x9(s1)=00000001
#17613  pc=00400058   x10(a0)=00000000
#17614  pc=0040005c   x1(ra)=00400060
#17615  pc=00400014   x2(sp)=7fefff40
#17616  pc=00400018
#17617  pc=0040001c
#17618  pc=00400020
#17619  pc=00400024   x8(s0/fp)=00000000
#17620  pc=00400028
#17621  pc=00400034
#17622  pc=00400038
#17623  pc=0040003c   x8(s0/fp)=00000002
#17624  pc=00400040
#17625  pc=00400044   x2(sp)=7fefff50
#17626  pc=00400048
#17627  pc=00400060   x8(s0/fp)=00000001
#17628  pc=00400064
#17629  pc=00400034   x10(a0)=00000001
#17630  pc=00400038   x1(ra)=00400054
#17631  pc=0040003c   x8(s0/fp)=00000003
#17632  pc=00400040   x9(s1)=00000008
#17633  pc=00400044   x2(sp)=7fefff60
#17634  pc=00400048
#17635  pc=00400054   x9(s1)=00000001
#17636  pc=00400058
#17637  pc=0040005c   x1(ra)=00400060
#17638  pc=00400014   x2(sp)=7fefff50
#17639  pc=00400018
#17640  pc=0040001c
#17641  pc=00400020
#17642  pc=00400024   x8(s0/fp)=00000001
#17643  pc=00400028
#17644  pc=0040002c
#17645  pc=00400030
#17646  pc=00400034
#17647  pc=00400038
#17648  pc=0040003c   x8(s0/fp)=00000003
#17649  pc=00400040
#17650  pc=00400044   x2(sp)=7fefff60
#17651  pc=00400048
#17652  pc=00400060   x8(s0/fp)=00000002
#17653  pc=00400064
#17654  pc=00400034   x10(a0)=00000002
#17655  pc=00400038   x1(ra)=00400054
#17656  pc=0040003c   x8(s0/fp)=00000004
#17657  pc=00400040   x9(s1)=00000008
#17658  pc=00400044   x2(sp)=7fefff70
#17659  pc=00400048
#17660  pc=00400054   x9(s1)=00000002
#17661  pc=00400058
#17662  pc=0040005c   x1(ra)=00400060
#17663  pc=00400014   x2(sp)=7fefff60
#17664  pc=00400018
#17665  pc=0040001c
#17666  pc=00400020
#17667  pc=00400024   x8(s0/fp)=00000002
#17668  pc=00400028
#17669  pc=0040002c
#17670  pc=00400030
#17671  pc=0040004c   x10(a0)=00000001
#17672  pc=00400050   x1(ra)=00400054
#17673  pc=00400014   x2(sp)=7fefff50
#17674  pc=00400018
#17675  pc=0040001c
#17676  pc=00400020
#17677  pc=00400024   x8(s0/fp)=00000001
#17678  pc=00400028
#17679  pc=0040002c
#17680  pc=00400030
#17681  pc=00400034
#17682  pc=00400038
#17683  pc=0040003c   x8(s0/fp)=00000002
#17684  pc=00400040
#17685  pc=00400044   x2(sp)=7fefff60
#17686  pc=00400048
#17687  pc=00400054   x9(s1)=00000001
#17688  pc=00400058   x10(a0)=00000000
#17689  pc=0040005c   x1(ra)=00400060
#17690  pc=00400014   x2(sp)=7fefff50
#17691  pc=00400018
#17692  pc=0040001c
#17693  pc=00400020
#17694  pc=00400024   x8(s0/fp)=00000000
#17695  pc=00400028
#17696  pc=00400034
#17697  pc=00400038
#17698  pc=0040003c   x8(s0/fp)=00000002
#17699  pc=00400040
#17700  pc=00400044   x2(sp)=7fefff60
#17701  pc=00400048
#17702  pc=00400060   x8(s0/fp)=00000001
#17703  pc=00400064
#17704  pc=00400034   x10(a0)=00000001
#17705  pc=00400038
#17706  pc=0040003c   x8(s0/fp)=00000004
#17707  pc=00400040   x9(s1)=00000002
#17708  pc=00400044   x2(sp)=7fefff70
#17709  pc=00400048
#17710  pc=00400060   x8(s0/fp)=00000003
#17711  pc=00400064
#17712  pc=00400034   x10(a0)=00000003
#17713  pc=00400038   x1(ra)=00400054
#17714  pc=0040003c   x8(s0/fp)=00000005
#17715  pc=00400040   x9(s1)=00000008
#17716  pc=00400044   x2(sp)=7fefff80
#17717  pc=00400048
#17718  pc=00400054   x9(s1)=00000003
#17719  pc=00400058
#17720  pc=0040005c   x1(ra)=00400060
#17721  pc=00400014   x2(sp)=7fefff70
#17722  pc=00400018
#17723  pc=0040001c
#17724  pc=00400020
#17725  pc=00400024   x8(s0/fp)=00000003
#17726  pc=00400028
#17727  pc=0040002c
#17728  pc=00400030
#17729  pc=0040004c   x10(a0)=00000002
#17730  pc=00400050   x1(ra)=00400054
#17731  pc=00400014   x2(sp)=7fefff60
#17732  pc=00400018
#17733  pc=0040001c
#17734  pc=00400020
#17735  pc=00400024   x8(s0/fp)=00000002
#17736  pc=00400028
#17737  pc=0040002c
#17738  pc=00400030
#17739  pc=0040004c   x10(a0)=00000001
#17740  pc=00400050
#17741  pc=00400014   x2(sp)=7fefff50
#17742  pc=00400018
#17743  pc=0040001c
#17744  pc=00400020
#17745  pc=00400024   x8(s0/fp)=00000001
#17746  pc=00400028
#17747  pc=0040002c
#17748  pc=00400030
#17749  pc=00400034
#17750  pc=00400038
#17751  pc=0040003c   x8(s0/fp)=00000002
#17752  pc=00400040
#17753  pc=00400044   x2(sp)=7fefff60
#17754  pc=00400048
#17755  pc=00400054   x9(s1)=00000001
#17756  pc=00400058   x10(a0)=00000000
#17757  pc=0040005c   x1(ra)=00400060
#17758  pc=00400014   x2(sp)=7fefff50
#17759  pc=00400018
#17760  pc=0040001c
#17761  pc=00400020
#17762  pc=00400024   x8(s0/fp)=00000000
#17763  pc=00400028
#17764  pc=00400034
#17765  pc=00400038
#17766  pc=0040003c   x8(s0/fp)=00000002
#17767  pc=00400040
#17768  pc=00400044   x2(sp)=7fefff60
#17769  pc=00400048
#17770  pc=00400060   x8(s0/fp)=00000001
#17771  pc=00400064
#17772  pc=00400034   x10(a0)=00000001
#17773  pc=00400038   x1(ra)=00400054
#17774  pc=0040003c   x8(s0/fp)=00000003
#17775  pc=00400040   x9(s1)=00000003
#17776  pc=00400044   x2(sp)=7fefff70
#17777  pc=00400048
#17778  pc=00400054   x9(s1)=00000001
#17779  pc=00400058
#17780  pc=0040005c   x1(ra)=00400060
#17781  pc=00400014   x2(sp)=7fefff60
#17782  pc=00400018
#17783  pc=0040001c
#17784  pc=00400020
#17785  pc=00400024   x8(s0/fp)=00000001
#17786  pc=00400028
#17787  pc=0040002c
#17788  pc=00400030
#17789  pc=00400034
#17790  pc=00400038
#17791  pc=0040003c   x8(s0/fp)=00000003
#17792  pc=00400040
#17793  pc=00400044   x2(sp)=7fefff70
#17794  pc=00400048
#17795  pc=00400060   x8(s0/fp)=00000002
#17796  pc=00400064
#17797  pc=00400034   x10(a0)=00000002
#17798  pc=00400038
#17799  pc=0040003c   x8(s0/fp)=00000005
#17800  pc=00400040   x9(s1)=00000003
#17801  pc=00400044   x2(sp)=7fefff80
#17802  pc=00400048
#17803  pc=00400060
#17804  pc=00400064
#17805  pc=00400034   x10(a0)=00000005
#17806  pc=00400038
#17807  pc=0040003c   x8(s0/fp)=00000007
#17808  pc=00400040   x9(s1)=00000008
#17809  pc=00400044   x2(sp)=7fefff90
#17810  pc=00400048
#17811  pc=00400060   x8(s0/fp)=0000000d
#17812  pc=00400064
#17813  pc=00400034   x10(a0)=0000000d
#17814  pc=00400038
#17815  pc=0040003c   x8(s0/fp)=00000009
#17816  pc=00400040   x9(s1)=00000015
#17817  pc=00400044   x2(sp)=7fefffa0
#17818  pc=00400048
#17819  pc=00400060   x8(s0/fp)=00000022
#17820  pc=00400064
#17821  pc=00400034   x10(a0)=00000022
#17822  pc=00400038
#17823  pc=0040003c   x8(s0/fp)=0000000b
#17824  pc=00400040   x9(s1)=00000037
#17825  pc=00400044   x2(sp)=7fefffb0
#17826  pc=00400048
#17827  pc=00400060   x8(s0/fp)=00000059
#17828  pc=00400064
#17829  pc=00400034   x10(a0)=00000059
#17830  pc=00400038   x1(ra)=00400054
#17831  pc=0040003c   x8(s0/fp)=0000000c
#17832  pc=00400040   x9(s1)=000000e9
#17833  pc=00400044   x2(sp)=7fefffc0
#17834  pc=00400048
#17835  pc=00400054   x9(s1)=00000059
#17836  pc=00400058   x10(a0)=0000000a
#17837  pc=0040005c   x1(ra)=00400060
#17838  pc=00400014   x2(sp)=7fefffb0
#17839  pc=00400018
#17840  pc=0040001c
#17841  pc=00400020
#17842  pc=00400024   x8(s0/fp)=0000000a
#17843  pc=00400028
#17844  pc=0040002c
#17845  pc=00400030
#17846  pc=0040004c   x10(a0)=00000009
#17847  pc=00400050   x1(ra)=00400054
#17848  pc=00400014   x2(sp)=7fefffa0
#17849  pc=00400018
#17850  pc=0040001c
#17851  pc=00400020
#17852  pc=00400024   x8(s0/fp)=00000009
#17853  pc=00400028
#17854  pc=0040002c
#17855  pc=00400030
#17856  pc=0040004c   x10(a0)=00000008
#17857  pc=00400050
#17858  pc=00400014   x2(sp)=7fefff90
#17859  pc=00400018
#17860  pc=0040001c
#17861  pc=00400020
#17862  pc=00400024   x8(s0/fp)=00000008
#17863  pc=00400028
#17864  pc=0040002c
#17865  pc=00400030
#17866  pc=0040004c   x10(a0)=00000007
#17867  pc=00400050
#17868  pc=00400014   x2(sp)=7fefff80
#17869  pc=00400018
#17870  pc=0040001c
#17871  pc=00400020
#17872  pc=00400024   x8(s0/fp)=00000007
#17873  pc=00400028
#17874  pc=0040002c
#17875  pc=00400030
#17876  pc=0040004c   x10(a0)=00000006
#17877  pc=00400050
#17878  pc=00400014   x2(sp)=7fefff70
#17879  pc=00400018
#17880  pc=0040001c
#17881  pc=00400020
#17882  pc=00400024   x8(s0/fp)=00000006
#17883  pc=00400028
#17884  pc=0040002c
#17885  pc=00400030
#17886  pc=0040004c   x10(a0)=00000005
#17887  pc=00400050
#17888  pc=00400014   x2(sp)=7fefff60
#17889  pc=00400018
#17890  pc=0040001c
#17891  pc=00400020
#17892  pc=00400024   x8(s0/fp)=00000005
#17893  pc=00400028
#17894  pc=0040002c
#17895  pc=00400030
#17896  pc=0040004c   x10(a0)=00000004
#17897  pc=00400050
#17898  pc=00400014   x2(sp)=7fefff50
#17899  pc=00400018
#17900  pc=0040001c
#17901  pc=00400020
#17902  pc=00400024   x8(s0/fp)=00000004
#17903  pc=00400028
#17904  pc=0040002c
#17905  pc=00400030
#17906  pc=0040004c   x10(a0)=00000003
#17907  pc=00400050
#17908  pc=00400014   x2(sp)=7fefff40
#17909  pc=00400018
#17910  pc=0040001c
#17911  pc=00400020
#17912  pc=00400024   x8(s0/fp)=00000003
#17913  pc=00400028
#17914  pc=0040002c
#17915  pc=00400030
#17916  pc=0040004c   x10(a0)=00000002
#17917  pc=00400050
#17918  pc=00400014   x2(sp)=7fefff30
#17919  pc=00400018
#17920  pc=0040001c
#17921  pc=00400020
#17922  pc=00400024   x8(s0/fp)=00000002
#17923  pc=00400028
#17924  pc=0040002c
#17925  pc=00400030
#17926  pc=0040004c   x10(a0)=00000001
#17927  pc=00400050
#17928  pc=00400014   x2(sp)=7fefff20
#17929  pc=00400018
#17930  pc=0040001c
#17931  pc=00400020
#17932  pc=00400024   x8(s0/fp)=00000001
#17933  pc=00400028
#17934  pc=0040002c
#17935  pc=00400030
#17936  pc=00400034
#17937  pc=00400038
#17938  pc=0040003c   x8(s0/fp)=00000002
#17939  pc=00400040
#17940  pc=00400044   x2(sp)=7fefff30
#17941  pc=00400048
#17942  pc=00400054   x9(s1)=00000001
#17943  pc=00400058   x10(a0)=00000000
#17944  pc=0040005c   x1(ra)=00400060
#17945  pc=00400014   x2(sp)=7fefff20
#17946  pc=00400018
#17947  pc=0040001c
#17948  pc=00400020
#17949  pc=00400024   x8(s0/fp)=00000000
#17950  pc=00400028
#17951  pc=00400034
#17952  pc=00400038
#17953  pc=0040003c   x8(s0/fp)=00000002
#17954  pc=00400040
#17955  pc=00400044   x2(sp)=7fefff30
#17956  pc=00400048
#17957  pc=00400060   x8(s0/fp)=00000001
#17958  pc=00400064
#17959  pc=00400034   x10(a0)=00000001
#17960  pc=00400038   x1(ra)=00400054
#17961  pc=0040003c   x8(s0/fp)=00000003
#17962  pc=00400040   x9(s1)=00000059
#17963  pc=00400044   x2(sp)=7fefff40
#17964  pc=00400048
#17965  pc=00400054   x9(s1)=00000001
#17966  pc=00400058
#17967  pc=0040005c   x1(ra)=00400060
#17968  pc=00400014   x2(sp)=7fefff30
#17969  pc=00400018
#17970  pc=0040001c
#17971  pc=00400020
#17972  pc=00400024   x8(s0/fp)=00000001
#17973  pc=00400028
#17974  pc=0040002c
#17975  pc=00400030
#17976  pc=00400034
#17977  pc=00400038
#17978  pc=0040003c   x8(s0/fp)=00000003
#17979  pc=00400040
#17980  pc=00400044   x2(sp)=7fefff40
#17981  pc=00400048
#17982  pc=00400060   x8(s0/fp)=00000002
#17983  pc=00400064
#17984  pc=00400034   x10(a0)=00000002
#17985  pc=00400038   x1(ra)=00400054
#17986  pc=0040003c   x8(s0/fp)=00000004
#17987  pc=00400040   x9(s1)=00000059
#17988  pc=00400044   x2(sp)=7fefff50
#17989  pc=00400048
#17990  pc=00400054   x9(s1)=00000002
#17991  pc=00400058
#17992  pc=0040005c   x1(ra)=00400060
#17993  pc=00400014   x2(sp)=7fefff40
#17994  pc=00400018
#17995  pc=0040001c
#17996  pc=00400020
#17997  pc=00400024   x8(s0/fp)=00000002
#17998  pc=00400028
#17999  pc=0040002c
#18000  pc=00400030
#18001  pc=0040004c   x10(a0)=00000001
#18002  pc=00400050   x1(ra)=00400054
#18003  pc=00400014   x2(sp)=7fefff30
#18004  pc=00400018
#18005  pc=0040001c
#18006  pc=00400020
#18007  pc=00400024   x8(s0/fp)=00000001
#18008  pc=00400028
#18009  pc=0040002c
#18010  pc=00400030
#18011  pc=00400034
#18012  pc=00400038
#18013  pc=0040003c   x8(s0/fp)=00000002
#18014  pc=00400040
#18015  pc=00400044   x2(sp)=7fefff40
#18016  pc=00400048
#18017  pc=00400054   x9(s1)=00000001
#18018  pc=00400058   x10(a0)=00000000
#18019  pc=0040005c   x1(ra)=00400060
#18020  pc=00400014   x2(sp)=7fefff30
#18021  pc=00400018
#18022  pc=0040001c
#18023  pc=00400020
#18024  pc=00400024   x8(s0/fp)=00000000
#18025  pc=00400028
#18026  pc=00400034
#18027  pc=00400038
#18028  pc=0040003c   x8(s0/fp)=00000002
#18029  pc=00400040
#18030  pc=00400044   x2(sp)=7fefff40
#18031  pc=00400048
#18032  pc=00400060   x8(s0/fp)=00000001
#18033  pc=00400064
#18034  pc=00400034   x10(a0)=00000001
#18035  pc=00400038
#18036  pc=0040003c   x8(s0/fp)=00000004
#18037  pc=00400040   x9(s1)=00000002
#18038  pc=00400044   x2(sp)=7fefff50
#18039  pc=00400048
#18040  pc=00400060   x8(s0/fp)=00000003
#18041  pc=00400064
#18042  pc=00400034   x10(a0)=00000003
#18043  pc=00400038   x1(ra)=00400054
#18044  pc=0040003c   x8(s0/fp)=00000005
#18045  pc=00400040   x9(s1)=00000059
#18046  pc=00400044   x2(sp)=7fefff60
#18047  pc=00400048
#18048  pc=00400054   x9(s1)=00000003
#18049  pc=00400058
#18050  pc=0040005c   x1(ra)=00400060
#18051  pc=00400014   x2(sp)=7fefff50
#18052  pc=00400018
#18053  pc=0040001c
#18054  pc=00400020
#18055  pc=00400024   x8(s0/fp)=00000003
#18056  pc=00400028
#18057  pc=0040002c
#18058  pc=00400030
#18059  pc=0040004c   x10(a0)=00000002
#18060  pc=00400050   x1(ra)=00400054
#18061  pc=00400014   x2(sp)=7fefff40
#18062  pc=00400018
#18063  pc=0040001c
#18064  pc=00400020
#18065  pc=00400024   x8(s0/fp)=00000002
#18066  pc=00400028
#18067  pc=0040002c
#18068  pc=00400030
#18069  pc=0040004c   x10(a0)=00000001
#18070  pc=00400050
#18071  pc=00400014   x2(sp)=7fefff30
#18072  pc=00400018
#18073  pc=0040001c
#18074  pc=00400020
#18075  pc=00400024   x8(s0/fp)=00000001
#18076  pc=00400028
#18077  pc=0040002c
#18078  pc=00400030
#18079  pc=00400034
#18080  pc=00400038
#18081  pc=0040003c   x8(s0/fp)=00000002
#18082  pc=00400040
#18083  pc=00400044   x2(sp)=7fefff40
#18084  pc=00400048
#18085  pc=00400054   x9(s1)=00000001
#18086  pc=00400058   x10(a0)=00000000
#18087  pc=0040005c   x1(ra)=00400060
#18088  pc=00400014   x2(sp)=7fefff30
#18089  pc=00400018
#18090  pc=0040001c
#18091  pc=00400020
#18092  pc=00400024   x8(s0/fp)=00000000
#18093  pc=00400028
#18094  pc=00400034
#18095  pc=00400038
#18096  pc=0040003c   x8(s0/fp)=00000002
#18097  pc=00400040
#18098  pc=00400044   x2(sp)=7fefff40
#18099  pc=00400048
#18100  pc=00400060   x8(s0/fp)=00000001
#18101  pc=00400064
#18102  pc=00400034   x10(a0)=00000001
#18103  pc=00400038   x1(ra)=00400054
#18104  pc=0040003c   x8(s0/fp)=00000003
#18105  pc=00400040   x9(s1)=00000003
#18106  pc=00400044   x2(sp)=7fefff50
#18107  pc=00400048
#18108  pc=00400054   x9(s1)=00000001
#18109  pc=00400058
#18110  pc=0040005c   x1(ra)=00400060
#18111  pc=00400014   x2(sp)=7fefff40
#18112  pc=00400018
#18113  pc=0040001c
#18114  pc=00400020
#18115  pc=00400024   x8(s0/fp)=00000001
#18116  pc=00400028
#18117  pc=0040002c
#18118  pc=00400030
#18119  pc=00400034
#18120  pc=00400038
#18121  pc=0040003c   x8(s0/fp)=00000003
#18122  pc=00400040
#18123  pc=00400044   x2(sp)=7fefff50
#18124  pc=00400048
#18125  pc=00400060   x8(s0/fp)=00000002
#18126  pc=00400064
#18127  pc=00400034   x10(a0)=00000002
#18128  pc=00400038
#18129  pc=0040003c   x8(s0/fp)=00000005
#18130  pc=00400040   x9(s1)=00000003
#18131  pc=00400044   x2(sp)=7fefff60
#18132  pc=00400048
#18133  pc=00400060
#18134  pc=00400064
#18135  pc=00400034   x10(a0)=00000005
#18136  pc=00400038   x1(ra)=00400054
#18137  pc=0040003c   x8(s0/fp)=00000006
#18138  pc=00400040   x9(s1)=00000059
#18139  pc=00400044   x2(sp)=7fefff70
#18140  pc=00400048
#18141  pc=00400054   x9(s1)=00000005
#18142  pc=00400058   x10(a0)=00000004
#18143  pc=0040005c   x1(ra)=00400060
#18144  pc=00400014   x2(sp)=7fefff60
#18145  pc=00400018
#18146  pc=0040001c
#18147  pc=00400020
#18148  pc=00400024   x8(s0/fp)=00000004
#18149  pc=00400028
#18150  pc=0040002c
#18151  pc=00400030
#18152  pc=0040004c   x10(a0)=00000003
#18153  pc=00400050   x1(ra)=00400054
#18154  pc=00400014   x2(sp)=7fefff50
#18155  pc=00400018
#18156  pc=0040001c
#18157  pc=00400020
#18158  pc=00400024   x8(s0/fp)=00000003
#18159  pc=00400028
#18160  pc=0040002c
#18161  pc=00400030
#18162  pc=0040004c   x10(a0)=00000002
#18163  pc=00400050
#18164  pc=00400014   x2(sp)=7fefff40
#18165  pc=00400018
#18166  pc=0040001c
#18167  pc=00400020
#18168  pc=00400024   x8(s0/fp)=00000002
#18169  pc=00400028
#18170  pc=0040002c
#18171  pc=00400030
#18172  pc=0040004c   x10(a0)=00000001
#18173  pc=00400050
#18174  pc=00400014   x2(sp)=7fefff30
#18175  pc=00400018
#18176  pc=0040001c
#18177  pc=00400020
#18178  pc=00400024   x8(s0/fp)=00000001
#18179  pc=00400028
#18180  pc=0040002c
#18181  pc=00400030
#18182  pc=00400034
#18183  pc=00400038
#18184  pc=0040003c   x8(s0/fp)=00000002
#18185  pc=00400040
#18186  pc=00400044   x2(sp)=7fefff40
#18187  pc=00400048
#18188  pc=00400054   x9(s1)=00000001
#18189  pc=00400058   x10(a0)=00000000
#18190  pc=0040005c   x1(ra)=00400060
#18191  pc=00400014   x2(sp)=7fefff30
#18192  pc=00400018
#18193  pc=0040001c
#18194  pc=00400020
#18195  pc=00400024   x8(s0/fp)=00000000
#18196  pc=00400028
#18197  pc=00400034
#18198  pc=00400038
#18199  pc=0040003c   x8(s0/fp)=00000002
#18200  pc=00400040
#18201  pc=00400044   x2(sp)=7fefff40
#18202  pc=00400048
#18203  pc=00400060   x8(s0/fp)=00000001
#18204  pc=00400064
#18205  pc=00400034   x10(a0)=00000001
#18206  pc=00400038   x1(ra)=00400054
#18207  pc=0040003c   x8(s0/fp)=00000003
#18208  pc=00400040   x9(s1)=00000005
#18209  pc=00400044   x2(sp)=7fefff50
#18210  pc=00400048
#18211  pc=00400054   x9(s1)=00000001
#18212  pc=00400058
#18213  pc=0040005c   x1(ra)=00400060
#18214  pc=00400014   x2(sp)=7fefff40
#18215  pc=00400018
#18216  pc=0040001c
#18217  pc=00400020
#18218  pc=00400024   x8(s0/fp)=00000001
#18219  pc=00400028
#18220  pc=0040002c
#18221  pc=00400030
#18222  pc=00400034
#18223  pc=00400038
#18224  pc=0040003c   x8(s0/fp)=00000003
#18225  pc=00400040
#18226  pc=00400044   x2(sp)=7fefff50
#18227  pc=00400048
#18228  pc=00400060   x8(s0/fp)=00000002
#18229  pc=00400064
#18230  pc=00400034   x10(a0)=00000002
#18231  pc=00400038   x1(ra)=00400054
#18232  pc=0040003c   x8(s0/fp)=00000004
#18233  pc=00400040   x9(s1)=00000005
#18234  pc=00400044   x2(sp)=7fefff60
#18235  pc=00400048
#18236  pc=00400054   x9(s1)=00000002
#18237  pc=00400058
#18238  pc=0040005c   x1(ra)=00400060
#18239  pc=00400014   x2(sp)=7fefff50
#18240  pc=00400018
#18241  pc=0040001c
#18242  pc=00400020
#18243  pc=00400024   x8(s0/fp)=00000002
#18244  pc=00400028
#18245  pc=0040002c
#18246  pc=00400030
#18247  pc=0040004c   x10(a0)=00000001
#18248  pc=00400050   x1(ra)=00400054
#18249  pc=00400014   x2(sp)=7fefff40
#18250  pc=00400018
#18251  pc=0040001c
#18252  pc=00400020
#18253  pc=00400024   x8(s0/fp)=00000001
#18254  pc=00400028
#18255  pc=0040002c
#18256  pc=00400030
#18257  pc=00400034
#18258  pc=00400038
#18259  pc=0040003c   x8(s0/fp)=00000002
#18260  pc=00400040
#18261  pc=00400044   x2(sp)=7fefff50
#18262  pc=00400048
#18263  pc=00400054   x9(s1)=00000001
#18264  pc=00400058   x10(a0)=00000000
#18265  pc=0040005c   x1(ra)=00400060
#18266  pc=00400014   x2(sp)=7fefff40
#18267  pc=00400018
#18268  pc=0040001c
#18269  pc=00400020
#18270  pc=00400024   x8(s0/fp)=00000000
#18271  pc=00400028
#18272  pc=00400034
#18273  pc=00400038
#18274  pc=0040003c   x8(s0/fp)=00000002
#18275  pc=00400040
#18276  pc=00400044   x2(sp)=7fefff50
#18277  pc=00400048
#18278  pc=00400060   x8(s0/fp)=00000001
#18279  pc=00400064
#18280  pc=00400034   x10(a0)=00000001
#18281  pc=00400038
#18282  pc=0040003c   x8(s0/fp)=00000004
#18283  pc=00400040   x9(s1)=00000002
#18284  pc=00400044   x2(sp)=7fefff60
#18285  pc=00400048
#18286  pc=00400060   x8(s0/fp)=00000003
#18287  pc=00400064
#18288  pc=00400034   x10(a0)=00000003
#18289  pc=00400038
#18290  pc=0040003c   x8(s0/fp)=00000006
#18291  pc=00400040   x9(s1)=00000005
#18292  pc=00400044   x2(sp)=7fefff70
#18293  pc=00400048
#18294  pc=00400060   x8(s0/fp)=00000008
#18295  pc=00400064
#18296  pc=00400034   x10(a0)=00000008
#18297  pc=00400038   x1(ra)=00400054
#18298  pc=0040003c   x8(s0/fp)=00000007
#18299  pc=00400040   x9(s1)=00000059
#18300  pc=00400044   x2(sp)=7fefff80
#18301  pc=00400048
#18302  pc=00400054   x9(s1)=00000008
#18303  pc=00400058   x10(a0)=00000005
#18304  pc=0040005c   x1(ra)=00400060
#18305  pc=00400014   x2(sp)=7fefff70
#18306  pc=00400018
#18307  pc=0040001c
#18308  pc=00400020
#18309  pc=00400024   x8(s0/fp)=00000005
#18310  pc=00400028
#18311  pc=0040002c
#18312  pc=00400030
#18313  pc=0040004c   x10(a0)=00000004
#18314  pc=00400050   x1(ra)=00400054
#18315  pc=00400014   x2(sp)=7fefff60
#18316  pc=00400018
#18317  pc=0040001c
#18318  pc=00400020
#18319  pc=00400024   x8(s0/fp)=00000004
#18320  pc=00400028
#18321  pc=0040002c
#18322  pc=00400030
#18323  pc=0040004c   x10(a0)=00000003
#18324  pc=00400050
#18325  pc=00400014   x2(sp)=7fefff50
#18326  pc=00400018
#18327  pc=0040001c
#18328  pc=00400020
#18329  pc=00400024   x8(s0/fp)=00000003
#18330  pc=00400028
#18331  pc=0040002c
#18332  pc=00400030
#18333  pc=0040004c   x10(a0)=00000002
#18334  pc=00400050
#18335  pc=00400014   x2(sp)=7fefff40
#18336  pc=00400018
#18337  pc=0040001c
#18338  pc=00400020
#18339  pc=00400024   x8(s0/fp)=00000002
#18340  pc=00400028
#18341  pc=0040002c
#18342  pc=00400030
#18343  pc=0040004c   x10(a0)=00000001
#18344  pc=00400050
#18345  pc=00400014   x2(sp)=7fefff30
#18346  pc=00400018
#18347  pc=0040001c
#18348  pc=00400020
#18349  pc=00400024   x8(s0/fp)=00000001
#18350  pc=00400028
#18351  pc=0040002c
#18352  pc=00400030
#18353  pc=00400034
#18354  pc=00400038
#18355  pc=0040003c   x8(s0/fp)=00000002
#18356  pc=00400040
#18357  pc=00400044   x2(sp)=7fefff40
#18358  pc=00400048
#18359  pc=00400054   x9(s1)=00000001
#18360  pc=00400058   x10(a0)=00000000
#18361  pc=0040005c   x1(ra)=00400060
#18362  pc=00400014   x2(sp)=7fefff30
#18363  pc=00400018
#18364  pc=0040001c
#18365  pc=00400020
#18366  pc=00400024   x8(s0/fp)=00000000
#18367  pc=00400028
#18368  pc=00400034
#18369  pc=00400038
#18370  pc=0040003c   x8(s0/fp)=00000002
#18371  pc=00400040
#18372  pc=00400044   x2(sp)=7fefff40
#18373  pc=00400048
#18374  pc=00400060   x8(s0/fp)=00000001
#18375  pc=00400064
#18376  pc=00400034   x10(a0)=00000001
#18377  pc=00400038   x1(ra)=00400054
#18378  pc=0040003c   x8(s0/fp)=00000003
#18379  pc=00400040   x9(s1)=00000008
#18380  pc=00400044   x2(sp)=7fefff50
#18381  pc=00400048
#18382  pc=00400054   x9(s1)=00000001
#18383  pc=00400058
#18384  pc=0040005c   x1(ra)=00400060
#18385  pc=00400014   x2(sp)=7fefff40
#18386  pc=00400018
#18387  pc=0040001c
#18388  pc=00400020
#18389  pc=00400024   x8(s0/fp)=00000001
#18390  pc=00400028
#18391  pc=0040002c
#18392  pc=00400030
#18393  pc=00400034
#18394  pc=00400038
#18395  pc=0040003c   x8(s0/fp)=00000003
#18396  pc=00400040
#18397  pc=00400044   x2(sp)=7fefff50
#18398  pc=00400048
#18399  pc=00400060   x8(s0/fp)=00000002
#18400  pc=00400064
#18401  pc=00400034   x10(a0)=00000002
#18402  pc=00400038   x1(ra)=00400054
#18403  pc=0040003c   x8(s0/fp)=00000004
#18404  pc=00400040   x9(s1)=00000008
#18405  pc=00400044   x2(sp)=7fefff60
#18406  pc=00400048
#18407  pc=00400054   x9(s1)=00000002
#18408  pc=00400058
#18409  pc=0040005c   x1(ra)=00400060
#18410  pc=00400014   x2(sp)=7fefff50
#18411  pc=00400018
#18412  pc=0040001c
#18413  pc=00400020
#18414  pc=00400024   x8(s0/fp)=00000002
#18415  pc=00400028
#18416  pc=0040002c
#18417  pc=00400030
#18418  pc=0040004c   x10(a0)=00000001
#18419  pc=00400050   x1(ra)=00400054
#18420  pc=00400014   x2(sp)=7fefff40
#18421  pc=00400018
#18422  pc=0040001c
#18423  pc=00400020
#18424  pc=00400024   x8(s0/fp)=00000001
#18425  pc=00400028
#18426  pc=0040002c
#18427  pc=00400030
#18428  pc=00400034
#18429  pc=00400038
#18430  pc=0040003c   x8(s0/fp)=00000002
#18431  pc=00400040
#18432  pc=00400044   x2(sp)=7fefff50
#18433  pc=00400048
#18434  pc=00400054   x9(s1)=00000001
#18435  pc=00400058   x10(a0)=00000000
#18436  pc=0040005c   x1(ra)=00400060
#18437  pc=00400014   x2(sp)=7fefff40
#18438  pc=00400018
#18439  pc=0040001c
#18440  pc=00400020
#18441  pc=00400024   x8(s0/fp)=00000000
#18442  pc=00400028
#18443  pc=00400034
#18444  pc=00400038
#18445  pc=0040003c   x8(s0/fp)=00000002
#18446  pc=00400040
#18447  pc=00400044   x2(sp)=7fefff50
#18448  pc=00400048
#18449  pc=00400060   x8(s0/fp)=00000001
#18450  pc=00400064
#18451  pc=00400034   x10(a0)=00000001
#18452  pc=00400038
#18453  pc=0040003c   x8(s0/fp)=00000004
#18454  pc=00400040   x9(s1)=00000002
#18455  pc=00400044   x2(sp)=7fefff60
#18456  pc=00400048
#18457  pc=00400060   x8(s0/fp)=00000003
#18458  pc=00400064
#18459  pc=00400034   x10(a0)=00000003
#18460  pc=00400038   x1(ra)=00400054
#18461  pc=0040003c   x8(s0/fp)=00000005
#18462  pc=00400040   x9(s1)=00000008
#18463  pc=00400044   x2(sp)=7fefff70
#18464  pc=00400048
#18465  pc=00400054   x9(s1)=00000003
#18466  pc=00400058
#18467  pc=0040005c   x1(ra)=00400060
#18468  pc=00400014   x2(sp)=7fefff60
#18469  pc=00400018
#18470  pc=0040001c
#18471  pc=00400020
#18472  pc=00400024   x8(s0/fp)=00000003
#18473  pc=00400028
#18474  pc=0040002c
#18475  pc=00400030
#18476  pc=0040004c   x10(a0)=00000002
#18477  pc=00400050   x1(ra)=00400054
#18478  pc=00400014   x2(sp)=7fefff50
#18479  pc=00400018
#18480  pc=0040001c
#18481  pc=00400020
#18482  pc=00400024   x8(s0/fp)=00000002
#18483  pc=00400028
#18484  pc=0040002c
#18485  pc=00400030
#18486  pc=0040004c   x10(a0)=00000001
#18487  pc=00400050
#18488  pc=00400014   x2(sp)=7fefff40
#18489  pc=00400018
#18490  pc=0040001c
#18491  pc=00400020
#18492  pc=00400024   x8(s0/fp)=00000001
#18493  pc=00400028
#18494  pc=0040002c
#18495  pc=00400030
#18496  pc=00400034
#18497  pc=00400038
#18498  pc=0040003c   x8(s0/fp)=00000002
#18499  pc=00400040
#18500  pc=00400044   x2(sp)=7fefff50
#18501  pc=00400048
#18502  pc=00400054   x9(s1)=00000001
#18503  pc=00400058   x10(a0)=00000000
#18504  pc=0040005c   x1(ra)=00400060
#18505  pc=00400014   x2(sp)=7fefff40
#18506  pc=00400018
#18507  pc=0040001c
#18508  pc=00400020
#18509  pc=00400024   x8(s0/fp)=00000000
#18510  pc=00400028
#18511  pc=00400034
#18512  pc=00400038
#18513  pc=0040003c   x8(s0/fp)=00000002
#18514  pc=00400040
#18515  pc=00400044   x2(sp)=7fefff50
#18516  pc=00400048
#18517  pc=00400060   x8(s0/fp)=00000001
#18518  pc=00400064
#18519  pc=00400034   x10(a0)=00000001
#18520  pc=00400038   x1(ra)=00400054
#18521  pc=0040003c   x8(s0/fp)=00000003
#18522  pc=00400040   x9(s1)=00000003
#18523  pc=00400044   x2(sp)=7fefff60
#18524  pc=00400048
#18525  pc=00400054   x9(s1)=00000001
#18526  pc=00400058
#18527  pc=0040005c   x1(ra)=00400060
#18528  pc=00400014   x2(sp)=7fefff50
#18529  pc=00400018
#18530  pc=0040001c
#18531  pc=00400020
#18532  pc=00400024   x8(s0/fp)=00000001
#18533  pc=00400028
#18534  pc=0040002c
#18535  pc=00400030
#18536  pc=00400034
#18537  pc=00400038
#18538  pc=0040003c   x8(s0/fp)=00000003
#18539  pc=00400040
#18540  pc=00400044   x2(sp)=7fefff60
#18541  pc=00400048
#18542  pc=00400060   x8(s0/fp)=00000002
#18543  pc=00400064
#18544  pc=00400034   x10(a0)=00000002
#18545  pc=00400038
#18546  pc=0040003c   x8(s0/fp)=00000005
#18547  pc=00400040   x9(s1)=00000003
#18548  pc=00400044   x2(sp)=7fefff70
#18549  pc=00400048
#18550  pc=00400060
#18551  pc=00400064
#18552  pc=00400034   x10(a0)=00000005
#18553  pc=00400038
#18554  pc=0040003c   x8(s0/fp)=00000007
#18555  pc=00400040   x9(s1)=00000008
#18556  pc=00400044   x2(sp)=7fefff80
#18557  pc=00400048
#18558  pc=00400060   x8(s0/fp)=0000000d
#18559  pc=00400064
#18560  pc=00400034   x10(a0)=0000000d
#18561  pc=00400038   x1(ra)=00400054
#18562  pc=0040003c   x8(s0/fp)=00000008
#18563  pc=00400040   x9(s1)=00000059
#18564  pc=00400044   x2(sp)=7fefff90
#18565  pc=00400048
#18566  pc=00400054   x9(s1)=0000000d
#18567  pc=00400058   x10(a0)=00000006
#18568  pc=0040005c   x1(ra)=00400060
#18569  pc=00400014   x2(sp)=7fefff80
#18570  pc=00400018
#18571  pc=0040001c
#18572  pc=00400020
#18573  pc=00400024   x8(s0/fp)=00000006
#18574  pc=00400028
#18575  pc=0040002c
#18576  pc=00400030
#18577  pc=0040004c   x10(a0)=00000005
#18578  pc=00400050   x1(ra)=00400054
#18579  pc=00400014   x2(sp)=7fefff70
#18580  pc=00400018
#18581  pc=0040001c
#18582  pc=00400020
#18583  pc=00400024   x8(s0/fp)=00000005
#18584  pc=00400028
#18585  pc=0040002c
#18586  pc=00400030
#18587  pc=0040004c   x10(a0)=00000004
#18588  pc=00400050
#18589  pc=00400014   x2(sp)=7fefff60
#18590  pc=00400018
#18591  pc=0040001c
#18592  pc=00400020
#18593  pc=00400024   x8(s0/fp)=00000004
#18594  pc=00400028
#18595  pc=0040002c
#18596  pc=00400030
#18597  pc=0040004c   x10(a0)=00000003
#18598  pc=00400050
#18599  pc=00400014   x2(sp)=7fefff50
#18600  pc=00400018
#18601  pc=0040001c
#18602  pc=00400020
#18603  pc=00400024   x8(s0/fp)=00000003
#18604  pc=00400028
#18605  pc=0040002c
#18606  pc=00400030
#18607  pc=0040004c   x10(a0)=00000002
#18608  pc=00400050
#18609  pc=00400014   x2(sp)=7fefff40
#18610  pc=00400018
#18611  pc=0040001c
#18612  pc=00400020
#18613  pc=00400024   x8(s0/fp)=00000002
#18614  pc=00400028
#18615  pc=0040002c
#18616  pc=00400030
#18617  pc=0040004c   x10(a0)=00000001
#18618  pc=00400050
#18619  pc=00400014   x2(sp)=7fefff30
#18620  pc=00400018
#18621  pc=0040001c
#18622  pc=00400020
#18623  pc=00400024   x8(s0/fp)=00000001
#18624  pc=00400028
#18625  pc=0040002c
#18626  pc=00400030
#18627  pc=00400034
#18628  pc=00400038
#18629  pc=0040003c   x8(s0/fp)=00000002
#18630  pc=00400040
#18631  pc=00400044   x2(sp)=7fefff40
#18632  pc=00400048
#18633  pc=00400054   x9(s1)=00000001
#18634  pc=00400058   x10(a0)=00000000
#18635  pc=0040005c   x1(ra)=00400060
#18636  pc=00400014   x2(sp)=7fefff30
#18637  pc=00400018
#18638  pc=0040001c
#18639  pc=00400020
#18640  pc=00400024   x8(s0/fp)=00000000
#18641  pc=00400028
#18642  pc=00400034
#18643  pc=00400038
#18644  pc=0040003c   x8(s0/fp)=00000002
#18645  pc=00400040
#18646  pc=00400044   x2(sp)=7fefff40
#18647  pc=00400048
#18648  pc=00400060   x8(s0/fp)=00000001
#18649  pc=00400064
#18650  pc=00400034   x10(a0)=00000001
#18651  pc=00400038   x1(ra)=00400054
#18652  pc=0040003c   x8(s0/fp)=00000003
#18653  pc=00400040   x9(s1)=0000000d
#18654  pc=00400044   x2(sp)=7fefff50
#18655  pc=00400048
#18656  pc=00400054   x9(s1)=00000001
#18657  pc=00400058
#18658  pc=0040005c   x1(ra)=00400060
#18659  pc=00400014   x2(sp)=7fefff40
#18660  pc=00400018
#18661  pc=0040001c
#18662  pc=00400020
#18663  pc=00400024   x8(s0/fp)=00000001
#18664  pc=00400028
#18665  pc=0040002c
#18666  pc=00400030
#18667  pc=00400034
#18668  pc=00400038
#18669  pc=0040003c   x8(s0/fp)=00000003
#18670  pc=00400040
#18671  pc=00400044   x2(sp)=7fefff50
#18672  pc=00400048
#18673  pc=00400060   x8(s0/fp)=00000002
#18674  pc=00400064
#18675  pc=00400034   x10(a0)=00000002
#18676  pc=00400038   x1(ra)=00400054
#18677  pc=0040003c   x8(s0/fp)=00000004
#18678  pc=00400040   x9(s1)=0000000d
#18679  pc=00400044   x2(sp)=7fefff60
#18680  pc=00400048
#18681  pc=00400054   x9(s1)=00000002
#18682  pc=00400058
#18683  pc=0040005c   x1(ra)=00400060
#18684  pc=00400014   x2(sp)=7fefff50
#18685  pc=00400018
#18686  pc=0040001c
#18687  pc=00400020
#18688  pc=00400024   x8(s0/fp)=00000002
#18689  pc=00400028
#18690  pc=0040002c
#18691  pc=00400030
#18692  pc=0040004c   x10(a0)=00000001
#18693  pc=00400050   x1(ra)=00400054
#18694  pc=00400014   x2(sp)=7fefff40
#18695  pc=00400018
#18696  pc=0040001c
#18697  pc=00400020
#18698  pc=00400024   x8(s0/fp)=00000001
#18699  pc=00400028
#18700  pc=0040002c
#18701  pc=00400030
#18702  pc=00400034
#18703  pc=00400038
#18704  pc=0040003c   x8(s0/fp)=00000002
#18705  pc=00400040
#18706  pc=00400044   x2(sp)=7fefff50
#18707  pc=00400048
#18708  pc=00400054   x9(s1)=00000001
#18709  pc=00400058   x10(a0)=00000000
#18710  pc=0040005c   x1(ra)=00400060
#18711  pc=00400014   x2(sp)=7fefff40
#18712  pc=00400018
#18713  pc=0040001c
#18714  pc=00400020
#18715  pc=00400024   x8(s0/fp)=00000000
#18716  pc=00400028
#18717  pc=00400034
#18718  pc=00400038
#18719  pc=0040003c   x8(s0/fp)=00000002
#18720  pc=00400040
#18721  pc=00400044   x2(sp)=7fefff50
#18722  pc=00400048
#18723  pc=00400060   x8(s0/fp)=00000001
#18724  pc=00400064
#18725  pc=00400034   x10(a0)=00000001
#18726  pc=00400038
#18727  pc=0040003c   x8(s0/fp)=00000004
#18728  pc=00400040   x9(s1)=00000002
#18729  pc=00400044   x2(sp)=7fefff60
#18730  pc=00400048
#18731  pc=00400060   x8(s0/fp)=00000003
#18732  pc=00400064
#18733  pc=00400034   x10(a0)=00000003
#18734  pc=00400038   x1(ra)=00400054
#18735  pc=0040003c   x8(s0/fp)=00000005
#18736  pc=00400040   x9(s1)=0000000d
#18737  pc=00400044   x2(sp)=7fefff70
#18738  pc=00400048
#18739  pc=00400054   x9(s1)=00000003
#18740  pc=00400058
#18741  pc=0040005c   x1(ra)=00400060
#18742  pc=00400014   x2(sp)=7fefff60
#18743  pc=00400018
#18744  pc=0040001c
#18745  pc=00400020
#18746  pc=00400024   x8(s0/fp)=00000003
#18747  pc=00400028
#18748  pc=0040002c
#18749  pc=00400030
#18750  pc=0040004c   x10(a0)=00000002
#18751  pc=00400050   x1(ra)=00400054
#18752  pc=00400014   x2(sp)=7fefff50
#18753  pc=00400018
#18754  pc=0040001c
#18755  pc=00400020
#18756  pc=00400024   x8(s0/fp)=00000002
#18757  pc=00400028
#18758  pc=0040002c
#18759  pc=00400030
#18760  pc=0040004c   x10(a0)=00000001
#18761  pc=00400050
#18762  pc=00400014   x2(sp)=7fefff40
#18763  pc=00400018
#18764  pc=0040001c
#18765  pc=00400020
#18766  pc=00400024   x8(s0/fp)=00000001
#18767  pc=00400028
#18768  pc=0040002c
#18769  pc=00400030
#18770  pc=00400034
#18771  pc=00400038
#18772  pc=0040003c   x8(s0/fp)=00000002
#18773  pc=00400040
#18774  pc=00400044   x2(sp)=7fefff50
#18775  pc=00400048
#18776  pc=00400054   x9(s1)=00000001
#18777  pc=00400058   x10(a0)=00000000
#18778  pc=0040005c   x1(ra)=00400060
#18779  pc=00400014   x2(sp)=7fefff40
#18780  pc=00400018
#18781  pc=0040001c
#18782  pc=00400020
#18783  pc=00400024   x8(s0/fp)=00000000
#18784  pc=00400028
#18785  pc=00400034
#18786  pc=00400038
#18787  pc=0040003c   x8(s0/fp)=00000002
#18788  pc=00400040
#18789  pc=00400044   x2(sp)=7fefff50
#18790  pc=00400048
#18791  pc=00400060   x8(s0/fp)=00000001
#18792  pc=00400064
#18793  pc=00400034   x10(a0)=00000001
#18794  pc=00400038   x1(ra)=00400054
#18795  pc=0040003c   x8(s0/fp)=00000003
#18796  pc=00400040   x9(s1)=00000003
#18797  pc=00400044   x2(sp)=7fefff60
#18798  pc=00400048
#18799  pc=00400054   x9(s1)=00000001
#18800  pc=00400058
#18801  pc=0040005c   x1(ra)=00400060
#18802  pc=00400014   x2(sp)=7fefff50
#18803  pc=00400018
#18804  pc=0040001c
#18805  pc=00400020
#18806  pc=00400024   x8(s0/fp)=00000001
#18807  pc=00400028
#18808  pc=0040002c
#18809  pc=00400030
#18810  pc=00400034
#18811  pc=00400038
#18812  pc=0040003c   x8(s0/fp)=00000003
#18813  pc=00400040
#18814  pc=00400044   x2(sp)=7fefff60
#18815  pc=00400048
#18816  pc=00400060   x8(s0/fp)=00000002
#18817  pc=00400064
#18818  pc=00400034   x10(a0)=00000002
#18819  pc=00400038
#18820  pc=0040003c   x8(s0/fp)=00000005
#18821  pc=00400040   x9(s1)=00000003
#18822  pc=00400044   x2(sp)=7fefff70
#18823  pc=00400048
#18824  pc=00400060
#18825  pc=00400064
#18826  pc=00400034   x10(a0)=00000005
#18827  pc=00400038   x1(ra)=00400054
#18828  pc=0040003c   x8(s0/fp)=00000006
#18829  pc=00400040   x9(s1)=0000000d
#18830  pc=00400044   x2(sp)=7fefff80
#18831  pc=00400048
#18832  pc=00400054   x9(s1)=00000005
#18833  pc=00400058   x10(a0)=00000004
#18834  pc=0040005c   x1(ra)=00400060
#18835  pc=00400014   x2(sp)=7fefff70
#18836  pc=00400018
#18837  pc=0040001c
#18838  pc=00400020
#18839  pc=00400024   x8(s0/fp)=00000004
#18840  pc=00400028
#18841  pc=0040002c
#18842  pc=00400030
#18843  pc=0040004c   x10(a0)=00000003
#18844  pc=00400050   x1(ra)=00400054
#18845  pc=00400014   x2(sp)=7fefff60
#18846  pc=00400018
#18847  pc=0040001c
#18848  pc=00400020
#18849  pc=00400024   x8(s0/fp)=00000003
#18850  pc=00400028
#18851  pc=0040002c
#18852  pc=00400030
#18853  pc=0040004c   x10(a0)=00000002
#18854  pc=00400050
#18855  pc=00400014   x2(sp)=7fefff50
#18856  pc=00400018
#18857  pc=0040001c
#18858  pc=00400020
#18859  pc=00400024   x8(s0/fp)=00000002
#18860  pc=00400028
#18861  pc=0040002c
#18862  pc=00400030
#18863  pc=0040004c   x10(a0)=00000001
#18864  pc=00400050
#18865  pc=00400014   x2(sp)=7fefff40
#18866  pc=00400018
#18867  pc=0040001c
#18868  pc=00400020
#18869  pc=00400024   x8(s0/fp)=00000001
#18870  pc=00400028
#18871  pc=0040002c
#18872  pc=00400030
#18873  pc=00400034
#18874  pc=00400038
#18875  pc=0040003c   x8(s0/fp)=00000002
#18876  pc=00400040
#18877  pc=00400044   x2(sp)=7fefff50
#18878  pc=00400048
#18879  pc=00400054   x9(s1)=00000001
#18880  pc=00400058   x10(a0)=00000000
#18881  pc=0040005c   x1(ra)=00400060
#18882  pc=00400014   x2(sp)=7fefff40
#18883  pc=00400018
#18884  pc=0040001c
#18885  pc=00400020
#18886  pc=00400024   x8(s0/fp)=00000000
#18887  pc=00400028
#18888  pc=00400034
#18889  pc=00400038
#18890  pc=0040003c   x8(s0/fp)=00000002
#18891  pc=00400040
#18892  pc=00400044   x2(sp)=7fefff50
#18893  pc=00400048
#18894  pc=00400060   x8(s0/fp)=00000001
#18895  pc=00400064
#18896  pc=00400034   x10(a0)=00000001
#18897  pc=00400038   x1(ra)=00400054
#18898  pc=0040003c   x8(s0/fp)=00000003
#18899  pc=00400040   x9(s1)=00000005
#18900  pc=00400044   x2(sp)=7fefff60
#18901  pc=00400048
#18902  pc=00400054   x9(s1)=00000001
#18903  pc=00400058
#18904  pc=0040005c   x1(ra)=00400060
#18905  pc=00400014   x2(sp)=7fefff50
#18906  pc=00400018
#18907  pc=0040001c
#18908  pc=00400020
#18909  pc=00400024   x8(s0/fp)=00000001
#18910  pc=00400028
#18911  pc=0040002c
#18912  pc=00400030
#18913  pc=00400034
#18914  pc=00400038
#18915  pc=0040003c   x8(s0/fp)=00000003
#18916  pc=00400040
#18917  pc=00400044   x2(sp)=7fefff60
#18918  pc=00400048
#18919  pc=00400060   x8(s0/fp)=00000002
#18920  pc=00400064
#18921  pc=00400034   x10(a0)=00000002
#18922  pc=00400038   x1(ra)=00400054
#18923  pc=0040003c   x8(s0/fp)=00000004
#18924  pc=00400040   x9(s1)=00000005
#18925  pc=00400044   x2(sp)=7fefff70
#18926  pc=00400048
#18927  pc=00400054   x9(s1)=00000002
#18928  pc=00400058
#18929  pc=0040005c   x1(ra)=00400060
#18930  pc=00400014   x2(sp)=7fefff60
#18931  pc=00400018
#18932  pc=0040001c
#18933  pc=00400020
#18934  pc=00400024   x8(s0/fp)=00000002
#18935  pc=00400028
#18936  pc=0040002c
#18937  pc=00400030
#18938  pc=0040004c   x10(a0)=00000001
#18939  pc=00400050   x1(ra)=00400054
#18940  pc=00400014   x2(sp)=7fefff50
#18941  pc=00400018
#18942  pc=0040001c
#18943  pc=00400020
#18944  pc=00400024   x8(s0/fp)=00000001
#18945  pc=00400028
#18946  pc=0040002c
#18947  pc=00400030
#18948  pc=00400034
#18949  pc=00400038
#18950  pc=0040003c   x8(s0/fp)=00000002
#18951  pc=00400040
#18952  pc=00400044   x2(sp)=7fefff60
#18953  pc=00400048
#18954  pc=00400054   x9(s1)=00000001
#18955  pc=00400058   x10(a0)=00000000
#18956  pc=0040005c   x1(ra)=00400060
#18957  pc=00400014   x2(sp)=7fefff50
#18958  pc=00400018
#18959  pc=0040001c
#18960  pc=00400020
#18961  pc=00400024   x8(s0/fp)=00000000
#18962  pc=00400028
#18963  pc=00400034
#18964  pc=00400038
#18965  pc=0040003c   x8(s0/fp)=00000002
#18966  pc=00400040
#18967  pc=00400044   x2(sp)=7fefff60
#18968  pc=00400048
#18969  pc=00400060   x8(s0/fp)=00000001
#18970  pc=00400064
#18971  pc=00400034   x10(a0)=00000001
#18972  pc=00400038
#18973  pc=0040003c   x8(s0/fp)=00000004
#18974  pc=00400040   x9(s1)=00000002
#18975  pc=00400044   x2(sp)=7fefff70
#18976  pc=00400048
#18977  pc=00400060   x8(s0/fp)=00000003
#18978  pc=00400064
#18979  pc=00400034   x10(a0)=00000003
#18980  pc=00400038
#18981  pc=0040003c   x8(s0/fp)=00000006
#18982  pc=00400040   x9(s1)=00000005
#18983  pc=00400044   x2(sp)=7fefff80
#18984  pc=00400048
#18985  pc=00400060   x8(s0/fp)=00000008
#18986  pc=00400064
#18987  pc=00400034   x10(a0)=00000008
#18988  pc=00400038
#18989  pc=0040003c
#18990  pc=00400040   x9(s1)=0000000d
#18991  pc=00400044   x2(sp)=7fefff90
#18992  pc=00400048
#18993  pc=00400060   x8(s0/fp)=00000015
#18994  pc=00400064
#18995  pc=00400034   x10(a0)=00000015
#18996  pc=00400038   x1(ra)=00400054
#18997  pc=0040003c   x8(s0/fp)=00000009
#18998  pc=00400040   x9(s1)=00000059
#18999  pc=00400044   x2(sp)=7fefffa0
#19000  pc=00400048
#19001  pc=00400054   x9(s1)=00000015
#19002  pc=00400058   x10(a0)=00000007
#19003  pc=0040005c   x1(ra)=00400060
#19004  pc=00400014   x2(sp)=7fefff90
#19005  pc=00400018
#19006  pc=0040001c
#19007  pc=00400020
#19008  pc=00400024   x8(s0/fp)=00000007
#19009  pc=00400028
#19010  pc=0040002c
#19011  pc=00400030
#19012  pc=0040004c   x10(a0)=00000006
#19013  pc=00400050   x1(ra)=00400054
#19014  pc=00400014   x2(sp)=7fefff80
#19015  pc=00400018
#19016  pc=0040001c
#19017  pc=00400020
#19018  pc=00400024   x8(s0/fp)=00000006
#19019  pc=00400028
#19020  pc=0040002c
#19021  pc=00400030
#19022  pc=0040004c   x10(a0)=00000005
#19023  pc=00400050
#19024  pc=00400014   x2(sp)=7fefff70
#19025  pc=00400018
#19026  pc=0040001c
#19027  pc=00400020
#19028  pc=00400024   x8(s0/fp)=00000005
#19029  pc=00400028
#19030  pc=0040002c
#19031  pc=00400030
#19032  pc=0040004c   x10(a0)=00000004
#19033  pc=00400050
#19034  pc=00400014   x2(sp)=7fefff60
#19035  pc=00400018
#19036  pc=0040001c
#19037  pc=00400020
#19038  pc=00400024   x8(s0/fp)=00000004
#19039  pc=00400028
#19040  pc=0040002c
#19041  pc=00400030
#19042  pc=0040004c   x10(a0)=00000003
#19043  pc=00400050
#19044  pc=00400014   x2(sp)=7fefff50
#19045  pc=00400018
#19046  pc=0040001c
#19047  pc=00400020
#19048  pc=00400024   x8(s0/fp)=00000003
#19049  pc=00400028
#19050  pc=0040002c
#19051  pc=00400030
#19052  pc=0040004c   x10(a0)=00000002
#19053  pc=00400050
#19054  pc=00400014   x2(sp)=7fefff40
#19055  pc=00400018
#19056  pc=0040001c
#19057  pc=00400020
#19058  pc=00400024   x8(s0/fp)=00000002
#19059  pc=00400028
#19060  pc=0040002c
#19061  pc=00400030
#19062  pc=0040004c   x10(a0)=00000001
#19063  pc=00400050
#19064  pc=00400014   x2(sp)=7fefff30
#19065  pc=00400018
#19066  pc=0040001c
#19067  pc=00400020
#19068  pc=00400024   x8(s0/fp)=00000001
#19069  pc=00400028
#19070  pc=0040002c
#19071  pc=00400030
#19072  pc=00400034
#19073  pc=00400038
#19074  pc=0040003c   x8(s0/fp)=00000002
#19075  pc=00400040
#19076  pc=00400044   x2(sp)=7fefff40
#19077  pc=00400048
#19078  pc=00400054   x9(s1)=00000001
#19079  pc=00400058   x10(a0)=00000000
#19080  pc=0040005c   x1(ra)=00400060
#19081  pc=00400014   x2(sp)=7fefff30
#19082  pc=00400018
#19083  pc=0040001c
#19084  pc=00400020
#19085  pc=00400024   x8(s0/fp)=00000000
#19086  pc=00400028
#19087  pc=00400034
#19088  pc=00400038
#19089  pc=0040003c   x8(s0/fp)=00000002
#19090  pc=00400040
#19091  pc=00400044   x2(sp)=7fefff40
#19092  pc=00400048
#19093  pc=00400060   x8(s0/fp)=00000001
#19094  pc=00400064
#19095  pc=00400034   x10(a0)=00000001
#19096  pc=00400038   x1(ra)=00400054
#19097  pc=0040003c   x8(s0/fp)=00000003
#19098  pc=00400040   x9(s1)=00000015
#19099  pc=00400044   x2(sp)=7fefff50
#19100  pc=00400048
#19101  pc=00400054   x9(s1)=00000001
#19102  pc=00400058
#19103  pc=0040005c   x1(ra)=00400060
#19104  pc=00400014   x2(sp)=7fefff40
#19105  pc=00400018
#19106  pc=0040001c
#19107  pc=00400020
#19108  pc=00400024   x8(s0/fp)=00000001
#19109  pc=00400028
#19110  pc=0040002c
#19111  pc=00400030
#19112  pc=00400034
#19113  pc=00400038
#19114  pc=0040003c   x8(s0/fp)=00000003
#19115  pc=00400040
#19116  pc=00400044   x2(sp)=7fefff50
#19117  pc=00400048
#19118  pc=00400060   x8(s0/fp)=00000002
#19119  pc=00400064
#19120  pc=00400034   x10(a0)=00000002
#19121  pc=00400038   x1(ra)=00400054
#19122  pc=0040003c   x8(s0/fp)=00000004
#19123  pc=00400040   x9(s1)=00000015
#19124  pc=00400044   x2(sp)=7fefff60
#19125  pc=00400048
#19126  pc=00400054   x9(s1)=00000002
#19127  pc=00400058
#19128  pc=0040005c   x1(ra)=00400060
#19129  pc=00400014   x2(sp)=7fefff50
#19130  pc=00400018
#19131  pc=0040001c
#19132  pc=00400020
#19133  pc=00400024   x8(s0/fp)=00000002
#19134  pc=00400028
#19135  pc=0040002c
#19136  pc=00400030
#19137  pc=0040004c   x10(a0)=00000001
#19138  pc=00400050   x1(ra)=00400054
#19139  pc=00400014   x2(sp)=7fefff40
#19140  pc=00400018
#19141  pc=0040001c
#19142  pc=00400020
#19143  pc=00400024   x8(s0/fp)=00000001
#19144  pc=00400028
#19145  pc=0040002c
#19146  pc=00400030
#19147  pc=00400034
#19148  pc=00400038
#19149  pc=0040003c   x8(s0/fp)=00000002
#19150  pc=00400040
#19151  pc=00400044   x2(sp)=7fefff50
#19152  pc=00400048
#19153  pc=00400054   x9(s1)=00000001
#19154  pc=00400058   x10(a0)=00000000
#19155  pc=0040005c   x1(ra)=00400060
#19156  pc=00400014   x2(sp)=7fefff40
#19157  pc=00400018
#19158  pc=0040001c
#19159  pc=00400020
#19160  pc=00400024   x8(s0/fp)=00000000
#19161  pc=00400028
#19162  pc=00400034
#19163  pc=00400038
#19164  pc=0040003c   x8(s0/fp)=00000002
#19165  pc=00400040
#19166  pc=00400044   x2(sp)=7fefff50
#19167  pc=00400048
#19168  pc=00400060   x8(s0/fp)=00000001
#19169  pc=00400064
#19170  pc=00400034   x10(a0)=00000001
#19171  pc=00400038
#19172  pc=0040003c   x8(s0/fp)=00000004
#19173  pc=00400040   x9(s1)=00000002
#19174  pc=00400044   x2(sp)=7fefff60
#19175  pc=00400048
#19176  pc=00400060   x8(s0/fp)=00000003
#19177  pc=00400064
#19178  pc=00400034   x10(a0)=00000003
#19179  pc=00400038   x1(ra)=00400054
#19180  pc=0040003c   x8(s0/fp)=00000005
#19181  pc=00400040   x9(s1)=00000015
#19182  pc=00400044   x2(sp)=7fefff70
#19183  pc=00400048
#19184  pc=00400054   x9(s1)=00000003
#19185  pc=00400058
#19186  pc=0040005c   x1(ra)=00400060
#19187  pc=00400014   x2(sp)=7fefff60
#19188  pc=00400018
#19189  pc=0040001c
#19190  pc=00400020
#19191  pc=00400024   x8(s0/fp)=00000003
#19192  pc=00400028
#19193  pc=0040002c
#19194  pc=00400030
#19195  pc=0040004c   x10(a0)=00000002
#19196  pc=00400050   x1(ra)=00400054
#19197  pc=00400014   x2(sp)=7fefff50
#19198  pc=00400018
#19199  pc=0040001c
#19200  pc=00400020
#19201  pc=00400024   x8(s0/fp)=00000002
#19202  pc=00400028
#19203  pc=0040002c
#19204  pc=00400030
#19205  pc=0040004c   x10(a0)=00000001
#19206  pc=00400050
#19207  pc=00400014   x2(sp)=7fefff40
#19208  pc=00400018
#19209  pc=0040001c
#19210  pc=00400020
#19211  pc=00400024   x8(s0/fp)=00000001
#19212  pc=00400028
#19213  pc=0040002c
#19214  pc=00400030
#19215  pc=00400034
#19216  pc=00400038
#19217  pc=0040003c   x8(s0/fp)=00000002
#19218  pc=00400040
#19219  pc=00400044   x2(sp)=7fefff50
#19220  pc=00400048
#19221  pc=00400054   x9(s1)=00000001
#19222  pc=00400058   x10(a0)=00000000
#19223  pc=0040005c   x1(ra)=00400060
#19224  pc=00400014   x2(sp)=7fefff40
#19225  pc=00400018
#19226  pc=0040001c
#19227  pc=00400020
#19228  pc=00400024   x8(s0/fp)=00000000
#19229  pc=00400028
#19230  pc=00400034
#19231  pc=00400038
#19232  pc=0040003c   x8(s0/fp)=00000002
#19233  pc=00400040
#19234  pc=00400044   x2(sp)=7fefff50
#19235  pc=00400048
#19236  pc=00400060   x8(s0/fp)=00000001
#19237  pc=00400064
#19238  pc=00400034   x10(a0)=00000001
#19239  pc=00400038   x1(ra)=00400054
#19240  pc=0040003c   x8(s0/fp)=00000003
#19241  pc=00400040   x9(s1)=00000003
#19242  pc=00400044   x2(sp)=7fefff60
#19243  pc=00400048
#19244  pc=00400054   x9(s1)=00000001
#19245  pc=00400058
#19246  pc=0040005c   x1(ra)=00400060
#19247  pc=00400014   x2(sp)=7fefff50
#19248  pc=00400018
#19249  pc=0040001c
#19250  pc=00400020
#19251  pc=00400024   x8(s0/fp)=00000001
#19252  pc=00400028
#19253  pc=0040002c
#19254  pc=00400030
#19255  pc=00400034
#19256  pc=00400038
#19257  pc=0040003c   x8(s0/fp)=00000003
#19258  pc=00400040
#19259  pc=00400044   x2(sp)=7fefff60
#19260  pc=00400048
#19261  pc=00400060   x8(s0/fp)=00000002
#19262  pc=00400064
#19263  pc=00400034   x10(a0)=00000002
#19264  pc=00400038
#19265  pc=0040003c   x8(s0/fp)=00000005
#19266  pc=00400040   x9(s1)=00000003
#19267  pc=00400044   x2(sp)=7fefff70
#19268  pc=00400048
#19269  pc=00400060
#19270  pc=00400064
#19271  pc=00400034   x10(a0)=00000005
#19272  pc=00400038   x1(ra)=00400054
#19273  pc=0040003c   x8(s0/fp)=00000006
#19274  pc=00400040   x9(s1)=00000015
#19275  pc=00400044   x2(sp)=7fefff80
#19276  pc=00400048
#19277  pc=00400054   x9(s1)=00000005
#19278  pc=00400058   x10(a0)=00000004
#19279  pc=0040005c   x1(ra)=00400060
#19280  pc=00400014   x2(sp)=7fefff70
#19281  pc=00400018
#19282  pc=0040001c
#19283  pc=00400020
#19284  pc=00400024   x8(s0/fp)=00000004
#19285  pc=00400028
#19286  pc=0040002c
#19287  pc=00400030
#19288  pc=0040004c   x10(a0)=00000003
#19289  pc=00400050   x1(ra)=00400054
#19290  pc=00400014   x2(sp)=7fefff60
#19291  pc=00400018
#19292  pc=0040001c
#19293  pc=00400020
#19294  pc=00400024   x8(s0/fp)=00000003
#19295  pc=00400028
#19296  pc=0040002c
#19297  pc=00400030
#19298  pc=0040004c   x10(a0)=00000002
#19299  pc=00400050
#19300  pc=00400014   x2(sp)=7fefff50
#19301  pc=00400018
#19302  pc=0040001c
#19303  pc=00400020
#19304  pc=00400024   x8(s0/fp)=00000002
#19305  pc=00400028
#19306  pc=0040002c
#19307  pc=00400030
#19308  pc=0040004c   x10(a0)=00000001
#19309  pc=00400050
#19310  pc=00400014   x2(sp)=7fefff40
#19311  pc=00400018
#19312  pc=0040001c
#19313  pc=00400020
#19314  pc=00400024   x8(s0/fp)=00000001
#19315  pc=00400028
#19316  pc=0040002c
#19317  pc=00400030
#19318  pc=00400034
#19319  pc=00400038
#19320  pc=0040003c   x8(s0/fp)=00000002
#19321  pc=00400040
#19322  pc=00400044   x2(sp)=7fefff50
#19323  pc=00400048
#19324  pc=00400054   x9(s1)=00000001
#19325  pc=00400058   x10(a0)=00000000
#19326  pc=0040005c   x1(ra)=00400060
#19327  pc=00400014   x2(sp)=7fefff40
#19328  pc=00400018
#19329  pc=0040001c
#19330  pc=00400020
#19331  pc=00400024   x8(s0/fp)=00000000
#19332  pc=00400028
#19333  pc=00400034
#19334  pc=00400038
#19335  pc=0040003c   x8(s0/fp)=00000002
#19336  pc=00400040
#19337  pc=00400044   x2(sp)=7fefff50
#19338  pc=00400048
#19339  pc=00400060   x8(s0/fp)=00000001
#19340  pc=00400064
#19341  pc=00400034   x10(a0)=00000001
#19342  pc=00400038   x1(ra)=00400054
#19343  pc=0040003c   x8(s0/fp)=00000003
#19344  pc=00400040   x9(s1)=00000005
#19345  pc=00400044   x2(sp)=7fefff60
#19346  pc=00400048
#19347  pc=00400054   x9(s1)=00000001
#19348  pc=00400058
#19349  pc=0040005c   x1(ra)=00400060
#19350  pc=00400014   x2(sp)=7fefff50
#19351  pc=00400018
#19352  pc=0040001c
#19353  pc=00400020
#19354  pc=00400024   x8(s0/fp)=00000001
#19355  pc=00400028
#19356  pc=0040002c
#19357  pc=00400030
#19358  pc=00400034
#19359  pc=00400038
#19360  pc=0040003c   x8(s0/fp)=00000003
#19361  pc=00400040
#19362  pc=00400044   x2(sp)=7fefff60
#19363  pc=00400048
#19364  pc=00400060   x8(s0/fp)=00000002
#19365  pc=00400064
#19366  pc=00400034   x10(a0)=00000002
#19367  pc=00400038   x1(ra)=00400054
#19368  pc=0040003c   x8(s0/fp)=00000004
#19369  pc=00400040   x9(s1)=00000005
#19370  pc=00400044   x2(sp)=7fefff70
#19371  pc=00400048
#19372  pc=00400054   x9(s1)=00000002
#19373  pc=00400058
#19374  pc=0040005c   x1(ra)=00400060
#19375  pc=00400014   x2(sp)=7fefff60
#19376  pc=00400018
#19377  pc=0040001c
#19378  pc=00400020
#19379  pc=00400024   x8(s0/fp)=00000002
#19380  pc=00400028
#19381  pc=0040002c
#19382  pc=00400030
#19383  pc=0040004c   x10(a0)=00000001
#19384  pc=00400050   x1(ra)=00400054
#19385  pc=00400014   x2(sp)=7fefff50
#19386  pc=00400018
#19387  pc=0040001c
#19388  pc=00400020
#19389  pc=00400024   x8(s0/fp)=00000001
#19390  pc=00400028
#19391  pc=0040002c
#19392  pc=00400030
#19393  pc=00400034
#19394  pc=00400038
#19395  pc=0040003c   x8(s0/fp)=00000002
#19396  pc=00400040
#19397  pc=00400044   x2(sp)=7fefff60
#19398  pc=00400048
#19399  pc=00400054   x9(s1)=00000001
#19400  pc=00400058   x10(a0)=00000000
#19401  pc=0040005c   x1(ra)=00400060
#19402  pc=00400014   x2(sp)=7fefff50
#19403  pc=00400018
#19404  pc=0040001c
#19405  pc=00400020
#19406  pc=00400024   x8(s0/fp)=00000000
#19407  pc=00400028
#19408  pc=00400034
#19409  pc=00400038
#19410  pc=0040003c   x8(s0/fp)=00000002
#19411  pc=00400040
#19412  pc=00400044   x2(sp)=7fefff60
#19413  pc=00400048
#19414  pc=00400060   x8(s0/fp)=00000001
#19415  pc=00400064
#19416  pc=00400034   x10(a0)=00000001
#19417  pc=00400038
#19418  pc=0040003c   x8(s0/fp)=00000004
#19419  pc=00400040   x9(s1)=00000002
#19420  pc=00400044   x2(sp)=7fefff70
#19421  pc=00400048
#19422  pc=00400060   x8(s0/fp)=00000003
#19423  pc=00400064
#19424  pc=00400034   x10(a0)=00000003
#19425  pc=00400038
#19426  pc=0040003c   x8(s0/fp)=00000006
#19427  pc=00400040   x9(s1)=00000005
#19428  pc=00400044   x2(sp)=7fefff80
#19429  pc=00400048
#19430  pc=00400060   x8(s0/fp)=00000008
#19431  pc=00400064
#19432  pc=00400034   x10(a0)=00000008
#19433  pc=00400038   x1(ra)=00400054
#19434  pc=0040003c   x8(s0/fp)=00000007
#19435  pc=00400040   x9(s1)=00000015
#19436  pc=00400044   x2(sp)=7fefff90
#19437  pc=00400048
#19438  pc=00400054   x9(s1)=00000008
#19439  pc=00400058   x10(a0)=00000005
#19440  pc=0040005c   x1(ra)=00400060
#19441  pc=00400014   x2(sp)=7fefff80
#19442  pc=00400018
#19443  pc=0040001c
#19444  pc=00400020
#19445  pc=00400024   x8(s0/fp)=00000005
#19446  pc=00400028
#19447  pc=0040002c
#19448  pc=00400030
#19449  pc=0040004c   x10(a0)=00000004
#19450  pc=00400050   x1(ra)=00400054
#19451  pc=00400014   x2(sp)=7fefff70
#19452  pc=00400018
#19453  pc=0040001c
#19454  pc=00400020
#19455  pc=00400024   x8(s0/fp)=00000004
#19456  pc=00400028
#19457  pc=0040002c
#19458  pc=00400030
#19459  pc=0040004c   x10(a0)=00000003
#19460  pc=00400050
#19461  pc=00400014   x2(sp)=7fefff60
#19462  pc=00400018
#19463  pc=0040001c
#19464  pc=00400020
#19465  pc=00400024   x8(s0/fp)=00000003
#19466  pc=00400028
#19467  pc=0040002c
#19468  pc=00400030
#19469  pc=0040004c   x10(a0)=00000002
#19470  pc=00400050
#19471  pc=00400014   x2(sp)=7fefff50
#19472  pc=00400018
#19473  pc=0040001c
#19474  pc=00400020
#19475  pc=00400024   x8(s0/fp)=00000002
#19476  pc=00400028
#19477  pc=0040002c
#19478  pc=00400030
#19479  pc=0040004c   x10(a0)=00000001
#19480  pc=00400050
#19481  pc=00400014   x2(sp)=7fefff40
#19482  pc=00400018
#19483  pc=0040001c
#19484  pc=00400020
#19485  pc=00400024   x8(s0/fp)=00000001
#19486  pc=00400028
#19487  pc=0040002c
#19488  pc=00400030
#19489  pc=00400034
#19490  pc=00400038
#19491  pc=0040003c   x8(s0/fp)=00000002
#19492  pc=00400040
#19493  pc=00400044   x2(sp)=7fefff50
#19494  pc=00400048
#19495  pc=00400054   x9(s1)=00000001
#19496  pc=00400058   x10(a0)=00000000
#19497  pc=0040005c   x1(ra)=00400060
#19498  pc=00400014   x2(sp)=7fefff40
#19499  pc=00400018
#19500  pc=0040001c
#19501  pc=00400020
#19502  pc=00400024   x8(s0/fp)=00000000
#19503  pc=00400028
#19504  pc=00400034
#19505  pc=00400038
#19506  pc=0040003c   x8(s0/fp)=00000002
#19507  pc=00400040
#19508  pc=00400044   x2(sp)=7fefff50
#19509  pc=00400048
#19510  pc=00400060   x8(s0/fp)=00000001
#19511  pc=00400064
#19512  pc=00400034   x10(a0)=00000001
#19513  pc=00400038   x1(ra)=00400054
#19514  pc=0040003c   x8(s0/fp)=00000003
#19515  pc=00400040   x9(s1)=00000008
#19516  pc=00400044   x2(sp)=7fefff60
#19517  pc=00400048
#19518  pc=00400054   x9(s1)=00000001
#19519  pc=00400058
#19520  pc=0040005c   x1(ra)=00400060
#19521  pc=00400014   x2(sp)=7fefff50
#19522  pc=00400018
#19523  pc=0040001c
#19524  pc=00400020
#19525  pc=00400024   x8(s0/fp)=00000001
#19526  pc=00400028
#19527  pc=0040002c
#19528  pc=00400030
#19529  pc=00400034
#19530  pc=00400038
#19531  pc=0040003c   x8(s0/fp)=00000003
#19532  pc=00400040
#19533  pc=00400044   x2(sp)=7fefff60
#19534  pc=00400048
#19535  pc=00400060   x8(s0/fp)=00000002
#19536  pc=00400064
#19537  pc=00400034   x10(a0)=00000002
#19538  pc=00400038   x1(ra)=00400054
#19539  pc=0040003c   x8(s0/fp)=00000004
#19540  pc=00400040   x9(s1)=00000008
#19541  pc=00400044   x2(sp)=7fefff70
#19542  pc=00400048
#19543  pc=00400054   x9(s1)=00000002
#19544  pc=00400058
#19545  pc=0040005c   x1(ra)=00400060
#19546  pc=00400014   x2(sp)=7fefff60
#19547  pc=00400018
#19548  pc=0040001c
#19549  pc=00400020
#19550  pc=00400024   x8(s0/fp)=00000002
#19551  pc=00400028
#19552  pc=0040002c
#19553  pc=00400030
#19554  pc=0040004c   x10(a0)=00000001
#19555  pc=00400050   x1(ra)=00400054
#19556  pc=00400014   x2(sp)=7fefff50
#19557  pc=00400018
#19558  pc=0040001c
#19559  pc=00400020
#19560  pc=00400024   x8(s0/fp)=00000001
#19561  pc=00400028
#19562  pc=0040002c
#19563  pc=00400030
#19564  pc=00400034
#19565  pc=00400038
#19566  pc=0040003c   x8(s0/fp)=00000002
#19567  pc=00400040
#19568  pc=00400044   x2(sp)=7fefff60
#19569  pc=00400048
#19570  pc=00400054   x9(s1)=00000001
#19571  pc=00400058   x10(a0)=00000000
#19572  pc=0040005c   x1(ra)=00400060
#19573  pc=00400014   x2(sp)=7fefff50
#19574  pc=00400018
#19575  pc=0040001c
#19576  pc=00400020
#19577  pc=00400024   x8(s0/fp)=00000000
#19578  pc=00400028
#19579  pc=00400034
#19580  pc=00400038
#19581  pc=0040003c   x8(s0/fp)=00000002
#19582  pc=00400040
#19583  pc=00400044   x2(sp)=7fefff60
#19584  pc=00400048
#19585  pc=00400060   x8(s0/fp)=00000001
#19586  pc=00400064
#19587  pc=00400034   x10(a0)=00000001
#19588  pc=00400038
#19589  pc=0040003c   x8(s0/fp)=00000004
#19590  pc=00400040   x9(s1)=00000002
#19591  pc=00400044   x2(sp)=7fefff70
#19592  pc=00400048
#19593  pc=00400060   x8(s0/fp)=00000003
#19594  pc=00400064
#19595  pc=00400034   x10(a0)=00000003
#19596  pc=00400038   x1(ra)=00400054
#19597  pc=0040003c   x8(s0/fp)=00000005
#19598  pc=00400040   x9(s1)=00000008
#19599  pc=00400044   x2(sp)=7fefff80
#19600  pc=00400048
#19601  pc=00400054   x9(s1)=00000003
#19602  pc=00400058
#19603  pc=0040005c   x1(ra)=00400060
#19604  pc=00400014   x2(sp)=7fefff70
#19605  pc=00400018
#19606  pc=0040001c
#19607  pc=00400020
#19608  pc=00400024   x8(s0/fp)=00000003
#19609  pc=00400028
#19610  pc=0040002c
#19611  pc=00400030
#19612  pc=0040004c   x10(a0)=00000002
#19613  pc=00400050   x1(ra)=00400054
#19614  pc=00400014   x2(sp)=7fefff60
#19615  pc=00400018
#19616  pc=0040001c
#19617  pc=00400020
#19618  pc=00400024   x8(s0/fp)=00000002
#19619  pc=00400028
#19620  pc=0040002c
#19621  pc=00400030
#19622  pc=0040004c   x10(a0)=00000001
#19623  pc=00400050
#19624  pc=00400014   x2(sp)=7fefff50
#19625  pc=00400018
#19626  pc=0040001c
#19627  pc=00400020
#19628  pc=00400024   x8(s0/fp)=00000001
#19629  pc=00400028
#19630  pc=0040002c
#19631  pc=00400030
#19632  pc=00400034
#19633  pc=00400038
#19634  pc=0040003c   x8(s0/fp)=00000002
#19635  pc=00400040
#19636  pc=00400044   x2(sp)=7fefff60
#19637  pc=00400048
#19638  pc=00400054   x9(s1)=00000001
#19639  pc=00400058   x10(a0)=00000000
#19640  pc=0040005c   x1(ra)=00400060
#19641  pc=00400014   x2(sp)=7fefff50
#19642  pc=00400018
#19643  pc=0040001c
#19644  pc=00400020
#19645  pc=00400024   x8(s0/fp)=00000000
#19646  pc=00400028
#19647  pc=00400034
#19648  pc=00400038
#19649  pc=0040003c   x8(s0/fp)=00000002
#19650  pc=00400040
#19651  pc=00400044   x2(sp)=7fefff60
#19652  pc=00400048
#19653  pc=00400060   x8(s0/fp)=00000001
#19654  pc=00400064
#19655  pc=00400034   x10(a0)=00000001
#19656  pc=00400038   x1(ra)=00400054
#19657  pc=0040003c   x8(s0/fp)=00000003
#19658  pc=00400040   x9(s1)=00000003
#19659  pc=00400044   x2(sp)=7fefff70
#19660  pc=00400048
#19661  pc=00400054   x9(s1)=00000001
#19662  pc=00400058
#19663  pc=0040005c   x1(ra)=00400060
#19664  pc=00400014   x2(sp)=7fefff60
#19665  pc=00400018
#19666  pc=0040001c
#19667  pc=00400020
#19668  pc=00400024   x8(s0/fp)=00000001
#19669  pc=00400028
#19670  pc=0040002c
#19671  pc=00400030
#19672  pc=00400034
#19673  pc=00400038
#19674  pc=0040003c   x8(s0/fp)=00000003
#19675  pc=00400040
#19676  pc=00400044   x2(sp)=7fefff70
#19677  pc=00400048
#19678  pc=00400060   x8(s0/fp)=00000002
#19679  pc=00400064
#19680  pc=00400034   x10(a0)=00000002
#19681  pc=00400038
#19682  pc=0040003c   x8(s0/fp)=00000005
#19683  pc=00400040   x9(s1)=00000003
#19684  pc=00400044   x2(sp)=7fefff80
#19685  pc=00400048
#19686  pc=00400060
#19687  pc=00400064
#19688  pc=00400034   x10(a0)=00000005
#19689  pc=00400038
#19690  pc=0040003c   x8(s0/fp)=00000007
#19691  pc=00400040   x9(s1)=00000008
#19692  pc=00400044   x2(sp)=7fefff90
#19693  pc=00400048
#19694  pc=00400060   x8(s0/fp)=0000000d
#19695  pc=00400064
#19696  pc=00400034   x10(a0)=0000000d
#19697  pc=00400038
#19698  pc=0040003c   x8(s0/fp)=00000009
#19699  pc=00400040   x9(s1)=00000015
#19700  pc=00400044   x2(sp)=7fefffa0
#19701  pc=00400048
#19702  pc=00400060   x8(s0/fp)=00000022
#19703  pc=00400064
#19704  pc=00400034   x10(a0)=00000022
#19705  pc=00400038   x1(ra)=00400054
#19706  pc=0040003c   x8(s0/fp)=0000000a
#19707  pc=00400040   x9(s1)=00000059
#19708  pc=00400044   x2(sp)=7fefffb0
#19709  pc=00400048
#19710  pc=00400054   x9(s1)=00000022
#19711  pc=00400058   x10(a0)=00000008
#19712  pc=0040005c   x1(ra)=00400060
#19713  pc=00400014   x2(sp)=7fefffa0
#19714  pc=00400018
#19715  pc=0040001c
#19716  pc=00400020
#19717  pc=00400024   x8(s0/fp)=00000008
#19718  pc=00400028
#19719  pc=0040002c
#19720  pc=00400030
#19721  pc=0040004c   x10(a0)=00000007
#19722  pc=00400050   x1(ra)=00400054
#19723  pc=00400014   x2(sp)=7fefff90
#19724  pc=00400018
#19725  pc=0040001c
#19726  pc=00400020
#19727  pc=00400024   x8(s0/fp)=00000007
#19728  pc=00400028
#19729  pc=0040002c
#19730  pc=00400030
#19731  pc=0040004c   x10(a0)=00000006
#19732  pc=00400050
#19733  pc=00400014   x2(sp)=7fefff80
#19734  pc=00400018
#19735  pc=0040001c
#19736  pc=00400020
#19737  pc=00400024   x8(s0/fp)=00000006
#19738  pc=00400028
#19739  pc=0040002c
#19740  pc=00400030
#19741  pc=0040004c   x10(a0)=00000005
#19742  pc=00400050
#19743  pc=00400014   x2(sp)=7fefff70
#19744  pc=00400018
#19745  pc=0040001c
#19746  pc=00400020
#19747  pc=00400024   x8(s0/fp)=00000005
#19748  pc=00400028
#19749  pc=0040002c
#19750  pc=00400030
#19751  pc=0040004c   x10(a0)=00000004
#19752  pc=00400050
#19753  pc=00400014   x2(sp)=7fefff60
#19754  pc=00400018
#19755  pc=0040001c
#19756  pc=00400020
#19757  pc=00400024   x8(s0/fp)=00000004
#19758  pc=00400028
#19759  pc=0040002c
#19760  pc=00400030
#19761  pc=0040004c   x10(a0)=00000003
#19762  pc=00400050
#19763  pc=00400014   x2(sp)=7fefff50
#19764  pc=00400018
#19765  pc=0040001c
#19766  pc=00400020
#19767  pc=00400024   x8(s0/fp)=00000003
#19768  pc=00400028
#19769  pc=0040002c
#19770  pc=00400030
#19771  pc=0040004c   x10(a0)=00000002
#19772  pc=00400050
#19773  pc=00400014   x2(sp)=7fefff40
#19774  pc=00400018
#19775  pc=0040001c
#19776  pc=00400020
#19777  pc=00400024   x8(s0/fp)=00000002
#19778  pc=00400028
#19779  pc=0040002c
#19780  pc=00400030
#19781  pc=0040004c   x10(a0)=00000001
#19782  pc=00400050
#19783  pc=00400014   x2(sp)=7fefff30
#19784  pc=00400018
#19785  pc=0040001c
#19786  pc=00400020
#19787  pc=00400024   x8(s0/fp)=00000001
#19788  pc=00400028
#19789  pc=0040002c
#19790  pc=00400030
#19791  pc=00400034
#19792  pc=00400038
#19793  pc=0040003c   x8(s0/fp)=00000002
#19794  pc=00400040
#19795  pc=00400044   x2(sp)=7fefff40
#19796  pc=00400048
#19797  pc=00400054   x9(s1)=00000001
#19798  pc=00400058   x10(a0)=00000000
#19799  pc=0040005c   x1(ra)=00400060
#19800  pc=00400014   x2(sp)=7fefff30
#19801  pc=00400018
#19802  pc=0040001c
#19803  pc=00400020
#19804  pc=00400024   x8(s0/fp)=00000000
#19805  pc=00400028
#19806  pc=00400034
#19807  pc=00400038
#19808  pc=0040003c   x8(s0/fp)=00000002
#19809  pc=00400040
#19810  pc=00400044   x2(sp)=7fefff40
#19811  pc=00400048
#19812  pc=00400060   x8(s0/fp)=00000001
#19813  pc=00400064
#19814  pc=00400034   x10(a0)=00000001
#19815  pc=00400038   x1(ra)=00400054
#19816  pc=0040003c   x8(s0/fp)=00000003
#19817  pc=00400040   x9(s1)=00000022
#19818  pc=00400044   x2(sp)=7fefff50
#19819  pc=00400048
#19820  pc=00400054   x9(s1)=00000001
#19821  pc=00400058
#19822  pc=0040005c   x1(ra)=00400060
#19823  pc=00400014   x2(sp)=7fefff40
#19824  pc=00400018
#19825  pc=0040001c
#19826  pc=00400020
#19827  pc=00400024   x8(s0/fp)=00000001
#19828  pc=00400028
#19829  pc=0040002c
#19830  pc=00400030
#19831  pc=00400034
#19832  pc=00400038
#19833  pc=0040003c   x8(s0/fp)=00000003
#19834  pc=00400040
#19835  pc=00400044   x2(sp)=7fefff50
#19836  pc=00400048
#19837  pc=00400060   x8(s0/fp)=00000002
#19838  pc=00400064
#19839  pc=00400034   x10(a0)=00000002
#19840  pc=00400038   x1(ra)=00400054
#19841  pc=0040003c   x8(s0/fp)=00000004
#19842  pc=00400040   x9(s1)=00000022
#19843  pc=00400044   x2(sp)=7fefff60
#19844  pc=00400048
#19845  pc=00400054   x9(s1)=00000002
#19846  pc=00400058
#19847  pc=0040005c   x1(ra)=00400060
#19848  pc=00400014   x2(sp)=7fefff50
#19849  pc=00400018
#19850  pc=0040001c
#19851  pc=00400020
#19852  pc=00400024   x8(s0/fp)=00000002
#19853  pc=00400028
#19854  pc=0040002c
#19855  pc=00400030
#19856  pc=0040004c   x10(a0)=00000001
#19857  pc=00400050   x1(ra)=00400054
#19858  pc=00400014   x2(sp)=7fefff40
#19859  pc=00400018
#19860  pc=0040001c
#19861  pc=00400020
#19862  pc=00400024   x8(s0/fp)=00000001
#19863  pc=00400028
#19864  pc=0040002c
#19865  pc=00400030
#19866  pc=00400034
#19867  pc=00400038
#19868  pc=0040003c   x8(s0/fp)=00000002
#19869  pc=00400040
#19870  pc=00400044   x2(sp)=7fefff50
#19871  pc=00400048
#19872  pc=00400054   x9(s1)=00000001
#19873  pc=00400058   x10(a0)=00000000
#19874  pc=0040005c   x1(ra)=00400060
#19875  pc=00400014   x2(sp)=7fefff40
#19876  pc=00400018
#19877  pc=0040001c
#19878  pc=00400020
#19879  pc=00400024   x8(s0/fp)=00000000
#19880  pc=00400028
#19881  pc=00400034
#19882  pc=00400038
#19883  pc=0040003c   x8(s0/fp)=00000002
#19884  pc=00400040
#19885  pc=00400044   x2(sp)=7fefff50
#19886  pc=00400048
#19887  pc=00400060   x8(s0/fp)=00000001
#19888  pc=00400064
#19889  pc=00400034   x10(a0)=00000001
#19890  pc=00400038
#19891  pc=0040003c   x8(s0/fp)=00000004
#19892  pc=00400040   x9(s1)=00000002
#19893  pc=00400044   x2(sp)=7fefff60
#19894  pc=00400048
#19895  pc=00400060   x8(s0/fp)=00000003
#19896  pc=00400064
#19897  pc=00400034   x10(a0)=00000003
#19898  pc=00400038   x1(ra)=00400054
#19899  pc=0040003c   x8(s0/fp)=00000005
#19900  pc=00400040   x9(s1)=00000022
#19901  pc=00400044   x2(sp)=7fefff70
#19902  pc=00400048
#19903  pc=00400054   x9(s1)=00000003
#19904  pc=00400058
#19905  pc=0040005c   x1(ra)=00400060
#19906  pc=00400014   x2(sp)=7fefff60
#19907  pc=00400018
#19908  pc=0040001c
#19909  pc=00400020
#19910  pc=00400024   x8(s0/fp)=00000003
#19911  pc=00400028
#19912  pc=0040002c
#19913  pc=00400030
#19914  pc=0040004c   x10(a0)=00000002
#19915  pc=00400050   x1(ra)=00400054
#19916  pc=00400014   x2(sp)=7fefff50
#19917  pc=00400018
#19918  pc=0040001c
#19919  pc=00400020
#19920  pc=00400024   x8(s0/fp)=00000002
#19921  pc=00400028
#19922  pc=0040002c
#19923  pc=00400030
#19924  pc=0040004c   x10(a0)=00000001
#19925  pc=00400050
#19926  pc=00400014   x2(sp)=7fefff40
#19927  pc=00400018
#19928  pc=0040001c
#19929  pc=00400020
#19930  pc=00400024   x8(s0/fp)=00000001
#19931  pc=00400028
#19932  pc=0040002c
#19933  pc=00400030
#19934  pc=00400034
#19935  pc=00400038
#19936  pc=0040003c   x8(s0/fp)=00000002
#19937  pc=00400040
#19938  pc=00400044   x2(sp)=7fefff50
#19939  pc=00400048
#19940  pc=00400054   x9(s1)=00000001
#19941  pc=00400058   x10(a0)=00000000
#19942  pc=0040005c   x1(ra)=00400060
#19943  pc=00400014   x2(sp)=7fefff40
#19944  pc=00400018
#19945  pc=0040001c
#19946  pc=00400020
#19947  pc=00400024   x8(s0/fp)=00000000
#19948  pc=00400028
#19949  pc=00400034
#19950  pc=00400038
#19951  pc=0040003c   x8(s0/fp)=00000002
#19952  pc=00400040
#19953  pc=00400044   x2(sp)=7fefff50
#19954  pc=00400048
#19955  pc=00400060   x8(s0/fp)=00000001
#19956  pc=00400064
#19957  pc=00400034   x10(a0)=00000001
#19958  pc=00400038   x1(ra)=00400054
#19959  pc=0040003c   x8(s0/fp)=00000003
#19960  pc=00400040   x9(s1)=00000003
#19961  pc=00400044   x2(sp)=7fefff60
#19962  pc=00400048
#19963  pc=00400054   x9(s1)=00000001
#19964  pc=00400058
#19965  pc=0040005c   x1(ra)=00400060
#19966  pc=00400014   x2(sp)=7fefff50
#19967  pc=00400018
#19968  pc=0040001c
#19969  pc=00400020
#19970  pc=00400024   x8(s0/fp)=00000001
#19971  pc=00400028
#19972  pc=0040002c
#19973  pc=00400030
#19974  pc=00400034
#19975  pc=00400038
#19976  pc=0040003c   x8(s0/fp)=00000003
#19977  pc=00400040
#19978  pc=00400044   x2(sp)=7fefff60
#19979  pc=00400048
#19980  pc=00400060   x8(s0/fp)=00000002
#19981  pc=00400064
#19982  pc=00400034   x10(a0)=00000002
#19983  pc=00400038
#19984  pc=0040003c   x8(s0/fp)=00000005
#19985  pc=00400040   x9(s1)=00000003
#19986  pc=00400044   x2(sp)=7fefff70
#19987  pc=00400048
#19988  pc=00400060
#19989  pc=00400064
#19990  pc=00400034   x10(a0)=00000005
#19991  pc=00400038   x1(ra)=00400054
#19992  pc=0040003c   x8(s0/fp)=00000006
#19993  pc=00400040   x9(s1)=00000022
#19994  pc=00400044   x2(sp)=7fefff80
#19995  pc=00400048
#19996  pc=00400054   x9(s1)=00000005
#19997  pc=00400058   x10(a0)=00000004
#19998  pc=0040005c   x1(ra)=00400060
#19999  pc=00400014   x2(sp)=7fefff70
#20000  pc=00400018
#20001  pc=0040001c
#20002  pc=00400020
#20003  pc=00400024   x8(s0/fp)=00000004
#20004  pc=00400028
#20005  pc=0040002c
#20006  pc=00400030
#20007  pc=0040004c   x10(a0)=00000003
#20008  pc=00400050   x1(ra)=00400054
#20009  pc=00400014   x2(sp)=7fefff60
#20010  pc=00400018
#20011  pc=0040001c
#20012  pc=00400020
#20013  pc=00400024   x8(s0/fp)=00000003
#20014  pc=00400028
#20015  pc=0040002c
#20016  pc=00400030
#20017  pc=0040004c   x10(a0)=00000002
#20018  pc=00400050
#20019  pc=00400014   x2(sp)=7fefff50
#20020  pc=00400018
#20021  pc=0040001c
#20022  pc=00400020
#20023  pc=00400024   x8(s0/fp)=00000002
#20024  pc=00400028
#20025  pc=0040002c
#20026  pc=00400030
#20027  pc=0040004c   x10(a0)=00000001
#20028  pc=00400050
#20029  pc=00400014   x2(sp)=7fefff40
#20030  pc=00400018
#20031  pc=0040001c
#20032  pc=00400020
#20033  pc=00400024   x8(s0/fp)=00000001
#20034  pc=00400028
#20035  pc=0040002c
#20036  pc=00400030
#20037  pc=00400034
#20038  pc=00400038
#20039  pc=0040003c   x8(s0/fp)=00000002
#20040  pc=00400040
#20041  pc=00400044   x2(sp)=7fefff50
#20042  pc=00400048
#20043  pc=00400054   x9(s1)=00000001
#20044  pc=00400058   x10(a0)=00000000
#20045  pc=0040005c   x1(ra)=00400060
#20046  pc=00400014   x2(sp)=7fefff40
#20047  pc=00400018
#20048  pc=0040001c
#20049  pc=00400020
#20050  pc=00400024   x8(s0/fp)=00000000
#20051  pc=00400028
#20052  pc=00400034
#20053  pc=00400038
#20054  pc=0040003c   x8(s0/fp)=00000002
#20055  pc=00400040
#20056  pc=00400044   x2(sp)=7fefff50
#20057  pc=00400048
#20058  pc=00400060   x8(s0/fp)=00000001
#20059  pc=00400064
#20060  pc=00400034   x10(a0)=00000001
#20061  pc=00400038   x1(ra)=00400054
#20062  pc=0040003c   x8(s0/fp)=00000003
#20063  pc=00400040   x9(s1)=00000005
#20064  pc=00400044   x2(sp)=7fefff60
#20065  pc=00400048
#20066  pc=00400054   x9(s1)=00000001
#20067  pc=00400058
#20068  pc=0040005c   x1(ra)=00400060
#20069  pc=00400014   x2(sp)=7fefff50
#20070  pc=00400018
#20071  pc=0040001c
#20072  pc=00400020
#20073  pc=00400024   x8(s0/fp)=00000001
#20074  pc=00400028
#20075  pc=0040002c
#20076  pc=00400030
#20077  pc=00400034
#20078  pc=00400038
#20079  pc=0040003c   x8(s0/fp)=00000003
#20080  pc=00400040
#20081  pc=00400044   x2(sp)=7fefff60
#20082  pc=00400048
#20083  pc=00400060   x8(s0/fp)=00000002
#20084  pc=00400064
#20085  pc=00400034   x10(a0)=00000002
#20086  pc=00400038   x1(ra)=00400054
#20087  pc=0040003c   x8(s0/fp)=00000004
#20088  pc=00400040   x9(s1)=00000005
#20089  pc=00400044   x2(sp)=7fefff70
#20090  pc=00400048
#20091  pc=00400054   x9(s1)=00000002
#20092  pc=00400058
#20093  pc=0040005c   x1(ra)=00400060
#20094  pc=00400014   x2(sp)=7fefff60
#20095  pc=00400018
#20096  pc=0040001c
#20097  pc=00400020
#20098  pc=00400024   x8(s0/fp)=00000002
#20099  pc=00400028
#20100  pc=0040002c
#20101  pc=00400030
#20102  pc=0040004c   x10(a0)=00000001
#20103  pc=00400050   x1(ra)=00400054
#20104  pc=00400014   x2(sp)=7fefff50
#20105  pc=00400018
#20106  pc=0040001c
#20107  pc=00400020
#20108  pc=00400024   x8(s0/fp)=00000001
#20109  pc=00400028
#20110  pc=0040002c
#20111  pc=00400030
#20112  pc=00400034
#20113  pc=00400038
#20114  pc=0040003c   x8(s0/fp)=00000002
#20115  pc=00400040
#20116  pc=00400044   x2(sp)=7fefff60
#20117  pc=00400048
#20118  pc=00400054   x9(s1)=00000001
#20119  pc=00400058   x10(a0)=00000000
#20120  pc=0040005c   x1(ra)=00400060
#20121  pc=00400014   x2(sp)=7fefff50
#20122  pc=00400018
#20123  pc=0040001c
#20124  pc=00400020
#20125  pc=00400024   x8(s0/fp)=00000000
#20126  pc=00400028
#20127  pc=00400034
#20128  pc=00400038
#20129  pc=0040003c   x8(s0/fp)=00000002
#20130  pc=00400040
#20131  pc=00400044   x2(sp)=7fefff60
#20132  pc=00400048
#20133  pc=00400060   x8(s0/fp)=00000001
#20134  pc=00400064
#20135  pc=00400034   x10(a0)=00000001
#20136  pc=00400038
#20137  pc=0040003c   x8(s0/fp)=00000004
#20138  pc=00400040   x9(s1)=00000002
#20139  pc=00400044   x2(sp)=7fefff70
#20140  pc=00400048
#20141  pc=00400060   x8(s0/fp)=00000003
#20142  pc=00400064
#20143  pc=00400034   x10(a0)=00000003
#20144  pc=00400038
#20145  pc=0040003c   x8(s0/fp)=00000006
#20146  pc=00400040   x9(s1)=00000005
#20147  pc=00400044   x2(sp)=7fefff80
#20148  pc=00400048
#20149  pc=00400060   x8(s0/fp)=00000008
#20150  pc=00400064
#20151  pc=00400034   x10(a0)=00000008
#20152  pc=00400038   x1(ra)=00400054
#20153  pc=0040003c   x8(s0/fp)=00000007
#20154  pc=00400040   x9(s1)=00000022
#20155  pc=00400044   x2(sp)=7fefff90
#20156  pc=00400048
#20157  pc=00400054   x9(s1)=00000008
#20158  pc=00400058   x10(a0)=00000005
#20159  pc=0040005c   x1(ra)=00400060
#20160  pc=00400014   x2(sp)=7fefff80
#20161  pc=00400018
#20162  pc=0040001c
#20163  pc=00400020
#20164  pc=00400024   x8(s0/fp)=00000005
#20165  pc=00400028
#20166  pc=0040002c
#20167  pc=00400030
#20168  pc=0040004c   x10(a0)=00000004
#20169  pc=00400050   x1(ra)=00400054
#20170  pc=00400014   x2(sp)=7fefff70
#20171  pc=00400018
#20172  pc=0040001c
#20173  pc=00400020
#20174  pc=00400024   x8(s0/fp)=00000004
#20175  pc=00400028
#20176  pc=0040002c
#20177  pc=00400030
#20178  pc=0040004c   x10(a0)=00000003
#20179  pc=00400050
#20180  pc=00400014   x2(sp)=7fefff60
#20181  pc=00400018
#20182  pc=0040001c
#20183  pc=00400020
#20184  pc=00400024   x8(s0/fp)=00000003
#20185  pc=00400028
#20186  pc=0040002c
#20187  pc=00400030
#20188  pc=0040004c   x10(a0)=00000002
#20189  pc=00400050
#20190  pc=00400014   x2(sp)=7fefff50
#20191  pc=00400018
#20192  pc=0040001c
#20193  pc=00400020
#20194  pc=00400024   x8(s0/fp)=00000002
#20195  pc=00400028
#20196  pc=0040002c
#20197  pc=00400030
#20198  pc=0040004c   x10(a0)=00000001
#20199  pc=00400050
#20200  pc=00400014   x2(sp)=7fefff40
#20201  pc=00400018
#20202  pc=0040001c
#20203  pc=00400020
#20204  pc=00400024   x8(s0/fp)=00000001
#20205  pc=00400028
#20206  pc=0040002c
#20207  pc=00400030
#20208  pc=00400034
#20209  pc=00400038
#20210  pc=0040003c   x8(s0/fp)=00000002
#20211  pc=00400040
#20212  pc=00400044   x2(sp)=7fefff50
#20213  pc=00400048
#20214  pc=00400054   x9(s1)=00000001
#20215  pc=00400058   x10(a0)=00000000
#20216  pc=0040005c   x1(ra)=00400060
#20217  pc=00400014   x2(sp)=7fefff40
#20218  pc=00400018
#20219  pc=0040001c
#20220  pc=00400020
#20221  pc=00400024   x8(s0/fp)=00000000
#20222  pc=00400028
#20223  pc=00400034
#20224  pc=00400038
#20225  pc=0040003c   x8(s0/fp)=00000002
#20226  pc=00400040
#20227  pc=00400044   x2(sp)=7fefff50
#20228  pc=00400048
#20229  pc=00400060   x8(s0/fp)=00000001
#20230  pc=00400064
#20231  pc=00400034   x10(a0)=00000001
#20232  pc=00400038   x1(ra)=00400054
#20233  pc=0040003c   x8(s0/fp)=00000003
#20234  pc=00400040   x9(s1)=00000008
#20235  pc=00400044   x2(sp)=7fefff60
#20236  pc=00400048
#20237  pc=00400054   x9(s1)=00000001
#20238  pc=00400058
#20239  pc=0040005c   x1(ra)=00400060
#20240  pc=00400014   x2(sp)=7fefff50
#20241  pc=00400018
#20242  pc=0040001c
#20243  pc=00400020
#20244  pc=00400024   x8(s0/fp)=00000001
#20245  pc=00400028
#20246  pc=0040002c
#20247  pc=00400030
#20248  pc=00400034
#20249  pc=00400038
#20250  pc=0040003c   x8(s0/fp)=00000003
#20251  pc=00400040
#20252  pc=00400044   x2(sp)=7fefff60
#20253  pc=00400048
#20254  pc=00400060   x8(s0/fp)=00000002
#20255  pc=00400064
#20256  pc=00400034   x10(a0)=00000002
#20257  pc=00400038   x1(ra)=00400054
#20258  pc=0040003c   x8(s0/fp)=00000004
#20259  pc=00400040   x9(s1)=00000008
#20260  pc=00400044   x2(sp)=7fefff70
#20261  pc=00400048
#20262  pc=00400054   x9(s1)=00000002
#20263  pc=00400058
#20264  pc=0040005c   x1(ra)=00400060
#20265  pc=00400014   x2(sp)=7fefff60
#20266  pc=00400018
#20267  pc=0040001c
#20268  pc=00400020
#20269  pc=00400024   x8(s0/fp)=00000002
#20270  pc=00400028
#20271  pc=0040002c
#20272  pc=00400030
#20273  pc=0040004c   x10(a0)=00000001
#20274  pc=00400050   x1(ra)=00400054
#20275  pc=00400014   x2(sp)=7fefff50
#20276  pc=00400018
#20277  pc=0040001c
#20278  pc=00400020
#20279  pc=00400024   x8(s0/fp)=00000001
#20280  pc=00400028
#20281  pc=0040002c
#20282  pc=00400030
#20283  pc=00400034
#20284  pc=00400038
#20285  pc=0040003c   x8(s0/fp)=00000002
#20286  pc=00400040
#20287  pc=00400044   x2(sp)=7fefff60
#20288  pc=00400048
#20289  pc=00400054   x9(s1)=00000001
#20290  pc=00400058   x10(a0)=00000000
#20291  pc=0040005c   x1(ra)=00400060
#20292  pc=00400014   x2(sp)=7fefff50
#20293  pc=00400018
#20294  pc=0040001c
#20295  pc=00400020
#20296  pc=00400024   x8(s0/fp)=00000000
#20297  pc=00400028
#20298  pc=00400034
#20299  pc=00400038
#20300  pc=0040003c   x8(s0/fp)=00000002
#20301  pc=00400040
#20302  pc=00400044   x2(sp)=7fefff60
#20303  pc=00400048
#20304  pc=00400060   x8(s0/fp)=00000001
#20305  pc=00400064
#20306  pc=00400034   x10(a0)=00000001
#20307  pc=00400038
#20308  pc=0040003c   x8(s0/fp)=00000004
#20309  pc=00400040   x9(s1)=00000002
#20310  pc=00400044   x2(sp)=7fefff70
#20311  pc=00400048
#20312  pc=00400060   x8(s0/fp)=00000003
#20313  pc=00400064
#20314  pc=00400034   x10(a0)=00000003
#20315  pc=00400038   x1(ra)=00400054
#20316  pc=0040003c   x8(s0/fp)=00000005
#20317  pc=00400040   x9(s1)=00000008
#20318  pc=00400044   x2(sp)=7fefff80
#20319  pc=00400048
#20320  pc=00400054   x9(s1)=00000003
#20321  pc=00400058
#20322  pc=0040005c   x1(ra)=00400060
#20323  pc=00400014   x2(sp)=7fefff70
#20324  pc=00400018
#20325  pc=0040001c
#20326  pc=00400020
#20327  pc=00400024   x8(s0/fp)=00000003
#20328  pc=00400028
#20329  pc=0040002c
#20330  pc=00400030
#20331  pc=0040004c   x10(a0)=00000002
#20332  pc=00400050   x1(ra)=00400054
#20333  pc=00400014   x2(sp)=7fefff60
#20334  pc=00400018
#20335  pc=0040001c
#20336  pc=00400020
#20337  pc=00400024   x8(s0/fp)=00000002
#20338  pc=00400028
#20339  pc=0040002c
#20340  pc=00400030
#20341  pc=0040004c   x10(a0)=00000001
#20342  pc=00400050
#20343  pc=00400014   x2(sp)=7fefff50
#20344  pc=00400018
#20345  pc=0040001c
#20346  pc=00400020
#20347  pc=00400024   x8(s0/fp)=00000001
#20348  pc=00400028
#20349  pc=0040002c
#20350  pc=00400030
#20351  pc=00400034
#20352  pc=00400038
#20353  pc=0040003c   x8(s0/fp)=00000002
#20354  pc=00400040
#20355  pc=00400044   x2(sp)=7fefff60
#20356  pc=00400048
#20357  pc=00400054   x9(s1)=00000001
#20358  pc=00400058   x10(a0)=00000000
#20359  pc=0040005c   x1(ra)=00400060
#20360  pc=00400014   x2(sp)=7fefff50
#20361  pc=00400018
#20362  pc=0040001c
#20363  pc=00400020
#20364  pc=00400024   x8(s0/fp)=00000000
#20365  pc=00400028
#20366  pc=00400034
#20367  pc=00400038
#20368  pc=0040003c   x8(s0/fp)=00000002
#20369  pc=00400040
#20370  pc=00400044   x2(sp)=7fefff60
#20371  pc=00400048
#20372  pc=00400060   x8(s0/fp)=00000001
#20373  pc=00400064
#20374  pc=00400034   x10(a0)=00000001
#20375  pc=00400038   x1(ra)=00400054
#20376  pc=0040003c   x8(s0/fp)=00000003
#20377  pc=00400040   x9(s1)=00000003
#20378  pc=00400044   x2(sp)=7fefff70
#20379  pc=00400048
#20380  pc=00400054   x9(s1)=00000001
#20381  pc=00400058
#20382  pc=0040005c   x1(ra)=00400060
#20383  pc=00400014   x2(sp)=7fefff60
#20384  pc=00400018
#20385  pc=0040001c
#20386  pc=00400020
#20387  pc=00400024   x8(s0/fp)=00000001
#20388  pc=00400028
#20389  pc=0040002c
#20390  pc=00400030
#20391  pc=00400034
#20392  pc=00400038
#20393  pc=0040003c   x8(s0/fp)=00000003
#20394  pc=00400040
#20395  pc=00400044   x2(sp)=7fefff70
#20396  pc=00400048
#20397  pc=00400060   x8(s0/fp)=00000002
#20398  pc=00400064
#20399  pc=00400034   x10(a0)=00000002
#20400  pc=00400038
#20401  pc=0040003c   x8(s0/fp)=00000005
#20402  pc=00400040   x9(s1)=00000003
#20403  pc=00400044   x2(sp)=7fefff80
#20404  pc=00400048
#20405  pc=00400060
#20406  pc=00400064
#20407  pc=00400034   x10(a0)=00000005
#20408  pc=00400038
#20409  pc=0040003c   x8(s0/fp)=00000007
#20410  pc=00400040   x9(s1)=00000008
#20411  pc=00400044   x2(sp)=7fefff90
#20412  pc=00400048
#20413  pc=00400060   x8(s0/fp)=0000000d
#20414  pc=00400064
#20415  pc=00400034   x10(a0)=0000000d
#20416  pc=00400038   x1(ra)=00400054
#20417  pc=0040003c   x8(s0/fp)=00000008
#20418  pc=00400040   x9(s1)=00000022
#20419  pc=00400044   x2(sp)=7fefffa0
#20420  pc=00400048
#20421  pc=00400054   x9(s1)=0000000d
#20422  pc=00400058   x10(a0)=00000006
#20423  pc=0040005c   x1(ra)=00400060
#20424  pc=00400014   x2(sp)=7fefff90
#20425  pc=00400018
#20426  pc=0040001c
#20427  pc=00400020
#20428  pc=00400024   x8(s0/fp)=00000006
#20429  pc=00400028
#20430  pc=0040002c
#20431  pc=00400030
#20432  pc=0040004c   x10(a0)=00000005
#20433  pc=00400050   x1(ra)=00400054
#20434  pc=00400014   x2(sp)=7fefff80
#20435  pc=00400018
#20436  pc=0040001c
#20437  pc=00400020
#20438  pc=00400024   x8(s0/fp)=00000005
#20439  pc=00400028
#20440  pc=0040002c
#20441  pc=00400030
#20442  pc=0040004c   x10(a0)=00000004
#20443  pc=00400050
#20444  pc=00400014   x2(sp)=7fefff70
#20445  pc=00400018
#20446  pc=0040001c
#20447  pc=00400020
#20448  pc=00400024   x8(s0/fp)=00000004
#20449  pc=00400028
#20450  pc=0040002c
#20451  pc=00400030
#20452  pc=0040004c   x10(a0)=00000003
#20453  pc=00400050
#20454  pc=00400014   x2(sp)=7fefff60
#20455  pc=00400018
#20456  pc=0040001c
#20457  pc=00400020
#20458  pc=00400024   x8(s0/fp)=00000003
#20459  pc=00400028
#20460  pc=0040002c
#20461  pc=00400030
#20462  pc=0040004c   x10(a0)=00000002
#20463  pc=00400050
#20464  pc=00400014   x2(sp)=7fefff50
#20465  pc=00400018
#20466  pc=0040001c
#20467  pc=00400020
#20468  pc=00400024   x8(s0/fp)=00000002
#20469  pc=00400028
#20470  pc=0040002c
#20471  pc=00400030
#20472  pc=0040004c   x10(a0)=00000001
#20473  pc=00400050
#20474  pc=00400014   x2(sp)=7fefff40
#20475  pc=00400018
#20476  pc=0040001c
#20477  pc=00400020
#20478  pc=00400024   x8(s0/fp)=00000001
#20479  pc=00400028
#20480  pc=0040002c
#20481  pc=00400030
#20482  pc=00400034
#20483  pc=00400038
#20484  pc=0040003c   x8(s0/fp)=00000002
#20485  pc=00400040
#20486  pc=00400044   x2(sp)=7fefff50
#20487  pc=00400048
#20488  pc=00400054   x9(s1)=00000001
#20489  pc=00400058   x10(a0)=00000000
#20490  pc=0040005c   x1(ra)=00400060
#20491  pc=00400014   x2(sp)=7fefff40
#20492  pc=00400018
#20493  pc=0040001c
#20494  pc=00400020
#20495  pc=00400024   x8(s0/fp)=00000000
#20496  pc=00400028
#20497  pc=00400034
#20498  pc=00400038
#20499  pc=0040003c   x8(s0/fp)=00000002
#20500  pc=00400040
#20501  pc=00400044   x2(sp)=7fefff50
#20502  pc=00400048
#20503  pc=00400060   x8(s0/fp)=00000001
#20504  pc=00400064
#20505  pc=00400034   x10(a0)=00000001
#20506  pc=00400038   x1(ra)=00400054
#20507  pc=0040003c   x8(s0/fp)=00000003
#20508  pc=00400040   x9(s1)=0000000d
#20509  pc=00400044   x2(sp)=7fefff60
#20510  pc=00400048
#20511  pc=00400054   x9(s1)=00000001
#20512  pc=00400058
#20513  pc=0040005c   x1(ra)=00400060
#20514  pc=00400014   x2(sp)=7fefff50
#20515  pc=00400018
#20516  pc=0040001c
#20517  pc=00400020
#20518  pc=00400024   x8(s0/fp)=00000001
#20519  pc=00400028
#20520  pc=0040002c
#20521  pc=00400030
#20522  pc=00400034
#20523  pc=00400038
#20524  pc=0040003c   x8(s0/fp)=00000003
#20525  pc=00400040
#20526  pc=00400044   x2(sp)=7fefff60
#20527  pc=00400048
#20528  pc=00400060   x8(s0/fp)=00000002
#20529  pc=00400064
#20530  pc=00400034   x10(a0)=00000002
#20531  pc=00400038   x1(ra)=00400054
#20532  pc=0040003c   x8(s0/fp)=00000004
#20533  pc=00400040   x9(s1)=0000000d
#20534  pc=00400044   x2(sp)=7fefff70
#20535  pc=00400048
#20536  pc=00400054   x9(s1)=00000002
#20537  pc=00400058
#20538  pc=0040005c   x1(ra)=00400060
#20539  pc=00400014   x2(sp)=7fefff60
#20540  pc=00400018
#20541  pc=0040001c
#20542  pc=00400020
#20543  pc=00400024   x8(s0/fp)=00000002
#20544  pc=00400028
#20545  pc=0040002c
#20546  pc=00400030
#20547  pc=0040004c   x10(a0)=00000001
#20548  pc=00400050   x1(ra)=00400054
#20549  pc=00400014   x2(sp)=7fefff50
#20550  pc=00400018
#20551  pc=0040001c
#20552  pc=00400020
#20553  pc=00400024   x8(s0/fp)=00000001
#20554  pc=00400028
#20555  pc=0040002c
#20556  pc=00400030
#20557  pc=00400034
#20558  pc=00400038
#20559  pc=0040003c   x8(s0/fp)=00000002
#20560  pc=00400040
#20561  pc=00400044   x2(sp)=7fefff60
#20562  pc=00400048
#20563  pc=00400054   x9(s1)=00000001
#20564  pc=00400058   x10(a0)=00000000
#20565  pc=0040005c   x1(ra)=00400060
#20566  pc=00400014   x2(sp)=7fefff50
#20567  pc=00400018
#20568  pc=0040001c
#20569  pc=00400020
#20570  pc=00400024   x8(s0/fp)=00000000
#20571  pc=00400028
#20572  pc=00400034
#20573  pc=00400038
#20574  pc=0040003c   x8(s0/fp)=00000002
#20575  pc=00400040
#20576  pc=00400044   x2(sp)=7fefff60
#20577  pc=00400048
#20578  pc=00400060   x8(s0/fp)=00000001
#20579  pc=00400064
#20580  pc=00400034   x10(a0)=00000001
#20581  pc=00400038
#20582  pc=0040003c   x8(s0/fp)=00000004
#20583  pc=00400040   x9(s1)=00000002
#20584  pc=00400044   x2(sp)=7fefff70
#20585  pc=00400048
#20586  pc=00400060   x8(s0/fp)=00000003
#20587  pc=00400064
#20588  pc=00400034   x10(a0)=00000003
#20589  pc=00400038   x1(ra)=00400054
#20590  pc=0040003c   x8(s0/fp)=00000005
#20591  pc=00400040   x9(s1)=0000000d
#20592  pc=00400044   x2(sp)=7fefff80
#20593  pc=00400048
#20594  pc=00400054   x9(s1)=00000003
#20595  pc=00400058
#20596  pc=0040005c   x1(ra)=00400060
#20597  pc=00400014   x2(sp)=7fefff70
#20598  pc=00400018
#20599  pc=0040001c
#20600  pc=00400020
#20601  pc=00400024   x8(s0/fp)=00000003
#20602  pc=00400028
#20603  pc=0040002c
#20604  pc=00400030
#20605  pc=0040004c   x10(a0)=00000002
#20606  pc=00400050   x1(ra)=00400054
#20607  pc=00400014   x2(sp)=7fefff60
#20608  pc=00400018
#20609  pc=0040001c
#20610  pc=00400020
#20611  pc=00400024   x8(s0/fp)=00000002
#20612  pc=00400028
#20613  pc=0040002c
#20614  pc=00400030
#20615  pc=0040004c   x10(a0)=00000001
#20616  pc=00400050
#20617  pc=00400014   x2(sp)=7fefff50
#20618  pc=00400018
#20619  pc=0040001c
#20620  pc=00400020
#20621  pc=00400024   x8(s0/fp)=00000001
#20622  pc=00400028
#20623  pc=0040002c
#20624  pc=00400030
#20625  pc=00400034
#20626  pc=00400038
#20627  pc=0040003c   x8(s0/fp)=00000002
#20628  pc=00400040
#20629  pc=00400044   x2(sp)=7fefff60
#20630  pc=00400048
#20631  pc=00400054   x9(s1)=00000001
#20632  pc=00400058   x10(a0)=00000000
#20633  pc=0040005c   x1(ra)=00400060
#20634  pc=00400014   x2(sp)=7fefff50
#20635  pc=00400018
#20636  pc=0040001c
#20637  pc=00400020
#20638  pc=00400024   x8(s0/fp)=00000000
#20639  pc=00400028
#20640  pc=00400034
#20641  pc=00400038
#20642  pc=0040003c   x8(s0/fp)=00000002
#20643  pc=00400040
#20644  pc=00400044   x2(sp)=7fefff60
#20645  pc=00400048
#20646  pc=00400060   x8(s0/fp)=00000001
#20647  pc=00400064
#20648  pc=00400034   x10(a0)=00000001
#20649  pc=00400038   x1(ra)=00400054
#20650  pc=0040003c   x8(s0/fp)=00000003
#20651  pc=00400040   x9(s1)=00000003
#20652  pc=00400044   x2(sp)=7fefff70
#20653  pc=00400048
#20654  pc=00400054   x9(s1)=00000001
#20655  pc=00400058
#20656  pc=0040005c   x1(ra)=00400060
#20657  pc=00400014   x2(sp)=7fefff60
#20658  pc=00400018
#20659  pc=0040001c
#20660  pc=00400020
#20661  pc=00400024   x8(s0/fp)=00000001
#20662  pc=00400028
#20663  pc=0040002c
#20664  pc=00400030
#20665  pc=00400034
#20666  pc=00400038
#20667  pc=0040003c   x8(s0/fp)=00000003
#20668  pc=00400040
#20669  pc=00400044   x2(sp)=7fefff70
#20670  pc=00400048
#20671  pc=00400060   x8(s0/fp)=00000002
#20672  pc=00400064
#20673  pc=00400034   x10(a0)=00000002
#20674  pc=00400038
#20675  pc=0040003c   x8(s0/fp)=00000005
#20676  pc=00400040   x9(s1)=00000003
#20677  pc=00400044   x2(sp)=7fefff80
#20678  pc=00400048
#20679  pc=00400060
#20680  pc=00400064
#20681  pc=00400034   x10(a0)=00000005
#20682  pc=00400038   x1(ra)=00400054
#20683  pc=0040003c   x8(s0/fp)=00000006
#20684  pc=00400040   x9(s1)=0000000d
#20685  pc=00400044   x2(sp)=7fefff90
#20686  pc=00400048
#20687  pc=00400054   x9(s1)=00000005
#20688  pc=00400058   x10(a0)=00000004
#20689  pc=0040005c   x1(ra)=00400060
#20690  pc=00400014   x2(sp)=7fefff80
#20691  pc=00400018
#20692  pc=0040001c
#20693  pc=00400020
#20694  pc=00400024   x8(s0/fp)=00000004
#20695  pc=00400028
#20696  pc=0040002c
#20697  pc=00400030
#20698  pc=0040004c   x10(a0)=00000003
#20699  pc=00400050   x1(ra)=00400054
#20700  pc=00400014   x2(sp)=7fefff70
#20701  pc=00400018
#20702  pc=0040001c
#20703  pc=00400020
#20704  pc=00400024   x8(s0/fp)=00000003
#20705  pc=00400028
#20706  pc=0040002c
#20707  pc=00400030
#20708  pc=0040004c   x10(a0)=00000002
#20709  pc=00400050
#20710  pc=00400014   x2(sp)=7fefff60
#20711  pc=00400018
#20712  pc=0040001c
#20713  pc=00400020
#20714  pc=00400024   x8(s0/fp)=00000002
#20715  pc=00400028
#20716  pc=0040002c
#20717  pc=00400030
#20718  pc=0040004c   x10(a0)=00000001
#20719  pc=00400050
#20720  pc=00400014   x2(sp)=7fefff50
#20721  pc=00400018
#20722  pc=0040001c
#20723  pc=00400020
#20724  pc=00400024   x8(s0/fp)=00000001
#20725  pc=00400028
#20726  pc=0040002c
#20727  pc=00400030
#20728  pc=00400034
#20729  pc=00400038
#20730  pc=0040003c   x8(s0/fp)=00000002
#20731  pc=00400040
#20732  pc=00400044   x2(sp)=7fefff60
#20733  pc=00400048
#20734  pc=00400054   x9(s1)=00000001
#20735  pc=00400058   x10(a0)=00000000
#20736  pc=0040005c   x1(ra)=00400060
#20737  pc=00400014   x2(sp)=7fefff50
#20738  pc=00400018
#20739  pc=0040001c
#20740  pc=00400020
#20741  pc=00400024   x8(s0/fp)=00000000
#20742  pc=00400028
#20743  pc=00400034
#20744  pc=00400038
#20745  pc=0040003c   x8(s0/fp)=00000002
#20746  pc=00400040
#20747  pc=00400044   x2(sp)=7fefff60
#20748  pc=00400048
#20749  pc=00400060   x8(s0/fp)=00000001
#20750  pc=00400064
#20751  pc=00400034   x10(a0)=00000001
#20752  pc=00400038   x1(ra)=00400054
#20753  pc=0040003c   x8(s0/fp)=00000003
#20754  pc=00400040   x9(s1)=00000005
#20755  pc=00400044   x2(sp)=7fefff70
#20756  pc=00400048
#20757  pc=00400054   x9(s1)=00000001
#20758  pc=00400058
#20759  pc=0040005c   x1(ra)=00400060
#20760  pc=00400014   x2(sp)=7fefff60
#20761  pc=00400018
#20762  pc=0040001c
#20763  pc=00400020
#20764  pc=00400024   x8(s0/fp)=00000001
#20765  pc=00400028
#20766  pc=0040002c
#20767  pc=00400030
#20768  pc=00400034
#20769  pc=00400038
#20770  pc=0040003c   x8(s0/fp)=00000003
#20771  pc=00400040
#20772  pc=00400044   x2(sp)=7fefff70
#20773  pc=00400048
#20774  pc=00400060   x8(s0/fp)=00000002
#20775  pc=00400064
#20776  pc=00400034   x10(a0)=00000002
#20777  pc=00400038   x1(ra)=00400054
#20778  pc=0040003c   x8(s0/fp)=00000004
#20779  pc=00400040   x9(s1)=00000005
#20780  pc=00400044   x2(sp)=7fefff80
#20781  pc=00400048
#20782  pc=00400054   x9(s1)=00000002
#20783  pc=00400058
#20784  pc=0040005c   x1(ra)=00400060
#20785  pc=00400014   x2(sp)=7fefff70
#20786  pc=00400018
#20787  pc=0040001c
#20788  pc=00400020
#20789  pc=00400024   x8(s0/fp)=00000002
#20790  pc=00400028
#20791  pc=0040002c
#20792  pc=00400030
#20793  pc=0040004c   x10(a0)=00000001
#20794  pc=00400050   x1(ra)=00400054
#20795  pc=00400014   x2(sp)=7fefff60
#20796  pc=00400018
#20797  pc=0040001c
#20798  pc=00400020
#20799  pc=00400024   x8(s0/fp)=00000001
#20800  pc=00400028
#20801  pc=0040002c
#20802  pc=00400030
#20803  pc=00400034
#20804  pc=00400038
#20805  pc=0040003c   x8(s0/fp)=00000002
#20806  pc=00400040
#20807  pc=00400044   x2(sp)=7fefff70
#20808  pc=00400048
#20809  pc=00400054   x9(s1)=00000001
#20810  pc=00400058   x10(a0)=00000000
#20811  pc=0040005c   x1(ra)=00400060
#20812  pc=00400014   x2(sp)=7fefff60
#20813  pc=00400018
#20814  pc=0040001c
#20815  pc=00400020
#20816  pc=00400024   x8(s0/fp)=00000000
#20817  pc=00400028
#20818  pc=00400034
#20819  pc=00400038
#20820  pc=0040003c   x8(s0/fp)=00000002
#20821  pc=00400040
#20822  pc=00400044   x2(sp)=7fefff70
#20823  pc=00400048
#20824  pc=00400060   x8(s0/fp)=00000001
#20825  pc=00400064
#20826  pc=00400034   x10(a0)=00000001
#20827  pc=00400038
#20828  pc=0040003c   x8(s0/fp)=00000004
#20829  pc=00400040   x9(s1)=00000002
#20830  pc=00400044   x2(sp)=7fefff80
#20831  pc=00400048
#20832  pc=00400060   x8(s0/fp)=00000003
#20833  pc=00400064
#20834  pc=00400034   x10(a0)=00000003
#20835  pc=00400038
#20836  pc=0040003c   x8(s0/fp)=00000006
#20837  pc=00400040   x9(s1)=00000005
#20838  pc=00400044   x2(sp)=7fefff90
#20839  pc=00400048
#20840  pc=00400060   x8(s0/fp)=00000008
#20841  pc=00400064
#20842  pc=00400034   x10(a0)=00000008
#20843  pc=00400038
#20844  pc=0040003c
#20845  pc=00400040   x9(s1)=0000000d
#20846  pc=00400044   x2(sp)=7fefffa0
#20847  pc=00400048
#20848  pc=00400060   x8(s0/fp)=00000015
#20849  pc=00400064
#20850  pc=00400034   x10(a0)=00000015
#20851  pc=00400038
#20852  pc=0040003c   x8(s0/fp)=0000000a
#20853  pc=00400040   x9(s1)=00000022
#20854  pc=00400044   x2(sp)=7fefffb0
#20855  pc=00400048
#20856  pc=00400060   x8(s0/fp)=00000037
#20857  pc=00400064
#20858  pc=00400034   x10(a0)=00000037
#20859  pc=00400038
#20860  pc=0040003c   x8(s0/fp)=0000000c
#20861  pc=00400040   x9(s1)=00000059
#20862  pc=00400044   x2(sp)=7fefffc0
#20863  pc=00400048
#20864  pc=00400060   x8(s0/fp)=00000090
#20865  pc=00400064
#20866  pc=00400034   x10(a0)=00000090
#20867  pc=00400038
#20868  pc=0040003c   x8(s0/fp)=0000000e
#20869  pc=00400040   x9(s1)=000000e9
#20870  pc=00400044   x2(sp)=7fefffd0
#20871  pc=00400048
#20872  pc=00400060   x8(s0/fp)=00000179
#20873  pc=00400064
#20874  pc=00400034   x10(a0)=00000179
#20875  pc=00400038   x1(ra)=00400054
#20876  pc=0040003c   x8(s0/fp)=0000000f
#20877  pc=00400040   x9(s1)=00000000
#20878  pc=00400044   x2(sp)=7fefffe0
#20879  pc=00400048
#20880  pc=00400054   x9(s1)=00000179
#20881  pc=00400058   x10(a0)=0000000d
#20882  pc=0040005c   x1(ra)=00400060
#20883  pc=00400014   x2(sp)=7fefffd0
#20884  pc=00400018
#20885  pc=0040001c
#20886  pc=00400020
#20887  pc=00400024   x8(s0/fp)=0000000d
#20888  pc=00400028
#20889  pc=0040002c
#20890  pc=00400030
#20891  pc=0040004c   x10(a0)=0000000c
#20892  pc=00400050   x1(ra)=00400054
#20893  pc=00400014   x2(sp)=7fefffc0
#20894  pc=00400018
#20895  pc=0040001c
#20896  pc=00400020
#20897  pc=00400024   x8(s0/fp)=0000000c
#20898  pc=00400028
#20899  pc=0040002c
#20900  pc=00400030
#20901  pc=0040004c   x10(a0)=0000000b
#20902  pc=00400050
#20903  pc=00400014   x2(sp)=7fefffb0
#20904  pc=00400018
#20905  pc=0040001c
#20906  pc=00400020
#20907  pc=00400024   x8(s0/fp)=0000000b
#20908  pc=00400028
#20909  pc=0040002c
#20910  pc=00400030
#20911  pc=0040004c   x10(a0)=0000000a
#20912  pc=00400050
#20913  pc=00400014   x2(sp)=7fefffa0
#20914  pc=00400018
#20915  pc=0040001c
#20916  pc=00400020
#20917  pc=00400024   x8(s0/fp)=0000000a
#20918  pc=00400028
#20919  pc=0040002c
#20920  pc=00400030
#20921  pc=0040004c   x10(a0)=00000009
#20922  pc=00400050
#20923  pc=00400014   x2(sp)=7fefff90
#20924  pc=00400018
#20925  pc=0040001c
#20926  pc=00400020
#20927  pc=00400024   x8(s0/fp)=00000009
#20928  pc=00400028
#20929  pc=0040002c
#20930  pc=00400030
#20931  pc=0040004c   x10(a0)=00000008
#20932  pc=00400050
#20933  pc=00400014   x2(sp)=7fefff80
#20934  pc=00400018
#20935  pc=0040001c
#20936  pc=00400020
#20937  pc=00400024   x8(s0/fp)=00000008
#20938  pc=00400028
#20939  pc=0040002c
#20940  pc=00400030
#20941  pc=0040004c   x10(a0)=00000007
#20942  pc=00400050
#20943  pc=00400014   x2(sp)=7fefff70
#20944  pc=00400018
#20945  pc=0040001c
#20946  pc=00400020
#20947  pc=00400024   x8(s0/fp)=00000007
#20948  pc=00400028
#20949  pc=0040002c
#20950  pc=00400030
#20951  pc=0040004c   x10(a0)=00000006
#20952  pc=00400050
#20953  pc=00400014   x2(sp)=7fefff60
#20954  pc=00400018
#20955  pc=0040001c
#20956  pc=00400020
#20957  pc=00400024   x8(s0/fp)=00000006
#20958  pc=00400028
#20959  pc=0040002c
#20960  pc=00400030
#20961  pc=0040004c   x10(a0)=00000005
#20962  pc=00400050
#20963  pc=00400014   x2(sp)=7fefff50
#20964  pc=00400018
#20965  pc=0040001c
#20966  pc=00400020
#20967  pc=00400024   x8(s0/fp)=00000005
#20968  pc=00400028
#20969  pc=0040002c
#20970  pc=00400030
#20971  pc=0040004c   x10(a0)=00000004
#20972  pc=00400050
#20973  pc=00400014   x2(sp)=7fefff40
#20974  pc=00400018
#20975  pc=0040001c
#20976  pc=00400020
#20977  pc=00400024   x8(s0/fp)=00000004
#20978  pc=00400028
#20979  pc=0040002c
#20980  pc=00400030
#20981  pc=0040004c   x10(a0)=00000003
#20982  pc=00400050
#20983  pc=00400014   x2(sp)=7fefff30
#20984  pc=00400018
#20985  pc=0040001c
#20986  pc=00400020
#20987  pc=00400024   x8(s0/fp)=00000003
#20988  pc=00400028
#20989  pc=0040002c
#20990  pc=00400030
#20991  pc=0040004c   x10(a0)=00000002
#20992  pc=00400050
#20993  pc=00400014   x2(sp)=7fefff20
#20994  pc=00400018
#20995  pc=0040001c
#20996  pc=00400020
#20997  pc=00400024   x8(s0/fp)=00000002
#20998  pc=00400028
#20999  pc=0040002c
#21000  pc=00400030
#21001  pc=0040004c   x10(a0)=00000001
#21002  pc=00400050
#21003  pc=00400014   x2(sp)=7fefff10
#21004  pc=00400018
#21005  pc=0040001c
#21006  pc=00400020
#21007  pc=00400024   x8(s0/fp)=00000001
#21008  pc=00400028
#21009  pc=0040002c
#21010  pc=00400030
#21011  pc=00400034
#21012  pc=00400038
#21013  pc=0040003c   x8(s0/fp)=00000002
#21014  pc=00400040
#21015  pc=00400044   x2(sp)=7fefff20
#21016  pc=00400048
#21017  pc=00400054   x9(s1)=00000001
#21018  pc=00400058   x10(a0)=00000000
#21019  pc=0040005c   x1(ra)=00400060
#21020  pc=00400014   x2(sp)=7fefff10
#21021  pc=00400018
#21022  pc=0040001c
#21023  pc=00400020
#21024  pc=00400024   x8(s0/fp)=00000000
#21025  pc=00400028
#21026  pc=00400034
#21027  pc=00400038
#21028  pc=0040003c   x8(s0/fp)=00000002
#21029  pc=00400040
#21030  pc=00400044   x2(sp)=7fefff20
#21031  pc=00400048
#21032  pc=00400060   x8(s0/fp)=00000001
#21033  pc=00400064
#21034  pc=00400034   x10(a0)=00000001
#21035  pc=00400038   x1(ra)=00400054
#21036  pc=0040003c   x8(s0/fp)=00000003
#21037  pc=00400040   x9(s1)=00000179
#21038  pc=00400044   x2(sp)=7fefff30
#21039  pc=00400048
#21040  pc=00400054   x9(s1)=00000001
#21041  pc=00400058
#21042  pc=0040005c   x1(ra)=00400060
#21043  pc=00400014   x2(sp)=7fefff20
#21044  pc=00400018
#21045  pc=0040001c
#21046  pc=00400020
#21047  pc=00400024   x8(s0/fp)=00000001
#21048  pc=00400028
#21049  pc=0040002c
#21050  pc=00400030
#21051  pc=00400034
#21052  pc=00400038
#21053  pc=0040003c   x8(s0/fp)=00000003
#21054  pc=00400040
#21055  pc=00400044   x2(sp)=7fefff30
#21056  pc=00400048
#21057  pc=00400060   x8(s0/fp)=00000002
#21058  pc=00400064
#21059  pc=00400034   x10(a0)=00000002
#21060  pc=00400038   x1(ra)=00400054
#21061  pc=0040003c   x8(s0/fp)=00000004
#21062  pc=00400040   x9(s1)=00000179
#21063  pc=00400044   x2(sp)=7fefff40
#21064  pc=00400048
#21065  pc=00400054   x9(s1)=00000002
#21066  pc=00400058
#21067  pc=0040005c   x1(ra)=00400060
#21068  pc=00400014   x2(sp)=7fefff30
#21069  pc=00400018
#21070  pc=0040001c
#21071  pc=00400020
#21072  pc=00400024   x8(s0/fp)=00000002
#21073  pc=00400028
#21074  pc=0040002c
#21075  pc=00400030
#21076  pc=0040004c   x10(a0)=00000001
#21077  pc=00400050   x1(ra)=00400054
#21078  pc=00400014   x2(sp)=7fefff20
#21079  pc=00400018
#21080  pc=0040001c
#21081  pc=00400020
#21082  pc=00400024   x8(s0/fp)=00000001
#21083  pc=00400028
#21084  pc=0040002c
#21085  pc=00400030
#21086  pc=00400034
#21087  pc=00400038
#21088  pc=0040003c   x8(s0/fp)=00000002
#21089  pc=00400040
#21090  pc=00400044   x2(sp)=7fefff30
#21091  pc=00400048
#21092  pc=00400054   x9(s1)=00000001
#21093  pc=00400058   x10(a0)=00000000
#21094  pc=0040005c   x1(ra)=00400060
#21095  pc=00400014   x2(sp)=7fefff20
#21096  pc=00400018
#21097  pc=0040001c
#21098  pc=00400020
#21099  pc=00400024   x8(s0/fp)=00000000
#21100  pc=00400028
#21101  pc=00400034
#21102  pc=00400038
#21103  pc=0040003c   x8(s0/fp)=00000002
#21104  pc=00400040
#21105  pc=00400044   x2(sp)=7fefff30
#21106  pc=00400048
#21107  pc=00400060   x8(s0/fp)=00000001
#21108  pc=00400064
#21109  pc=00400034   x10(a0)=00000001
#21110  pc=00400038
#21111  pc=0040003c   x8(s0/fp)=00000004
#21112  pc=00400040   x9(s1)=00000002
#21113  pc=00400044   x2(sp)=7fefff40
#21114  pc=00400048
#21115  pc=00400060   x8(s0/fp)=00000003
#21116  pc=00400064
#21117  pc=00400034   x10(a0)=00000003
#21118  pc=00400038   x1(ra)=00400054
#21119  pc=0040003c   x8(s0/fp)=00000005
#21120  pc=00400040   x9(s1)=00000179
#21121  pc=00400044   x2(sp)=7fefff50
#21122  pc=00400048
#21123  pc=00400054   x9(s1)=00000003
#21124  pc=00400058
#21125  pc=0040005c   x1(ra)=00400060
#21126  pc=00400014   x2(sp)=7fefff40
#21127  pc=00400018
#21128  pc=0040001c
#21129  pc=00400020
#21130  pc=00400024   x8(s0/fp)=00000003
#21131  pc=00400028
#21132  pc=0040002c
#21133  pc=00400030
#21134  pc=0040004c   x10(a0)=00000002
#21135  pc=00400050   x1(ra)=00400054
#21136  pc=00400014   x2(sp)=7fefff30
#21137  pc=00400018
#21138  pc=0040001c
#21139  pc=00400020
#21140  pc=00400024   x8(s0/fp)=00000002
#21141  pc=00400028
#21142  pc=0040002c
#21143  pc=00400030
#21144  pc=0040004c   x10(a0)=00000001
#21145  pc=00400050
#21146  pc=00400014   x2(sp)=7fefff20
#21147  pc=00400018
#21148  pc=0040001c
#21149  pc=00400020
#21150  pc=00400024   x8(s0/fp)=00000001
#21151  pc=00400028
#21152  pc=0040002c
#21153  pc=00400030
#21154  pc=00400034
#21155  pc=00400038
#21156  pc=0040003c   x8(s0/fp)=00000002
#21157  pc=00400040
#21158  pc=00400044   x2(sp)=7fefff30
#21159  pc=00400048
#21160  pc=00400054   x9(s1)=00000001
#21161  pc=00400058   x10(a0)=00000000
#21162  pc=0040005c   x1(ra)=00400060
#21163  pc=00400014   x2(sp)=7fefff20
#21164  pc=00400018
#21165  pc=0040001c
#21166  pc=00400020
#21167  pc=00400024   x8(s0/fp)=00000000
#21168  pc=00400028
#21169  pc=00400034
#21170  pc=00400038
#21171  pc=0040003c   x8(s0/fp)=00000002
#21172  pc=00400040
#21173  pc=00400044   x2(sp)=7fefff30
#21174  pc=00400048
#21175  pc=00400060   x8(s0/fp)=00000001
#21176  pc=00400064
#21177  pc=00400034   x10(a0)=00000001
#21178  pc=00400038   x1(ra)=00400054
#21179  pc=0040003c   x8(s0/fp)=00000003
#21180  pc=00400040   x9(s1)=00000003
#21181  pc=00400044   x2(sp)=7fefff40
#21182  pc=00400048
#21183  pc=00400054   x9(s1)=00000001
#21184  pc=00400058
#21185  pc=0040005c   x1(ra)=00400060
#21186  pc=00400014   x2(sp)=7fefff30
#21187  pc=00400018
#21188  pc=0040001c
#21189  pc=00400020
#21190  pc=00400024   x8(s0/fp)=00000001
#21191  pc=00400028
#21192  pc=0040002c
#21193  pc=00400030
#21194  pc=00400034
#21195  pc=00400038
#21196  pc=0040003c   x8(s0/fp)=00000003
#21197  pc=00400040
#21198  pc=00400044   x2(sp)=7fefff40
#21199  pc=00400048
#21200  pc=00400060   x8(s0/fp)=00000002
#21201  pc=00400064
#21202  pc=00400034   x10(a0)=00000002
#21203  pc=00400038
#21204  pc=0040003c   x8(s0/fp)=00000005
#21205  pc=00400040   x9(s1)=00000003
#21206  pc=00400044   x2(sp)=7fefff50
#21207  pc=00400048
#21208  pc=00400060
#21209  pc=00400064
#21210  pc=00400034   x10(a0)=00000005
#21211  pc=00400038   x1(ra)=00400054
#21212  pc=0040003c   x8(s0/fp)=00000006
#21213  pc=00400040   x9(s1)=00000179
#21214  pc=00400044   x2(sp)=7fefff60
#21215  pc=00400048
#21216  pc=00400054   x9(s1)=00000005
#21217  pc=00400058   x10(a0)=00000004
#21218  pc=0040005c   x1(ra)=00400060
#21219  pc=00400014   x2(sp)=7fefff50
#21220  pc=00400018
#21221  pc=0040001c
#21222  pc=00400020
#21223  pc=00400024   x8(s0/fp)=00000004
#21224  pc=00400028
#21225  pc=0040002c
#21226  pc=00400030
#21227  pc=0040004c   x10(a0)=00000003
#21228  pc=00400050   x1(ra)=00400054
#21229  pc=00400014   x2(sp)=7fefff40
#21230  pc=00400018
#21231  pc=0040001c
#21232  pc=00400020
#21233  pc=00400024   x8(s0/fp)=00000003
#21234  pc=00400028
#21235  pc=0040002c
#21236  pc=00400030
#21237  pc=0040004c   x10(a0)=00000002
#21238  pc=00400050
#21239  pc=00400014   x2(sp)=7fefff30
#21240  pc=00400018
#21241  pc=0040001c
#21242  pc=00400020
#21243  pc=00400024   x8(s0/fp)=00000002
#21244  pc=00400028
#21245  pc=0040002c
#21246  pc=00400030
#21247  pc=0040004c   x10(a0)=00000001
#21248  pc=00400050
#21249  pc=00400014   x2(sp)=7fefff20
#21250  pc=00400018
#21251  pc=0040001c
#21252  pc=00400020
#21253  pc=00400024   x8(s0/fp)=00000001
#21254  pc=00400028
#21255  pc=0040002c
#21256  pc=00400030
#21257  pc=00400034
#21258  pc=00400038
#21259  pc=0040003c   x8(s0/fp)=00000002
#21260  pc=00400040
#21261  pc=00400044   x2(sp)=7fefff30
#21262  pc=00400048
#21263  pc=00400054   x9(s1)=00000001
#21264  pc=00400058   x10(a0)=00000000
#21265  pc=0040005c   x1(ra)=00400060
#21266  pc=00400014   x2(sp)=7fefff20
#21267  pc=00400018
#21268  pc=0040001c
#21269  pc=00400020
#21270  pc=00400024   x8(s0/fp)=00000000
#21271  pc=00400028
#21272  pc=00400034
#21273  pc=00400038
#21274  pc=0040003c   x8(s0/fp)=00000002
#21275  pc=00400040
#21276  pc=00400044   x2(sp)=7fefff30
#21277  pc=00400048
#21278  pc=00400060   x8(s0/fp)=00000001
#21279  pc=00400064
#21280  pc=00400034   x10(a0)=00000001
#21281  pc=00400038   x1(ra)=00400054
#21282  pc=0040003c   x8(s0/fp)=00000003
#21283  pc=00400040   x9(s1)=00000005
#21284  pc=00400044   x2(sp)=7fefff40
#21285  pc=00400048
#21286  pc=00400054   x9(s1)=00000001
#21287  pc=00400058
#21288  pc=0040005c   x1(ra)=00400060
#21289  pc=00400014   x2(sp)=7fefff30
#21290  pc=00400018
#21291  pc=0040001c
#21292  pc=00400020
#21293  pc=00400024   x8(s0/fp)=00000001
#21294  pc=00400028
#21295  pc=0040002c
#21296  pc=00400030
#21297  pc=00400034
#21298  pc=00400038
#21299  pc=0040003c   x8(s0/fp)=00000003
#21300  pc=00400040
#21301  pc=00400044   x2(sp)=7fefff40
#21302  pc=00400048
#21303  pc=00400060   x8(s0/fp)=00000002
#21304  pc=00400064
#21305  pc=00400034   x10(a0)=00000002
#21306  pc=00400038   x1(ra)=00400054
#21307  pc=0040003c   x8(s0/fp)=00000004
#21308  pc=00400040   x9(s1)=00000005
#21309  pc=00400044   x2(sp)=7fefff50
#21310  pc=00400048
#21311  pc=00400054   x9(s1)=00000002
#21312  pc=00400058
#21313  pc=0040005c   x1(ra)=00400060
#21314  pc=00400014   x2(sp)=7fefff40
#21315  pc=00400018
#21316  pc=0040001c
#21317  pc=00400020
#21318  pc=00400024   x8(s0/fp)=00000002
#21319  pc=00400028
#21320  pc=0040002c
#21321  pc=00400030
#21322  pc=0040004c   x10(a0)=00000001
#21323  pc=00400050   x1(ra)=00400054
#21324  pc=00400014   x2(sp)=7fefff30
#21325  pc=00400018
#21326  pc=0040001c
#21327  pc=00400020
#21328  pc=00400024   x8(s0/fp)=00000001
#21329  pc=00400028
#21330  pc=0040002c
#21331  pc=00400030
#21332  pc=00400034
#21333  pc=00400038
#21334  pc=0040003c   x8(s0/fp)=00000002
#21335  pc=00400040
#21336  pc=00400044   x2(sp)=7fefff40
#21337  pc=00400048
#21338  pc=00400054   x9(s1)=00000001
#21339  pc=00400058   x10(a0)=00000000
#21340  pc=0040005c   x1(ra)=00400060
#21341  pc=00400014   x2(sp)=7fefff30
#21342  pc=00400018
#21343  pc=0040001c
#21344  pc=00400020
#21345  pc=00400024   x8(s0/fp)=00000000
#21346  pc=00400028
#21347  pc=00400034
#21348  pc=00400038
#21349  pc=0040003c   x8(s0/fp)=00000002
#21350  pc=00400040
#21351  pc=00400044   x2(sp)=7fefff40
#21352  pc=00400048
#21353  pc=00400060   x8(s0/fp)=00000001
#21354  pc=00400064
#21355  pc=00400034   x10(a0)=00000001
#21356  pc=00400038
#21357  pc=0040003c   x8(s0/fp)=00000004
#21358  pc=00400040   x9(s1)=00000002
#21359  pc=00400044   x2(sp)=7fefff50
#21360  pc=00400048
#21361  pc=00400060   x8(s0/fp)=00000003
#21362  pc=00400064
#21363  pc=00400034   x10(a0)=00000003
#21364  pc=00400038
#21365  pc=0040003c   x8(s0/fp)=00000006
#21366  pc=00400040   x9(s1)=00000005
#21367  pc=00400044   x2(sp)=7fefff60
#21368  pc=00400048
#21369  pc=00400060   x8(s0/fp)=00000008
#21370  pc=00400064
#21371  pc=00400034   x10(a0)=00000008
#21372  pc=00400038   x1(ra)=00400054
#21373  pc=0040003c   x8(s0/fp)=00000007
#21374  pc=00400040   x9(s1)=00000179
#21375  pc=00400044   x2(sp)=7fefff70
#21376  pc=00400048
#21377  pc=00400054   x9(s1)=00000008
#21378  pc=00400058   x10(a0)=00000005
#21379  pc=0040005c   x1(ra)=00400060
#21380  pc=00400014   x2(sp)=7fefff60
#21381  pc=00400018
#21382  pc=0040001c
#21383  pc=00400020
#21384  pc=00400024   x8(s0/fp)=00000005
#21385  pc=00400028
#21386  pc=0040002c
#21387  pc=00400030
#21388  pc=0040004c   x10(a0)=00000004
#21389  pc=00400050   x1(ra)=00400054
#21390  pc=00400014   x2(sp)=7fefff50
#21391  pc=00400018
#21392  pc=0040001c
#21393  pc=00400020
#21394  pc=00400024   x8(s0/fp)=00000004
#21395  pc=00400028
#21396  pc=0040002c
#21397  pc=00400030
#21398  pc=0040004c   x10(a0)=00000003
#21399  pc=00400050
#21400  pc=00400014   x2(sp)=7fefff40
#21401  pc=00400018
#21402  pc=0040001c
#21403  pc=00400020
#21404  pc=00400024   x8(s0/fp)=00000003
#21405  pc=00400028
#21406  pc=0040002c
#21407  pc=00400030
#21408  pc=0040004c   x10(a0)=00000002
#21409  pc=00400050
#21410  pc=00400014   x2(sp)=7fefff30
#21411  pc=00400018
#21412  pc=0040001c
#21413  pc=00400020
#21414  pc=00400024   x8(s0/fp)=00000002
#21415  pc=00400028
#21416  pc=0040002c
#21417  pc=00400030
#21418  pc=0040004c   x10(a0)=00000001
#21419  pc=00400050
#21420  pc=00400014   x2(sp)=7fefff20
#21421  pc=00400018
#21422  pc=0040001c
#21423  pc=00400020
#21424  pc=00400024   x8(s0/fp)=00000001
#21425  pc=00400028
#21426  pc=0040002c
#21427  pc=00400030
#21428  pc=00400034
#21429  pc=00400038
#21430  pc=0040003c   x8(s0/fp)=00000002
#21431  pc=00400040
#21432  pc=00400044   x2(sp)=7fefff30
#21433  pc=00400048
#21434  pc=00400054   x9(s1)=00000001
#21435  pc=00400058   x10(a0)=00000000
#21436  pc=0040005c   x1(ra)=00400060
#21437  pc=00400014   x2(sp)=7fefff20
#21438  pc=00400018
#21439  pc=0040001c
#21440  pc=00400020
#21441  pc=00400024   x8(s0/fp)=00000000
#21442  pc=00400028
#21443  pc=00400034
#21444  pc=00400038
#21445  pc=0040003c   x8(s0/fp)=00000002
#21446  pc=00400040
#21447  pc=00400044   x2(sp)=7fefff30
#21448  pc=00400048
#21449  pc=00400060   x8(s0/fp)=00000001
#21450  pc=00400064
#21451  pc=00400034   x10(a0)=00000001
#21452  pc=00400038   x1(ra)=00400054
#21453  pc=0040003c   x8(s0/fp)=00000003
#21454  pc=00400040   x9(s1)=00000008
#21455  pc=00400044   x2(sp)=7fefff40
#21456  pc=00400048
#21457  pc=00400054   x9(s1)=00000001
#21458  pc=00400058
#21459  pc=0040005c   x1(ra)=00400060
#21460  pc=00400014   x2(sp)=7fefff30
#21461  pc=00400018
#21462  pc=0040001c
#21463  pc=00400020
#21464  pc=00400024   x8(s0/fp)=00000001
#21465  pc=00400028
#21466  pc=0040002c
#21467  pc=00400030
#21468  pc=00400034
#21469  pc=00400038
#21470  pc=0040003c   x8(s0/fp)=00000003
#21471  pc=00400040
#21472  pc=00400044   x2(sp)=7fefff40
#21473  pc=00400048
#21474  pc=00400060   x8(s0/fp)=00000002
#21475  pc=00400064
#21476  pc=00400034   x10(a0)=00000002
#21477  pc=00400038   x1(ra)=00400054
#21478  pc=0040003c   x8(s0/fp)=00000004
#21479  pc=00400040   x9(s1)=00000008
#21480  pc=00400044   x2(sp)=7fefff50
#21481  pc=00400048
#21482  pc=00400054   x9(s1)=00000002
#21483  pc=00400058
#21484  pc=0040005c   x1(ra)=00400060
#21485  pc=00400014   x2(sp)=7fefff40
#21486  pc=00400018
#21487  pc=0040001c
#21488  pc=00400020
#21489  pc=00400024   x8(s0/fp)=00000002
#21490  pc=00400028
#21491  pc=0040002c
#21492  pc=00400030
#21493  pc=0040004c   x10(a0)=00000001
#21494  pc=00400050   x1(ra)=00400054
#21495  pc=00400014   x2(sp)=7fefff30
#21496  pc=00400018
#21497  pc=0040001c
#21498  pc=00400020
#21499  pc=00400024   x8(s0/fp)=00000001
#21500  pc=00400028
#21501  pc=0040002c
#21502  pc=00400030
#21503  pc=00400034
#21504  pc=00400038
#21505  pc=0040003c   x8(s0/fp)=00000002
#21506  pc=00400040
#21507  pc=00400044   x2(sp)=7fefff40
#21508  pc=00400048
#21509  pc=00400054   x9(s1)=00000001
#21510  pc=00400058   x10(a0)=00000000
#21511  pc=0040005c   x1(ra)=00400060
#21512  pc=00400014   x2(sp)=7fefff30
#21513  pc=00400018
#21514  pc=0040001c
#21515  pc=00400020
#21516  pc=00400024   x8(s0/fp)=00000000
#21517  pc=00400028
#21518  pc=00400034
#21519  pc=00400038
#21520  pc=0040003c   x8(s0/fp)=00000002
#21521  pc=00400040
#21522  pc=00400044   x2(sp)=7fefff40
#21523  pc=00400048
#21524  pc=00400060   x8(s0/fp)=00000001
#21525  pc=00400064
#21526  pc=00400034   x10(a0)=00000001
#21527  pc=00400038
#21528  pc=0040003c   x8(s0/fp)=00000004
#21529  pc=00400040   x9(s1)=00000002
#21530  pc=00400044   x2(sp)=7fefff50
#21531  pc=00400048
#21532  pc=00400060   x8(s0/fp)=00000003
#21533  pc=00400064
#21534  pc=00400034   x10(a0)=00000003
#21535  pc=00400038   x1(ra)=00400054
#21536  pc=0040003c   x8(s0/fp)=00000005
#21537  pc=00400040   x9(s1)=00000008
#21538  pc=00400044   x2(sp)=7fefff60
#21539  pc=00400048
#21540  pc=00400054   x9(s1)=00000003
#21541  pc=00400058
#21542  pc=0040005c   x1(ra)=00400060
#21543  pc=00400014   x2(sp)=7fefff50
#21544  pc=00400018
#21545  pc=0040001c
#21546  pc=00400020
#21547  pc=00400024   x8(s0/fp)=00000003
#21548  pc=00400028
#21549  pc=0040002c
#21550  pc=00400030
#21551  pc=0040004c   x10(a0)=00000002
#21552  pc=00400050   x1(ra)=00400054
#21553  pc=00400014   x2(sp)=7fefff40
#21554  pc=00400018
#21555  pc=0040001c
#21556  pc=00400020
#21557  pc=00400024   x8(s0/fp)=00000002
#21558  pc=00400028
#21559  pc=0040002c
#21560  pc=00400030
#21561  pc=0040004c   x10(a0)=00000001
#21562  pc=00400050
#21563  pc=00400014   x2(sp)=7fefff30
#21564  pc=00400018
#21565  pc=0040001c
#21566  pc=00400020
#21567  pc=00400024   x8(s0/fp)=00000001
#21568  pc=00400028
#21569  pc=0040002c
#21570  pc=00400030
#21571  pc=00400034
#21572  pc=00400038
#21573  pc=0040003c   x8(s0/fp)=00000002
#21574  pc=00400040
#21575  pc=00400044   x2(sp)=7fefff40
#21576  pc=00400048
#21577  pc=00400054   x9(s1)=00000001
#21578  pc=00400058   x10(a0)=00000000
#21579  pc=0040005c   x1(ra)=00400060
#21580  pc=00400014   x2(sp)=7fefff30
#21581  pc=00400018
#21582  pc=0040001c
#21583  pc=00400020
#21584  pc=00400024   x8(s0/fp)=00000000
#21585  pc=00400028
#21586  pc=00400034
#21587  pc=00400038
#21588  pc=0040003c   x8(s0/fp)=00000002
#21589  pc=00400040
#21590  pc=00400044   x2(sp)=7fefff40
#21591  pc=00400048
#21592  pc=00400060   x8(s0/fp)=00000001
#21593  pc=00400064
#21594  pc=00400034   x10(a0)=00000001
#21595  pc=00400038   x1(ra)=00400054
#21596  pc=0040003c   x8(s0/fp)=00000003
#21597  pc=00400040   x9(s1)=00000003
#21598  pc=00400044   x2(sp)=7fefff50
#21599  pc=00400048
#21600  pc=00400054   x9(s1)=00000001
#21601  pc=00400058
#21602  pc=0040005c   x1(ra)=00400060
#21603  pc=00400014   x2(sp)=7fefff40
#21604  pc=00400018
#21605  pc=0040001c
#21606  pc=00400020
#21607  pc=00400024   x8(s0/fp)=00000001
#21608  pc=00400028
#21609  pc=0040002c
#21610  pc=00400030
#21611  pc=00400034
#21612  pc=00400038
#21613  pc=0040003c   x8(s0/fp)=00000003
#21614  pc=00400040
#21615  pc=00400044   x2(sp)=7fefff50
#21616  pc=00400048
#21617  pc=00400060   x8(s0/fp)=00000002
#21618  pc=00400064
#21619  pc=00400034   x10(a0)=00000002
#21620  pc=00400038
#21621  pc=0040003c   x8(s0/fp)=00000005
#21622  pc=00400040   x9(s1)=00000003
#21623  pc=00400044   x2(sp)=7fefff60
#21624  pc=00400048
#21625  pc=00400060
#21626  pc=00400064
#21627  pc=00400034   x10(a0)=00000005
#21628  pc=00400038
#21629  pc=0040003c   x8(s0/fp)=00000007
#21630  pc=00400040   x9(s1)=00000008
#21631  pc=00400044   x2(sp)=7fefff70
#21632  pc=00400048
#21633  pc=00400060   x8(s0/fp)=0000000d
#21634  pc=00400064
#21635  pc=00400034   x10(a0)=0000000d
#21636  pc=00400038   x1(ra)=00400054
#21637  pc=0040003c   x8(s0/fp)=00000008
#21638  pc=00400040   x9(s1)=00000179
#21639  pc=00400044   x2(sp)=7fefff80
#21640  pc=00400048
#21641  pc=00400054   x9(s1)=0000000d
#21642  pc=00400058   x10(a0)=00000006
#21643  pc=0040005c   x1(ra)=00400060
#21644  pc=00400014   x2(sp)=7fefff70
#21645  pc=00400018
#21646  pc=0040001c
#21647  pc=00400020
#21648  pc=00400024   x8(s0/fp)=00000006
#21649  pc=00400028
#21650  pc=0040002c
#21651  pc=00400030
#21652  pc=0040004c   x10(a0)=00000005
#21653  pc=00400050   x1(ra)=00400054
#21654  pc=00400014   x2(sp)=7fefff60
#21655  pc=00400018
#21656  pc=0040001c
#21657  pc=00400020
#21658  pc=00400024   x8(s0/fp)=00000005
#21659  pc=00400028
#21660  pc=0040002c
#21661  pc=00400030
#21662  pc=0040004c   x10(a0)=00000004
#21663  pc=00400050
#21664  pc=00400014   x2(sp)=7fefff50
#21665  pc=00400018
#21666  pc=0040001c
#21667  pc=00400020
#21668  pc=00400024   x8(s0/fp)=00000004
#21669  pc=00400028
#21670  pc=0040002c
#21671  pc=00400030
#21672  pc=0040004c   x10(a0)=00000003
#21673  pc=00400050
#21674  pc=00400014   x2(sp)=7fefff40
#21675  pc=00400018
#21676  pc=0040001c
#21677  pc=00400020
#21678  pc=00400024   x8(s0/fp)=00000003
#21679  pc=00400028
#21680  pc=0040002c
#21681  pc=00400030
#21682  pc=0040004c   x10(a0)=00000002
#21683  pc=00400050
#21684  pc=00400014   x2(sp)=7fefff30
#21685  pc=00400018
#21686  pc=0040001c
#21687  pc=00400020
#21688  pc=00400024   x8(s0/fp)=00000002
#21689  pc=00400028
#21690  pc=0040002c
#21691  pc=00400030
#21692  pc=0040004c   x10(a0)=00000001
#21693  pc=00400050
#21694  pc=00400014   x2(sp)=7fefff20
#21695  pc=00400018
#21696  pc=0040001c
#21697  pc=00400020
#21698  pc=00400024   x8(s0/fp)=00000001
#21699  pc=00400028
#21700  pc=0040002c
#21701  pc=00400030
#21702  pc=00400034
#21703  pc=00400038
#21704  pc=0040003c   x8(s0/fp)=00000002
#21705  pc=00400040
#21706  pc=00400044   x2(sp)=7fefff30
#21707  pc=00400048
#21708  pc=00400054   x9(s1)=00000001
#21709  pc=00400058   x10(a0)=00000000
#21710  pc=0040005c   x1(ra)=00400060
#21711  pc=00400014   x2(sp)=7fefff20
#21712  pc=00400018
#21713  pc=0040001c
#21714  pc=00400020
#21715  pc=00400024   x8(s0/fp)=00000000
#21716  pc=00400028
#21717  pc=00400034
#21718  pc=00400038
#21719  pc=0040003c   x8(s0/fp)=00000002
#21720  pc=00400040
#21721  pc=00400044   x2(sp)=7fefff30
#21722  pc=00400048
#21723  pc=00400060   x8(s0/fp)=00000001
#21724  pc=00400064
#21725  pc=00400034   x10(a0)=00000001
#21726  pc=00400038   x1(ra)=00400054
#21727  pc=0040003c   x8(s0/fp)=00000003
#21728  pc=00400040   x9(s1)=0000000d
#21729  pc=00400044   x2(sp)=7fefff40
#21730  pc=00400048
#21731  pc=00400054   x9(s1)=00000001
#21732  pc=00400058
#21733  pc=0040005c   x1(ra)=00400060
#21734  pc=00400014   x2(sp)=7fefff30
#21735  pc=00400018
#21736  pc=0040001c
#21737  pc=00400020
#21738  pc=00400024   x8(s0/fp)=00000001
#21739  pc=00400028
#21740  pc=0040002c
#21741  pc=00400030
#21742  pc=00400034
#21743  pc=00400038
#21744  pc=0040003c   x8(s0/fp)=00000003
#21745  pc=00400040
#21746  pc=00400044   x2(sp)=7fefff40
#21747  pc=00400048
#21748  pc=00400060   x8(s0/fp)=00000002
#21749  pc=00400064
#21750  pc=00400034   x10(a0)=00000002
#21751  pc=00400038   x1(ra)=00400054
#21752  pc=0040003c   x8(s0/fp)=00000004
#21753  pc=00400040   x9(s1)=0000000d
#21754  pc=00400044   x2(sp)=7fefff50
#21755  pc=00400048
#21756  pc=00400054   x9(s1)=00000002
#21757  pc=00400058
#21758  pc=0040005c   x1(ra)=00400060
#21759  pc=00400014   x2(sp)=7fefff40
#21760  pc=00400018
#21761  pc=0040001c
#21762  pc=00400020
#21763  pc=00400024   x8(s0/fp)=00000002
#21764  pc=00400028
#21765  pc=0040002c
#21766  pc=00400030
#21767  pc=0040004c   x10(a0)=00000001
#21768  pc=00400050   x1(ra)=00400054
#21769  pc=00400014   x2(sp)=7fefff30
#21770  pc=00400018
#21771  pc=0040001c
#21772  pc=00400020
#21773  pc=00400024   x8(s0/fp)=00000001
#21774  pc=00400028
#21775  pc=0040002c
#21776  pc=00400030
#21777  pc=00400034
#21778  pc=00400038
#21779  pc=0040003c   x8(s0/fp)=00000002
#21780  pc=00400040
#21781  pc=00400044   x2(sp)=7fefff40
#21782  pc=00400048
#21783  pc=00400054   x9(s1)=00000001
#21784  pc=00400058   x10(a0)=00000000
#21785  pc=0040005c   x1(ra)=00400060
#21786  pc=00400014   x2(sp)=7fefff30
#21787  pc=00400018
#21788  pc=0040001c
#21789  pc=00400020
#21790  pc=00400024   x8(s0/fp)=00000000
#21791  pc=00400028
#21792  pc=00400034
#21793  pc=00400038
#21794  pc=0040003c   x8(s0/fp)=00000002
#21795  pc=00400040
#21796  pc=00400044   x2(sp)=7fefff40
#21797  pc=00400048
#21798  pc=00400060   x8(s0/fp)=00000001
#21799  pc=00400064
#21800  pc=00400034   x10(a0)=00000001
#21801  pc=00400038
#21802  pc=0040003c   x8(s0/fp)=00000004
#21803  pc=00400040   x9(s1)=00000002
#21804  pc=00400044   x2(sp)=7fefff50
#21805  pc=00400048
#21806  pc=00400060   x8(s0/fp)=00000003
#21807  pc=00400064
#21808  pc=00400034   x10(a0)=00000003
#21809  pc=00400038   x1(ra)=00400054
#21810  pc=0040003c   x8(s0/fp)=00000005
#21811  pc=00400040   x9(s1)=0000000d
#21812  pc=00400044   x2(sp)=7fefff60
#21813  pc=00400048
#21814  pc=00400054   x9(s1)=00000003
#21815  pc=00400058
#21816  pc=0040005c   x1(ra)=00400060
#21817  pc=00400014   x2(sp)=7fefff50
#21818  pc=00400018
#21819  pc=0040001c
#21820  pc=00400020
#21821  pc=00400024   x8(s0/fp)=00000003
#21822  pc=00400028
#21823  pc=0040002c
#21824  pc=00400030
#21825  pc=0040004c   x10(a0)=00000002
#21826  pc=00400050   x1(ra)=00400054
#21827  pc=00400014   x2(sp)=7fefff40
#21828  pc=00400018
#21829  pc=0040001c
#21830  pc=00400020
#21831  pc=00400024   x8(s0/fp)=00000002
#21832  pc=00400028
#21833  pc=0040002c
#21834  pc=00400030
#21835  pc=0040004c   x10(a0)=00000001
#21836  pc=00400050
#21837  pc=00400014   x2(sp)=7fefff30
#21838  pc=00400018
#21839  pc=0040001c
#21840  pc=00400020
#21841  pc=00400024   x8(s0/fp)=00000001
#21842  pc=00400028
#21843  pc=0040002c
#21844  pc=00400030
#21845  pc=00400034
#21846  pc=00400038
#21847  pc=0040003c   x8(s0/fp)=00000002
#21848  pc=00400040
#21849  pc=00400044   x2(sp)=7fefff40
#21850  pc=00400048
#21851  pc=00400054   x9(s1)=00000001
#21852  pc=00400058   x10(a0)=00000000
#21853  pc=0040005c   x1(ra)=00400060
#21854  pc=00400014   x2(sp)=7fefff30
#21855  pc=00400018
#21856  pc=0040001c
#21857  pc=00400020
#21858  pc=00400024   x8(s0/fp)=00000000
#21859  pc=00400028
#21860  pc=00400034
#21861  pc=00400038
#21862  pc=0040003c   x8(s0/fp)=00000002
#21863  pc=00400040
#21864  pc=00400044   x2(sp)=7fefff40
#21865  pc=00400048
#21866  pc=00400060   x8(s0/fp)=00000001
#21867  pc=00400064
#21868  pc=00400034   x10(a0)=00000001
#21869  pc=00400038   x1(ra)=00400054
#21870  pc=0040003c   x8(s0/fp)=00000003
#21871  pc=00400040   x9(s1)=00000003
#21872  pc=00400044   x2(sp)=7fefff50
#21873  pc=00400048
#21874  pc=00400054   x9(s1)=00000001
#21875  pc=00400058
#21876  pc=0040005c   x1(ra)=00400060
#21877  pc=00400014   x2(sp)=7fefff40
#21878  pc=00400018
#21879  pc=0040001c
#21880  pc=00400020
#21881  pc=00400024   x8(s0/fp)=00000001
#21882  pc=00400028
#21883  pc=0040002c
#21884  pc=00400030
#21885  pc=00400034
#21886  pc=00400038
#21887  pc=0040003c   x8(s0/fp)=00000003
#21888  pc=00400040
#21889  pc=00400044   x2(sp)=7fefff50
#21890  pc=00400048
#21891  pc=00400060   x8(s0/fp)=00000002
#21892  pc=00400064
#21893  pc=00400034   x10(a0)=00000002
#21894  pc=00400038
#21895  pc=0040003c   x8(s0/fp)=00000005
#21896  pc=00400040   x9(s1)=00000003
#21897  pc=00400044   x2(sp)=7fefff60
#21898  pc=00400048
#21899  pc=00400060
#21900  pc=00400064
#21901  pc=00400034   x10(a0)=00000005
#21902  pc=00400038   x1(ra)=00400054
#21903  pc=0040003c   x8(s0/fp)=00000006
#21904  pc=00400040   x9(s1)=0000000d
#21905  pc=00400044   x2(sp)=7fefff70
#21906  pc=00400048
#21907  pc=00400054   x9(s1)=00000005
#21908  pc=00400058   x10(a0)=00000004
#21909  pc=0040005c   x1(ra)=00400060
#21910  pc=00400014   x2(sp)=7fefff60
#21911  pc=00400018
#21912  pc=0040001c
#21913  pc=00400020
#21914  pc=00400024   x8(s0/fp)=00000004
#21915  pc=00400028
#21916  pc=0040002c
#21917  pc=00400030
#21918  pc=0040004c   x10(a0)=00000003
#21919  pc=00400050   x1(ra)=00400054
#21920  pc=00400014   x2(sp)=7fefff50
#21921  pc=00400018
#21922  pc=0040001c
#21923  pc=00400020
#21924  pc=00400024   x8(s0/fp)=00000003
#21925  pc=00400028
#21926  pc=0040002c
#21927  pc=00400030
#21928  pc=0040004c   x10(a0)=00000002
#21929  pc=00400050
#21930  pc=00400014   x2(sp)=7fefff40
#21931  pc=00400018
#21932  pc=0040001c
#21933  pc=00400020
#21934  pc=00400024   x8(s0/fp)=00000002
#21935  pc=00400028
#21936  pc=0040002c
#21937  pc=00400030
#21938  pc=0040004c   x10(a0)=00000001
#21939  pc=00400050
#21940  pc=00400014   x2(sp)=7fefff30
#21941  pc=00400018
#21942  pc=0040001c
#21943  pc=00400020
#21944  pc=00400024   x8(s0/fp)=00000001
#21945  pc=00400028
#21946  pc=0040002c
#21947  pc=00400030
#21948  pc=00400034
#21949  pc=00400038
#21950  pc=0040003c   x8(s0/fp)=00000002
#21951  pc=00400040
#21952  pc=00400044   x2(sp)=7fefff40
#21953  pc=00400048
#21954  pc=00400054   x9(s1)=00000001
#21955  pc=00400058   x10(a0)=00000000
#21956  pc=0040005c   x1(ra)=00400060
#21957  pc=00400014   x2(sp)=7fefff30
#21958  pc=00400018
#21959  pc=0040001c
#21960  pc=00400020
#21961  pc=00400024   x8(s0/fp)=00000000
#21962  pc=00400028
#21963  pc=00400034
#21964  pc=00400038
#21965  pc=0040003c   x8(s0/fp)=00000002
#21966  pc=00400040
#21967  pc=00400044   x2(sp)=7fefff40
#21968  pc=00400048
#21969  pc=00400060   x8(s0/fp)=00000001
#21970  pc=00400064
#21971  pc=00400034   x10(a0)=00000001
#21972  pc=00400038   x1(ra)=00400054
#21973  pc=0040003c   x8(s0/fp)=00000003
#21974  pc=00400040   x9(s1)=00000005
#21975  pc=00400044   x2(sp)=7fefff50
#21976  pc=00400048
#21977  pc=00400054   x9(s1)=00000001
#21978  pc=00400058
#21979  pc=0040005c   x1(ra)=00400060
#21980  pc=00400014   x2(sp)=7fefff40
#21981  pc=00400018
#21982  pc=0040001c
#21983  pc=00400020
#21984  pc=00400024   x8(s0/fp)=00000001
#21985  pc=00400028
#21986  pc=0040002c
#21987  pc=00400030
#21988  pc=00400034
#21989  pc=00400038
#21990  pc=0040003c   x8(s0/fp)=00000003
#21991  pc=00400040
#21992  pc=00400044   x2(sp)=7fefff50
#21993  pc=00400048
#21994  pc=00400060   x8(s0/fp)=00000002
#21995  pc=00400064
#21996  pc=00400034   x10(a0)=00000002
#21997  pc=00400038   x1(ra)=00400054
#21998  pc=0040003c   x8(s0/fp)=00000004
#21999  pc=00400040   x9(s1)=00000005
#22000  pc=00400044   x2(sp)=7fefff60
#22001  pc=00400048
#22002  pc=00400054   x9(s1)=00000002
#22003  pc=00400058
#22004  pc=0040005c   x1(ra)=00400060
#22005  pc=00400014   x2(sp)=7fefff50
#22006  pc=00400018
#22007  pc=0040001c
#22008  pc=00400020
#22009  pc=00400024   x8(s0/fp)=00000002
#22010  pc=00400028
#22011  pc=0040002c
#22012  pc=00400030
#22013  pc=0040004c   x10(a0)=00000001
#22014  pc=00400050   x1(ra)=00400054
#22015  pc=00400014   x2(sp)=7fefff40
#22016  pc=00400018
#22017  pc=0040001c
#22018  pc=00400020
#22019  pc=00400024   x8(s0/fp)=00000001
#22020  pc=00400028
#22021  pc=0040002c
#22022  pc=00400030
#22023  pc=00400034
#22024  pc=00400038
#22025  pc=0040003c   x8(s0/fp)=00000002
#22026  pc=00400040
#22027  pc=00400044   x2(sp)=7fefff50
#22028  pc=00400048
#22029  pc=00400054   x9(s1)=00000001
#22030  pc=00400058   x10(a0)=00000000
#22031  pc=0040005c   x1(ra)=00400060
#22032  pc=00400014   x2(sp)=7fefff40
#22033  pc=00400018
#22034  pc=0040001c
#22035  pc=00400020
#22036  pc=00400024   x8(s0/fp)=00000000
#22037  pc=00400028
#22038  pc=00400034
#22039  pc=00400038
#22040  pc=0040003c   x8(s0/fp)=00000002
#22041  pc=00400040
#22042  pc=00400044   x2(sp)=7fefff50
#22043  pc=00400048
#22044  pc=00400060   x8(s0/fp)=00000001
#22045  pc=00400064
#22046  pc=00400034   x10(a0)=00000001
#22047  pc=00400038
#22048  pc=0040003c   x8(s0/fp)=00000004
#22049  pc=00400040   x9(s1)=00000002
#22050  pc=00400044   x2(sp)=7fefff60
#22051  pc=00400048
#22052  pc=00400060   x8(s0/fp)=00000003
#22053  pc=00400064
#22054  pc=00400034   x10(a0)=00000003
#22055  pc=00400038
#22056  pc=0040003c   x8(s0/fp)=00000006
#22057  pc=00400040   x9(s1)=00000005
#22058  pc=00400044   x2(sp)=7fefff70
#22059  pc=00400048
#22060  pc=00400060   x8(s0/fp)=00000008
#22061  pc=00400064
#22062  pc=00400034   x10(a0)=00000008
#22063  pc=00400038
#22064  pc=0040003c
#22065  pc=00400040   x9(s1)=0000000d
#22066  pc=00400044   x2(sp)=7fefff80
#22067  pc=00400048
#22068  pc=00400060   x8(s0/fp)=00000015
#22069  pc=00400064
#22070  pc=00400034   x10(a0)=00000015
#22071  pc=00400038   x1(ra)=00400054
#22072  pc=0040003c   x8(s0/fp)=00000009
#22073  pc=00400040   x9(s1)=00000179
#22074  pc=00400044   x2(sp)=7fefff90
#22075  pc=00400048
#22076  pc=00400054   x9(s1)=00000015
#22077  pc=00400058   x10(a0)=00000007
#22078  pc=0040005c   x1(ra)=00400060
#22079  pc=00400014   x2(sp)=7fefff80
#22080  pc=00400018
#22081  pc=0040001c
#22082  pc=00400020
#22083  pc=00400024   x8(s0/fp)=00000007
#22084  pc=00400028
#22085  pc=0040002c
#22086  pc=00400030
#22087  pc=0040004c   x10(a0)=00000006
#22088  pc=00400050   x1(ra)=00400054
#22089  pc=00400014   x2(sp)=7fefff70
#22090  pc=00400018
#22091  pc=0040001c
#22092  pc=00400020
#22093  pc=00400024   x8(s0/fp)=00000006
#22094  pc=00400028
#22095  pc=0040002c
#22096  pc=00400030
#22097  pc=0040004c   x10(a0)=00000005
#22098  pc=00400050
#22099  pc=00400014   x2(sp)=7fefff60
#22100  pc=00400018
#22101  pc=0040001c
#22102  pc=00400020
#22103  pc=00400024   x8(s0/fp)=00000005
#22104  pc=00400028
#22105  pc=0040002c
#22106  pc=00400030
#22107  pc=0040004c   x10(a0)=00000004
#22108  pc=00400050
#22109  pc=00400014   x2(sp)=7fefff50
#22110  pc=00400018
#22111  pc=0040001c
#22112  pc=00400020
#22113  pc=00400024   x8(s0/fp)=00000004
#22114  pc=00400028
#22115  pc=0040002c
#22116  pc=00400030
#22117  pc=0040004c   x10(a0)=00000003
#22118  pc=00400050
#22119  pc=00400014   x2(sp)=7fefff40
#22120  pc=00400018
#22121  pc=0040001c
#22122  pc=00400020
#22123  pc=00400024   x8(s0/fp)=00000003
#22124  pc=00400028
#22125  pc=0040002c
#22126  pc=00400030
#22127  pc=0040004c   x10(a0)=00000002
#22128  pc=00400050
#22129  pc=00400014   x2(sp)=7fefff30
#22130  pc=00400018
#22131  pc=0040001c
#22132  pc=00400020
#22133  pc=00400024   x8(s0/fp)=00000002
#22134  pc=00400028
#22135  pc=0040002c
#22136  pc=00400030
#22137  pc=0040004c   x10(a0)=00000001
#22138  pc=00400050
#22139  pc=00400014   x2(sp)=7fefff20
#22140  pc=00400018
#22141  pc=0040001c
#22142  pc=00400020
#22143  pc=00400024   x8(s0/fp)=00000001
#22144  pc=00400028
#22145  pc=0040002c
#22146  pc=00400030
#22147  pc=00400034
#22148  pc=00400038
#22149  pc=0040003c   x8(s0/fp)=00000002
#22150  pc=00400040
#22151  pc=00400044   x2(sp)=7fefff30
#22152  pc=00400048
#22153  pc=00400054   x9(s1)=00000001
#22154  pc=00400058   x10(a0)=00000000
#22155  pc=0040005c   x1(ra)=00400060
#22156  pc=00400014   x2(sp)=7fefff20
#22157  pc=00400018
#22158  pc=0040001c
#22159  pc=00400020
#22160  pc=00400024   x8(s0/fp)=00000000
#22161  pc=00400028
#22162  pc=00400034
#22163  pc=00400038
#22164  pc=0040003c   x8(s0/fp)=00000002
#22165  pc=00400040
#22166  pc=00400044   x2(sp)=7fefff30
#22167  pc=00400048
#22168  pc=00400060   x8(s0/fp)=00000001
#22169  pc=00400064
#22170  pc=00400034   x10(a0)=00000001
#22171  pc=00400038   x1(ra)=00400054
#22172  pc=0040003c   x8(s0/fp)=00000003
#22173  pc=00400040   x9(s1)=00000015
#22174  pc=00400044   x2(sp)=7fefff40
#22175  pc=00400048
#22176  pc=00400054   x9(s1)=00000001
#22177  pc=00400058
#22178  pc=0040005c   x1(ra)=00400060
#22179  pc=00400014   x2(sp)=7fefff30
#22180  pc=00400018
#22181  pc=0040001c
#22182  pc=00400020
#22183  pc=00400024   x8(s0/fp)=00000001
#22184  pc=00400028
#22185  pc=0040002c
#22186  pc=00400030
#22187  pc=00400034
#22188  pc=00400038
#22189  pc=0040003c   x8(s0/fp)=00000003
#22190  pc=00400040
#22191  pc=00400044   x2(sp)=7fefff40
#22192  pc=00400048
#22193  pc=00400060   x8(s0/fp)=00000002
#22194  pc=00400064
#22195  pc=00400034   x10(a0)=00000002
#22196  pc=00400038   x1(ra)=00400054
#22197  pc=0040003c   x8(s0/fp)=00000004
#22198  pc=00400040   x9(s1)=00000015
#22199  pc=00400044   x2(sp)=7fefff50
#22200  pc=00400048
#22201  pc=00400054   x9(s1)=00000002
#22202  pc=00400058
#22203  pc=0040005c   x1(ra)=00400060
#22204  pc=00400014   x2(sp)=7fefff40
#22205  pc=00400018
#22206  pc=0040001c
#22207  pc=00400020
#22208  pc=00400024   x8(s0/fp)=00000002
#22209  pc=00400028
#22210  pc=0040002c
#22211  pc=00400030
#22212  pc=0040004c   x10(a0)=00000001
#22213  pc=00400050   x1(ra)=00400054
#22214  pc=00400014   x2(sp)=7fefff30
#22215  pc=00400018
#22216  pc=0040001c
#22217  pc=00400020
#22218  pc=00400024   x8(s0/fp)=00000001
#22219  pc=00400028
#22220  pc=0040002c
#22221  pc=00400030
#22222  pc=00400034
#22223  pc=00400038
#22224  pc=0040003c   x8(s0/fp)=00000002
#22225  pc=00400040
#22226  pc=00400044   x2(sp)=7fefff40
#22227  pc=00400048
#22228  pc=00400054   x9(s1)=00000001
#22229  pc=00400058   x10(a0)=00000000
#22230  pc=0040005c   x1(ra)=00400060
#22231  pc=00400014   x2(sp)=7fefff30
#22232  pc=00400018
#22233  pc=0040001c
#22234  pc=00400020
#22235  pc=00400024   x8(s0/fp)=00000000
#22236  pc=00400028
#22237  pc=00400034
#22238  pc=00400038
#22239  pc=0040003c   x8(s0/fp)=00000002
#22240  pc=00400040
#22241  pc=00400044   x2(sp)=7fefff40
#22242  pc=00400048
#22243  pc=00400060   x8(s0/fp)=00000001
#22244  pc=00400064
#22245  pc=00400034   x10(a0)=00000001
#22246  pc=00400038
#22247  pc=0040003c   x8(s0/fp)=00000004
#22248  pc=00400040   x9(s1)=00000002
#22249  pc=00400044   x2(sp)=7fefff50
#22250  pc=00400048
#22251  pc=00400060   x8(s0/fp)=00000003
#22252  pc=00400064
#22253  pc=00400034   x10(a0)=00000003
#22254  pc=00400038   x1(ra)=00400054
#22255  pc=0040003c   x8(s0/fp)=00000005
#22256  pc=00400040   x9(s1)=00000015
#22257  pc=00400044   x2(sp)=7fefff60
#22258  pc=00400048
#22259  pc=00400054   x9(s1)=00000003
#22260  pc=00400058
#22261  pc=0040005c   x1(ra)=00400060
#22262  pc=00400014   x2(sp)=7fefff50
#22263  pc=00400018
#22264  pc=0040001c
#22265  pc=00400020
#22266  pc=00400024   x8(s0/fp)=00000003
#22267  pc=00400028
#22268  pc=0040002c
#22269  pc=00400030
#22270  pc=0040004c   x10(a0)=00000002
#22271  pc=00400050   x1(ra)=00400054
#22272  pc=00400014   x2(sp)=7fefff40
#22273  pc=00400018
#22274  pc=0040001c
#22275  pc=00400020
#22276  pc=00400024   x8(s0/fp)=00000002
#22277  pc=00400028
#22278  pc=0040002c
#22279  pc=00400030
#22280  pc=0040004c   x10(a0)=00000001
#22281  pc=00400050
#22282  pc=00400014   x2(sp)=7fefff30
#22283  pc=00400018
#22284  pc=0040001c
#22285  pc=00400020
#22286  pc=00400024   x8(s0/fp)=00000001
#22287  pc=00400028
#22288  pc=0040002c
#22289  pc=00400030
#22290  pc=00400034
#22291  pc=00400038
#22292  pc=0040003c   x8(s0/fp)=00000002
#22293  pc=00400040
#22294  pc=00400044   x2(sp)=7fefff40
#22295  pc=00400048
#22296  pc=00400054   x9(s1)=00000001
#22297  pc=00400058   x10(a0)=00000000
#22298  pc=0040005c   x1(ra)=00400060
#22299  pc=00400014   x2(sp)=7fefff30
#22300  pc=00400018
#22301  pc=0040001c
#22302  pc=00400020
#22303  pc=00400024   x8(s0/fp)=00000000
#22304  pc=00400028
#22305  pc=00400034
#22306  pc=00400038
#22307  pc=0040003c   x8(s0/fp)=00000002
#22308  pc=00400040
#22309  pc=00400044   x2(sp)=7fefff40
#22310  pc=00400048
#22311  pc=00400060   x8(s0/fp)=00000001
#22312  pc=00400064
#22313  pc=00400034   x10(a0)=00000001
#22314  pc=00400038   x1(ra)=00400054
#22315  pc=0040003c   x8(s0/fp)=00000003
#22316  pc=00400040   x9(s1)=00000003
#22317  pc=00400044   x2(sp)=7fefff50
#22318  pc=00400048
#22319  pc=00400054   x9(s1)=00000001
#22320  pc=00400058
#22321  pc=0040005c   x1(ra)=00400060
#22322  pc=00400014   x2(sp)=7fefff40
#22323  pc=00400018
#22324  pc=0040001c
#22325  pc=00400020
#22326  pc=00400024   x8(s0/fp)=00000001
#22327  pc=00400028
#22328  pc=0040002c
#22329  pc=00400030
#22330  pc=00400034
#22331  pc=00400038
#22332  pc=0040003c   x8(s0/fp)=00000003
#22333  pc=00400040
#22334  pc=00400044   x2(sp)=7fefff50
#22335  pc=00400048
#22336  pc=00400060   x8(s0/fp)=00000002
#22337  pc=00400064
#22338  pc=00400034   x10(a0)=00000002
#22339  pc=00400038
#22340  pc=0040003c   x8(s0/fp)=00000005
#22341  pc=00400040   x9(s1)=00000003
#22342  pc=00400044   x2(sp)=7fefff60
#22343  pc=00400048
#22344  pc=00400060
#22345  pc=00400064
#22346  pc=00400034   x10(a0)=00000005
#22347  pc=00400038   x1(ra)=00400054
#22348  pc=0040003c   x8(s0/fp)=00000006
#22349  pc=00400040   x9(s1)=00000015
#22350  pc=00400044   x2(sp)=7fefff70
#22351  pc=00400048
#22352  pc=00400054   x9(s1)=00000005
#22353  pc=00400058   x10(a0)=00000004
#22354  pc=0040005c   x1(ra)=00400060
#22355  pc=00400014   x2(sp)=7fefff60
#22356  pc=00400018
#22357  pc=0040001c
#22358  pc=00400020
#22359  pc=00400024   x8(s0/fp)=00000004
#22360  pc=00400028
#22361  pc=0040002c
#22362  pc=00400030
#22363  pc=0040004c   x10(a0)=00000003
#22364  pc=00400050   x1(ra)=00400054
#22365  pc=00400014   x2(sp)=7fefff50
#22366  pc=00400018
#22367  pc=0040001c
#22368  pc=00400020
#22369  pc=00400024   x8(s0/fp)=00000003
#22370  pc=00400028
#22371  pc=0040002c
#22372  pc=00400030
#22373  pc=0040004c   x10(a0)=00000002
#22374  pc=00400050
#22375  pc=00400014   x2(sp)=7fefff40
#22376  pc=00400018
#22377  pc=0040001c
#22378  pc=00400020
#22379  pc=00400024   x8(s0/fp)=00000002
#22380  pc=00400028
#22381  pc=0040002c
#22382  pc=00400030
#22383  pc=0040004c   x10(a0)=00000001
#22384  pc=00400050
#22385  pc=00400014   x2(sp)=7fefff30
#22386  pc=00400018
#22387  pc=0040001c
#22388  pc=00400020
#22389  pc=00400024   x8(s0/fp)=00000001
#22390  pc=00400028
#22391  pc=0040002c
#22392  pc=00400030
#22393  pc=00400034
#22394  pc=00400038
#22395  pc=0040003c   x8(s0/fp)=00000002
#22396  pc=00400040
#22397  pc=00400044   x2(sp)=7fefff40
#22398  pc=00400048
#22399  pc=00400054   x9(s1)=00000001
#22400  pc=00400058   x10(a0)=00000000
#22401  pc=0040005c   x1(ra)=00400060
#22402  pc=00400014   x2(sp)=7fefff30
#22403  pc=00400018
#22404  pc=0040001c
#22405  pc=00400020
#22406  pc=00400024   x8(s0/fp)=00000000
#22407  pc=00400028
#22408  pc=00400034
#22409  pc=00400038
#22410  pc=0040003c   x8(s0/fp)=00000002
#22411  pc=00400040
#22412  pc=00400044   x2(sp)=7fefff40
#22413  pc=00400048
#22414  pc=00400060   x8(s0/fp)=00000001
#22415  pc=00400064
#22416  pc=00400034   x10(a0)=00000001
#22417  pc=00400038   x1(ra)=00400054
#22418  pc=0040003c   x8(s0/fp)=00000003
#22419  pc=00400040   x9(s1)=00000005
#22420  pc=00400044   x2(sp)=7fefff50
#22421  pc=00400048
#22422  pc=00400054   x9(s1)=00000001
#22423  pc=00400058
#22424  pc=0040005c   x1(ra)=00400060
#22425  pc=00400014   x2(sp)=7fefff40
#22426  pc=00400018
#22427  pc=0040001c
#22428  pc=00400020
#22429  pc=00400024   x8(s0/fp)=00000001
#22430  pc=00400028
#22431  pc=0040002c
#22432  pc=00400030
#22433  pc=00400034
#22434  pc=00400038
#22435  pc=0040003c   x8(s0/fp)=00000003
#22436  pc=00400040
#22437  pc=00400044   x2(sp)=7fefff50
#22438  pc=00400048
#22439  pc=00400060   x8(s0/fp)=00000002
#22440  pc=00400064
#22441  pc=00400034   x10(a0)=00000002
#22442  pc=00400038   x1(ra)=00400054
#22443  pc=0040003c   x8(s0/fp)=00000004
#22444  pc=00400040   x9(s1)=00000005
#22445  pc=00400044   x2(sp)=7fefff60
#22446  pc=00400048
#22447  pc=00400054   x9(s1)=00000002
#22448  pc=00400058
#22449  pc=0040005c   x1(ra)=00400060
#22450  pc=00400014   x2(sp)=7fefff50
#22451  pc=00400018
#22452  pc=0040001c
#22453  pc=00400020
#22454  pc=00400024   x8(s0/fp)=00000002
#22455  pc=00400028
#22456  pc=0040002c
#22457  pc=00400030
#22458  pc=0040004c   x10(a0)=00000001
#22459  pc=00400050   x1(ra)=00400054
#22460  pc=00400014   x2(sp)=7fefff40
#22461  pc=00400018
#22462  pc=0040001c
#22463  pc=00400020
#22464  pc=00400024   x8(s0/fp)=00000001
#22465  pc=00400028
#22466  pc=0040002c
#22467  pc=00400030
#22468  pc=00400034
#22469  pc=00400038
#22470  pc=0040003c   x8(s0/fp)=00000002
#22471  pc=00400040
#22472  pc=00400044   x2(sp)=7fefff50
#22473  pc=00400048
#22474  pc=00400054   x9(s1)=00000001
#22475  pc=00400058   x10(a0)=00000000
#22476  pc=0040005c   x1(ra)=00400060
#22477  pc=00400014   x2(sp)=7fefff40
#22478  pc=00400018
#22479  pc=0040001c
#22480  pc=00400020
#22481  pc=00400024   x8(s0/fp)=00000000
#22482  pc=00400028
#22483  pc=00400034
#22484  pc=00400038
#22485  pc=0040003c   x8(s0/fp)=00000002
#22486  pc=00400040
#22487  pc=00400044   x2(sp)=7fefff50
#22488  pc=00400048
#22489  pc=00400060   x8(s0/fp)=00000001
#22490  pc=00400064
#22491  pc=00400034   x10(a0)=00000001
#22492  pc=00400038
#22493  pc=0040003c   x8(s0/fp)=00000004
#22494  pc=00400040   x9(s1)=00000002
#22495  pc=00400044   x2(sp)=7fefff60
#22496  pc=00400048
#22497  pc=00400060   x8(s0/fp)=00000003
#22498  pc=00400064
#22499  pc=00400034   x10(a0)=00000003
#22500  pc=00400038
#22501  pc=0040003c   x8(s0/fp)=00000006
#22502  pc=00400040   x9(s1)=00000005
#22503  pc=00400044   x2(sp)=7fefff70
#22504  pc=00400048
#22505  pc=00400060   x8(s0/fp)=00000008
#22506  pc=00400064
#22507  pc=00400034   x10(a0)=00000008
#22508  pc=00400038   x1(ra)=00400054
#22509  pc=0040003c   x8(s0/fp)=00000007
#22510  pc=00400040   x9(s1)=00000015
#22511  pc=00400044   x2(sp)=7fefff80
#22512  pc=00400048
#22513  pc=00400054   x9(s1)=00000008
#22514  pc=00400058   x10(a0)=00000005
#22515  pc=0040005c   x1(ra)=00400060
#22516  pc=00400014   x2(sp)=7fefff70
#22517  pc=00400018
#22518  pc=0040001c
#22519  pc=00400020
#22520  pc=00400024   x8(s0/fp)=00000005
#22521  pc=00400028
#22522  pc=0040002c
#22523  pc=00400030
#22524  pc=0040004c   x10(a0)=00000004
#22525  pc=00400050   x1(ra)=00400054
#22526  pc=00400014   x2(sp)=7fefff60
#22527  pc=00400018
#22528  pc=0040001c
#22529  pc=00400020
#22530  pc=00400024   x8(s0/fp)=00000004
#22531  pc=00400028
#22532  pc=0040002c
#22533  pc=00400030
#22534  pc=0040004c   x10(a0)=00000003
#22535  pc=00400050
#22536  pc=00400014   x2(sp)=7fefff50
#22537  pc=00400018
#22538  pc=0040001c
#22539  pc=00400020
#22540  pc=00400024   x8(s0/fp)=00000003
#22541  pc=00400028
#22542  pc=0040002c
#22543  pc=00400030
#22544  pc=0040004c   x10(a0)=00000002
#22545  pc=00400050
#22546  pc=00400014   x2(sp)=7fefff40
#22547  pc=00400018
#22548  pc=0040001c
#22549  pc=00400020
#22550  pc=00400024   x8(s0/fp)=00000002
#22551  pc=00400028
#22552  pc=0040002c
#22553  pc=00400030
#22554  pc=0040004c   x10(a0)=00000001
#22555  pc=00400050
#22556  pc=00400014   x2(sp)=7fefff30
#22557  pc=00400018
#22558  pc=0040001c
#22559  pc=00400020
#22560  pc=00400024   x8(s0/fp)=00000001
#22561  pc=00400028
#22562  pc=0040002c
#22563  pc=00400030
#22564  pc=00400034
#22565  pc=00400038
#22566  pc=0040003c   x8(s0/fp)=00000002
#22567  pc=00400040
#22568  pc=00400044   x2(sp)=7fefff40
#22569  pc=00400048
#22570  pc=00400054   x9(s1)=00000001
#22571  pc=00400058   x10(a0)=00000000
#22572  pc=0040005c   x1(ra)=00400060
#22573  pc=00400014   x2(sp)=7fefff30
#22574  pc=00400018
#22575  pc=0040001c
#22576  pc=00400020
#22577  pc=00400024   x8(s0/fp)=00000000
#22578  pc=00400028
#22579  pc=00400034
#22580  pc=00400038
#22581  pc=0040003c   x8(s0/fp)=00000002
#22582  pc=00400040
#22583  pc=00400044   x2(sp)=7fefff40
#22584  pc=00400048
#22585  pc=00400060   x8(s0/fp)=00000001
#22586  pc=00400064
#22587  pc=00400034   x10(a0)=00000001
#22588  pc=00400038   x1(ra)=00400054
#22589  pc=0040003c   x8(s0/fp)=00000003
#22590  pc=00400040   x9(s1)=00000008
#22591  pc=00400044   x2(sp)=7fefff50
#22592  pc=00400048
#22593  pc=00400054   x9(s1)=00000001
#22594  pc=00400058
#22595  pc=0040005c   x1(ra)=00400060
#22596  pc=00400014   x2(sp)=7fefff40
#22597  pc=00400018
#22598  pc=0040001c
#22599  pc=00400020
#22600  pc=00400024   x8(s0/fp)=00000001
#22601  pc=00400028
#22602  pc=0040002c
#22603  pc=00400030
#22604  pc=00400034
#22605  pc=00400038
#22606  pc=0040003c   x8(s0/fp)=00000003
#22607  pc=00400040
#22608  pc=00400044   x2(sp)=7fefff50
#22609  pc=00400048
#22610  pc=00400060   x8(s0/fp)=00000002
#22611  pc=00400064
#22612  pc=00400034   x10(a0)=00000002
#22613  pc=00400038   x1(ra)=00400054
#22614  pc=0040003c   x8(s0/fp)=00000004
#22615  pc=00400040   x9(s1)=00000008
#22616  pc=00400044   x2(sp)=7fefff60
#22617  pc=00400048
#22618  pc=00400054   x9(s1)=00000002
#22619  pc=00400058
#22620  pc=0040005c   x1(ra)=00400060
#22621  pc=00400014   x2(sp)=7fefff50
#22622  pc=00400018
#22623  pc=0040001c
#22624  pc=00400020
#22625  pc=00400024   x8(s0/fp)=00000002
#22626  pc=00400028
#22627  pc=0040002c
#22628  pc=00400030
#22629  pc=0040004c   x10(a0)=00000001
#22630  pc=00400050   x1(ra)=00400054
#22631  pc=00400014   x2(sp)=7fefff40
#22632  pc=00400018
#22633  pc=0040001c
#22634  pc=00400020
#22635  pc=00400024   x8(s0/fp)=00000001
#22636  pc=00400028
#22637  pc=0040002c
#22638  pc=00400030
#22639  pc=00400034
#22640  pc=00400038
#22641  pc=0040003c   x8(s0/fp)=00000002
#22642  pc=00400040
#22643  pc=00400044   x2(sp)=7fefff50
#22644  pc=00400048
#22645  pc=00400054   x9(s1)=00000001
#22646  pc=00400058   x10(a0)=00000000
#22647  pc=0040005c   x1(ra)=00400060
#22648  pc=00400014   x2(sp)=7fefff40
#22649  pc=00400018
#22650  pc=0040001c
#22651  pc=00400020
#22652  pc=00400024   x8(s0/fp)=00000000
#22653  pc=00400028
#22654  pc=00400034
#22655  pc=00400038
#22656  pc=0040003c   x8(s0/fp)=00000002
#22657  pc=00400040
#22658  pc=00400044   x2(sp)=7fefff50
#22659  pc=00400048
#22660  pc=00400060   x8(s0/fp)=00000001
#22661  pc=00400064
#22662  pc=00400034   x10(a0)=00000001
#22663  pc=00400038
#22664  pc=0040003c   x8(s0/fp)=00000004
#22665  pc=00400040   x9(s1)=00000002
#22666  pc=00400044   x2(sp)=7fefff60
#22667  pc=00400048
#22668  pc=00400060   x8(s0/fp)=00000003
#22669  pc=00400064
#22670  pc=00400034   x10(a0)=00000003
#22671  pc=00400038   x1(ra)=00400054
#22672  pc=0040003c   x8(s0/fp)=00000005
#22673  pc=00400040   x9(s1)=00000008
#22674  pc=00400044   x2(sp)=7fefff70
#22675  pc=00400048
#22676  pc=00400054   x9(s1)=00000003
#22677  pc=00400058
#22678  pc=0040005c   x1(ra)=00400060
#22679  pc=00400014   x2(sp)=7fefff60
#22680  pc=00400018
#22681  pc=0040001c
#22682  pc=00400020
#22683  pc=00400024   x8(s0/fp)=00000003
#22684  pc=00400028
#22685  pc=0040002c
#22686  pc=00400030
#22687  pc=0040004c   x10(a0)=00000002
#22688  pc=00400050   x1(ra)=00400054
#22689  pc=00400014   x2(sp)=7fefff50
#22690  pc=00400018
#22691  pc=0040001c
#22692  pc=00400020
#22693  pc=00400024   x8(s0/fp)=00000002
#22694  pc=00400028
#22695  pc=0040002c
#22696  pc=00400030
#22697  pc=0040004c   x10(a0)=00000001
#22698  pc=00400050
#22699  pc=00400014   x2(sp)=7fefff40
#22700  pc=00400018
#22701  pc=0040001c
#22702  pc=00400020
#22703  pc=00400024   x8(s0/fp)=00000001
#22704  pc=00400028
#22705  pc=0040002c
#22706  pc=00400030
#22707  pc=00400034
#22708  pc=00400038
#22709  pc=0040003c   x8(s0/fp)=00000002
#22710  pc=00400040
#22711  pc=00400044   x2(sp)=7fefff50
#22712  pc=00400048
#22713  pc=00400054   x9(s1)=00000001
#22714  pc=00400058   x10(a0)=00000000
#22715  pc=0040005c   x1(ra)=00400060
#22716  pc=00400014   x2(sp)=7fefff40
#22717  pc=00400018
#22718  pc=0040001c
#22719  pc=00400020
#22720  pc=00400024   x8(s0/fp)=00000000
#22721  pc=00400028
#22722  pc=00400034
#22723  pc=00400038
#22724  pc=0040003c   x8(s0/fp)=00000002
#22725  pc=00400040
#22726  pc=00400044   x2(sp)=7fefff50
#22727  pc=00400048
#22728  pc=00400060   x8(s0/fp)=00000001
#22729  pc=00400064
#22730  pc=00400034   x10(a0)=00000001
#22731  pc=00400038   x1(ra)=00400054
#22732  pc=0040003c   x8(s0/fp)=00000003
#22733  pc=00400040   x9(s1)=00000003
#22734  pc=00400044   x2(sp)=7fefff60
#22735  pc=00400048
#22736  pc=00400054   x9(s1)=00000001
#22737  pc=00400058
#22738  pc=0040005c   x1(ra)=00400060
#22739  pc=00400014   x2(sp)=7fefff50
#22740  pc=00400018
#22741  pc=0040001c
#22742  pc=00400020
#22743  pc=00400024   x8(s0/fp)=00000001
#22744  pc=00400028
#22745  pc=0040002c
#22746  pc=00400030
#22747  pc=00400034
#22748  pc=00400038
#22749  pc=0040003c   x8(s0/fp)=00000003
#22750  pc=00400040
#22751  pc=00400044   x2(sp)=7fefff60
#22752  pc=00400048
#22753  pc=00400060   x8(s0/fp)=00000002
#22754  pc=00400064
#22755  pc=00400034   x10(a0)=00000002
#22756  pc=00400038
#22757  pc=0040003c   x8(s0/fp)=00000005
#22758  pc=00400040   x9(s1)=00000003
#22759  pc=00400044   x2(sp)=7fefff70
#22760  pc=00400048
#22761  pc=00400060
#22762  pc=00400064
#22763  pc=00400034   x10(a0)=00000005
#22764  pc=00400038
#22765  pc=0040003c   x8(s0/fp)=00000007
#22766  pc=00400040   x9(s1)=00000008
#22767  pc=00400044   x2(sp)=7fefff80
#22768  pc=00400048
#22769  pc=00400060   x8(s0/fp)=0000000d
#22770  pc=00400064
#22771  pc=00400034   x10(a0)=0000000d
#22772  pc=00400038
#22773  pc=0040003c   x8(s0/fp)=00000009
#22774  pc=00400040   x9(s1)=00000015
#22775  pc=00400044   x2(sp)=7fefff90
#22776  pc=00400048
#22777  pc=00400060   x8(s0/fp)=00000022
#22778  pc=00400064
#22779  pc=00400034   x10(a0)=00000022
#22780  pc=00400038   x1(ra)=00400054
#22781  pc=0040003c   x8(s0/fp)=0000000a
#22782  pc=00400040   x9(s1)=00000179
#22783  pc=00400044   x2(sp)=7fefffa0
#22784  pc=00400048
#22785  pc=00400054   x9(s1)=00000022
#22786  pc=00400058   x10(a0)=00000008
#22787  pc=0040005c   x1(ra)=00400060
#22788  pc=00400014   x2(sp)=7fefff90
#22789  pc=00400018
#22790  pc=0040001c
#22791  pc=00400020
#22792  pc=00400024   x8(s0/fp)=00000008
#22793  pc=00400028
#22794  pc=0040002c
#22795  pc=00400030
#22796  pc=0040004c   x10(a0)=00000007
#22797  pc=00400050   x1(ra)=00400054
#22798  pc=00400014   x2(sp)=7fefff80
#22799  pc=00400018
#22800  pc=0040001c
#22801  pc=00400020
#22802  pc=00400024   x8(s0/fp)=00000007
#22803  pc=00400028
#22804  pc=0040002c
#22805  pc=00400030
#22806  pc=0040004c   x10(a0)=00000006
#22807  pc=00400050
#22808  pc=00400014   x2(sp)=7fefff70
#22809  pc=00400018
#22810  pc=0040001c
#22811  pc=00400020
#22812  pc=00400024   x8(s0/fp)=00000006
#22813  pc=00400028
#22814  pc=0040002c
#22815  pc=00400030
#22816  pc=0040004c   x10(a0)=00000005
#22817  pc=00400050
#22818  pc=00400014   x2(sp)=7fefff60
#22819  pc=00400018
#22820  pc=0040001c
#22821  pc=00400020
#22822  pc=00400024   x8(s0/fp)=00000005
#22823  pc=00400028
#22824  pc=0040002c
#22825  pc=00400030
#22826  pc=0040004c   x10(a0)=00000004
#22827  pc=00400050
#22828  pc=00400014   x2(sp)=7fefff50
#22829  pc=00400018
#22830  pc=0040001c
#22831  pc=00400020
#22832  pc=00400024   x8(s0/fp)=00000004
#22833  pc=00400028
#22834  pc=0040002c
#22835  pc=00400030
#22836  pc=0040004c   x10(a0)=00000003
#22837  pc=00400050
#22838  pc=00400014   x2(sp)=7fefff40
#22839  pc=00400018
#22840  pc=0040001c
#22841  pc=00400020
#22842  pc=00400024   x8(s0/fp)=00000003
#22843  pc=00400028
#22844  pc=0040002c
#22845  pc=00400030
#22846  pc=0040004c   x10(a0)=00000002
#22847  pc=00400050
#22848  pc=00400014   x2(sp)=7fefff30
#22849  pc=00400018
#22850  pc=0040001c
#22851  pc=00400020
#22852  pc=00400024   x8(s0/fp)=00000002
#22853  pc=00400028
#22854  pc=0040002c
#22855  pc=00400030
#22856  pc=0040004c   x10(a0)=00000001
#22857  pc=00400050
#22858  pc=00400014   x2(sp)=7fefff20
#22859  pc=00400018
#22860  pc=0040001c
#22861  pc=00400020
#22862  pc=00400024   x8(s0/fp)=00000001
#22863  pc=00400028
#22864  pc=0040002c
#22865  pc=00400030
#22866  pc=00400034
#22867  pc=00400038
#22868  pc=0040003c   x8(s0/fp)=00000002
#22869  pc=00400040
#22870  pc=00400044   x2(sp)=7fefff30
#22871  pc=00400048
#22872  pc=00400054   x9(s1)=00000001
#22873  pc=00400058   x10(a0)=00000000
#22874  pc=0040005c   x1(ra)=00400060
#22875  pc=00400014   x2(sp)=7fefff20
#22876  pc=00400018
#22877  pc=0040001c
#22878  pc=00400020
#22879  pc=00400024   x8(s0/fp)=00000000
#22880  pc=00400028
#22881  pc=00400034
#22882  pc=00400038
#22883  pc=0040003c   x8(s0/fp)=00000002
#22884  pc=00400040
#22885  pc=00400044   x2(sp)=7fefff30
#22886  pc=00400048
#22887  pc=00400060   x8(s0/fp)=00000001
#22888  pc=00400064
#22889  pc=00400034   x10(a0)=00000001
#22890  pc=00400038   x1(ra)=00400054
#22891  pc=0040003c   x8(s0/fp)=00000003
#22892  pc=00400040   x9(s1)=00000022
#22893  pc=00400044   x2(sp)=7fefff40
#22894  pc=00400048
#22895  pc=00400054   x9(s1)=00000001
#22896  pc=00400058
#22897  pc=0040005c   x1(ra)=00400060
#22898  pc=00400014   x2(sp)=7fefff30
#22899  pc=00400018
#22900  pc=0040001c
#22901  pc=00400020
#22902  pc=00400024   x8(s0/fp)=00000001
#22903  pc=00400028
#22904  pc=0040002c
#22905  pc=00400030
#22906  pc=00400034
#22907  pc=00400038
#22908  pc=0040003c   x8(s0/fp)=00000003
#22909  pc=00400040
#22910  pc=00400044   x2(sp)=7fefff40
#22911  pc=00400048
#22912  pc=00400060   x8(s0/fp)=00000002
#22913  pc=00400064
#22914  pc=00400034   x10(a0)=00000002
#22915  pc=00400038   x1(ra)=00400054
#22916  pc=0040003c   x8(s0/fp)=00000004
#22917  pc=00400040   x9(s1)=00000022
#22918  pc=00400044   x2(sp)=7fefff50
#22919  pc=00400048
#22920  pc=00400054   x9(s1)=00000002
#22921  pc=00400058
#22922  pc=0040005c   x1(ra)=00400060
#22923  pc=00400014   x2(sp)=7fefff40
#22924  pc=00400018
#22925  pc=0040001c
#22926  pc=00400020
#22927  pc=00400024   x8(s0/fp)=00000002
#22928  pc=00400028
#22929  pc=0040002c
#22930  pc=00400030
#22931  pc=0040004c   x10(a0)=00000001
#22932  pc=00400050   x1(ra)=00400054
#22933  pc=00400014   x2(sp)=7fefff30
#22934  pc=00400018
#22935  pc=0040001c
#22936  pc=00400020
#22937  pc=00400024   x8(s0/fp)=00000001
#22938  pc=00400028
#22939  pc=0040002c
#22940  pc=00400030
#22941  pc=00400034
#22942  pc=00400038
#22943  pc=0040003c   x8(s0/fp)=00000002
#22944  pc=00400040
#22945  pc=00400044   x2(sp)=7fefff40
#22946  pc=00400048
#22947  pc=00400054   x9(s1)=00000001
#22948  pc=00400058   x10(a0)=00000000
#22949  pc=0040005c   x1(ra)=00400060
#22950  pc=00400014   x2(sp)=7fefff30
#22951  pc=00400018
#22952  pc=0040001c
#22953  pc=00400020
#22954  pc=00400024   x8(s0/fp)=00000000
#22955  pc=00400028
#22956  pc=00400034
#22957  pc=00400038
#22958  pc=0040003c   x8(s0/fp)=00000002
#22959  pc=00400040
#22960  pc=00400044   x2(sp)=7fefff40
#22961  pc=00400048
#22962  pc=00400060   x8(s0/fp)=00000001
#22963  pc=00400064
#22964  pc=00400034   x10(a0)=00000001
#22965  pc=00400038
#22966  pc=0040003c   x8(s0/fp)=00000004
#22967  pc=00400040   x9(s1)=00000002
#22968  pc=00400044   x2(sp)=7fefff50
#22969  pc=00400048
#22970  pc=00400060   x8(s0/fp)=00000003
#22971  pc=00400064
#22972  pc=00400034   x10(a0)=00000003
#22973  pc=00400038   x1(ra)=00400054
#22974  pc=0040003c   x8(s0/fp)=00000005
#22975  pc=00400040   x9(s1)=00000022
#22976  pc=00400044   x2(sp)=7fefff60
#22977  pc=00400048
#22978  pc=00400054   x9(s1)=00000003
#22979  pc=00400058
#22980  pc=0040005c   x1(ra)=00400060
#22981  pc=00400014   x2(sp)=7fefff50
#22982  pc=00400018
#22983  pc=0040001c
#22984  pc=00400020
#22985  pc=00400024   x8(s0/fp)=00000003
#22986  pc=00400028
#22987  pc=0040002c
#22988  pc=00400030
#22989  pc=0040004c   x10(a0)=00000002
#22990  pc=00400050   x1(ra)=00400054
#22991  pc=00400014   x2(sp)=7fefff40
#22992  pc=00400018
#22993  pc=0040001c
#22994  pc=00400020
#22995  pc=00400024   x8(s0/fp)=00000002
#22996  pc=00400028
#22997  pc=0040002c
#22998  pc=00400030
#22999  pc=0040004c   x10(a0)=00000001
#23000  pc=00400050
#23001  pc=00400014   x2(sp)=7fefff30
#23002  pc=00400018
#23003  pc=0040001c
#23004  pc=00400020
#23005  pc=00400024   x8(s0/fp)=00000001
#23006  pc=00400028
#23007  pc=0040002c
#23008  pc=00400030
#23009  pc=00400034
#23010  pc=00400038
#23011  pc=0040003c   x8(s0/fp)=00000002
#23012  pc=00400040
#23013  pc=00400044   x2(sp)=7fefff40
#23014  pc=00400048
#23015  pc=00400054   x9(s1)=00000001
#23016  pc=00400058   x10(a0)=00000000
#23017  pc=0040005c   x1(ra)=00400060
#23018  pc=00400014   x2(sp)=7fefff30
#23019  pc=00400018
#23020  pc=0040001c
#23021  pc=00400020
#23022  pc=00400024   x8(s0/fp)=00000000
#23023  pc=00400028
#23024  pc=00400034
#23025  pc=00400038
#23026  pc=0040003c   x8(s0/fp)=00000002
#23027  pc=00400040
#23028  pc=00400044   x2(sp)=7fefff40
#23029  pc=00400048
#23030  pc=00400060   x8(s0/fp)=00000001
#23031  pc=00400064
#23032  pc=00400034   x10(a0)=00000001
#23033  pc=00400038   x1(ra)=00400054
#23034  pc=0040003c   x8(s0/fp)=00000003
#23035  pc=00400040   x9(s1)=00000003
#23036  pc=00400044   x2(sp)=7fefff50
#23037  pc=00400048
#23038  pc=00400054   x9(s1)=00000001
#23039  pc=00400058
#23040  pc=0040005c   x1(ra)=00400060
#23041  pc=00400014   x2(sp)=7fefff40
#23042  pc=00400018
#23043  pc=0040001c
#23044  pc=00400020
#23045  pc=00400024   x8(s0/fp)=00000001
#23046  pc=00400028
#23047  pc=0040002c
#23048  pc=00400030
#23049  pc=00400034
#23050  pc=00400038
#23051  pc=0040003c   x8(s0/fp)=00000003
#23052  pc=00400040
#23053  pc=00400044   x2(sp)=7fefff50
#23054  pc=00400048
#23055  pc=00400060   x8(s0/fp)=00000002
#23056  pc=00400064
#23057  pc=00400034   x10(a0)=00000002
#23058  pc=00400038
#23059  pc=0040003c   x8(s0/fp)=00000005
#23060  pc=00400040   x9(s1)=00000003
#23061  pc=00400044   x2(sp)=7fefff60
#23062  pc=00400048
#23063  pc=00400060
#23064  pc=00400064
#23065  pc=00400034   x10(a0)=00000005
#23066  pc=00400038   x1(ra)=00400054
#23067  pc=0040003c   x8(s0/fp)=00000006
#23068  pc=00400040   x9(s1)=00000022
#23069  pc=00400044   x2(sp)=7fefff70
#23070  pc=00400048
#23071  pc=00400054   x9(s1)=00000005
#23072  pc=00400058   x10(a0)=00000004
#23073  pc=0040005c   x1(ra)=00400060
#23074  pc=00400014   x2(sp)=7fefff60
#23075  pc=00400018
#23076  pc=0040001c
#23077  pc=00400020
#23078  pc=00400024   x8(s0/fp)=00000004
#23079  pc=00400028
#23080  pc=0040002c
#23081  pc=00400030
#23082  pc=0040004c   x10(a0)=00000003
#23083  pc=00400050   x1(ra)=00400054
#23084  pc=00400014   x2(sp)=7fefff50
#23085  pc=00400018
#23086  pc=0040001c
#23087  pc=00400020
#23088  pc=00400024   x8(s0/fp)=00000003
#23089  pc=00400028
#23090  pc=0040002c
#23091  pc=00400030
#23092  pc=0040004c   x10(a0)=00000002
#23093  pc=00400050
#23094  pc=00400014   x2(sp)=7fefff40
#23095  pc=00400018
#23096  pc=0040001c
#23097  pc=00400020
#23098  pc=00400024   x8(s0/fp)=00000002
#23099  pc=00400028
#23100  pc=0040002c
#23101  pc=00400030
#23102  pc=0040004c   x10(a0)=00000001
#23103  pc=00400050
#23104  pc=00400014   x2(sp)=7fefff30
#23105  pc=00400018
#23106  pc=0040001c
#23107  pc=00400020
#23108  pc=00400024   x8(s0/fp)=00000001
#23109  pc=00400028
#23110  pc=0040002c
#23111  pc=00400030
#23112  pc=00400034
#23113  pc=00400038
#23114  pc=0040003c   x8(s0/fp)=00000002
#23115  pc=00400040
#23116  pc=00400044   x2(sp)=7fefff40
#23117  pc=00400048
#23118  pc=00400054   x9(s1)=00000001
#23119  pc=00400058   x10(a0)=00000000
#23120  pc=0040005c   x1(ra)=00400060
#23121  pc=00400014   x2(sp)=7fefff30
#23122  pc=00400018
#23123  pc=0040001c
#23124  pc=00400020
#23125  pc=00400024   x8(s0/fp)=00000000
#23126  pc=00400028
#23127  pc=00400034
#23128  pc=00400038
#23129  pc=0040003c   x8(s0/fp)=00000002
#23130  pc=00400040
#23131  pc=00400044   x2(sp)=7fefff40
#23132  pc=00400048
#23133  pc=00400060   x8(s0/fp)=00000001
#23134  pc=00400064
#23135  pc=00400034   x10(a0)=00000001
#23136  pc=00400038   x1(ra)=00400054
#23137  pc=0040003c   x8(s0/fp)=00000003
#23138  pc=00400040   x9(s1)=00000005
#23139  pc=00400044   x2(sp)=7fefff50
#23140  pc=00400048
#23141  pc=00400054   x9(s1)=00000001
#23142  pc=00400058
#23143  pc=0040005c   x1(ra)=00400060
#23144  pc=00400014   x2(sp)=7fefff40
#23145  pc=00400018
#23146  pc=0040001c
#23147  pc=00400020
#23148  pc=00400024   x8(s0/fp)=00000001
#23149  pc=00400028
#23150  pc=0040002c
#23151  pc=00400030
#23152  pc=00400034
#23153  pc=00400038
#23154  pc=0040003c   x8(s0/fp)=00000003
#23155  pc=00400040
#23156  pc=00400044   x2(sp)=7fefff50
#23157  pc=00400048
#23158  pc=00400060   x8(s0/fp)=00000002
#23159  pc=00400064
#23160  pc=00400034   x10(a0)=00000002
#23161  pc=00400038   x1(ra)=00400054
#23162  pc=0040003c   x8(s0/fp)=00000004
#23163  pc=00400040   x9(s1)=00000005
#23164  pc=00400044   x2(sp)=7fefff60
#23165  pc=00400048
#23166  pc=00400054   x9(s1)=00000002
#23167  pc=00400058
#23168  pc=0040005c   x1(ra)=00400060
#23169  pc=00400014   x2(sp)=7fefff50
#23170  pc=00400018
#23171  pc=0040001c
#23172  pc=00400020
#23173  pc=00400024   x8(s0/fp)=00000002
#23174  pc=00400028
#23175  pc=0040002c
#23176  pc=00400030
#23177  pc=0040004c   x10(a0)=00000001
#23178  pc=00400050   x1(ra)=00400054
#23179  pc=00400014   x2(sp)=7fefff40
#23180  pc=00400018
#23181  pc=0040001c
#23182  pc=00400020
#23183  pc=00400024   x8(s0/fp)=00000001
#23184  pc=00400028
#23185  pc=0040002c
#23186  pc=00400030
#23187  pc=00400034
#23188  pc=00400038
#23189  pc=0040003c   x8(s0/fp)=00000002
#23190  pc=00400040
#23191  pc=00400044   x2(sp)=7fefff50
#23192  pc=00400048
#23193  pc=00400054   x9(s1)=00000001
#23194  pc=00400058   x10(a0)=00000000
#23195  pc=0040005c   x1(ra)=00400060
#23196  pc=00400014   x2(sp)=7fefff40
#23197  pc=00400018
#23198  pc=0040001c
#23199  pc=00400020
#23200  pc=00400024   x8(s0/fp)=00000000
#23201  pc=00400028
#23202  pc=00400034
#23203  pc=00400038
#23204  pc=0040003c   x8(s0/fp)=00000002
#23205  pc=00400040
#23206  pc=00400044   x2(sp)=7fefff50
#23207  pc=00400048
#23208  pc=00400060   x8(s0/fp)=00000001
#23209  pc=00400064
#23210  pc=00400034   x10(a0)=00000001
#23211  pc=00400038
#23212  pc=0040003c   x8(s0/fp)=00000004
#23213  pc=00400040   x9(s1)=00000002
#23214  pc=00400044   x2(sp)=7fefff60
#23215  pc=00400048
#23216  pc=00400060   x8(s0/fp)=00000003
#23217  pc=00400064
#23218  pc=00400034   x10(a0)=00000003
#23219  pc=00400038
#23220  pc=0040003c   x8(s0/fp)=00000006
#23221  pc=00400040   x9(s1)=00000005
#23222  pc=00400044   x2(sp)=7fefff70
#23223  pc=00400048
#23224  pc=00400060   x8(s0/fp)=00000008
#23225  pc=00400064
#23226  pc=00400034   x10(a0)=00000008
#23227  pc=00400038   x1(ra)=00400054
#23228  pc=0040003c   x8(s0/fp)=00000007
#23229  pc=00400040   x9(s1)=00000022
#23230  pc=00400044   x2(sp)=7fefff80
#23231  pc=00400048
#23232  pc=00400054   x9(s1)=00000008
#23233  pc=00400058   x10(a0)=00000005
#23234  pc=0040005c   x1(ra)=00400060
#23235  pc=00400014   x2(sp)=7fefff70
#23236  pc=00400018
#23237  pc=0040001c
#23238  pc=00400020
#23239  pc=00400024   x8(s0/fp)=00000005
#23240  pc=00400028
#23241  pc=0040002c
#23242  pc=00400030
#23243  pc=0040004c   x10(a0)=00000004
#23244  pc=00400050   x1(ra)=00400054
#23245  pc=00400014   x2(sp)=7fefff60
#23246  pc=00400018
#23247  pc=0040001c
#23248  pc=00400020
#23249  pc=00400024   x8(s0/fp)=00000004
#23250  pc=00400028
#23251  pc=0040002c
#23252  pc=00400030
#23253  pc=0040004c   x10(a0)=00000003
#23254  pc=00400050
#23255  pc=00400014   x2(sp)=7fefff50
#23256  pc=00400018
#23257  pc=0040001c
#23258  pc=00400020
#23259  pc=00400024   x8(s0/fp)=00000003
#23260  pc=00400028
#23261  pc=0040002c
#23262  pc=00400030
#23263  pc=0040004c   x10(a0)=00000002
#23264  pc=00400050
#23265  pc=00400014   x2(sp)=7fefff40
#23266  pc=00400018
#23267  pc=0040001c
#23268  pc=00400020
#23269  pc=00400024   x8(s0/fp)=00000002
#23270  pc=00400028
#23271  pc=0040002c
#23272  pc=00400030
#23273  pc=0040004c   x10(a0)=00000001
#23274  pc=00400050
#23275  pc=00400014   x2(sp)=7fefff30
#23276  pc=00400018
#23277  pc=0040001c
#23278  pc=00400020
#23279  pc=00400024   x8(s0/fp)=00000001
#23280  pc=00400028
#23281  pc=0040002c
#23282  pc=00400030
#23283  pc=00400034
#23284  pc=00400038
#23285  pc=0040003c   x8(s0/fp)=00000002
#23286  pc=00400040
#23287  pc=00400044   x2(sp)=7fefff40
#23288  pc=00400048
#23289  pc=00400054   x9(s1)=00000001
#23290  pc=00400058   x10(a0)=00000000
#23291  pc=0040005c   x1(ra)=00400060
#23292  pc=00400014   x2(sp)=7fefff30
#23293  pc=00400018
#23294  pc=0040001c
#23295  pc=00400020
#23296  pc=00400024   x8(s0/fp)=00000000
#23297  pc=00400028
#23298  pc=00400034
#23299  pc=00400038
#23300  pc=0040003c   x8(s0/fp)=00000002
#23301  pc=00400040
#23302  pc=00400044   x2(sp)=7fefff40
#23303  pc=00400048
#23304  pc=00400060   x8(s0/fp)=00000001
#23305  pc=00400064
#23306  pc=00400034   x10(a0)=00000001
#23307  pc=00400038   x1(ra)=00400054
#23308  pc=0040003c   x8(s0/fp)=00000003
#23309  pc=00400040   x9(s1)=00000008
#23310  pc=00400044   x2(sp)=7fefff50
#23311  pc=00400048
#23312  pc=00400054   x9(s1)=00000001
#23313  pc=00400058
#23314  pc=0040005c   x1(ra)=00400060
#23315  pc=00400014   x2(sp)=7fefff40
#23316  pc=00400018
#23317  pc=0040001c
#23318  pc=00400020
#23319  pc=00400024   x8(s0/fp)=00000001
#23320  pc=00400028
#23321  pc=0040002c
#23322  pc=00400030
#23323  pc=00400034
#23324  pc=00400038
#23325  pc=0040003c   x8(s0/fp)=00000003
#23326  pc=00400040
#23327  pc=00400044   x2(sp)=7fefff50
#23328  pc=00400048
#23329  pc=00400060   x8(s0/fp)=00000002
#23330  pc=00400064
#23331  pc=00400034   x10(a0)=00000002
#23332  pc=00400038   x1(ra)=00400054
#23333  pc=0040003c   x8(s0/fp)=00000004
#23334  pc=00400040   x9(s1)=00000008
#23335  pc=00400044   x2(sp)=7fefff60
#23336  pc=00400048
#23337  pc=00400054   x9(s1)=00000002
#23338  pc=00400058
#23339  pc=0040005c   x1(ra)=00400060
#23340  pc=00400014   x2(sp)=7fefff50
#23341  pc=00400018
#23342  pc=0040001c
#23343  pc=00400020
#23344  pc=00400024   x8(s0/fp)=00000002
#23345  pc=00400028
#23346  pc=0040002c
#23347  pc=00400030
#23348  pc=0040004c   x10(a0)=00000001
#23349  pc=00400050   x1(ra)=00400054
#23350  pc=00400014   x2(sp)=7fefff40
#23351  pc=00400018
#23352  pc=0040001c
#23353  pc=00400020
#23354  pc=00400024   x8(s0/fp)=00000001
#23355  pc=00400028
#23356  pc=0040002c
#23357  pc=00400030
#23358  pc=00400034
#23359  pc=00400038
#23360  pc=0040003c   x8(s0/fp)=00000002
#23361  pc=00400040
#23362  pc=00400044   x2(sp)=7fefff50
#23363  pc=00400048
#23364  pc=00400054   x9(s1)=00000001
#23365  pc=00400058   x10(a0)=00000000
#23366  pc=0040005c   x1(ra)=00400060
#23367  pc=00400014   x2(sp)=7fefff40
#23368  pc=00400018
#23369  pc=0040001c
#23370  pc=00400020
#23371  pc=00400024   x8(s0/fp)=00000000
#23372  pc=00400028
#23373  pc=00400034
#23374  pc=00400038
#23375  pc=0040003c   x8(s0/fp)=00000002
#23376  pc=00400040
#23377  pc=00400044   x2(sp)=7fefff50
#23378  pc=00400048
#23379  pc=00400060   x8(s0/fp)=00000001
#23380  pc=00400064
#23381  pc=00400034   x10(a0)=00000001
#23382  pc=00400038
#23383  pc=0040003c   x8(s0/fp)=00000004
#23384  pc=00400040   x9(s1)=00000002
#23385  pc=00400044   x2(sp)=7fefff60
#23386  pc=00400048
#23387  pc=00400060   x8(s0/fp)=00000003
#23388  pc=00400064
#23389  pc=00400034   x10(a0)=00000003
#23390  pc=00400038   x1(ra)=00400054
#23391  pc=0040003c   x8(s0/fp)=00000005
#23392  pc=00400040   x9(s1)=00000008
#23393  pc=00400044   x2(sp)=7fefff70
#23394  pc=00400048
#23395  pc=00400054   x9(s1)=00000003
#23396  pc=00400058
#23397  pc=0040005c   x1(ra)=00400060
#23398  pc=00400014   x2(sp)=7fefff60
#23399  pc=00400018
#23400  pc=0040001c
#23401  pc=00400020
#23402  pc=00400024   x8(s0/fp)=00000003
#23403  pc=00400028
#23404  pc=0040002c
#23405  pc=00400030
#23406  pc=0040004c   x10(a0)=00000002
#23407  pc=00400050   x1(ra)=00400054
#23408  pc=00400014   x2(sp)=7fefff50
#23409  pc=00400018
#23410  pc=0040001c
#23411  pc=00400020
#23412  pc=00400024   x8(s0/fp)=00000002
#23413  pc=00400028
#23414  pc=0040002c
#23415  pc=00400030
#23416  pc=0040004c   x10(a0)=00000001
#23417  pc=00400050
#23418  pc=00400014   x2(sp)=7fefff40
#23419  pc=00400018
#23420  pc=0040001c
#23421  pc=00400020
#23422  pc=00400024   x8(s0/fp)=00000001
#23423  pc=00400028
#23424  pc=0040002c
#23425  pc=00400030
#23426  pc=00400034
#23427  pc=00400038
#23428  pc=0040003c   x8(s0/fp)=00000002
#23429  pc=00400040
#23430  pc=00400044   x2(sp)=7fefff50
#23431  pc=00400048
#23432  pc=00400054   x9(s1)=00000001
#23433  pc=00400058   x10(a0)=00000000
#23434  pc=0040005c   x1(ra)=00400060
#23435  pc=00400014   x2(sp)=7fefff40
#23436  pc=00400018
#23437  pc=0040001c
#23438  pc=00400020
#23439  pc=00400024   x8(s0/fp)=00000000
#23440  pc=00400028
#23441  pc=00400034
#23442  pc=00400038
#23443  pc=0040003c   x8(s0/fp)=00000002
#23444  pc=00400040
#23445  pc=00400044   x2(sp)=7fefff50
#23446  pc=00400048
#23447  pc=00400060   x8(s0/fp)=00000001
#23448  pc=00400064
#23449  pc=00400034   x10(a0)=00000001
#23450  pc=00400038   x1(ra)=00400054
#23451  pc=0040003c   x8(s0/fp)=00000003
#23452  pc=00400040   x9(s1)=00000003
#23453  pc=00400044   x2(sp)=7fefff60
#23454  pc=00400048
#23455  pc=00400054   x9(s1)=00000001
#23456  pc=00400058
#23457  pc=0040005c   x1(ra)=00400060
#23458  pc=00400014   x2(sp)=7fefff50
#23459  pc=00400018
#23460  pc=0040001c
#23461  pc=00400020
#23462  pc=00400024   x8(s0/fp)=00000001
#23463  pc=00400028
#23464  pc=0040002c
#23465  pc=00400030
#23466  pc=00400034
#23467  pc=00400038
#23468  pc=0040003c   x8(s0/fp)=00000003
#23469  pc=00400040
#23470  pc=00400044   x2(sp)=7fefff60
#23471  pc=00400048
#23472  pc=00400060   x8(s0/fp)=00000002
#23473  pc=00400064
#23474  pc=00400034   x10(a0)=00000002
#23475  pc=00400038
#23476  pc=0040003c   x8(s0/fp)=00000005
#23477  pc=00400040   x9(s1)=00000003
#23478  pc=00400044   x2(sp)=7fefff70
#23479  pc=00400048
#23480  pc=00400060
#23481  pc=00400064
#23482  pc=00400034   x10(a0)=00000005
#23483  pc=00400038
#23484  pc=0040003c   x8(s0/fp)=00000007
#23485  pc=00400040   x9(s1)=00000008
#23486  pc=00400044   x2(sp)=7fefff80
#23487  pc=00400048
#23488  pc=00400060   x8(s0/fp)=0000000d
#23489  pc=00400064
#23490  pc=00400034   x10(a0)=0000000d
#23491  pc=00400038   x1(ra)=00400054
#23492  pc=0040003c   x8(s0/fp)=00000008
#23493  pc=00400040   x9(s1)=00000022
#23494  pc=00400044   x2(sp)=7fefff90
#23495  pc=00400048
#23496  pc=00400054   x9(s1)=0000000d
#23497  pc=00400058   x10(a0)=00000006
#23498  pc=0040005c   x1(ra)=00400060
#23499  pc=00400014   x2(sp)=7fefff80
#23500  pc=00400018
#23501  pc=0040001c
#23502  pc=00400020
#23503  pc=00400024   x8(s0/fp)=00000006
#23504  pc=00400028
#23505  pc=0040002c
#23506  pc=00400030
#23507  pc=0040004c   x10(a0)=00000005
#23508  pc=00400050   x1(ra)=00400054
#23509  pc=00400014   x2(sp)=7fefff70
#23510  pc=00400018
#23511  pc=0040001c
#23512  pc=00400020
#23513  pc=00400024   x8(s0/fp)=00000005
#23514  pc=00400028
#23515  pc=0040002c
#23516  pc=00400030
#23517  pc=0040004c   x10(a0)=00000004
#23518  pc=00400050
#23519  pc=00400014   x2(sp)=7fefff60
#23520  pc=00400018
#23521  pc=0040001c
#23522  pc=00400020
#23523  pc=00400024   x8(s0/fp)=00000004
#23524  pc=00400028
#23525  pc=0040002c
#23526  pc=00400030
#23527  pc=0040004c   x10(a0)=00000003
#23528  pc=00400050
#23529  pc=00400014   x2(sp)=7fefff50
#23530  pc=00400018
#23531  pc=0040001c
#23532  pc=00400020
#23533  pc=00400024   x8(s0/fp)=00000003
#23534  pc=00400028
#23535  pc=0040002c
#23536  pc=00400030
#23537  pc=0040004c   x10(a0)=00000002
#23538  pc=00400050
#23539  pc=00400014   x2(sp)=7fefff40
#23540  pc=00400018
#23541  pc=0040001c
#23542  pc=00400020
#23543  pc=00400024   x8(s0/fp)=00000002
#23544  pc=00400028
#23545  pc=0040002c
#23546  pc=00400030
#23547  pc=0040004c   x10(a0)=00000001
#23548  pc=00400050
#23549  pc=00400014   x2(sp)=7fefff30
#23550  pc=00400018
#23551  pc=0040001c
#23552  pc=00400020
#23553  pc=00400024   x8(s0/fp)=00000001
#23554  pc=00400028
#23555  pc=0040002c
#23556  pc=00400030
#23557  pc=00400034
#23558  pc=00400038
#23559  pc=0040003c   x8(s0/fp)=00000002
#23560  pc=00400040
#23561  pc=00400044   x2(sp)=7fefff40
#23562  pc=00400048
#23563  pc=00400054   x9(s1)=00000001
#23564  pc=00400058   x10(a0)=00000000
#23565  pc=0040005c   x1(ra)=00400060
#23566  pc=00400014   x2(sp)=7fefff30
#23567  pc=00400018
#23568  pc=0040001c
#23569  pc=00400020
#23570  pc=00400024   x8(s0/fp)=00000000
#23571  pc=00400028
#23572  pc=00400034
#23573  pc=00400038
#23574  pc=0040003c   x8(s0/fp)=00000002
#23575  pc=00400040
#23576  pc=00400044   x2(sp)=7fefff40
#23577  pc=00400048
#23578  pc=00400060   x8(s0/fp)=00000001
#23579  pc=00400064
#23580  pc=00400034   x10(a0)=00000001
#23581  pc=00400038   x1(ra)=00400054
#23582  pc=0040003c   x8(s0/fp)=00000003
#23583  pc=00400040   x9(s1)=0000000d
#23584  pc=00400044   x2(sp)=7fefff50
#23585  pc=00400048
#23586  pc=00400054   x9(s1)=00000001
#23587  pc=00400058
#23588  pc=0040005c   x1(ra)=00400060
#23589  pc=00400014   x2(sp)=7fefff40
#23590  pc=00400018
#23591  pc=0040001c
#23592  pc=00400020
#23593  pc=00400024   x8(s0/fp)=00000001
#23594  pc=00400028
#23595  pc=0040002c
#23596  pc=00400030
#23597  pc=00400034
#23598  pc=00400038
#23599  pc=0040003c   x8(s0/fp)=00000003
#23600  pc=00400040
#23601  pc=00400044   x2(sp)=7fefff50
#23602  pc=00400048
#23603  pc=00400060   x8(s0/fp)=00000002
#23604  pc=00400064
#23605  pc=00400034   x10(a0)=00000002
#23606  pc=00400038   x1(ra)=00400054
#23607  pc=0040003c   x8(s0/fp)=00000004
#23608  pc=00400040   x9(s1)=0000000d
#23609  pc=00400044   x2(sp)=7fefff60
#23610  pc=00400048
#23611  pc=00400054   x9(s1)=00000002
#23612  pc=00400058
#23613  pc=0040005c   x1(ra)=00400060
#23614  pc=00400014   x2(sp)=7fefff50
#23615  pc=00400018
#23616  pc=0040001c
#23617  pc=00400020
#23618  pc=00400024   x8(s0/fp)=00000002
#23619  pc=00400028
#23620  pc=0040002c
#23621  pc=00400030
#23622  pc=0040004c   x10(a0)=00000001
#23623  pc=00400050   x1(ra)=00400054
#23624  pc=00400014   x2(sp)=7fefff40
#23625  pc=00400018
#23626  pc=0040001c
#23627  pc=00400020
#23628  pc=00400024   x8(s0/fp)=00000001
#23629  pc=00400028
#23630  pc=0040002c
#23631  pc=00400030
#23632  pc=00400034
#23633  pc=00400038
#23634  pc=0040003c   x8(s0/fp)=00000002
#23635  pc=00400040
#23636  pc=00400044   x2(sp)=7fefff50
#23637  pc=00400048
#23638  pc=00400054   x9(s1)=00000001
#23639  pc=00400058   x10(a0)=00000000
#23640  pc=0040005c   x1(ra)=00400060
#23641  pc=00400014   x2(sp)=7fefff40
#23642  pc=00400018
#23643  pc=0040001c
#23644  pc=00400020
#23645  pc=00400024   x8(s0/fp)=00000000
#23646  pc=00400028
#23647  pc=00400034
#23648  pc=00400038
#23649  pc=0040003c   x8(s0/fp)=00000002
#23650  pc=00400040
#23651  pc=00400044   x2(sp)=7fefff50
#23652  pc=00400048
#23653  pc=00400060   x8(s0/fp)=00000001
#23654  pc=00400064
#23655  pc=00400034   x10(a0)=00000001
#23656  pc=00400038
#23657  pc=0040003c   x8(s0/fp)=00000004
#23658  pc=00400040   x9(s1)=00000002
#23659  pc=00400044   x2(sp)=7fefff60
#23660  pc=00400048
#23661  pc=00400060   x8(s0/fp)=00000003
#23662  pc=00400064
#23663  pc=00400034   x10(a0)=00000003
#23664  pc=00400038   x1(ra)=00400054
#23665  pc=0040003c   x8(s0/fp)=00000005
#23666  pc=00400040   x9(s1)=0000000d
#23667  pc=00400044   x2(sp)=7fefff70
#23668  pc=00400048
#23669  pc=00400054   x9(s1)=00000003
#23670  pc=00400058
#23671  pc=0040005c   x1(ra)=00400060
#23672  pc=00400014   x2(sp)=7fefff60
#23673  pc=00400018
#23674  pc=0040001c
#23675  pc=00400020
#23676  pc=00400024   x8(s0/fp)=00000003
#23677  pc=00400028
#23678  pc=0040002c
#23679  pc=00400030
#23680  pc=0040004c   x10(a0)=00000002
#23681  pc=00400050   x1(ra)=00400054
#23682  pc=00400014   x2(sp)=7fefff50
#23683  pc=00400018
#23684  pc=0040001c
#23685  pc=00400020
#23686  pc=00400024   x8(s0/fp)=00000002
#23687  pc=00400028
#23688  pc=0040002c
#23689  pc=00400030
#23690  pc=0040004c   x10(a0)=00000001
#23691  pc=00400050
#23692  pc=00400014   x2(sp)=7fefff40
#23693  pc=00400018
#23694  pc=0040001c
#23695  pc=00400020
#23696  pc=00400024   x8(s0/fp)=00000001
#23697  pc=00400028
#23698  pc=0040002c
#23699  pc=00400030
#23700  pc=00400034
#23701  pc=00400038
#23702  pc=0040003c   x8(s0/fp)=00000002
#23703  pc=00400040
#23704  pc=00400044   x2(sp)=7fefff50
#23705  pc=00400048
#23706  pc=00400054   x9(s1)=00000001
#23707  pc=00400058   x10(a0)=00000000
#23708  pc=0040005c   x1(ra)=00400060
#23709  pc=00400014   x2(sp)=7fefff40
#23710  pc=00400018
#23711  pc=0040001c
#23712  pc=00400020
#23713  pc=00400024   x8(s0/fp)=00000000
#23714  pc=00400028
#23715  pc=00400034
#23716  pc=00400038
#23717  pc=0040003c   x8(s0/fp)=00000002
#23718  pc=00400040
#23719  pc=00400044   x2(sp)=7fefff50
#23720  pc=00400048
#23721  pc=00400060   x8(s0/fp)=00000001
#23722  pc=00400064
#23723  pc=00400034   x10(a0)=00000001
#23724  pc=00400038   x1(ra)=00400054
#23725  pc=0040003c   x8(s0/fp)=00000003
#23726  pc=00400040   x9(s1)=00000003
#23727  pc=00400044   x2(sp)=7fefff60
#23728  pc=00400048
#23729  pc=00400054   x9(s1)=00000001
#23730  pc=00400058
#23731  pc=0040005c   x1(ra)=00400060
#23732  pc=00400014   x2(sp)=7fefff50
#23733  pc=00400018
#23734  pc=0040001c
#23735  pc=00400020
#23736  pc=00400024   x8(s0/fp)=00000001
#23737  pc=00400028
#23738  pc=0040002c
#23739  pc=00400030
#23740  pc=00400034
#23741  pc=00400038
#23742  pc=0040003c   x8(s0/fp)=00000003
#23743  pc=00400040
#23744  pc=00400044   x2(sp)=7fefff60
#23745  pc=00400048
#23746  pc=00400060   x8(s0/fp)=00000002
#23747  pc=00400064
#23748  pc=00400034   x10(a0)=00000002
#23749  pc=00400038
#23750  pc=0040003c   x8(s0/fp)=00000005
#23751  pc=00400040   x9(s1)=00000003
#23752  pc=00400044   x2(sp)=7fefff70
#23753  pc=00400048
#23754  pc=00400060
#23755  pc=00400064
#23756  pc=00400034   x10(a0)=00000005
#23757  pc=00400038   x1(ra)=00400054
#23758  pc=0040003c   x8(s0/fp)=00000006
#23759  pc=00400040   x9(s1)=0000000d
#23760  pc=00400044   x2(sp)=7fefff80
#23761  pc=00400048
#23762  pc=00400054   x9(s1)=00000005
#23763  pc=00400058   x10(a0)=00000004
#23764  pc=0040005c   x1(ra)=00400060
#23765  pc=00400014   x2(sp)=7fefff70
#23766  pc=00400018
#23767  pc=0040001c
#23768  pc=00400020
#23769  pc=00400024   x8(s0/fp)=00000004
#23770  pc=00400028
#23771  pc=0040002c
#23772  pc=00400030
#23773  pc=0040004c   x10(a0)=00000003
#23774  pc=00400050   x1(ra)=00400054
#23775  pc=00400014   x2(sp)=7fefff60
#23776  pc=00400018
#23777  pc=0040001c
#23778  pc=00400020
#23779  pc=00400024   x8(s0/fp)=00000003
#23780  pc=00400028
#23781  pc=0040002c
#23782  pc=00400030
#23783  pc=0040004c   x10(a0)=00000002
#23784  pc=00400050
#23785  pc=00400014   x2(sp)=7fefff50
#23786  pc=00400018
#23787  pc=0040001c
#23788  pc=00400020
#23789  pc=00400024   x8(s0/fp)=00000002
#23790  pc=00400028
#23791  pc=0040002c
#23792  pc=00400030
#23793  pc=0040004c   x10(a0)=00000001
#23794  pc=00400050
#23795  pc=00400014   x2(sp)=7fefff40
#23796  pc=00400018
#23797  pc=0040001c
#23798  pc=00400020
#23799  pc=00400024   x8(s0/fp)=00000001
#23800  pc=00400028
#23801  pc=0040002c
#23802  pc=00400030
#23803  pc=00400034
#23804  pc=00400038
#23805  pc=0040003c   x8(s0/fp)=00000002
#23806  pc=00400040
#23807  pc=00400044   x2(sp)=7fefff50
#23808  pc=00400048
#23809  pc=00400054   x9(s1)=00000001
#23810  pc=00400058   x10(a0)=00000000
#23811  pc=0040005c   x1(ra)=00400060
#23812  pc=00400014   x2(sp)=7fefff40
#23813  pc=00400018
#23814  pc=0040001c
#23815  pc=00400020
#23816  pc=00400024   x8(s0/fp)=00000000
#23817  pc=00400028
#23818  pc=00400034
#23819  pc=00400038
#23820  pc=0040003c   x8(s0/fp)=00000002
#23821  pc=00400040
#23822  pc=00400044   x2(sp)=7fefff50
#23823  pc=00400048
#23824  pc=00400060   x8(s0/fp)=00000001
#23825  pc=00400064
#23826  pc=00400034   x10(a0)=00000001
#23827  pc=00400038   x1(ra)=00400054
#23828  pc=0040003c   x8(s0/fp)=00000003
#23829  pc=00400040   x9(s1)=00000005
#23830  pc=00400044   x2(sp)=7fefff60
#23831  pc=00400048
#23832  pc=00400054   x9(s1)=00000001
#23833  pc=00400058
#23834  pc=0040005c   x1(ra)=00400060
#23835  pc=00400014   x2(sp)=7fefff50
#23836  pc=00400018
#23837  pc=0040001c
#23838  pc=00400020
#23839  pc=00400024   x8(s0/fp)=00000001
#23840  pc=00400028
#23841  pc=0040002c
#23842  pc=00400030
#23843  pc=00400034
#23844  pc=00400038
#23845  pc=0040003c   x8(s0/fp)=00000003
#23846  pc=00400040
#23847  pc=00400044   x2(sp)=7fefff60
#23848  pc=00400048
#23849  pc=00400060   x8(s0/fp)=00000002
#23850  pc=00400064
#23851  pc=00400034   x10(a0)=00000002
#23852  pc=00400038   x1(ra)=00400054
#23853  pc=0040003c   x8(s0/fp)=00000004
#23854  pc=00400040   x9(s1)=00000005
#23855  pc=00400044   x2(sp)=7fefff70
#23856  pc=00400048
#23857  pc=00400054   x9(s1)=00000002
#23858  pc=00400058
#23859  pc=0040005c   x1(ra)=00400060
#23860  pc=00400014   x2(sp)=7fefff60
#23861  pc=00400018
#23862  pc=0040001c
#23863  pc=00400020
#23864  pc=00400024   x8(s0/fp)=00000002
#23865  pc=00400028
#23866  pc=0040002c
#23867  pc=00400030
#23868  pc=0040004c   x10(a0)=00000001
#23869  pc=00400050   x1(ra)=00400054
#23870  pc=00400014   x2(sp)=7fefff50
#23871  pc=00400018
#23872  pc=0040001c
#23873  pc=00400020
#23874  pc=00400024   x8(s0/fp)=00000001
#23875  pc=00400028
#23876  pc=0040002c
#23877  pc=00400030
#23878  pc=00400034
#23879  pc=00400038
#23880  pc=0040003c   x8(s0/fp)=00000002
#23881  pc=00400040
#23882  pc=00400044   x2(sp)=7fefff60
#23883  pc=00400048
#23884  pc=00400054   x9(s1)=00000001
#23885  pc=00400058   x10(a0)=00000000
#23886  pc=0040005c   x1(ra)=00400060
#23887  pc=00400014   x2(sp)=7fefff50
#23888  pc=00400018
#23889  pc=0040001c
#23890  pc=00400020
#23891  pc=00400024   x8(s0/fp)=00000000
#23892  pc=00400028
#23893  pc=00400034
#23894  pc=00400038
#23895  pc=0040003c   x8(s0/fp)=00000002
#23896  pc=00400040
#23897  pc=00400044   x2(sp)=7fefff60
#23898  pc=00400048
#23899  pc=00400060   x8(s0/fp)=00000001
#23900  pc=00400064
#23901  pc=00400034   x10(a0)=00000001
#23902  pc=00400038
#23903  pc=0040003c   x8(s0/fp)=00000004
#23904  pc=00400040   x9(s1)=00000002
#23905  pc=00400044   x2(sp)=7fefff70
#23906  pc=00400048
#23907  pc=00400060   x8(s0/fp)=00000003
#23908  pc=00400064
#23909  pc=00400034   x10(a0)=00000003
#23910  pc=00400038
#23911  pc=0040003c   x8(s0/fp)=00000006
#23912  pc=00400040   x9(s1)=00000005
#23913  pc=00400044   x2(sp)=7fefff80
#23914  pc=00400048
#23915  pc=00400060   x8(s0/fp)=00000008
#23916  pc=00400064
#23917  pc=00400034   x10(a0)=00000008
#23918  pc=00400038
#23919  pc=0040003c
#23920  pc=00400040   x9(s1)=0000000d
#23921  pc=00400044   x2(sp)=7fefff90
#23922  pc=00400048
#23923  pc=00400060   x8(s0/fp)=00000015
#23924  pc=00400064
#23925  pc=00400034   x10(a0)=00000015
#23926  pc=00400038
#23927  pc=0040003c   x8(s0/fp)=0000000a
#23928  pc=00400040   x9(s1)=00000022
#23929  pc=00400044   x2(sp)=7fefffa0
#23930  pc=00400048
#23931  pc=00400060   x8(s0/fp)=00000037
#23932  pc=00400064
#23933  pc=00400034   x10(a0)=00000037
#23934  pc=00400038   x1(ra)=00400054
#23935  pc=0040003c   x8(s0/fp)=0000000b
#23936  pc=00400040   x9(s1)=00000179
#23937  pc=00400044   x2(sp)=7fefffb0
#23938  pc=00400048
#23939  pc=00400054   x9(s1)=00000037
#23940  pc=00400058   x10(a0)=00000009
#23941  pc=0040005c   x1(ra)=00400060
#23942  pc=00400014   x2(sp)=7fefffa0
#23943  pc=00400018
#23944  pc=0040001c
#23945  pc=00400020
#23946  pc=00400024   x8(s0/fp)=00000009
#23947  pc=00400028
#23948  pc=0040002c
#23949  pc=00400030
#23950  pc=0040004c   x10(a0)=00000008
#23951  pc=00400050   x1(ra)=00400054
#23952  pc=00400014   x2(sp)=7fefff90
#23953  pc=00400018
#23954  pc=0040001c
#23955  pc=00400020
#23956  pc=00400024   x8(s0/fp)=00000008
#23957  pc=00400028
#23958  pc=0040002c
#23959  pc=00400030
#23960  pc=0040004c   x10(a0)=00000007
#23961  pc=00400050
#23962  pc=00400014   x2(sp)=7fefff80
#23963  pc=00400018
#23964  pc=0040001c
#23965  pc=00400020
#23966  pc=00400024   x8(s0/fp)=00000007
#23967  pc=00400028
#23968  pc=0040002c
#23969  pc=00400030
#23970  pc=0040004c   x10(a0)=00000006
#23971  pc=00400050
#23972  pc=00400014   x2(sp)=7fefff70
#23973  pc=00400018
#23974  pc=0040001c
#23975  pc=00400020
#23976  pc=00400024   x8(s0/fp)=00000006
#23977  pc=00400028
#23978  pc=0040002c
#23979  pc=00400030
#23980  pc=0040004c   x10(a0)=00000005
#23981  pc=00400050
#23982  pc=00400014   x2(sp)=7fefff60
#23983  pc=00400018
#23984  pc=0040001c
#23985  pc=00400020
#23986  pc=00400024   x8(s0/fp)=00000005
#23987  pc=00400028
#23988  pc=0040002c
#23989  pc=00400030
#23990  pc=0040004c   x10(a0)=00000004
#23991  pc=00400050
#23992  pc=00400014   x2(sp)=7fefff50
#23993  pc=00400018
#23994  pc=0040001c
#23995  pc=00400020
#23996  pc=00400024   x8(s0/fp)=00000004
#23997  pc=00400028
#23998  pc=0040002c
#23999  pc=00400030
#24000  pc=0040004c   x10(a0)=00000003
#24001  pc=00400050
#24002  pc=00400014   x2(sp)=7fefff40
#24003  pc=00400018
#24004  pc=0040001c
#24005  pc=00400020
#24006  pc=00400024   x8(s0/fp)=00000003
#24007  pc=00400028
#24008  pc=0040002c
#24009  pc=00400030
#24010  pc=0040004c   x10(a0)=00000002
#24011  pc=00400050
#24012  pc=00400014   x2(sp)=7fefff30
#24013  pc=00400018
#24014  pc=0040001c
#24015  pc=00400020
#24016  pc=00400024   x8(s0/fp)=00000002
#24017  pc=00400028
#24018  pc=0040002c
#24019  pc=00400030
#24020  pc=0040004c   x10(a0)=00000001
#24021  pc=00400050
#24022  pc=00400014   x2(sp)=7fefff20
#24023  pc=00400018
#24024  pc=0040001c
#24025  pc=00400020
#24026  pc=00400024   x8(s0/fp)=00000001
#24027  pc=00400028
#24028  pc=0040002c
#24029  pc=00400030
#24030  pc=00400034
#24031  pc=00400038
#24032  pc=0040003c   x8(s0/fp)=00000002
#24033  pc=00400040
#24034  pc=00400044   x2(sp)=7fefff30
#24035  pc=00400048
#24036  pc=00400054   x9(s1)=00000001
#24037  pc=00400058   x10(a0)=00000000
#24038  pc=0040005c   x1(ra)=00400060
#24039  pc=00400014   x2(sp)=7fefff20
#24040  pc=00400018
#24041  pc=0040001c
#24042  pc=00400020
#24043  pc=00400024   x8(s0/fp)=00000000
#24044  pc=00400028
#24045  pc=00400034
#24046  pc=00400038
#24047  pc=0040003c   x8(s0/fp)=00000002
#24048  pc=00400040
#24049  pc=00400044   x2(sp)=7fefff30
#24050  pc=00400048
#24051  pc=00400060   x8(s0/fp)=00000001
#24052  pc=00400064
#24053  pc=00400034   x10(a0)=00000001
#24054  pc=00400038   x1(ra)=00400054
#24055  pc=0040003c   x8(s0/fp)=00000003
#24056  pc=00400040   x9(s1)=00000037
#24057  pc=00400044   x2(sp)=7fefff40
#24058  pc=00400048
#24059  pc=00400054   x9(s1)=00000001
#24060  pc=00400058
#24061  pc=0040005c   x1(ra)=00400060
#24062  pc=00400014   x2(sp)=7fefff30
#24063  pc=00400018
#24064  pc=0040001c
#24065  pc=00400020
#24066  pc=00400024   x8(s0/fp)=00000001
#24067  pc=00400028
#24068  pc=0040002c
#24069  pc=00400030
#24070  pc=00400034
#24071  pc=00400038
#24072  pc=0040003c   x8(s0/fp)=00000003
#24073  pc=00400040
#24074  pc=00400044   x2(sp)=7fefff40
#24075  pc=00400048
#24076  pc=00400060   x8(s0/fp)=00000002
#24077  pc=00400064
#24078  pc=00400034   x10(a0)=00000002
#24079  pc=00400038   x1(ra)=00400054
#24080  pc=0040003c   x8(s0/fp)=00000004
#24081  pc=00400040   x9(s1)=00000037
#24082  pc=00400044   x2(sp)=7fefff50
#24083  pc=00400048
#24084  pc=00400054   x9(s1)=00000002
#24085  pc=00400058
#24086  pc=0040005c   x1(ra)=00400060
#24087  pc=00400014   x2(sp)=7fefff40
#24088  pc=00400018
#24089  pc=0040001c
#24090  pc=00400020
#24091  pc=00400024   x8(s0/fp)=00000002
#24092  pc=00400028
#24093  pc=0040002c
#24094  pc=00400030
#24095  pc=0040004c   x10(a0)=00000001
#24096  pc=00400050   x1(ra)=00400054
#24097  pc=00400014   x2(sp)=7fefff30
#24098  pc=00400018
#24099  pc=0040001c
#24100  pc=00400020
#24101  pc=00400024   x8(s0/fp)=00000001
#24102  pc=00400028
#24103  pc=0040002c
#24104  pc=00400030
#24105  pc=00400034
#24106  pc=00400038
#24107  pc=0040003c   x8(s0/fp)=00000002
#24108  pc=00400040
#24109  pc=00400044   x2(sp)=7fefff40
#24110  pc=00400048
#24111  pc=00400054   x9(s1)=00000001
#24112  pc=00400058   x10(a0)=00000000
#24113  pc=0040005c   x1(ra)=00400060
#24114  pc=00400014   x2(sp)=7fefff30
#24115  pc=00400018
#24116  pc=0040001c
#24117  pc=00400020
#24118  pc=00400024   x8(s0/fp)=00000000
#24119  pc=00400028
#24120  pc=00400034
#24121  pc=00400038
#24122  pc=0040003c   x8(s0/fp)=00000002
#24123  pc=00400040
#24124  pc=00400044   x2(sp)=7fefff40
#24125  pc=00400048
#24126  pc=00400060   x8(s0/fp)=00000001
#24127  pc=00400064
#24128  pc=00400034   x10(a0)=00000001
#24129  pc=00400038
#24130  pc=0040003c   x8(s0/fp)=00000004
#24131  pc=00400040   x9(s1)=00000002
#24132  pc=00400044   x2(sp)=7fefff50
#24133  pc=00400048
#24134  pc=00400060   x8(s0/fp)=00000003
#24135  pc=00400064
#24136  pc=00400034   x10(a0)=00000003
#24137  pc=00400038   x1(ra)=00400054
#24138  pc=0040003c   x8(s0/fp)=00000005
#24139  pc=00400040   x9(s1)=00000037
#24140  pc=00400044   x2(sp)=7fefff60
#24141  pc=00400048
#24142  pc=00400054   x9(s1)=00000003
#24143  pc=00400058
#24144  pc=0040005c   x1(ra)=00400060
#24145  pc=00400014   x2(sp)=7fefff50
#24146  pc=00400018
#24147  pc=0040001c
#24148  pc=00400020
#24149  pc=00400024   x8(s0/fp)=00000003
#24150  pc=00400028
#24151  pc=0040002c
#24152  pc=00400030
#24153  pc=0040004c   x10(a0)=00000002
#24154  pc=00400050   x1(ra)=00400054
#24155  pc=00400014   x2(sp)=7fefff40
#24156  pc=00400018
#24157  pc=0040001c
#24158  pc=00400020
#24159  pc=00400024   x8(s0/fp)=00000002
#24160  pc=00400028
#24161  pc=0040002c
#24162  pc=00400030
#24163  pc=0040004c   x10(a0)=00000001
#24164  pc=00400050
#24165  pc=00400014   x2(sp)=7fefff30
#24166  pc=00400018
#24167  pc=0040001c
#24168  pc=00400020
#24169  pc=00400024   x8(s0/fp)=00000001
#24170  pc=00400028
#24171  pc=0040002c
#24172  pc=00400030
#24173  pc=00400034
#24174  pc=00400038
#24175  pc=0040003c   x8(s0/fp)=00000002
#24176  pc=00400040
#24177  pc=00400044   x2(sp)=7fefff40
#24178  pc=00400048
#24179  pc=00400054   x9(s1)=00000001
#24180  pc=00400058   x10(a0)=00000000
#24181  pc=0040005c   x1(ra)=00400060
#24182  pc=00400014   x2(sp)=7fefff30
#24183  pc=00400018
#24184  pc=0040001c
#24185  pc=00400020
#24186  pc=00400024   x8(s0/fp)=00000000
#24187  pc=00400028
#24188  pc=00400034
#24189  pc=00400038
#24190  pc=0040003c   x8(s0/fp)=00000002
#24191  pc=00400040
#24192  pc=00400044   x2(sp)=7fefff40
#24193  pc=00400048
#24194  pc=00400060   x8(s0/fp)=00000001
#24195  pc=00400064
#24196  pc=00400034   x10(a0)=00000001
#24197  pc=00400038   x1(ra)=00400054
#24198  pc=0040003c   x8(s0/fp)=00000003
#24199  pc=00400040   x9(s1)=00000003
#24200  pc=00400044   x2(sp)=7fefff50
#24201  pc=00400048
#24202  pc=00400054   x9(s1)=00000001
#24203  pc=00400058
#24204  pc=0040005c   x1(ra)=00400060
#24205  pc=00400014   x2(sp)=7fefff40
#24206  pc=00400018
#24207  pc=0040001c
#24208  pc=00400020
#24209  pc=00400024   x8(s0/fp)=00000001
#24210  pc=00400028
#24211  pc=0040002c
#24212  pc=00400030
#24213  pc=00400034
#24214  pc=00400038
#24215  pc=0040003c   x8(s0/fp)=00000003
#24216  pc=00400040
#24217  pc=00400044   x2(sp)=7fefff50
#24218  pc=00400048
#24219  pc=00400060   x8(s0/fp)=00000002
#24220  pc=00400064
#24221  pc=00400034   x10(a0)=00000002
#24222  pc=00400038
#24223  pc=0040003c   x8(s0/fp)=00000005
#24224  pc=00400040   x9(s1)=00000003
#24225  pc=00400044   x2(sp)=7fefff60
#24226  pc=00400048
#24227  pc=00400060
#24228  pc=00400064
#24229  pc=00400034   x10(a0)=00000005
#24230  pc=00400038   x1(ra)=00400054
#24231  pc=0040003c   x8(s0/fp)=00000006
#24232  pc=00400040   x9(s1)=00000037
#24233  pc=00400044   x2(sp)=7fefff70
#24234  pc=00400048
#24235  pc=00400054   x9(s1)=00000005
#24236  pc=00400058   x10(a0)=00000004
#24237  pc=0040005c   x1(ra)=00400060
#24238  pc=00400014   x2(sp)=7fefff60
#24239  pc=00400018
#24240  pc=0040001c
#24241  pc=00400020
#24242  pc=00400024   x8(s0/fp)=00000004
#24243  pc=00400028
#24244  pc=0040002c
#24245  pc=00400030
#24246  pc=0040004c   x10(a0)=00000003
#24247  pc=00400050   x1(ra)=00400054
#24248  pc=00400014   x2(sp)=7fefff50
#24249  pc=00400018
#24250  pc=0040001c
#24251  pc=00400020
#24252  pc=00400024   x8(s0/fp)=00000003
#24253  pc=00400028
#24254  pc=0040002c
#24255  pc=00400030
#24256  pc=0040004c   x10(a0)=00000002
#24257  pc=00400050
#24258  pc=00400014   x2(sp)=7fefff40
#24259  pc=00400018
#24260  pc=0040001c
#24261  pc=00400020
#24262  pc=00400024   x8(s0/fp)=00000002
#24263  pc=00400028
#24264  pc=0040002c
#24265  pc=00400030
#24266  pc=0040004c   x10(a0)=00000001
#24267  pc=00400050
#24268  pc=00400014   x2(sp)=7fefff30
#24269  pc=00400018
#24270  pc=0040001c
#24271  pc=00400020
#24272  pc=00400024   x8(s0/fp)=00000001
#24273  pc=00400028
#24274  pc=0040002c
#24275  pc=00400030
#24276  pc=00400034
#24277  pc=00400038
#24278  pc=0040003c   x8(s0/fp)=00000002
#24279  pc=00400040
#24280  pc=00400044   x2(sp)=7fefff40
#24281  pc=00400048
#24282  pc=00400054   x9(s1)=00000001
#24283  pc=00400058   x10(a0)=00000000
#24284  pc=0040005c   x1(ra)=00400060
#24285  pc=00400014   x2(sp)=7fefff30
#24286  pc=00400018
#24287  pc=0040001c
#24288  pc=00400020
#24289  pc=00400024   x8(s0/fp)=00000000
#24290  pc=00400028
#24291  pc=00400034
#24292  pc=00400038
#24293  pc=0040003c   x8(s0/fp)=00000002
#24294  pc=00400040
#24295  pc=00400044   x2(sp)=7fefff40
#24296  pc=00400048
#24297  pc=00400060   x8(s0/fp)=00000001
#24298  pc=00400064
#24299  pc=00400034   x10(a0)=00000001
#24300  pc=00400038   x1(ra)=00400054
#24301  pc=0040003c   x8(s0/fp)=00000003
#24302  pc=00400040   x9(s1)=00000005
#24303  pc=00400044   x2(sp)=7fefff50
#24304  pc=00400048
#24305  pc=00400054   x9(s1)=00000001
#24306  pc=00400058
#24307  pc=0040005c   x1(ra)=00400060
#24308  pc=00400014   x2(sp)=7fefff40
#24309  pc=00400018
#24310  pc=0040001c
#24311  pc=00400020
#24312  pc=00400024   x8(s0/fp)=00000001
#24313  pc=00400028
#24314  pc=0040002c
#24315  pc=00400030
#24316  pc=00400034
#24317  pc=00400038
#24318  pc=0040003c   x8(s0/fp)=00000003
#24319  pc=00400040
#24320  pc=00400044   x2(sp)=7fefff50
#24321  pc=00400048
#24322  pc=00400060   x8(s0/fp)=00000002
#24323  pc=00400064
#24324  pc=00400034   x10(a0)=00000002
#24325  pc=00400038   x1(ra)=00400054
#24326  pc=0040003c   x8(s0/fp)=00000004
#24327  pc=00400040   x9(s1)=00000005
#24328  pc=00400044   x2(sp)=7fefff60
#24329  pc=00400048
#24330  pc=00400054   x9(s1)=00000002
#24331  pc=00400058
#24332  pc=0040005c   x1(ra)=00400060
#24333  pc=00400014   x2(sp)=7fefff50
#24334  pc=00400018
#24335  pc=0040001c
#24336  pc=00400020
#24337  pc=00400024   x8(s0/fp)=00000002
#24338  pc=00400028
#24339  pc=0040002c
#24340  pc=00400030
#24341  pc=0040004c   x10(a0)=00000001
#24342  pc=00400050   x1(ra)=00400054
#24343  pc=00400014   x2(sp)=7fefff40
#24344  pc=00400018
#24345  pc=0040001c
#24346  pc=00400020
#24347  pc=00400024   x8(s0/fp)=00000001
#24348  pc=00400028
#24349  pc=0040002c
#24350  pc=00400030
#24351  pc=00400034
#24352  pc=00400038
#24353  pc=0040003c   x8(s0/fp)=00000002
#24354  pc=00400040
#24355  pc=00400044   x2(sp)=7fefff50
#24356  pc=00400048
#24357  pc=00400054   x9(s1)=00000001
#24358  pc=00400058   x10(a0)=00000000
#24359  pc=0040005c   x1(ra)=00400060
#24360  pc=00400014   x2(sp)=7fefff40
#24361  pc=00400018
#24362  pc=0040001c
#24363  pc=00400020
#24364  pc=00400024   x8(s0/fp)=00000000
#24365  pc=00400028
#24366  pc=00400034
#24367  pc=00400038
#24368  pc=0040003c   x8(s0/fp)=00000002
#24369  pc=00400040
#24370  pc=00400044   x2(sp)=7fefff50
#24371  pc=00400048
#24372  pc=00400060   x8(s0/fp)=00000001
#24373  pc=00400064
#24374  pc=00400034   x10(a0)=00000001
#24375  pc=00400038
#24376  pc=0040003c   x8(s0/fp)=00000004
#24377  pc=00400040   x9(s1)=00000002
#24378  pc=00400044   x2(sp)=7fefff60
#24379  pc=00400048
#24380  pc=00400060   x8(s0/fp)=00000003
#24381  pc=00400064
#24382  pc=00400034   x10(a0)=00000003
#24383  pc=00400038
#24384  pc=0040003c   x8(s0/fp)=00000006
#24385  pc=00400040   x9(s1)=00000005
#24386  pc=00400044   x2(sp)=7fefff70
#24387  pc=00400048
#24388  pc=00400060   x8(s0/fp)=00000008
#24389  pc=00400064
#24390  pc=00400034   x10(a0)=00000008
#24391  pc=00400038   x1(ra)=00400054
#24392  pc=0040003c   x8(s0/fp)=00000007
#24393  pc=00400040   x9(s1)=00000037
#24394  pc=00400044   x2(sp)=7fefff80
#24395  pc=00400048
#24396  pc=00400054   x9(s1)=00000008
#24397  pc=00400058   x10(a0)=00000005
#24398  pc=0040005c   x1(ra)=00400060
#24399  pc=00400014   x2(sp)=7fefff70
#24400  pc=00400018
#24401  pc=0040001c
#24402  pc=00400020
#24403  pc=00400024   x8(s0/fp)=00000005
#24404  pc=00400028
#24405  pc=0040002c
#24406  pc=00400030
#24407  pc=0040004c   x10(a0)=00000004
#24408  pc=00400050   x1(ra)=00400054
#24409  pc=00400014   x2(sp)=7fefff60
#24410  pc=00400018
#24411  pc=0040001c
#24412  pc=00400020
#24413  pc=00400024   x8(s0/fp)=00000004
#24414  pc=00400028
#24415  pc=0040002c
#24416  pc=00400030
#24417  pc=0040004c   x10(a0)=00000003
#24418  pc=00400050
#24419  pc=00400014   x2(sp)=7fefff50
#24420  pc=00400018
#24421  pc=0040001c
#24422  pc=00400020
#24423  pc=00400024   x8(s0/fp)=00000003
#24424  pc=00400028
#24425  pc=0040002c
#24426  pc=00400030
#24427  pc=0040004c   x10(a0)=00000002
#24428  pc=00400050
#24429  pc=00400014   x2(sp)=7fefff40
#24430  pc=00400018
#24431  pc=0040001c
#24432  pc=00400020
#24433  pc=00400024   x8(s0/fp)=00000002
#24434  pc=00400028
#24435  pc=0040002c
#24436  pc=00400030
#24437  pc=0040004c   x10(a0)=00000001
#24438  pc=00400050
#24439  pc=00400014   x2(sp)=7fefff30
#24440  pc=00400018
#24441  pc=0040001c
#24442  pc=00400020
#24443  pc=00400024   x8(s0/fp)=00000001
#24444  pc=00400028
#24445  pc=0040002c
#24446  pc=00400030
#24447  pc=00400034
#24448  pc=00400038
#24449  pc=0040003c   x8(s0/fp)=00000002
#24450  pc=00400040
#24451  pc=00400044   x2(sp)=7fefff40
#24452  pc=00400048
#24453  pc=00400054   x9(s1)=00000001
#24454  pc=00400058   x10(a0)=00000000
#24455  pc=0040005c   x1(ra)=00400060
#24456  pc=00400014   x2(sp)=7fefff30
#24457  pc=00400018
#24458  pc=0040001c
#24459  pc=00400020
#24460  pc=00400024   x8(s0/fp)=00000000
#24461  pc=00400028
#24462  pc=00400034
#24463  pc=00400038
#24464  pc=0040003c   x8(s0/fp)=00000002
#24465  pc=00400040
#24466  pc=00400044   x2(sp)=7fefff40
#24467  pc=00400048
#24468  pc=00400060   x8(s0/fp)=00000001
#24469  pc=00400064
#24470  pc=00400034   x10(a0)=00000001
#24471  pc=00400038   x1(ra)=00400054
#24472  pc=0040003c   x8(s0/fp)=00000003
#24473  pc=00400040   x9(s1)=00000008
#24474  pc=00400044   x2(sp)=7fefff50
#24475  pc=00400048
#24476  pc=00400054   x9(s1)=00000001
#24477  pc=00400058
#24478  pc=0040005c   x1(ra)=00400060
#24479  pc=00400014   x2(sp)=7fefff40
#24480  pc=00400018
#24481  pc=0040001c
#24482  pc=00400020
#24483  pc=00400024   x8(s0/fp)=00000001
#24484  pc=00400028
#24485  pc=0040002c
#24486  pc=00400030
#24487  pc=00400034
#24488  pc=00400038
#24489  pc=0040003c   x8(s0/fp)=00000003
#24490  pc=00400040
#24491  pc=00400044   x2(sp)=7fefff50
#24492  pc=00400048
#24493  pc=00400060   x8(s0/fp)=00000002
#24494  pc=00400064
#24495  pc=00400034   x10(a0)=00000002
#24496  pc=00400038   x1(ra)=00400054
#24497  pc=0040003c   x8(s0/fp)=00000004
#24498  pc=00400040   x9(s1)=00000008
#24499  pc=00400044   x2(sp)=7fefff60
#24500  pc=00400048
#24501  pc=00400054   x9(s1)=00000002
#24502  pc=00400058
#24503  pc=0040005c   x1(ra)=00400060
#24504  pc=00400014   x2(sp)=7fefff50
#24505  pc=00400018
#24506  pc=0040001c
#24507  pc=00400020
#24508  pc=00400024   x8(s0/fp)=00000002
#24509  pc=00400028
#24510  pc=0040002c
#24511  pc=00400030
#24512  pc=0040004c   x10(a0)=00000001
#24513  pc=00400050   x1(ra)=00400054
#24514  pc=00400014   x2(sp)=7fefff40
#24515  pc=00400018
#24516  pc=0040001c
#24517  pc=00400020
#24518  pc=00400024   x8(s0/fp)=00000001
#24519  pc=00400028
#24520  pc=0040002c
#24521  pc=00400030
#24522  pc=00400034
#24523  pc=00400038
#24524  pc=0040003c   x8(s0/fp)=00000002
#24525  pc=00400040
#24526  pc=00400044   x2(sp)=7fefff50
#24527  pc=00400048
#24528  pc=00400054   x9(s1)=00000001
#24529  pc=00400058   x10(a0)=00000000
#24530  pc=0040005c   x1(ra)=00400060
#24531  pc=00400014   x2(sp)=7fefff40
#24532  pc=00400018
#24533  pc=0040001c
#24534  pc=00400020
#24535  pc=00400024   x8(s0/fp)=00000000
#24536  pc=00400028
#24537  pc=00400034
#24538  pc=00400038
#24539  pc=0040003c   x8(s0/fp)=00000002
#24540  pc=00400040
#24541  pc=00400044   x2(sp)=7fefff50
#24542  pc=00400048
#24543  pc=00400060   x8(s0/fp)=00000001
#24544  pc=00400064
#24545  pc=00400034   x10(a0)=00000001
#24546  pc=00400038
#24547  pc=0040003c   x8(s0/fp)=00000004
#24548  pc=00400040   x9(s1)=00000002
#24549  pc=00400044   x2(sp)=7fefff60
#24550  pc=00400048
#24551  pc=00400060   x8(s0/fp)=00000003
#24552  pc=00400064
#24553  pc=00400034   x10(a0)=00000003
#24554  pc=00400038   x1(ra)=00400054
#24555  pc=0040003c   x8(s0/fp)=00000005
#24556  pc=00400040   x9(s1)=00000008
#24557  pc=00400044   x2(sp)=7fefff70
#24558  pc=00400048
#24559  pc=00400054   x9(s1)=00000003
#24560  pc=00400058
#24561  pc=0040005c   x1(ra)=00400060
#24562  pc=00400014   x2(sp)=7fefff60
#24563  pc=00400018
#24564  pc=0040001c
#24565  pc=00400020
#24566  pc=00400024   x8(s0/fp)=00000003
#24567  pc=00400028
#24568  pc=0040002c
#24569  pc=00400030
#24570  pc=0040004c   x10(a0)=00000002
#24571  pc=00400050   x1(ra)=00400054
#24572  pc=00400014   x2(sp)=7fefff50
#24573  pc=00400018
#24574  pc=0040001c
#24575  pc=00400020
#24576  pc=00400024   x8(s0/fp)=00000002
#24577  pc=00400028
#24578  pc=0040002c
#24579  pc=00400030
#24580  pc=0040004c   x10(a0)=00000001
#24581  pc=00400050
#24582  pc=00400014   x2(sp)=7fefff40
#24583  pc=00400018
#24584  pc=0040001c
#24585  pc=00400020
#24586  pc=00400024   x8(s0/fp)=00000001
#24587  pc=00400028
#24588  pc=0040002c
#24589  pc=00400030
#24590  pc=00400034
#24591  pc=00400038
#24592  pc=0040003c   x8(s0/fp)=00000002
#24593  pc=00400040
#24594  pc=00400044   x2(sp)=7fefff50
#24595  pc=00400048
#24596  pc=00400054   x9(s1)=00000001
#24597  pc=00400058   x10(a0)=00000000
#24598  pc=0040005c   x1(ra)=00400060
#24599  pc=00400014   x2(sp)=7fefff40
#24600  pc=00400018
#24601  pc=0040001c
#24602  pc=00400020
#24603  pc=00400024   x8(s0/fp)=00000000
#24604  pc=00400028
#24605  pc=00400034
#24606  pc=00400038
#24607  pc=0040003c   x8(s0/fp)=00000002
#24608  pc=00400040
#24609  pc=00400044   x2(sp)=7fefff50
#24610  pc=00400048
#24611  pc=00400060   x8(s0/fp)=00000001
#24612  pc=00400064
#24613  pc=00400034   x10(a0)=00000001
#24614  pc=00400038   x1(ra)=00400054
#24615  pc=0040003c   x8(s0/fp)=00000003
#24616  pc=00400040   x9(s1)=00000003
#24617  pc=00400044   x2(sp)=7fefff60
#24618  pc=00400048
#24619  pc=00400054   x9(s1)=00000001
#24620  pc=00400058
#24621  pc=0040005c   x1(ra)=00400060
#24622  pc=00400014   x2(sp)=7fefff50
#24623  pc=00400018
#24624  pc=0040001c
#24625  pc=00400020
#24626  pc=00400024   x8(s0/fp)=00000001
#24627  pc=00400028
#24628  pc=0040002c
#24629  pc=00400030
#24630  pc=00400034
#24631  pc=00400038
#24632  pc=0040003c   x8(s0/fp)=00000003
#24633  pc=00400040
#24634  pc=00400044   x2(sp)=7fefff60
#24635  pc=00400048
#24636  pc=00400060   x8(s0/fp)=00000002
#24637  pc=00400064
#24638  pc=00400034   x10(a0)=00000002
#24639  pc=00400038
#24640  pc=0040003c   x8(s0/fp)=00000005
#24641  pc=00400040   x9(s1)=00000003
#24642  pc=00400044   x2(sp)=7fefff70
#24643  pc=00400048
#24644  pc=00400060
#24645  pc=00400064
#24646  pc=00400034   x10(a0)=00000005
#24647  pc=00400038
#24648  pc=0040003c   x8(s0/fp)=00000007
#24649  pc=00400040   x9(s1)=00000008
#24650  pc=00400044   x2(sp)=7fefff80
#24651  pc=00400048
#24652  pc=00400060   x8(s0/fp)=0000000d
#24653  pc=00400064
#24654  pc=00400034   x10(a0)=0000000d
#24655  pc=00400038   x1(ra)=00400054
#24656  pc=0040003c   x8(s0/fp)=00000008
#24657  pc=00400040   x9(s1)=00000037
#24658  pc=00400044   x2(sp)=7fefff90
#24659  pc=00400048
#24660  pc=00400054   x9(s1)=0000000d
#24661  pc=00400058   x10(a0)=00000006
#24662  pc=0040005c   x1(ra)=00400060
#24663  pc=00400014   x2(sp)=7fefff80
#24664  pc=00400018
#24665  pc=0040001c
#24666  pc=00400020
#24667  pc=00400024   x8(s0/fp)=00000006
#24668  pc=00400028
#24669  pc=0040002c
#24670  pc=00400030
#24671  pc=0040004c   x10(a0)=00000005
#24672  pc=00400050   x1(ra)=00400054
#24673  pc=00400014   x2(sp)=7fefff70
#24674  pc=00400018
#24675  pc=0040001c
#24676  pc=00400020
#24677  pc=00400024   x8(s0/fp)=00000005
#24678  pc=00400028
#24679  pc=0040002c
#24680  pc=00400030
#24681  pc=0040004c   x10(a0)=00000004
#24682  pc=00400050
#24683  pc=00400014   x2(sp)=7fefff60
#24684  pc=00400018
#24685  pc=0040001c
#24686  pc=00400020
#24687  pc=00400024   x8(s0/fp)=00000004
#24688  pc=00400028
#24689  pc=0040002c
#24690  pc=00400030
#24691  pc=0040004c   x10(a0)=00000003
#24692  pc=00400050
#24693  pc=00400014   x2(sp)=7fefff50
#24694  pc=00400018
#24695  pc=0040001c
#24696  pc=00400020
#24697  pc=00400024   x8(s0/fp)=00000003
#24698  pc=00400028
#24699  pc=0040002c
#24700  pc=00400030
#24701  pc=0040004c   x10(a0)=00000002
#24702  pc=00400050
#24703  pc=00400014   x2(sp)=7fefff40
#24704  pc=00400018
#24705  pc=0040001c
#24706  pc=00400020
#24707  pc=00400024   x8(s0/fp)=00000002
#24708  pc=00400028
#24709  pc=0040002c
#24710  pc=00400030
#24711  pc=0040004c   x10(a0)=00000001
#24712  pc=00400050
#24713  pc=00400014   x2(sp)=7fefff30
#24714  pc=00400018
#24715  pc=0040001c
#24716  pc=00400020
#24717  pc=00400024   x8(s0/fp)=00000001
#24718  pc=00400028
#24719  pc=0040002c
#24720  pc=00400030
#24721  pc=00400034
#24722  pc=00400038
#24723  pc=0040003c   x8(s0/fp)=00000002
#24724  pc=00400040
#24725  pc=00400044   x2(sp)=7fefff40
#24726  pc=00400048
#24727  pc=00400054   x9(s1)=00000001
#24728  pc=00400058   x10(a0)=00000000
#24729  pc=0040005c   x1(ra)=00400060
#24730  pc=00400014   x2(sp)=7fefff30
#24731  pc=00400018
#24732  pc=0040001c
#24733  pc=00400020
#24734  pc=00400024   x8(s0/fp)=00000000
#24735  pc=00400028
#24736  pc=00400034
#24737  pc=00400038
#24738  pc=0040003c   x8(s0/fp)=00000002
#24739  pc=00400040
#24740  pc=00400044   x2(sp)=7fefff40
#24741  pc=00400048
#24742  pc=00400060   x8(s0/fp)=00000001
#24743  pc=00400064
#24744  pc=00400034   x10(a0)=00000001
#24745  pc=00400038   x1(ra)=00400054
#24746  pc=0040003c   x8(s0/fp)=00000003
#24747  pc=00400040   x9(s1)=0000000d
#24748  pc=00400044   x2(sp)=7fefff50
#24749  pc=00400048
#24750  pc=00400054   x9(s1)=00000001
#24751  pc=00400058
#24752  pc=0040005c   x1(ra)=00400060
#24753  pc=00400014   x2(sp)=7fefff40
#24754  pc=00400018
#24755  pc=0040001c
#24756  pc=00400020
#24757  pc=00400024   x8(s0/fp)=00000001
#24758  pc=00400028
#24759  pc=0040002c
#24760  pc=00400030
#24761  pc=00400034
#24762  pc=00400038
#24763  pc=0040003c   x8(s0/fp)=00000003
#24764  pc=00400040
#24765  pc=00400044   x2(sp)=7fefff50
#24766  pc=00400048
#24767  pc=00400060   x8(s0/fp)=00000002
#24768  pc=00400064
#24769  pc=00400034   x10(a0)=00000002
#24770  pc=00400038   x1(ra)=00400054
#24771  pc=0040003c   x8(s0/fp)=00000004
#24772  pc=00400040   x9(s1)=0000000d
#24773  pc=00400044   x2(sp)=7fefff60
#24774  pc=00400048
#24775  pc=00400054   x9(s1)=00000002
#24776  pc=00400058
#24777  pc=0040005c   x1(ra)=00400060
#24778  pc=00400014   x2(sp)=7fefff50
#24779  pc=00400018
#24780  pc=0040001c
#24781  pc=00400020
#24782  pc=00400024   x8(s0/fp)=00000002
#24783  pc=00400028
#24784  pc=0040002c
#24785  pc=00400030
#24786  pc=0040004c   x10(a0)=00000001
#24787  pc=00400050   x1(ra)=00400054
#24788  pc=00400014   x2(sp)=7fefff40
#24789  pc=00400018
#24790  pc=0040001c
#24791  pc=00400020
#24792  pc=00400024   x8(s0/fp)=00000001
#24793  pc=00400028
#24794  pc=0040002c
#24795  pc=00400030
#24796  pc=00400034
#24797  pc=00400038
#24798  pc=0040003c   x8(s0/fp)=00000002
#24799  pc=00400040
#24800  pc=00400044   x2(sp)=7fefff50
#24801  pc=00400048
#24802  pc=00400054   x9(s1)=00000001
#24803  pc=00400058   x10(a0)=00000000
#24804  pc=0040005c   x1(ra)=00400060
#24805  pc=00400014   x2(sp)=7fefff40
#24806  pc=00400018
#24807  pc=0040001c
#24808  pc=00400020
#24809  pc=00400024   x8(s0/fp)=00000000
#24810  pc=00400028
#24811  pc=00400034
#24812  pc=00400038
#24813  pc=0040003c   x8(s0/fp)=00000002
#24814  pc=00400040
#24815  pc=00400044   x2(sp)=7fefff50
#24816  pc=00400048
#24817  pc=00400060   x8(s0/fp)=00000001
#24818  pc=00400064
#24819  pc=00400034   x10(a0)=00000001
#24820  pc=00400038
#24821  pc=0040003c   x8(s0/fp)=00000004
#24822  pc=00400040   x9(s1)=00000002
#24823  pc=00400044   x2(sp)=7fefff60
#24824  pc=00400048
#24825  pc=00400060   x8(s0/fp)=00000003
#24826  pc=00400064
#24827  pc=00400034   x10(a0)=00000003
#24828  pc=00400038   x1(ra)=00400054
#24829  pc=0040003c   x8(s0/fp)=00000005
#24830  pc=00400040   x9(s1)=0000000d
#24831  pc=00400044   x2(sp)=7fefff70
#24832  pc=00400048
#24833  pc=00400054   x9(s1)=00000003
#24834  pc=00400058
#24835  pc=0040005c   x1(ra)=00400060
#24836  pc=00400014   x2(sp)=7fefff60
#24837  pc=00400018
#24838  pc=0040001c
#24839  pc=00400020
#24840  pc=00400024   x8(s0/fp)=00000003
#24841  pc=00400028
#24842  pc=0040002c
#24843  pc=00400030
#24844  pc=0040004c   x10(a0)=00000002
#24845  pc=00400050   x1(ra)=00400054
#24846  pc=00400014   x2(sp)=7fefff50
#24847  pc=00400018
#24848  pc=0040001c
#24849  pc=00400020
#24850  pc=00400024   x8(s0/fp)=00000002
#24851  pc=00400028
#24852  pc=0040002c
#24853  pc=00400030
#24854  pc=0040004c   x10(a0)=00000001
#24855  pc=00400050
#24856  pc=00400014   x2(sp)=7fefff40
#24857  pc=00400018
#24858  pc=0040001c
#24859  pc=00400020
#24860  pc=00400024   x8(s0/fp)=00000001
#24861  pc=00400028
#24862  pc=0040002c
#24863  pc=00400030
#24864  pc=00400034
#24865  pc=00400038
#24866  pc=0040003c   x8(s0/fp)=00000002
#24867  pc=00400040
#24868  pc=00400044   x2(sp)=7fefff50
#24869  pc=00400048
#24870  pc=00400054   x9(s1)=00000001
#24871  pc=00400058   x10(a0)=00000000
#24872  pc=0040005c   x1(ra)=00400060
#24873  pc=00400014   x2(sp)=7fefff40
#24874  pc=00400018
#24875  pc=0040001c
#24876  pc=00400020
#24877  pc=00400024   x8(s0/fp)=00000000
#24878  pc=00400028
#24879  pc=00400034
#24880  pc=00400038
#24881  pc=0040003c   x8(s0/fp)=00000002
#24882  pc=00400040
#24883  pc=00400044   x2(sp)=7fefff50
#24884  pc=00400048
#24885  pc=00400060   x8(s0/fp)=00000001
#24886  pc=00400064
#24887  pc=00400034   x10(a0)=00000001
#24888  pc=00400038   x1(ra)=00400054
#24889  pc=0040003c   x8(s0/fp)=00000003
#24890  pc=00400040   x9(s1)=00000003
#24891  pc=00400044   x2(sp)=7fefff60
#24892  pc=00400048
#24893  pc=00400054   x9(s1)=00000001
#24894  pc=00400058
#24895  pc=0040005c   x1(ra)=00400060
#24896  pc=00400014   x2(sp)=7fefff50
#24897  pc=00400018
#24898  pc=0040001c
#24899  pc=00400020
#24900  pc=00400024   x8(s0/fp)=00000001
#24901  pc=00400028
#24902  pc=0040002c
#24903  pc=00400030
#24904  pc=00400034
#24905  pc=00400038
#24906  pc=0040003c   x8(s0/fp)=00000003
#24907  pc=00400040
#24908  pc=00400044   x2(sp)=7fefff60
#24909  pc=00400048
#24910  pc=00400060   x8(s0/fp)=00000002
#24911  pc=00400064
#24912  pc=00400034   x10(a0)=00000002
#24913  pc=00400038
#24914  pc=0040003c   x8(s0/fp)=00000005
#24915  pc=00400040   x9(s1)=00000003
#24916  pc=00400044   x2(sp)=7fefff70
#24917  pc=00400048
#24918  pc=00400060
#24919  pc=00400064
#24920  pc=00400034   x10(a0)=00000005
#24921  pc=00400038   x1(ra)=00400054
#24922  pc=0040003c   x8(s0/fp)=00000006
#24923  pc=00400040   x9(s1)=0000000d
#24924  pc=00400044   x2(sp)=7fefff80
#24925  pc=00400048
#24926  pc=00400054   x9(s1)=00000005
#24927  pc=00400058   x10(a0)=00000004
#24928  pc=0040005c   x1(ra)=00400060
#24929  pc=00400014   x2(sp)=7fefff70
#24930  pc=00400018
#24931  pc=0040001c
#24932  pc=00400020
#24933  pc=00400024   x8(s0/fp)=00000004
#24934  pc=00400028
#24935  pc=0040002c
#24936  pc=00400030
#24937  pc=0040004c   x10(a0)=00000003
#24938  pc=00400050   x1(ra)=00400054
#24939  pc=00400014   x2(sp)=7fefff60
#24940  pc=00400018
#24941  pc=0040001c
#24942  pc=00400020
#24943  pc=00400024   x8(s0/fp)=00000003
#24944  pc=00400028
#24945  pc=0040002c
#24946  pc=00400030
#24947  pc=0040004c   x10(a0)=00000002
#24948  pc=00400050
#24949  pc=00400014   x2(sp)=7fefff50
#24950  pc=00400018
#24951  pc=0040001c
#24952  pc=00400020
#24953  pc=00400024   x8(s0/fp)=00000002
#24954  pc=00400028
#24955  pc=0040002c
#24956  pc=00400030
#24957  pc=0040004c   x10(a0)=00000001
#24958  pc=00400050
#24959  pc=00400014   x2(sp)=7fefff40
#24960  pc=00400018
#24961  pc=0040001c
#24962  pc=00400020
#24963  pc=00400024   x8(s0/fp)=00000001
#24964  pc=00400028
#24965  pc=0040002c
#24966  pc=00400030
#24967  pc=00400034
#24968  pc=00400038
#24969  pc=0040003c   x8(s0/fp)=00000002
#24970  pc=00400040
#24971  pc=00400044   x2(sp)=7fefff50
#24972  pc=00400048
#24973  pc=00400054   x9(s1)=00000001
#24974  pc=00400058   x10(a0)=00000000
#24975  pc=0040005c   x1(ra)=00400060
#24976  pc=00400014   x2(sp)=7fefff40
#24977  pc=00400018
#24978  pc=0040001c
#24979  pc=00400020
#24980  pc=00400024   x8(s0/fp)=00000000
#24981  pc=00400028
#24982  pc=00400034
#24983  pc=00400038
#24984  pc=0040003c   x8(s0/fp)=00000002
#24985  pc=00400040
#24986  pc=00400044   x2(sp)=7fefff50
#24987  pc=00400048
#24988  pc=00400060   x8(s0/fp)=00000001
#24989  pc=00400064
#24990  pc=00400034   x10(a0)=00000001
#24991  pc=00400038   x1(ra)=00400054
#24992  pc=0040003c   x8(s0/fp)=00000003
#24993  pc=00400040   x9(s1)=00000005
#24994  pc=00400044   x2(sp)=7fefff60
#24995  pc=00400048
#24996  pc=00400054   x9(s1)=00000001
#24997  pc=00400058
#24998  pc=0040005c   x1(ra)=00400060
#24999  pc=00400014   x2(sp)=7fefff50
#25000  pc=00400018
#25001  pc=0040001c
#25002  pc=00400020
#25003  pc=00400024   x8(s0/fp)=00000001
#25004  pc=00400028
#25005  pc=0040002c
#25006  pc=00400030
#25007  pc=00400034
#25008  pc=00400038
#25009  pc=0040003c   x8(s0/fp)=00000003
#25010  pc=00400040
#25011  pc=00400044   x2(sp)=7fefff60
#25012  pc=00400048
#25013  pc=00400060   x8(s0/fp)=00000002
#25014  pc=00400064
#25015  pc=00400034   x10(a0)=00000002
#25016  pc=00400038   x1(ra)=00400054
#25017  pc=0040003c   x8(s0/fp)=00000004
#25018  pc=00400040   x9(s1)=00000005
#25019  pc=00400044   x2(sp)=7fefff70
#25020  pc=00400048
#25021  pc=00400054   x9(s1)=00000002
#25022  pc=00400058
#25023  pc=0040005c   x1(ra)=00400060
#25024  pc=00400014   x2(sp)=7fefff60
#25025  pc=00400018
#25026  pc=0040001c
#25027  pc=00400020
#25028  pc=00400024   x8(s0/fp)=00000002
#25029  pc=00400028
#25030  pc=0040002c
#25031  pc=00400030
#25032  pc=0040004c   x10(a0)=00000001
#25033  pc=00400050   x1(ra)=00400054
#25034  pc=00400014   x2(sp)=7fefff50
#25035  pc=00400018
#25036  pc=0040001c
#25037  pc=00400020
#25038  pc=00400024   x8(s0/fp)=00000001
#25039  pc=00400028
#25040  pc=0040002c
#25041  pc=00400030
#25042  pc=00400034
#25043  pc=00400038
#25044  pc=0040003c   x8(s0/fp)=00000002
#25045  pc=00400040
#25046  pc=00400044   x2(sp)=7fefff60
#25047  pc=00400048
#25048  pc=00400054   x9(s1)=00000001
#25049  pc=00400058   x10(a0)=00000000
#25050  pc=0040005c   x1(ra)=00400060
#25051  pc=00400014   x2(sp)=7fefff50
#25052  pc=00400018
#25053  pc=0040001c
#25054  pc=00400020
#25055  pc=00400024   x8(s0/fp)=00000000
#25056  pc=00400028
#25057  pc=00400034
#25058  pc=00400038
#25059  pc=0040003c   x8(s0/fp)=00000002
#25060  pc=00400040
#25061  pc=00400044   x2(sp)=7fefff60
#25062  pc=00400048
#25063  pc=00400060   x8(s0/fp)=00000001
#25064  pc=00400064
#25065  pc=00400034   x10(a0)=00000001
#25066  pc=00400038
#25067  pc=0040003c   x8(s0/fp)=00000004
#25068  pc=00400040   x9(s1)=00000002
#25069  pc=00400044   x2(sp)=7fefff70
#25070  pc=00400048
#25071  pc=00400060   x8(s0/fp)=00000003
#25072  pc=00400064
#25073  pc=00400034   x10(a0)=00000003
#25074  pc=00400038
#25075  pc=0040003c   x8(s0/fp)=00000006
#25076  pc=00400040   x9(s1)=00000005
#25077  pc=00400044   x2(sp)=7fefff80
#25078  pc=00400048
#25079  pc=00400060   x8(s0/fp)=00000008
#25080  pc=00400064
#25081  pc=00400034   x10(a0)=00000008
#25082  pc=00400038
#25083  pc=0040003c
#25084  pc=00400040   x9(s1)=0000000d
#25085  pc=00400044   x2(sp)=7fefff90
#25086  pc=00400048
#25087  pc=00400060   x8(s0/fp)=00000015
#25088  pc=00400064
#25089  pc=00400034   x10(a0)=00000015
#25090  pc=00400038   x1(ra)=00400054
#25091  pc=0040003c   x8(s0/fp)=00000009
#25092  pc=00400040   x9(s1)=00000037
#25093  pc=00400044   x2(sp)=7fefffa0
#25094  pc=00400048
#25095  pc=00400054   x9(s1)=00000015
#25096  pc=00400058   x10(a0)=00000007
#25097  pc=0040005c   x1(ra)=00400060
#25098  pc=00400014   x2(sp)=7fefff90
#25099  pc=00400018
#25100  pc=0040001c
#25101  pc=00400020
#25102  pc=00400024   x8(s0/fp)=00000007
#25103  pc=00400028
#25104  pc=0040002c
#25105  pc=00400030
#25106  pc=0040004c   x10(a0)=00000006
#25107  pc=00400050   x1(ra)=00400054
#25108  pc=00400014   x2(sp)=7fefff80
#25109  pc=00400018
#25110  pc=0040001c
#25111  pc=00400020
#25112  pc=00400024   x8(s0/fp)=00000006
#25113  pc=00400028
#25114  pc=0040002c
#25115  pc=00400030
#25116  pc=0040004c   x10(a0)=00000005
#25117  pc=00400050
#25118  pc=00400014   x2(sp)=7fefff70
#25119  pc=00400018
#25120  pc=0040001c
#25121  pc=00400020
#25122  pc=00400024   x8(s0/fp)=00000005
#25123  pc=00400028
#25124  pc=0040002c
#25125  pc=00400030
#25126  pc=0040004c   x10(a0)=00000004
#25127  pc=00400050
#25128  pc=00400014   x2(sp)=7fefff60
#25129  pc=00400018
#25130  pc=0040001c
#25131  pc=00400020
#25132  pc=00400024   x8(s0/fp)=00000004
#25133  pc=00400028
#25134  pc=0040002c
#25135  pc=00400030
#25136  pc=0040004c   x10(a0)=00000003
#25137  pc=00400050
#25138  pc=00400014   x2(sp)=7fefff50
#25139  pc=00400018
#25140  pc=0040001c
#25141  pc=00400020
#25142  pc=00400024   x8(s0/fp)=00000003
#25143  pc=00400028
#25144  pc=0040002c
#25145  pc=00400030
#25146  pc=0040004c   x10(a0)=00000002
#25147  pc=00400050
#25148  pc=00400014   x2(sp)=7fefff40
#25149  pc=00400018
#25150  pc=0040001c
#25151  pc=00400020
#25152  pc=00400024   x8(s0/fp)=00000002
#25153  pc=00400028
#25154  pc=0040002c
#25155  pc=00400030
#25156  pc=0040004c   x10(a0)=00000001
#25157  pc=00400050
#25158  pc=00400014   x2(sp)=7fefff30
#25159  pc=00400018
#25160  pc=0040001c
#25161  pc=00400020
#25162  pc=00400024   x8(s0/fp)=00000001
#25163  pc=00400028
#25164  pc=0040002c
#25165  pc=00400030
#25166  pc=00400034
#25167  pc=00400038
#25168  pc=0040003c   x8(s0/fp)=00000002
#25169  pc=00400040
#25170  pc=00400044   x2(sp)=7fefff40
#25171  pc=00400048
#25172  pc=00400054   x9(s1)=00000001
#25173  pc=00400058   x10(a0)=00000000
#25174  pc=0040005c   x1(ra)=00400060
#25175  pc=00400014   x2(sp)=7fefff30
#25176  pc=00400018
#25177  pc=0040001c
#25178  pc=00400020
#25179  pc=00400024   x8(s0/fp)=00000000
#25180  pc=00400028
#25181  pc=00400034
#25182  pc=00400038
#25183  pc=0040003c   x8(s0/fp)=00000002
#25184  pc=00400040
#25185  pc=00400044   x2(sp)=7fefff40
#25186  pc=00400048
#25187  pc=00400060   x8(s0/fp)=00000001
#25188  pc=00400064
#25189  pc=00400034   x10(a0)=00000001
#25190  pc=00400038   x1(ra)=00400054
#25191  pc=0040003c   x8(s0/fp)=00000003
#25192  pc=00400040   x9(s1)=00000015
#25193  pc=00400044   x2(sp)=7fefff50
#25194  pc=00400048
#25195  pc=00400054   x9(s1)=00000001
#25196  pc=00400058
#25197  pc=0040005c   x1(ra)=00400060
#25198  pc=00400014   x2(sp)=7fefff40
#25199  pc=00400018
#25200  pc=0040001c
#25201  pc=00400020
#25202  pc=00400024   x8(s0/fp)=00000001
#25203  pc=00400028
#25204  pc=0040002c
#25205  pc=00400030
#25206  pc=00400034
#25207  pc=00400038
#25208  pc=0040003c   x8(s0/fp)=00000003
#25209  pc=00400040
#25210  pc=00400044   x2(sp)=7fefff50
#25211  pc=00400048
#25212  pc=00400060   x8(s0/fp)=00000002
#25213  pc=00400064
#25214  pc=00400034   x10(a0)=00000002
#25215  pc=00400038   x1(ra)=00400054
#25216  pc=0040003c   x8(s0/fp)=00000004
#25217  pc=00400040   x9(s1)=00000015
#25218  pc=00400044   x2(sp)=7fefff60
#25219  pc=00400048
#25220  pc=00400054   x9(s1)=00000002
#25221  pc=00400058
#25222  pc=0040005c   x1(ra)=00400060
#25223  pc=00400014   x2(sp)=7fefff50
#25224  pc=00400018
#25225  pc=0040001c
#25226  pc=00400020
#25227  pc=00400024   x8(s0/fp)=00000002
#25228  pc=00400028
#25229  pc=0040002c
#25230  pc=00400030
#25231  pc=0040004c   x10(a0)=00000001
#25232  pc=00400050   x1(ra)=00400054
#25233  pc=00400014   x2(sp)=7fefff40
#25234  pc=00400018
#25235  pc=0040001c
#25236  pc=00400020
#25237  pc=00400024   x8(s0/fp)=00000001
#25238  pc=00400028
#25239  pc=0040002c
#25240  pc=00400030
#25241  pc=00400034
#25242  pc=00400038
#25243  pc=0040003c   x8(s0/fp)=00000002
#25244  pc=00400040
#25245  pc=00400044   x2(sp)=7fefff50
#25246  pc=00400048
#25247  pc=00400054   x9(s1)=00000001
#25248  pc=00400058   x10(a0)=00000000
#25249  pc=0040005c   x1(ra)=00400060
#25250  pc=00400014   x2(sp)=7fefff40
#25251  pc=00400018
#25252  pc=0040001c
#25253  pc=00400020
#25254  pc=00400024   x8(s0/fp)=00000000
#25255  pc=00400028
#25256  pc=00400034
#25257  pc=00400038
#25258  pc=0040003c   x8(s0/fp)=00000002
#25259  pc=00400040
#25260  pc=00400044   x2(sp)=7fefff50
#25261  pc=00400048
#25262  pc=00400060   x8(s0/fp)=00000001
#25263  pc=00400064
#25264  pc=00400034   x10(a0)=00000001
#25265  pc=00400038
#25266  pc=0040003c   x8(s0/fp)=00000004
#25267  pc=00400040   x9(s1)=00000002
#25268  pc=00400044   x2(sp)=7fefff60
#25269  pc=00400048
#25270  pc=00400060   x8(s0/fp)=00000003
#25271  pc=00400064
#25272  pc=00400034   x10(a0)=00000003
#25273  pc=00400038   x1(ra)=00400054
#25274  pc=0040003c   x8(s0/fp)=00000005
#25275  pc=00400040   x9(s1)=00000015
#25276  pc=00400044   x2(sp)=7fefff70
#25277  pc=00400048
#25278  pc=00400054   x9(s1)=00000003
#25279  pc=00400058
#25280  pc=0040005c   x1(ra)=00400060
#25281  pc=00400014   x2(sp)=7fefff60
#25282  pc=00400018
#25283  pc=0040001c
#25284  pc=00400020
#25285  pc=00400024   x8(s0/fp)=00000003
#25286  pc=00400028
#25287  pc=0040002c
#25288  pc=00400030
#25289  pc=0040004c   x10(a0)=00000002
#25290  pc=00400050   x1(ra)=00400054
#25291  pc=00400014   x2(sp)=7fefff50
#25292  pc=00400018
#25293  pc=0040001c
#25294  pc=00400020
#25295  pc=00400024   x8(s0/fp)=00000002
#25296  pc=00400028
#25297  pc=0040002c
#25298  pc=00400030
#25299  pc=0040004c   x10(a0)=00000001
#25300  pc=00400050
#25301  pc=00400014   x2(sp)=7fefff40
#25302  pc=00400018
#25303  pc=0040001c
#25304  pc=00400020
#25305  pc=00400024   x8(s0/fp)=00000001
#25306  pc=00400028
#25307  pc=0040002c
#25308  pc=00400030
#25309  pc=00400034
#25310  pc=00400038
#25311  pc=0040003c   x8(s0/fp)=00000002
#25312  pc=00400040
#25313  pc=00400044   x2(sp)=7fefff50
#25314  pc=00400048
#25315  pc=00400054   x9(s1)=00000001
#25316  pc=00400058   x10(a0)=00000000
#25317  pc=0040005c   x1(ra)=00400060
#25318  pc=00400014   x2(sp)=7fefff40
#25319  pc=00400018
#25320  pc=0040001c
#25321  pc=00400020
#25322  pc=00400024   x8(s0/fp)=00000000
#25323  pc=00400028
#25324  pc=00400034
#25325  pc=00400038
#25326  pc=0040003c   x8(s0/fp)=00000002
#25327  pc=00400040
#25328  pc=00400044   x2(sp)=7fefff50
#25329  pc=00400048
#25330  pc=00400060   x8(s0/fp)=00000001
#25331  pc=00400064
#25332  pc=00400034   x10(a0)=00000001
#25333  pc=00400038   x1(ra)=00400054
#25334  pc=0040003c   x8(s0/fp)=00000003
#25335  pc=00400040   x9(s1)=00000003
#25336  pc=00400044   x2(sp)=7fefff60
#25337  pc=00400048
#25338  pc=00400054   x9(s1)=00000001
#25339  pc=00400058
#25340  pc=0040005c   x1(ra)=00400060
#25341  pc=00400014   x2(sp)=7fefff50
#25342  pc=00400018
#25343  pc=0040001c
#25344  pc=00400020
#25345  pc=00400024   x8(s0/fp)=00000001
#25346  pc=00400028
#25347  pc=0040002c
#25348  pc=00400030
#25349  pc=00400034
#25350  pc=00400038
#25351  pc=0040003c   x8(s0/fp)=00000003
#25352  pc=00400040
#25353  pc=00400044   x2(sp)=7fefff60
#25354  pc=00400048
#25355  pc=00400060   x8(s0/fp)=00000002
#25356  pc=00400064
#25357  pc=00400034   x10(a0)=00000002
#25358  pc=00400038
#25359  pc=0040003c   x8(s0/fp)=00000005
#25360  pc=00400040   x9(s1)=00000003
#25361  pc=00400044   x2(sp)=7fefff70
#25362  pc=00400048
#25363  pc=00400060
#25364  pc=00400064
#25365  pc=00400034   x10(a0)=00000005
#25366  pc=00400038   x1(ra)=00400054
#25367  pc=0040003c   x8(s0/fp)=00000006
#25368  pc=00400040   x9(s1)=00000015
#25369  pc=00400044   x2(sp)=7fefff80
#25370  pc=00400048
#25371  pc=00400054   x9(s1)=00000005
#25372  pc=00400058   x10(a0)=00000004
#25373  pc=0040005c   x1(ra)=00400060
#25374  pc=00400014   x2(sp)=7fefff70
#25375  pc=00400018
#25376  pc=0040001c
#25377  pc=00400020
#25378  pc=00400024   x8(s0/fp)=00000004
#25379  pc=00400028
#25380  pc=0040002c
#25381  pc=00400030
#25382  pc=0040004c   x10(a0)=00000003
#25383  pc=00400050   x1(ra)=00400054
#25384  pc=00400014   x2(sp)=7fefff60
#25385  pc=00400018
#25386  pc=0040001c
#25387  pc=00400020
#25388  pc=00400024   x8(s0/fp)=00000003
#25389  pc=00400028
#25390  pc=0040002c
#25391  pc=00400030
#25392  pc=0040004c   x10(a0)=00000002
#25393  pc=00400050
#25394  pc=00400014   x2(sp)=7fefff50
#25395  pc=00400018
#25396  pc=0040001c
#25397  pc=00400020
#25398  pc=00400024   x8(s0/fp)=00000002
#25399  pc=00400028
#25400  pc=0040002c
#25401  pc=00400030
#25402  pc=0040004c   x10(a0)=00000001
#25403  pc=00400050
#25404  pc=00400014   x2(sp)=7fefff40
#25405  pc=00400018
#25406  pc=0040001c
#25407  pc=00400020
#25408  pc=00400024   x8(s0/fp)=00000001
#25409  pc=00400028
#25410  pc=0040002c
#25411  pc=00400030
#25412  pc=00400034
#25413  pc=00400038
#25414  pc=0040003c   x8(s0/fp)=00000002
#25415  pc=00400040
#25416  pc=00400044   x2(sp)=7fefff50
#25417  pc=00400048
#25418  pc=00400054   x9(s1)=00000001
#25419  pc=00400058   x10(a0)=00000000
#25420  pc=0040005c   x1(ra)=00400060
#25421  pc=00400014   x2(sp)=7fefff40
#25422  pc=00400018
#25423  pc=0040001c
#25424  pc=00400020
#25425  pc=00400024   x8(s0/fp)=00000000
#25426  pc=00400028
#25427  pc=00400034
#25428  pc=00400038
#25429  pc=0040003c   x8(s0/fp)=00000002
#25430  pc=00400040
#25431  pc=00400044   x2(sp)=7fefff50
#25432  pc=00400048
#25433  pc=00400060   x8(s0/fp)=00000001
#25434  pc=00400064
#25435  pc=00400034   x10(a0)=00000001
#25436  pc=00400038   x1(ra)=00400054
#25437  pc=0040003c   x8(s0/fp)=00000003
#25438  pc=00400040   x9(s1)=00000005
#25439  pc=00400044   x2(sp)=7fefff60
#25440  pc=00400048
#25441  pc=00400054   x9(s1)=00000001
#25442  pc=00400058
#25443  pc=0040005c   x1(ra)=00400060
#25444  pc=00400014   x2(sp)=7fefff50
#25445  pc=00400018
#25446  pc=0040001c
#25447  pc=00400020
#25448  pc=00400024   x8(s0/fp)=00000001
#25449  pc=00400028
#25450  pc=0040002c
#25451  pc=00400030
#25452  pc=00400034
#25453  pc=00400038
#25454  pc=0040003c   x8(s0/fp)=00000003
#25455  pc=00400040
#25456  pc=00400044   x2(sp)=7fefff60
#25457  pc=00400048
#25458  pc=00400060   x8(s0/fp)=00000002
#25459  pc=00400064
#25460  pc=00400034   x10(a0)=00000002
#25461  pc=00400038   x1(ra)=00400054
#25462  pc=0040003c   x8(s0/fp)=00000004
#25463  pc=00400040   x9(s1)=00000005
#25464  pc=00400044   x2(sp)=7fefff70
#25465  pc=00400048
#25466  pc=00400054   x9(s1)=00000002
#25467  pc=00400058
#25468  pc=0040005c   x1(ra)=00400060
#25469  pc=00400014   x2(sp)=7fefff60
#25470  pc=00400018
#25471  pc=0040001c
#25472  pc=00400020
#25473  pc=00400024   x8(s0/fp)=00000002
#25474  pc=00400028
#25475  pc=0040002c
#25476  pc=00400030
#25477  pc=0040004c   x10(a0)=00000001
#25478  pc=00400050   x1(ra)=00400054
#25479  pc=00400014   x2(sp)=7fefff50
#25480  pc=00400018
#25481  pc=0040001c
#25482  pc=00400020
#25483  pc=00400024   x8(s0/fp)=00000001
#25484  pc=00400028
#25485  pc=0040002c
#25486  pc=00400030
#25487  pc=00400034
#25488  pc=00400038
#25489  pc=0040003c   x8(s0/fp)=00000002
#25490  pc=00400040
#25491  pc=00400044   x2(sp)=7fefff60
#25492  pc=00400048
#25493  pc=00400054   x9(s1)=00000001
#25494  pc=00400058   x10(a0)=00000000
#25495  pc=0040005c   x1(ra)=00400060
#25496  pc=00400014   x2(sp)=7fefff50
#25497  pc=00400018
#25498  pc=0040001c
#25499  pc=00400020
#25500  pc=00400024   x8(s0/fp)=00000000
#25501  pc=00400028
#25502  pc=00400034
#25503  pc=00400038
#25504  pc=0040003c   x8(s0/fp)=00000002
#25505  pc=00400040
#25506  pc=00400044   x2(sp)=7fefff60
#25507  pc=00400048
#25508  pc=00400060   x8(s0/fp)=00000001
#25509  pc=00400064
#25510  pc=00400034   x10(a0)=00000001
#25511  pc=00400038
#25512  pc=0040003c   x8(s0/fp)=00000004
#25513  pc=00400040   x9(s1)=00000002
#25514  pc=00400044   x2(sp)=7fefff70
#25515  pc=00400048
#25516  pc=00400060   x8(s0/fp)=00000003
#25517  pc=00400064
#25518  pc=00400034   x10(a0)=00000003
#25519  pc=00400038
#25520  pc=0040003c   x8(s0/fp)=00000006
#25521  pc=00400040   x9(s1)=00000005
#25522  pc=00400044   x2(sp)=7fefff80
#25523  pc=00400048
#25524  pc=00400060   x8(s0/fp)=00000008
#25525  pc=00400064
#25526  pc=00400034   x10(a0)=00000008
#25527  pc=00400038   x1(ra)=00400054
#25528  pc=0040003c   x8(s0/fp)=00000007
#25529  pc=00400040   x9(s1)=00000015
#25530  pc=00400044   x2(sp)=7fefff90
#25531  pc=00400048
#25532  pc=00400054   x9(s1)=00000008
#25533  pc=00400058   x10(a0)=00000005
#25534  pc=0040005c   x1(ra)=00400060
#25535  pc=00400014   x2(sp)=7fefff80
#25536  pc=00400018
#25537  pc=0040001c
#25538  pc=00400020
#25539  pc=00400024   x8(s0/fp)=00000005
#25540  pc=00400028
#25541  pc=0040002c
#25542  pc=00400030
#25543  pc=0040004c   x10(a0)=00000004
#25544  pc=00400050   x1(ra)=00400054
#25545  pc=00400014   x2(sp)=7fefff70
#25546  pc=00400018
#25547  pc=0040001c
#25548  pc=00400020
#25549  pc=00400024   x8(s0/fp)=00000004
#25550  pc=00400028
#25551  pc=0040002c
#25552  pc=00400030
#25553  pc=0040004c   x10(a0)=00000003
#25554  pc=00400050
#25555  pc=00400014   x2(sp)=7fefff60
#25556  pc=00400018
#25557  pc=0040001c
#25558  pc=00400020
#25559  pc=00400024   x8(s0/fp)=00000003
#25560  pc=00400028
#25561  pc=0040002c
#25562  pc=00400030
#25563  pc=0040004c   x10(a0)=00000002
#25564  pc=00400050
#25565  pc=00400014   x2(sp)=7fefff50
#25566  pc=00400018
#25567  pc=0040001c
#25568  pc=00400020
#25569  pc=00400024   x8(s0/fp)=00000002
#25570  pc=00400028
#25571  pc=0040002c
#25572  pc=00400030
#25573  pc=0040004c   x10(a0)=00000001
#25574  pc=00400050
#25575  pc=00400014   x2(sp)=7fefff40
#25576  pc=00400018
#25577  pc=0040001c
#25578  pc=00400020
#25579  pc=00400024   x8(s0/fp)=00000001
#25580  pc=00400028
#25581  pc=0040002c
#25582  pc=00400030
#25583  pc=00400034
#25584  pc=00400038
#25585  pc=0040003c   x8(s0/fp)=00000002
#25586  pc=00400040
#25587  pc=00400044   x2(sp)=7fefff50
#25588  pc=00400048
#25589  pc=00400054   x9(s1)=00000001
#25590  pc=00400058   x10(a0)=00000000
#25591  pc=0040005c   x1(ra)=00400060
#25592  pc=00400014   x2(sp)=7fefff40
#25593  pc=00400018
#25594  pc=0040001c
#25595  pc=00400020
#25596  pc=00400024   x8(s0/fp)=00000000
#25597  pc=00400028
#25598  pc=00400034
#25599  pc=00400038
#25600  pc=0040003c   x8(s0/fp)=00000002
#25601  pc=00400040
#25602  pc=00400044   x2(sp)=7fefff50
#25603  pc=00400048
#25604  pc=00400060   x8(s0/fp)=00000001
#25605  pc=00400064
#25606  pc=00400034   x10(a0)=00000001
#25607  pc=00400038   x1(ra)=00400054
#25608  pc=0040003c   x8(s0/fp)=00000003
#25609  pc=00400040   x9(s1)=00000008
#25610  pc=00400044   x2(sp)=7fefff60
#25611  pc=00400048
#25612  pc=00400054   x9(s1)=00000001
#25613  pc=00400058
#25614  pc=0040005c   x1(ra)=00400060
#25615  pc=00400014   x2(sp)=7fefff50
#25616  pc=00400018
#25617  pc=0040001c
#25618  pc=00400020
#25619  pc=00400024   x8(s0/fp)=00000001
#25620  pc=00400028
#25621  pc=0040002c
#25622  pc=00400030
#25623  pc=00400034
#25624  pc=00400038
#25625  pc=0040003c   x8(s0/fp)=00000003
#25626  pc=00400040
#25627  pc=00400044   x2(sp)=7fefff60
#25628  pc=00400048
#25629  pc=00400060   x8(s0/fp)=00000002
#25630  pc=00400064
#25631  pc=00400034   x10(a0)=00000002
#25632  pc=00400038   x1(ra)=00400054
#25633  pc=0040003c   x8(s0/fp)=00000004
#25634  pc=00400040   x9(s1)=00000008
#25635  pc=00400044   x2(sp)=7fefff70
#25636  pc=00400048
#25637  pc=00400054   x9(s1)=00000002
#25638  pc=00400058
#25639  pc=0040005c   x1(ra)=00400060
#25640  pc=00400014   x2(sp)=7fefff60
#25641  pc=00400018
#25642  pc=0040001c
#25643  pc=00400020
#25644  pc=00400024   x8(s0/fp)=00000002
#25645  pc=00400028
#25646  pc=0040002c
#25647  pc=00400030
#25648  pc=0040004c   x10(a0)=00000001
#25649  pc=00400050   x1(ra)=00400054
#25650  pc=00400014   x2(sp)=7fefff50
#25651  pc=00400018
#25652  pc=0040001c
#25653  pc=00400020
#25654  pc=00400024   x8(s0/fp)=00000001
#25655  pc=00400028
#25656  pc=0040002c
#25657  pc=00400030
#25658  pc=00400034
#25659  pc=00400038
#25660  pc=0040003c   x8(s0/fp)=00000002
#25661  pc=00400040
#25662  pc=00400044   x2(sp)=7fefff60
#25663  pc=00400048
#25664  pc=00400054   x9(s1)=00000001
#25665  pc=00400058   x10(a0)=00000000
#25666  pc=0040005c   x1(ra)=00400060
#25667  pc=00400014   x2(sp)=7fefff50
#25668  pc=00400018
#25669  pc=0040001c
#25670  pc=00400020
#25671  pc=00400024   x8(s0/fp)=00000000
#25672  pc=00400028
#25673  pc=00400034
#25674  pc=00400038
#25675  pc=0040003c   x8(s0/fp)=00000002
#25676  pc=00400040
#25677  pc=00400044   x2(sp)=7fefff60
#25678  pc=00400048
#25679  pc=00400060   x8(s0/fp)=00000001
#25680  pc=00400064
#25681  pc=00400034   x10(a0)=00000001
#25682  pc=00400038
#25683  pc=0040003c   x8(s0/fp)=00000004
#25684  pc=00400040   x9(s1)=00000002
#25685  pc=00400044   x2(sp)=7fefff70
#25686  pc=00400048
#25687  pc=00400060   x8(s0/fp)=00000003
#25688  pc=00400064
#25689  pc=00400034   x10(a0)=00000003
#25690  pc=00400038   x1(ra)=00400054
#25691  pc=0040003c   x8(s0/fp)=00000005
#25692  pc=00400040   x9(s1)=00000008
#25693  pc=00400044   x2(sp)=7fefff80
#25694  pc=00400048
#25695  pc=00400054   x9(s1)=00000003
#25696  pc=00400058
#25697  pc=0040005c   x1(ra)=00400060
#25698  pc=00400014   x2(sp)=7fefff70
#25699  pc=00400018
#25700  pc=0040001c
#25701  pc=00400020
#25702  pc=00400024   x8(s0/fp)=00000003
#25703  pc=00400028
#25704  pc=0040002c
#25705  pc=00400030
#25706  pc=0040004c   x10(a0)=00000002
#25707  pc=00400050   x1(ra)=00400054
#25708  pc=00400014   x2(sp)=7fefff60
#25709  pc=00400018
#25710  pc=0040001c
#25711  pc=00400020
#25712  pc=00400024   x8(s0/fp)=00000002
#25713  pc=00400028
#25714  pc=0040002c
#25715  pc=00400030
#25716  pc=0040004c   x10(a0)=00000001
#25717  pc=00400050
#25718  pc=00400014   x2(sp)=7fefff50
#25719  pc=00400018
#25720  pc=0040001c
#25721  pc=00400020
#25722  pc=00400024   x8(s0/fp)=00000001
#25723  pc=00400028
#25724  pc=0040002c
#25725  pc=00400030
#25726  pc=00400034
#25727  pc=00400038
#25728  pc=0040003c   x8(s0/fp)=00000002
#25729  pc=00400040
#25730  pc=00400044   x2(sp)=7fefff60
#25731  pc=00400048
#25732  pc=00400054   x9(s1)=00000001
#25733  pc=00400058   x10(a0)=00000000
#25734  pc=0040005c   x1(ra)=00400060
#25735  pc=00400014   x2(sp)=7fefff50
#25736  pc=00400018
#25737  pc=0040001c
#25738  pc=00400020
#25739  pc=00400024   x8(s0/fp)=00000000
#25740  pc=00400028
#25741  pc=00400034
#25742  pc=00400038
#25743  pc=0040003c   x8(s0/fp)=00000002
#25744  pc=00400040
#25745  pc=00400044   x2(sp)=7fefff60
#25746  pc=00400048
#25747  pc=00400060   x8(s0/fp)=00000001
#25748  pc=00400064
#25749  pc=00400034   x10(a0)=00000001
#25750  pc=00400038   x1(ra)=00400054
#25751  pc=0040003c   x8(s0/fp)=00000003
#25752  pc=00400040   x9(s1)=00000003
#25753  pc=00400044   x2(sp)=7fefff70
#25754  pc=00400048
#25755  pc=00400054   x9(s1)=00000001
#25756  pc=00400058
#25757  pc=0040005c   x1(ra)=00400060
#25758  pc=00400014   x2(sp)=7fefff60
#25759  pc=00400018
#25760  pc=0040001c
#25761  pc=00400020
#25762  pc=00400024   x8(s0/fp)=00000001
#25763  pc=00400028
#25764  pc=0040002c
#25765  pc=00400030
#25766  pc=00400034
#25767  pc=00400038
#25768  pc=0040003c   x8(s0/fp)=00000003
#25769  pc=00400040
#25770  pc=00400044   x2(sp)=7fefff70
#25771  pc=00400048
#25772  pc=00400060   x8(s0/fp)=00000002
#25773  pc=00400064
#25774  pc=00400034   x10(a0)=00000002
#25775  pc=00400038
#25776  pc=0040003c   x8(s0/fp)=00000005
#25777  pc=00400040   x9(s1)=00000003
#25778  pc=00400044   x2(sp)=7fefff80
#25779  pc=00400048
#25780  pc=00400060
#25781  pc=00400064
#25782  pc=00400034   x10(a0)=00000005
#25783  pc=00400038
#25784  pc=0040003c   x8(s0/fp)=00000007
#25785  pc=00400040   x9(s1)=00000008
#25786  pc=00400044   x2(sp)=7fefff90
#25787  pc=00400048
#25788  pc=00400060   x8(s0/fp)=0000000d
#25789  pc=00400064
#25790  pc=00400034   x10(a0)=0000000d
#25791  pc=00400038
#25792  pc=0040003c   x8(s0/fp)=00000009
#25793  pc=00400040   x9(s1)=00000015
#25794  pc=00400044   x2(sp)=7fefffa0
#25795  pc=00400048
#25796  pc=00400060   x8(s0/fp)=00000022
#25797  pc=00400064
#25798  pc=00400034   x10(a0)=00000022
#25799  pc=00400038
#25800  pc=0040003c   x8(s0/fp)=0000000b
#25801  pc=00400040   x9(s1)=00000037
#25802  pc=00400044   x2(sp)=7fefffb0
#25803  pc=00400048
#25804  pc=00400060   x8(s0/fp)=00000059
#25805  pc=00400064
#25806  pc=00400034   x10(a0)=00000059
#25807  pc=00400038   x1(ra)=00400054
#25808  pc=0040003c   x8(s0/fp)=0000000c
#25809  pc=00400040   x9(s1)=00000179
#25810  pc=00400044   x2(sp)=7fefffc0
#25811  pc=00400048
#25812  pc=00400054   x9(s1)=00000059
#25813  pc=00400058   x10(a0)=0000000a
#25814  pc=0040005c   x1(ra)=00400060
#25815  pc=00400014   x2(sp)=7fefffb0
#25816  pc=00400018
#25817  pc=0040001c
#25818  pc=00400020
#25819  pc=00400024   x8(s0/fp)=0000000a
#25820  pc=00400028
#25821  pc=0040002c
#25822  pc=00400030
#25823  pc=0040004c   x10(a0)=00000009
#25824  pc=00400050   x1(ra)=00400054
#25825  pc=00400014   x2(sp)=7fefffa0
#25826  pc=00400018
#25827  pc=0040001c
#25828  pc=00400020
#25829  pc=00400024   x8(s0/fp)=00000009
#25830  pc=00400028
#25831  pc=0040002c
#25832  pc=00400030
#25833  pc=0040004c   x10(a0)=00000008
#25834  pc=00400050
#25835  pc=00400014   x2(sp)=7fefff90
#25836  pc=00400018
#25837  pc=0040001c
#25838  pc=00400020
#25839  pc=00400024   x8(s0/fp)=00000008
#25840  pc=00400028
#25841  pc=0040002c
#25842  pc=00400030
#25843  pc=0040004c   x10(a0)=00000007
#25844  pc=00400050
#25845  pc=00400014   x2(sp)=7fefff80
#25846  pc=00400018
#25847  pc=0040001c
#25848  pc=00400020
#25849  pc=00400024   x8(s0/fp)=00000007
#25850  pc=00400028
#25851  pc=0040002c
#25852  pc=00400030
#25853  pc=0040004c   x10(a0)=00000006
#25854  pc=00400050
#25855  pc=00400014   x2(sp)=7fefff70
#25856  pc=00400018
#25857  pc=0040001c
#25858  pc=00400020
#25859  pc=00400024   x8(s0/fp)=00000006
#25860  pc=00400028
#25861  pc=0040002c
#25862  pc=00400030
#25863  pc=0040004c   x10(a0)=00000005
#25864  pc=00400050
#25865  pc=00400014   x2(sp)=7fefff60
#25866  pc=00400018
#25867  pc=0040001c
#25868  pc=00400020
#25869  pc=00400024   x8(s0/fp)=00000005
#25870  pc=00400028
#25871  pc=0040002c
#25872  pc=00400030
#25873  pc=0040004c   x10(a0)=00000004
#25874  pc=00400050
#25875  pc=00400014   x2(sp)=7fefff50
#25876  pc=00400018
#25877  pc=0040001c
#25878  pc=00400020
#25879  pc=00400024   x8(s0/fp)=00000004
#25880  pc=00400028
#25881  pc=0040002c
#25882  pc=00400030
#25883  pc=0040004c   x10(a0)=00000003
#25884  pc=00400050
#25885  pc=00400014   x2(sp)=7fefff40
#25886  pc=00400018
#25887  pc=0040001c
#25888  pc=00400020
#25889  pc=00400024   x8(s0/fp)=00000003
#25890  pc=00400028
#25891  pc=0040002c
#25892  pc=00400030
#25893  pc=0040004c   x10(a0)=00000002
#25894  pc=00400050
#25895  pc=00400014   x2(sp)=7fefff30
#25896  pc=00400018
#25897  pc=0040001c
#25898  pc=00400020
#25899  pc=00400024   x8(s0/fp)=00000002
#25900  pc=00400028
#25901  pc=0040002c
#25902  pc=00400030
#25903  pc=0040004c   x10(a0)=00000001
#25904  pc=00400050
#25905  pc=00400014   x2(sp)=7fefff20
#25906  pc=00400018
#25907  pc=0040001c
#25908  pc=00400020
#25909  pc=00400024   x8(s0/fp)=00000001
#25910  pc=00400028
#25911  pc=0040002c
#25912  pc=00400030
#25913  pc=00400034
#25914  pc=00400038
#25915  pc=0040003c   x8(s0/fp)=00000002
#25916  pc=00400040
#25917  pc=00400044   x2(sp)=7fefff30
#25918  pc=00400048
#25919  pc=00400054   x9(s1)=00000001
#25920  pc=00400058   x10(a0)=00000000
#25921  pc=0040005c   x1(ra)=00400060
#25922  pc=00400014   x2(sp)=7fefff20
#25923  pc=00400018
#25924  pc=0040001c
#25925  pc=00400020
#25926  pc=00400024   x8(s0/fp)=00000000
#25927  pc=00400028
#25928  pc=00400034
#25929  pc=00400038
#25930  pc=0040003c   x8(s0/fp)=00000002
#25931  pc=00400040
#25932  pc=00400044   x2(sp)=7fefff30
#25933  pc=00400048
#25934  pc=00400060   x8(s0/fp)=00000001
#25935  pc=00400064
#25936  pc=00400034   x10(a0)=00000001
#25937  pc=00400038   x1(ra)=00400054
#25938  pc=0040003c   x8(s0/fp)=00000003
#25939  pc=00400040   x9(s1)=00000059
#25940  pc=00400044   x2(sp)=7fefff40
#25941  pc=00400048
#25942  pc=00400054   x9(s1)=00000001
#25943  pc=00400058
#25944  pc=0040005c   x1(ra)=00400060
#25945  pc=00400014   x2(sp)=7fefff30
#25946  pc=00400018
#25947  pc=0040001c
#25948  pc=00400020
#25949  pc=00400024   x8(s0/fp)=00000001
#25950  pc=00400028
#25951  pc=0040002c
#25952  pc=00400030
#25953  pc=00400034
#25954  pc=00400038
#25955  pc=0040003c   x8(s0/fp)=00000003
#25956  pc=00400040
#25957  pc=00400044   x2(sp)=7fefff40
#25958  pc=00400048
#25959  pc=00400060   x8(s0/fp)=00000002
#25960  pc=00400064
#25961  pc=00400034   x10(a0)=00000002
#25962  pc=00400038   x1(ra)=00400054
#25963  pc=0040003c   x8(s0/fp)=00000004
#25964  pc=00400040   x9(s1)=00000059
#25965  pc=00400044   x2(sp)=7fefff50
#25966  pc=00400048
#25967  pc=00400054   x9(s1)=00000002
#25968  pc=00400058
#25969  pc=0040005c   x1(ra)=00400060
#25970  pc=00400014   x2(sp)=7fefff40
#25971  pc=00400018
#25972  pc=0040001c
#25973  pc=00400020
#25974  pc=00400024   x8(s0/fp)=00000002
#25975  pc=00400028
#25976  pc=0040002c
#25977  pc=00400030
#25978  pc=0040004c   x10(a0)=00000001
#25979  pc=00400050   x1(ra)=00400054
#25980  pc=00400014   x2(sp)=7fefff30
#25981  pc=00400018
#25982  pc=0040001c
#25983  pc=00400020
#25984  pc=00400024   x8(s0/fp)=00000001
#25985  pc=00400028
#25986  pc=0040002c
#25987  pc=00400030
#25988  pc=00400034
#25989  pc=00400038
#25990  pc=0040003c   x8(s0/fp)=00000002
#25991  pc=00400040
#25992  pc=00400044   x2(sp)=7fefff40
#25993  pc=00400048
#25994  pc=00400054   x9(s1)=00000001
#25995  pc=00400058   x10(a0)=00000000
#25996  pc=0040005c   x1(ra)=00400060
#25997  pc=00400014   x2(sp)=7fefff30
#25998  pc=00400018
#25999  pc=0040001c
#26000  pc=00400020
#26001  pc=00400024   x8(s0/fp)=00000000
#26002  pc=00400028
#26003  pc=00400034
#26004  pc=00400038
#26005  pc=0040003c   x8(s0/fp)=00000002
#26006  pc=00400040
#26007  pc=00400044   x2(sp)=7fefff40
#26008  pc=00400048
#26009  pc=00400060   x8(s0/fp)=00000001
#26010  pc=00400064
#26011  pc=00400034   x10(a0)=00000001
#26012  pc=00400038
#26013  pc=0040003c   x8(s0/fp)=00000004
#26014  pc=00400040   x9(s1)=00000002
#26015  pc=00400044   x2(sp)=7fefff50
#26016  pc=00400048
#26017  pc=00400060   x8(s0/fp)=00000003
#26018  pc=00400064
#26019  pc=00400034   x10(a0)=00000003
#26020  pc=00400038   x1(ra)=00400054
#26021  pc=0040003c   x8(s0/fp)=00000005
#26022  pc=00400040   x9(s1)=00000059
#26023  pc=00400044   x2(sp)=7fefff60
#26024  pc=00400048
#26025  pc=00400054   x9(s1)=00000003
#26026  pc=00400058
#26027  pc=0040005c   x1(ra)=00400060
#26028  pc=00400014   x2(sp)=7fefff50
#26029  pc=00400018
#26030  pc=0040001c
#26031  pc=00400020
#26032  pc=00400024   x8(s0/fp)=00000003
#26033  pc=00400028
#26034  pc=0040002c
#26035  pc=00400030
#26036  pc=0040004c   x10(a0)=00000002
#26037  pc=00400050   x1(ra)=00400054
#26038  pc=00400014   x2(sp)=7fefff40
#26039  pc=00400018
#26040  pc=0040001c
#26041  pc=00400020
#26042  pc=00400024   x8(s0/fp)=00000002
#26043  pc=00400028
#26044  pc=0040002c
#26045  pc=00400030
#26046  pc=0040004c   x10(a0)=00000001
#26047  pc=00400050
#26048  pc=00400014   x2(sp)=7fefff30
#26049  pc=00400018
#26050  pc=0040001c
#26051  pc=00400020
#26052  pc=00400024   x8(s0/fp)=00000001
#26053  pc=00400028
#26054  pc=0040002c
#26055  pc=00400030
#26056  pc=00400034
#26057  pc=00400038
#26058  pc=0040003c   x8(s0/fp)=00000002
#26059  pc=00400040
#26060  pc=00400044   x2(sp)=7fefff40
#26061  pc=00400048
#26062  pc=00400054   x9(s1)=00000001
#26063  pc=00400058   x10(a0)=00000000
#26064  pc=0040005c   x1(ra)=00400060
#26065  pc=00400014   x2(sp)=7fefff30
#26066  pc=00400018
#26067  pc=0040001c
#26068  pc=00400020
#26069  pc=00400024   x8(s0/fp)=00000000
#26070  pc=00400028
#26071  pc=00400034
#26072  pc=00400038
#26073  pc=0040003c   x8(s0/fp)=00000002
#26074  pc=00400040
#26075  pc=00400044   x2(sp)=7fefff40
#26076  pc=00400048
#26077  pc=00400060   x8(s0/fp)=00000001
#26078  pc=00400064
#26079  pc=00400034   x10(a0)=00000001
#26080  pc=00400038   x1(ra)=00400054
#26081  pc=0040003c   x8(s0/fp)=00000003
#26082  pc=00400040   x9(s1)=00000003
#26083  pc=00400044   x2(sp)=7fefff50
#26084  pc=00400048
#26085  pc=00400054   x9(s1)=00000001
#26086  pc=00400058
#26087  pc=0040005c   x1(ra)=00400060
#26088  pc=00400014   x2(sp)=7fefff40
#26089  pc=00400018
#26090  pc=0040001c
#26091  pc=00400020
#26092  pc=00400024   x8(s0/fp)=00000001
#26093  pc=00400028
#26094  pc=0040002c
#26095  pc=00400030
#26096  pc=00400034
#26097  pc=00400038
#26098  pc=0040003c   x8(s0/fp)=00000003
#26099  pc=00400040
#26100  pc=00400044   x2(sp)=7fefff50
#26101  pc=00400048
#26102  pc=00400060   x8(s0/fp)=00000002
#26103  pc=00400064
#26104  pc=00400034   x10(a0)=00000002
#26105  pc=00400038
#26106  pc=0040003c   x8(s0/fp)=00000005
#26107  pc=00400040   x9(s1)=00000003
#26108  pc=00400044   x2(sp)=7fefff60
#26109  pc=00400048
#26110  pc=00400060
#26111  pc=00400064
#26112  pc=00400034   x10(a0)=00000005
#26113  pc=00400038   x1(ra)=00400054
#26114  pc=0040003c   x8(s0/fp)=00000006
#26115  pc=00400040   x9(s1)=00000059
#26116  pc=00400044   x2(sp)=7fefff70
#26117  pc=00400048
#26118  pc=00400054   x9(s1)=00000005
#26119  pc=00400058   x10(a0)=00000004
#26120  pc=0040005c   x1(ra)=00400060
#26121  pc=00400014   x2(sp)=7fefff60
#26122  pc=00400018
#26123  pc=0040001c
#26124  pc=00400020
#26125  pc=00400024   x8(s0/fp)=00000004
#26126  pc=00400028
#26127  pc=0040002c
#26128  pc=00400030
#26129  pc=0040004c   x10(a0)=00000003
#26130  pc=00400050   x1(ra)=00400054
#26131  pc=00400014   x2(sp)=7fefff50
#26132  pc=00400018
#26133  pc=0040001c
#26134  pc=00400020
#26135  pc=00400024   x8(s0/fp)=00000003
#26136  pc=00400028
#26137  pc=0040002c
#26138  pc=00400030
#26139  pc=0040004c   x10(a0)=00000002
#26140  pc=00400050
#26141  pc=00400014   x2(sp)=7fefff40
#26142  pc=00400018
#26143  pc=0040001c
#26144  pc=00400020
#26145  pc=00400024   x8(s0/fp)=00000002
#26146  pc=00400028
#26147  pc=0040002c
#26148  pc=00400030
#26149  pc=0040004c   x10(a0)=00000001
#26150  pc=00400050
#26151  pc=00400014   x2(sp)=7fefff30
#26152  pc=00400018
#26153  pc=0040001c
#26154  pc=00400020
#26155  pc=00400024   x8(s0/fp)=00000001
#26156  pc=00400028
#26157  pc=0040002c
#26158  pc=00400030
#26159  pc=00400034
#26160  pc=00400038
#26161  pc=0040003c   x8(s0/fp)=00000002
#26162  pc=00400040
#26163  pc=00400044   x2(sp)=7fefff40
#26164  pc=00400048
#26165  pc=00400054   x9(s1)=00000001
#26166  pc=00400058   x10(a0)=00000000
#26167  pc=0040005c   x1(ra)=00400060
#26168  pc=00400014   x2(sp)=7fefff30
#26169  pc=00400018
#26170  pc=0040001c
#26171  pc=00400020
#26172  pc=00400024   x8(s0/fp)=00000000
#26173  pc=00400028
#26174  pc=00400034
#26175  pc=00400038
#26176  pc=0040003c   x8(s0/fp)=00000002
#26177  pc=00400040
#26178  pc=00400044   x2(sp)=7fefff40
#26179  pc=00400048
#26180  pc=00400060   x8(s0/fp)=00000001
#26181  pc=00400064
#26182  pc=00400034   x10(a0)=00000001
#26183  pc=00400038   x1(ra)=00400054
#26184  pc=0040003c   x8(s0/fp)=00000003
#26185  pc=00400040   x9(s1)=00000005
#26186  pc=00400044   x2(sp)=7fefff50
#26187  pc=00400048
#26188  pc=00400054   x9(s1)=00000001
#26189  pc=00400058
#26190  pc=0040005c   x1(ra)=00400060
#26191  pc=00400014   x2(sp)=7fefff40
#26192  pc=00400018
#26193  pc=0040001c
#26194  pc=00400020
#26195  pc=00400024   x8(s0/fp)=00000001
#26196  pc=00400028
#26197  pc=0040002c
#26198  pc=00400030
#26199  pc=00400034
#26200  pc=00400038
#26201  pc=0040003c   x8(s0/fp)=00000003
#26202  pc=00400040
#26203  pc=00400044   x2(sp)=7fefff50
#26204  pc=00400048
#26205  pc=00400060   x8(s0/fp)=00000002
#26206  pc=00400064
#26207  pc=00400034   x10(a0)=00000002
#26208  pc=00400038   x1(ra)=00400054
#26209  pc=0040003c   x8(s0/fp)=00000004
#26210  pc=00400040   x9(s1)=00000005
#26211  pc=00400044   x2(sp)=7fefff60
#26212  pc=00400048
#26213  pc=00400054   x9(s1)=00000002
#26214  pc=00400058
#26215  pc=0040005c   x1(ra)=00400060
#26216  pc=00400014   x2(sp)=7fefff50
#26217  pc=00400018
#26218  pc=0040001c
#26219  pc=00400020
#26220  pc=00400024   x8(s0/fp)=00000002
#26221  pc=00400028
#26222  pc=0040002c
#26223  pc=00400030
#26224  pc=0040004c   x10(a0)=00000001
#26225  pc=00400050   x1(ra)=00400054
#26226  pc=00400014   x2(sp)=7fefff40
#26227  pc=00400018
#26228  pc=0040001c
#26229  pc=00400020
#26230  pc=00400024   x8(s0/fp)=00000001
#26231  pc=00400028
#26232  pc=0040002c
#26233  pc=00400030
#26234  pc=00400034
#26235  pc=00400038
#26236  pc=0040003c   x8(s0/fp)=00000002
#26237  pc=00400040
#26238  pc=00400044   x2(sp)=7fefff50
#26239  pc=00400048
#26240  pc=00400054   x9(s1)=00000001
#26241  pc=00400058   x10(a0)=00000000
#26242  pc=0040005c   x1(ra)=00400060
#26243  pc=00400014   x2(sp)=7fefff40
#26244  pc=00400018
#26245  pc=0040001c
#26246  pc=00400020
#26247  pc=00400024   x8(s0/fp)=00000000
#26248  pc=00400028
#26249  pc=00400034
#26250  pc=00400038
#26251  pc=0040003c   x8(s0/fp)=00000002
#26252  pc=00400040
#26253  pc=00400044   x2(sp)=7fefff50
#26254  pc=00400048
#26255  pc=00400060   x8(s0/fp)=00000001
#26256  pc=00400064
#26257  pc=00400034   x10(a0)=00000001
#26258  pc=00400038
#26259  pc=0040003c   x8(s0/fp)=00000004
#26260  pc=00400040   x9(s1)=00000002
#26261  pc=00400044   x2(sp)=7fefff60
#26262  pc=00400048
#26263  pc=00400060   x8(s0/fp)=00000003
#26264  pc=00400064
#26265  pc=00400034   x10(a0)=00000003
#26266  pc=00400038
#26267  pc=0040003c   x8(s0/fp)=00000006
#26268  pc=00400040   x9(s1)=00000005
#26269  pc=00400044   x2(sp)=7fefff70
#26270  pc=00400048
#26271  pc=00400060   x8(s0/fp)=00000008
#26272  pc=00400064
#26273  pc=00400034   x10(a0)=00000008
#26274  pc=00400038   x1(ra)=00400054
#26275  pc=0040003c   x8(s0/fp)=00000007
#26276  pc=00400040   x9(s1)=00000059
#26277  pc=00400044   x2(sp)=7fefff80
#26278  pc=00400048
#26279  pc=00400054   x9(s1)=00000008
#26280  pc=00400058   x10(a0)=00000005
#26281  pc=0040005c   x1(ra)=00400060
#26282  pc=00400014   x2(sp)=7fefff70
#26283  pc=00400018
#26284  pc=0040001c
#26285  pc=00400020
#26286  pc=00400024   x8(s0/fp)=00000005
#26287  pc=00400028
#26288  pc=0040002c
#26289  pc=00400030
#26290  pc=0040004c   x10(a0)=00000004
#26291  pc=00400050   x1(ra)=00400054
#26292  pc=00400014   x2(sp)=7fefff60
#26293  pc=00400018
#26294  pc=0040001c
#26295  pc=00400020
#26296  pc=00400024   x8(s0/fp)=00000004
#26297  pc=00400028
#26298  pc=0040002c
#26299  pc=00400030
#26300  pc=0040004c   x10(a0)=00000003
#26301  pc=00400050
#26302  pc=00400014   x2(sp)=7fefff50
#26303  pc=00400018
#26304  pc=0040001c
#26305  pc=00400020
#26306  pc=00400024   x8(s0/fp)=00000003
#26307  pc=00400028
#26308  pc=0040002c
#26309  pc=00400030
#26310  pc=0040004c   x10(a0)=00000002
#26311  pc=00400050
#26312  pc=00400014   x2(sp)=7fefff40
#26313  pc=00400018
#26314  pc=0040001c
#26315  pc=00400020
#26316  pc=00400024   x8(s0/fp)=00000002
#26317  pc=00400028
#26318  pc=0040002c
#26319  pc=00400030
#26320  pc=0040004c   x10(a0)=00000001
#26321  pc=00400050
#26322  pc=00400014   x2(sp)=7fefff30
#26323  pc=00400018
#26324  pc=0040001c
#26325  pc=00400020
#26326  pc=00400024   x8(s0/fp)=00000001
#26327  pc=00400028
#26328  pc=0040002c
#26329  pc=00400030
#26330  pc=00400034
#26331  pc=00400038
#26332  pc=0040003c   x8(s0/fp)=00000002
#26333  pc=00400040
#26334  pc=00400044   x2(sp)=7fefff40
#26335  pc=00400048
#26336  pc=00400054   x9(s1)=00000001
#26337  pc=00400058   x10(a0)=00000000
#26338  pc=0040005c   x1(ra)=00400060
#26339  pc=00400014   x2(sp)=7fefff30
#26340  pc=00400018
#26341  pc=0040001c
#26342  pc=00400020
#26343  pc=00400024   x8(s0/fp)=00000000
#26344  pc=00400028
#26345  pc=00400034
#26346  pc=00400038
#26347  pc=0040003c   x8(s0/fp)=00000002
#26348  pc=00400040
#26349  pc=00400044   x2(sp)=7fefff40
#26350  pc=00400048
#26351  pc=00400060   x8(s0/fp)=00000001
#26352  pc=00400064
#26353  pc=00400034   x10(a0)=00000001
#26354  pc=00400038   x1(ra)=00400054
#26355  pc=0040003c   x8(s0/fp)=00000003
#26356  pc=00400040   x9(s1)=00000008
#26357  pc=00400044   x2(sp)=7fefff50
#26358  pc=00400048
#26359  pc=00400054   x9(s1)=00000001
#26360  pc=00400058
#26361  pc=0040005c   x1(ra)=00400060
#26362  pc=00400014   x2(sp)=7fefff40
#26363  pc=00400018
#26364  pc=0040001c
#26365  pc=00400020
#26366  pc=00400024   x8(s0/fp)=00000001
#26367  pc=00400028
#26368  pc=0040002c
#26369  pc=00400030
#26370  pc=00400034
#26371  pc=00400038
#26372  pc=0040003c   x8(s0/fp)=00000003
#26373  pc=00400040
#26374  pc=00400044   x2(sp)=7fefff50
#26375  pc=00400048
#26376  pc=00400060   x8(s0/fp)=00000002
#26377  pc=00400064
#26378  pc=00400034   x10(a0)=00000002
#26379  pc=00400038   x1(ra)=00400054
#26380  pc=0040003c   x8(s0/fp)=00000004
#26381  pc=00400040   x9(s1)=00000008
#26382  pc=00400044   x2(sp)=7fefff60
#26383  pc=00400048
#26384  pc=00400054   x9(s1)=00000002
#26385  pc=00400058
#26386  pc=0040005c   x1(ra)=00400060
#26387  pc=00400014   x2(sp)=7fefff50
#26388  pc=00400018
#26389  pc=0040001c
#26390  pc=00400020
#26391  pc=00400024   x8(s0/fp)=00000002
#26392  pc=00400028
#26393  pc=0040002c
#26394  pc=00400030
#26395  pc=0040004c   x10(a0)=00000001
#26396  pc=00400050   x1(ra)=00400054
#26397  pc=00400014   x2(sp)=7fefff40
#26398  pc=00400018
#26399  pc=0040001c
#26400  pc=00400020
#26401  pc=00400024   x8(s0/fp)=00000001
#26402  pc=00400028
#26403  pc=0040002c
#26404  pc=00400030
#26405  pc=00400034
#26406  pc=00400038
#26407  pc=0040003c   x8(s0/fp)=00000002
#26408  pc=00400040
#26409  pc=00400044   x2(sp)=7fefff50
#26410  pc=00400048
#26411  pc=00400054   x9(s1)=00000001
#26412  pc=00400058   x10(a0)=00000000
#26413  pc=0040005c   x1(ra)=00400060
#26414  pc=00400014   x2(sp)=7fefff40
#26415  pc=00400018
#26416  pc=0040001c
#26417  pc=00400020
#26418  pc=00400024   x8(s0/fp)=00000000
#26419  pc=00400028
#26420  pc=00400034
#26421  pc=00400038
#26422  pc=0040003c   x8(s0/fp)=00000002
#26423  pc=00400040
#26424  pc=00400044   x2(sp)=7fefff50
#26425  pc=00400048
#26426  pc=00400060   x8(s0/fp)=00000001
#26427  pc=00400064
#26428  pc=00400034   x10(a0)=00000001
#26429  pc=00400038
#26430  pc=0040003c   x8(s0/fp)=00000004
#26431  pc=00400040   x9(s1)=00000002
#26432  pc=00400044   x2(sp)=7fefff60
#26433  pc=00400048
#26434  pc=00400060   x8(s0/fp)=00000003
#26435  pc=00400064
#26436  pc=00400034   x10(a0)=00000003
#26437  pc=00400038   x1(ra)=00400054
#26438  pc=0040003c   x8(s0/fp)=00000005
#26439  pc=00400040   x9(s1)=00000008
#26440  pc=00400044   x2(sp)=7fefff70
#26441  pc=00400048
#26442  pc=00400054   x9(s1)=00000003
#26443  pc=00400058
#26444  pc=0040005c   x1(ra)=00400060
#26445  pc=00400014   x2(sp)=7fefff60
#26446  pc=00400018
#26447  pc=0040001c
#26448  pc=00400020
#26449  pc=00400024   x8(s0/fp)=00000003
#26450  pc=00400028
#26451  pc=0040002c
#26452  pc=00400030
#26453  pc=0040004c   x10(a0)=00000002
#26454  pc=00400050   x1(ra)=00400054
#26455  pc=00400014   x2(sp)=7fefff50
#26456  pc=00400018
#26457  pc=0040001c
#26458  pc=00400020
#26459  pc=00400024   x8(s0/fp)=00000002
#26460  pc=00400028
#26461  pc=0040002c
#26462  pc=00400030
#26463  pc=0040004c   x10(a0)=00000001
#26464  pc=00400050
#26465  pc=00400014   x2(sp)=7fefff40
#26466  pc=00400018
#26467  pc=0040001c
#26468  pc=00400020
#26469  pc=00400024   x8(s0/fp)=00000001
#26470  pc=00400028
#26471  pc=0040002c
#26472  pc=00400030
#26473  pc=00400034
#26474  pc=00400038
#26475  pc=0040003c   x8(s0/fp)=00000002
#26476  pc=00400040
#26477  pc=00400044   x2(sp)=7fefff50
#26478  pc=00400048
#26479  pc=00400054   x9(s1)=00000001
#26480  pc=00400058   x10(a0)=00000000
#26481  pc=0040005c   x1(ra)=00400060
#26482  pc=00400014   x2(sp)=7fefff40
#26483  pc=00400018
#26484  pc=0040001c
#26485  pc=00400020
#26486  pc=00400024   x8(s0/fp)=00000000
#26487  pc=00400028
#26488  pc=00400034
#26489  pc=00400038
#26490  pc=0040003c   x8(s0/fp)=00000002
#26491  pc=00400040
#26492  pc=00400044   x2(sp)=7fefff50
#26493  pc=00400048
#26494  pc=00400060   x8(s0/fp)=00000001
#26495  pc=00400064
#26496  pc=00400034   x10(a0)=00000001
#26497  pc=00400038   x1(ra)=00400054
#26498  pc=0040003c   x8(s0/fp)=00000003
#26499  pc=00400040   x9(s1)=00000003
#26500  pc=00400044   x2(sp)=7fefff60
#26501  pc=00400048
#26502  pc=00400054   x9(s1)=00000001
#26503  pc=00400058
#26504  pc=0040005c   x1(ra)=00400060
#26505  pc=00400014   x2(sp)=7fefff50
#26506  pc=00400018
#26507  pc=0040001c
#26508  pc=00400020
#26509  pc=00400024   x8(s0/fp)=00000001
#26510  pc=00400028
#26511  pc=0040002c
#26512  pc=00400030
#26513  pc=00400034
#26514  pc=00400038
#26515  pc=0040003c   x8(s0/fp)=00000003
#26516  pc=00400040
#26517  pc=00400044   x2(sp)=7fefff60
#26518  pc=00400048
#26519  pc=00400060   x8(s0/fp)=00000002
#26520  pc=00400064
#26521  pc=00400034   x10(a0)=00000002
#26522  pc=00400038
#26523  pc=0040003c   x8(s0/fp)=00000005
#26524  pc=00400040   x9(s1)=00000003
#26525  pc=00400044   x2(sp)=7fefff70
#26526  pc=00400048
#26527  pc=00400060
#26528  pc=00400064
#26529  pc=00400034   x10(a0)=00000005
#26530  pc=00400038
#26531  pc=0040003c   x8(s0/fp)=00000007
#26532  pc=00400040   x9(s1)=00000008
#26533  pc=00400044   x2(sp)=7fefff80
#26534  pc=00400048
#26535  pc=00400060   x8(s0/fp)=0000000d
#26536  pc=00400064
#26537  pc=00400034   x10(a0)=0000000d
#26538  pc=00400038   x1(ra)=00400054
#26539  pc=0040003c   x8(s0/fp)=00000008
#26540  pc=00400040   x9(s1)=00000059
#26541  pc=00400044   x2(sp)=7fefff90
#26542  pc=00400048
#26543  pc=00400054   x9(s1)=0000000d
#26544  pc=00400058   x10(a0)=00000006
#26545  pc=0040005c   x1(ra)=00400060
#26546  pc=00400014   x2(sp)=7fefff80
#26547  pc=00400018
#26548  pc=0040001c
#26549  pc=00400020
#26550  pc=00400024   x8(s0/fp)=00000006
#26551  pc=00400028
#26552  pc=0040002c
#26553  pc=00400030
#26554  pc=0040004c   x10(a0)=00000005
#26555  pc=00400050   x1(ra)=00400054
#26556  pc=00400014   x2(sp)=7fefff70
#26557  pc=00400018
#26558  pc=0040001c
#26559  pc=00400020
#26560  pc=00400024   x8(s0/fp)=00000005
#26561  pc=00400028
#26562  pc=0040002c
#26563  pc=00400030
#26564  pc=0040004c   x10(a0)=00000004
#26565  pc=00400050
#26566  pc=00400014   x2(sp)=7fefff60
#26567  pc=00400018
#26568  pc=0040001c
#26569  pc=00400020
#26570  pc=00400024   x8(s0/fp)=00000004
#26571  pc=00400028
#26572  pc=0040002c
#26573  pc=00400030
#26574  pc=0040004c   x10(a0)=00000003
#26575  pc=00400050
#26576  pc=00400014   x2(sp)=7fefff50
#26577  pc=00400018
#26578  pc=0040001c
#26579  pc=00400020
#26580  pc=00400024   x8(s0/fp)=00000003
#26581  pc=00400028
#26582  pc=0040002c
#26583  pc=00400030
#26584  pc=0040004c   x10(a0)=00000002
#26585  pc=00400050
#26586  pc=00400014   x2(sp)=7fefff40
#26587  pc=00400018
#26588  pc=0040001c
#26589  pc=00400020
#26590  pc=00400024   x8(s0/fp)=00000002
#26591  pc=00400028
#26592  pc=0040002c
#26593  pc=00400030
#26594  pc=0040004c   x10(a0)=00000001
#26595  pc=00400050
#26596  pc=00400014   x2(sp)=7fefff30
#26597  pc=00400018
#26598  pc=0040001c
#26599  pc=00400020
#26600  pc=00400024   x8(s0/fp)=00000001
#26601  pc=00400028
#26602  pc=0040002c
#26603  pc=00400030
#26604  pc=00400034
#26605  pc=00400038
#26606  pc=0040003c   x8(s0/fp)=00000002
#26607  pc=00400040
#26608  pc=00400044   x2(sp)=7fefff40
#26609  pc=00400048
#26610  pc=00400054   x9(s1)=00000001
#26611  pc=00400058   x10(a0)=00000000
#26612  pc=0040005c   x1(ra)=00400060
#26613  pc=00400014   x2(sp)=7fefff30
#26614  pc=00400018
#26615  pc=0040001c
#26616  pc=00400020
#26617  pc=00400024   x8(s0/fp)=00000000
#26618  pc=00400028
#26619  pc=00400034
#26620  pc=00400038
#26621  pc=0040003c   x8(s0/fp)=00000002
#26622  pc=00400040
#26623  pc=00400044   x2(sp)=7fefff40
#26624  pc=00400048
#26625  pc=00400060   x8(s0/fp)=00000001
#26626  pc=00400064
#26627  pc=00400034   x10(a0)=00000001
#26628  pc=00400038   x1(ra)=00400054
#26629  pc=0040003c   x8(s0/fp)=00000003
#26630  pc=00400040   x9(s1)=0000000d
#26631  pc=00400044   x2(sp)=7fefff50
#26632  pc=00400048
#26633  pc=00400054   x9(s1)=00000001
#26634  pc=00400058
#26635  pc=0040005c   x1(ra)=00400060
#26636  pc=00400014   x2(sp)=7fefff40
#26637  pc=00400018
#26638  pc=0040001c
#26639  pc=00400020
#26640  pc=00400024   x8(s0/fp)=00000001
#26641  pc=00400028
#26642  pc=0040002c
#26643  pc=00400030
#26644  pc=00400034
#26645  pc=00400038
#26646  pc=0040003c   x8(s0/fp)=00000003
#26647  pc=00400040
#26648  pc=00400044   x2(sp)=7fefff50
#26649  pc=00400048
#26650  pc=00400060   x8(s0/fp)=00000002
#26651  pc=00400064
#26652  pc=00400034   x10(a0)=00000002
#26653  pc=00400038   x1(ra)=00400054
#26654  pc=0040003c   x8(s0/fp)=00000004
#26655  pc=00400040   x9(s1)=0000000d
#26656  pc=00400044   x2(sp)=7fefff60
#26657  pc=00400048
#26658  pc=00400054   x9(s1)=00000002
#26659  pc=00400058
#26660  pc=0040005c   x1(ra)=00400060
#26661  pc=00400014   x2(sp)=7fefff50
#26662  pc=00400018
#26663  pc=0040001c
#26664  pc=00400020
#26665  pc=00400024   x8(s0/fp)=00000002
#26666  pc=00400028
#26667  pc=0040002c
#26668  pc=00400030
#26669  pc=0040004c   x10(a0)=00000001
#26670  pc=00400050   x1(ra)=00400054
#26671  pc=00400014   x2(sp)=7fefff40
#26672  pc=00400018
#26673  pc=0040001c
#26674  pc=00400020
#26675  pc=00400024   x8(s0/fp)=00000001
#26676  pc=00400028
#26677  pc=0040002c
#26678  pc=00400030
#26679  pc=00400034
#26680  pc=00400038
#26681  pc=0040003c   x8(s0/fp)=00000002
#26682  pc=00400040
#26683  pc=00400044   x2(sp)=7fefff50
#26684  pc=00400048
#26685  pc=00400054   x9(s1)=00000001
#26686  pc=00400058   x10(a0)=00000000
#26687  pc=0040005c   x1(ra)=00400060
#26688  pc=00400014   x2(sp)=7fefff40
#26689  pc=00400018
#26690  pc=0040001c
#26691  pc=00400020
#26692  pc=00400024   x8(s0/fp)=00000000
#26693  pc=00400028
#26694  pc=00400034
#26695  pc=00400038
#26696  pc=0040003c   x8(s0/fp)=00000002
#26697  pc=00400040
#26698  pc=00400044   x2(sp)=7fefff50
#26699  pc=00400048
#26700  pc=00400060   x8(s0/fp)=00000001
#26701  pc=00400064
#26702  pc=00400034   x10(a0)=00000001
#26703  pc=00400038
#26704  pc=0040003c   x8(s0/fp)=00000004
#26705  pc=00400040   x9(s1)=00000002
#26706  pc=00400044   x2(sp)=7fefff60
#26707  pc=00400048
#26708  pc=00400060   x8(s0/fp)=00000003
#26709  pc=00400064
#26710  pc=00400034   x10(a0)=00000003
#26711  pc=00400038   x1(ra)=00400054
#26712  pc=0040003c   x8(s0/fp)=00000005
#26713  pc=00400040   x9(s1)=0000000d
#26714  pc=00400044   x2(sp)=7fefff70
#26715  pc=00400048
#26716  pc=00400054   x9(s1)=00000003
#26717  pc=00400058
#26718  pc=0040005c   x1(ra)=00400060
#26719  pc=00400014   x2(sp)=7fefff60
#26720  pc=00400018
#26721  pc=0040001c
#26722  pc=00400020
#26723  pc=00400024   x8(s0/fp)=00000003
#26724  pc=00400028
#26725  pc=0040002c
#26726  pc=00400030
#26727  pc=0040004c   x10(a0)=00000002
#26728  pc=00400050   x1(ra)=00400054
#26729  pc=00400014   x2(sp)=7fefff50
#26730  pc=00400018
#26731  pc=0040001c
#26732  pc=00400020
#26733  pc=00400024   x8(s0/fp)=00000002
#26734  pc=00400028
#26735  pc=0040002c
#26736  pc=00400030
#26737  pc=0040004c   x10(a0)=00000001
#26738  pc=00400050
#26739  pc=00400014   x2(sp)=7fefff40
#26740  pc=00400018
#26741  pc=0040001c
#26742  pc=00400020
#26743  pc=00400024   x8(s0/fp)=00000001
#26744  pc=00400028
#26745  pc=0040002c
#26746  pc=00400030
#26747  pc=00400034
#26748  pc=00400038
#26749  pc=0040003c   x8(s0/fp)=00000002
#26750  pc=00400040
#26751  pc=00400044   x2(sp)=7fefff50
#26752  pc=00400048
#26753  pc=00400054   x9(s1)=00000001
#26754  pc=00400058   x10(a0)=00000000
#26755  pc=0040005c   x1(ra)=00400060
#26756  pc=00400014   x2(sp)=7fefff40
#26757  pc=00400018
#26758  pc=0040001c
#26759  pc=00400020
#26760  pc=00400024   x8(s0/fp)=00000000
#26761  pc=00400028
#26762  pc=00400034
#26763  pc=00400038
#26764  pc=0040003c   x8(s0/fp)=00000002
#26765  pc=00400040
#26766  pc=00400044   x2(sp)=7fefff50
#26767  pc=00400048
#26768  pc=00400060   x8(s0/fp)=00000001
#26769  pc=00400064
#26770  pc=00400034   x10(a0)=00000001
#26771  pc=00400038   x1(ra)=00400054
#26772  pc=0040003c   x8(s0/fp)=00000003
#26773  pc=00400040   x9(s1)=00000003
#26774  pc=00400044   x2(sp)=7fefff60
#26775  pc=00400048
#26776  pc=00400054   x9(s1)=00000001
#26777  pc=00400058
#26778  pc=0040005c   x1(ra)=00400060
#26779  pc=00400014   x2(sp)=7fefff50
#26780  pc=00400018
#26781  pc=0040001c
#26782  pc=00400020
#26783  pc=00400024   x8(s0/fp)=00000001
#26784  pc=00400028
#26785  pc=0040002c
#26786  pc=00400030
#26787  pc=00400034
#26788  pc=00400038
#26789  pc=0040003c   x8(s0/fp)=00000003
#26790  pc=00400040
#26791  pc=00400044   x2(sp)=7fefff60
#26792  pc=00400048
#26793  pc=00400060   x8(s0/fp)=00000002
#26794  pc=00400064
#26795  pc=00400034   x10(a0)=00000002
#26796  pc=00400038
#26797  pc=0040003c   x8(s0/fp)=00000005
#26798  pc=00400040   x9(s1)=00000003
#26799  pc=00400044   x2(sp)=7fefff70
#26800  pc=00400048
#26801  pc=00400060
#26802  pc=00400064
#26803  pc=00400034   x10(a0)=00000005
#26804  pc=00400038   x1(ra)=00400054
#26805  pc=0040003c   x8(s0/fp)=00000006
#26806  pc=00400040   x9(s1)=0000000d
#26807  pc=00400044   x2(sp)=7fefff80
#26808  pc=00400048
#26809  pc=00400054   x9(s1)=00000005
#26810  pc=00400058   x10(a0)=00000004
#26811  pc=0040005c   x1(ra)=00400060
#26812  pc=00400014   x2(sp)=7fefff70
#26813  pc=00400018
#26814  pc=0040001c
#26815  pc=00400020
#26816  pc=00400024   x8(s0/fp)=00000004
#26817  pc=00400028
#26818  pc=0040002c
#26819  pc=00400030
#26820  pc=0040004c   x10(a0)=00000003
#26821  pc=00400050   x1(ra)=00400054
#26822  pc=00400014   x2(sp)=7fefff60
#26823  pc=00400018
#26824  pc=0040001c
#26825  pc=00400020
#26826  pc=00400024   x8(s0/fp)=00000003
#26827  pc=00400028
#26828  pc=0040002c
#26829  pc=00400030
#26830  pc=0040004c   x10(a0)=00000002
#26831  pc=00400050
#26832  pc=00400014   x2(sp)=7fefff50
#26833  pc=00400018
#26834  pc=0040001c
#26835  pc=00400020
#26836  pc=00400024   x8(s0/fp)=00000002
#26837  pc=00400028
#26838  pc=0040002c
#26839  pc=00400030
#26840  pc=0040004c   x10(a0)=00000001
#26841  pc=00400050
#26842  pc=00400014   x2(sp)=7fefff40
#26843  pc=00400018
#26844  pc=0040001c
#26845  pc=00400020
#26846  pc=00400024   x8(s0/fp)=00000001
#26847  pc=00400028
#26848  pc=0040002c
#26849  pc=00400030
#26850  pc=00400034
#26851  pc=00400038
#26852  pc=0040003c   x8(s0/fp)=00000002
#26853  pc=00400040
#26854  pc=00400044   x2(sp)=7fefff50
#26855  pc=00400048
#26856  pc=00400054   x9(s1)=00000001
#26857  pc=00400058   x10(a0)=00000000
#26858  pc=0040005c   x1(ra)=00400060
#26859  pc=00400014   x2(sp)=7fefff40
#26860  pc=00400018
#26861  pc=0040001c
#26862  pc=00400020
#26863  pc=00400024   x8(s0/fp)=00000000
#26864  pc=00400028
#26865  pc=00400034
#26866  pc=00400038
#26867  pc=0040003c   x8(s0/fp)=00000002
#26868  pc=00400040
#26869  pc=00400044   x2(sp)=7fefff50
#26870  pc=00400048
#26871  pc=00400060   x8(s0/fp)=00000001
#26872  pc=00400064
#26873  pc=00400034   x10(a0)=00000001
#26874  pc=00400038   x1(ra)=00400054
#26875  pc=0040003c   x8(s0/fp)=00000003
#26876  pc=00400040   x9(s1)=00000005
#26877  pc=00400044   x2(sp)=7fefff60
#26878  pc=00400048
#26879  pc=00400054   x9(s1)=00000001
#26880  pc=00400058
#26881  pc=0040005c   x1(ra)=00400060
#26882  pc=00400014   x2(sp)=7fefff50
#26883  pc=00400018
#26884  pc=0040001c
#26885  pc=00400020
#26886  pc=00400024   x8(s0/fp)=00000001
#26887  pc=00400028
#26888  pc=0040002c
#26889  pc=00400030
#26890  pc=00400034
#26891  pc=00400038
#26892  pc=0040003c   x8(s0/fp)=00000003
#26893  pc=00400040
#26894  pc=00400044   x2(sp)=7fefff60
#26895  pc=00400048
#26896  pc=00400060   x8(s0/fp)=00000002
#26897  pc=00400064
#26898  pc=00400034   x10(a0)=00000002
#26899  pc=00400038   x1(ra)=00400054
#26900  pc=0040003c   x8(s0/fp)=00000004
#26901  pc=00400040   x9(s1)=00000005
#26902  pc=00400044   x2(sp)=7fefff70
#26903  pc=00400048
#26904  pc=00400054   x9(s1)=00000002
#26905  pc=00400058
#26906  pc=0040005c   x1(ra)=00400060
#26907  pc=00400014   x2(sp)=7fefff60
#26908  pc=00400018
#26909  pc=0040001c
#26910  pc=00400020
#26911  pc=00400024   x8(s0/fp)=00000002
#26912  pc=00400028
#26913  pc=0040002c
#26914  pc=00400030
#26915  pc=0040004c   x10(a0)=00000001
#26916  pc=00400050   x1(ra)=00400054
#26917  pc=00400014   x2(sp)=7fefff50
#26918  pc=00400018
#26919  pc=0040001c
#26920  pc=00400020
#26921  pc=00400024   x8(s0/fp)=00000001
#26922  pc=00400028
#26923  pc=0040002c
#26924  pc=00400030
#26925  pc=00400034
#26926  pc=00400038
#26927  pc=0040003c   x8(s0/fp)=00000002
#26928  pc=00400040
#26929  pc=00400044   x2(sp)=7fefff60
#26930  pc=00400048
#26931  pc=00400054   x9(s1)=00000001
#26932  pc=00400058   x10(a0)=00000000
#26933  pc=0040005c   x1(ra)=00400060
#26934  pc=00400014   x2(sp)=7fefff50
#26935  pc=00400018
#26936  pc=0040001c
#26937  pc=00400020
#26938  pc=00400024   x8(s0/fp)=00000000
#26939  pc=00400028
#26940  pc=00400034
#26941  pc=00400038
#26942  pc=0040003c   x8(s0/fp)=00000002
#26943  pc=00400040
#26944  pc=00400044   x2(sp)=7fefff60
#26945  pc=00400048
#26946  pc=00400060   x8(s0/fp)=00000001
#26947  pc=00400064
#26948  pc=00400034   x10(a0)=00000001
#26949  pc=00400038
#26950  pc=0040003c   x8(s0/fp)=00000004
#26951  pc=00400040   x9(s1)=00000002
#26952  pc=00400044   x2(sp)=7fefff70
#26953  pc=00400048
#26954  pc=00400060   x8(s0/fp)=00000003
#26955  pc=00400064
#26956  pc=00400034   x10(a0)=00000003
#26957  pc=00400038
#26958  pc=0040003c   x8(s0/fp)=00000006
#26959  pc=00400040   x9(s1)=00000005
#26960  pc=00400044   x2(sp)=7fefff80
#26961  pc=00400048
#26962  pc=00400060   x8(s0/fp)=00000008
#26963  pc=00400064
#26964  pc=00400034   x10(a0)=00000008
#26965  pc=00400038
#26966  pc=0040003c
#26967  pc=00400040   x9(s1)=0000000d
#26968  pc=00400044   x2(sp)=7fefff90
#26969  pc=00400048
#26970  pc=00400060   x8(s0/fp)=00000015
#26971  pc=00400064
#26972  pc=00400034   x10(a0)=00000015
#26973  pc=00400038   x1(ra)=00400054
#26974  pc=0040003c   x8(s0/fp)=00000009
#26975  pc=00400040   x9(s1)=00000059
#26976  pc=00400044   x2(sp)=7fefffa0
#26977  pc=00400048
#26978  pc=00400054   x9(s1)=00000015
#26979  pc=00400058   x10(a0)=00000007
#26980  pc=0040005c   x1(ra)=00400060
#26981  pc=00400014   x2(sp)=7fefff90
#26982  pc=00400018
#26983  pc=0040001c
#26984  pc=00400020
#26985  pc=00400024   x8(s0/fp)=00000007
#26986  pc=00400028
#26987  pc=0040002c
#26988  pc=00400030
#26989  pc=0040004c   x10(a0)=00000006
#26990  pc=00400050   x1(ra)=00400054
#26991  pc=00400014   x2(sp)=7fefff80
#26992  pc=00400018
#26993  pc=0040001c
#26994  pc=00400020
#26995  pc=00400024   x8(s0/fp)=00000006
#26996  pc=00400028
#26997  pc=0040002c
#26998  pc=00400030
#26999  pc=0040004c   x10(a0)=00000005
#27000  pc=00400050
#27001  pc=00400014   x2(sp)=7fefff70
#27002  pc=00400018
#27003  pc=0040001c
#27004  pc=00400020
#27005  pc=00400024   x8(s0/fp)=00000005
#27006  pc=00400028
#27007  pc=0040002c
#27008  pc=00400030
#27009  pc=0040004c   x10(a0)=00000004
#27010  pc=00400050
#27011  pc=00400014   x2(sp)=7fefff60
#27012  pc=00400018
#27013  pc=0040001c
#27014  pc=00400020
#27015  pc=00400024   x8(s0/fp)=00000004
#27016  pc=00400028
#27017  pc=0040002c
#27018  pc=00400030
#27019  pc=0040004c   x10(a0)=00000003
#27020  pc=00400050
#27021  pc=00400014   x2(sp)=7fefff50
#27022  pc=00400018
#27023  pc=0040001c
#27024  pc=00400020
#27025  pc=00400024   x8(s0/fp)=00000003
#27026  pc=00400028
#27027  pc=0040002c
#27028  pc=00400030
#27029  pc=0040004c   x10(a0)=00000002
#27030  pc=00400050
#27031  pc=00400014   x2(sp)=7fefff40
#27032  pc=00400018
#27033  pc=0040001c
#27034  pc=00400020
#27035  pc=00400024   x8(s0/fp)=00000002
#27036  pc=00400028
#27037  pc=0040002c
#27038  pc=00400030
#27039  pc=0040004c   x10(a0)=00000001
#27040  pc=00400050
#27041  pc=00400014   x2(sp)=7fefff30
#27042  pc=00400018
#27043  pc=0040001c
#27044  pc=00400020
#27045  pc=00400024   x8(s0/fp)=00000001
#27046  pc=00400028
#27047  pc=0040002c
#27048  pc=00400030
#27049  pc=00400034
#27050  pc=00400038
#27051  pc=0040003c   x8(s0/fp)=00000002
#27052  pc=00400040
#27053  pc=00400044   x2(sp)=7fefff40
#27054  pc=00400048
#27055  pc=00400054   x9(s1)=00000001
#27056  pc=00400058   x10(a0)=00000000
#27057  pc=0040005c   x1(ra)=00400060
#27058  pc=00400014   x2(sp)=7fefff30
#27059  pc=00400018
#27060  pc=0040001c
#27061  pc=00400020
#27062  pc=00400024   x8(s0/fp)=00000000
#27063  pc=00400028
#27064  pc=00400034
#27065  pc=00400038
#27066  pc=0040003c   x8(s0/fp)=00000002
#27067  pc=00400040
#27068  pc=00400044   x2(sp)=7fefff40
#27069  pc=00400048
#27070  pc=00400060   x8(s0/fp)=00000001
#27071  pc=00400064
#27072  pc=00400034   x10(a0)=00000001
#27073  pc=00400038   x1(ra)=00400054
#27074  pc=0040003c   x8(s0/fp)=00000003
#27075  pc=00400040   x9(s1)=00000015
#27076  pc=00400044   x2(sp)=7fefff50
#27077  pc=00400048
#27078  pc=00400054   x9(s1)=00000001
#27079  pc=00400058
#27080  pc=0040005c   x1(ra)=00400060
#27081  pc=00400014   x2(sp)=7fefff40
#27082  pc=00400018
#27083  pc=0040001c
#27084  pc=00400020
#27085  pc=00400024   x8(s0/fp)=00000001
#27086  pc=00400028
#27087  pc=0040002c
#27088  pc=00400030
#27089  pc=00400034
#27090  pc=00400038
#27091  pc=0040003c   x8(s0/fp)=00000003
#27092  pc=00400040
#27093  pc=00400044   x2(sp)=7fefff50
#27094  pc=00400048
#27095  pc=00400060   x8(s0/fp)=00000002
#27096  pc=00400064
#27097  pc=00400034   x10(a0)=00000002
#27098  pc=00400038   x1(ra)=00400054
#27099  pc=0040003c   x8(s0/fp)=00000004
#27100  pc=00400040   x9(s1)=00000015
#27101  pc=00400044   x2(sp)=7fefff60
#27102  pc=00400048
#27103  pc=00400054   x9(s1)=00000002
#27104  pc=00400058
#27105  pc=0040005c   x1(ra)=00400060
#27106  pc=00400014   x2(sp)=7fefff50
#27107  pc=00400018
#27108  pc=0040001c
#27109  pc=00400020
#27110  pc=00400024   x8(s0/fp)=00000002
#27111  pc=00400028
#27112  pc=0040002c
#27113  pc=00400030
#27114  pc=0040004c   x10(a0)=00000001
#27115  pc=00400050   x1(ra)=00400054
#27116  pc=00400014   x2(sp)=7fefff40
#27117  pc=00400018
#27118  pc=0040001c
#27119  pc=00400020
#27120  pc=00400024   x8(s0/fp)=00000001
#27121  pc=00400028
#27122  pc=0040002c
#27123  pc=00400030
#27124  pc=00400034
#27125  pc=00400038
#27126  pc=0040003c   x8(s0/fp)=00000002
#27127  pc=00400040
#27128  pc=00400044   x2(sp)=7fefff50
#27129  pc=00400048
#27130  pc=00400054   x9(s1)=00000001
#27131  pc=00400058   x10(a0)=00000000
#27132  pc=0040005c   x1(ra)=00400060
#27133  pc=00400014   x2(sp)=7fefff40
#27134  pc=00400018
#27135  pc=0040001c
#27136  pc=00400020
#27137  pc=00400024   x8(s0/fp)=00000000
#27138  pc=00400028
#27139  pc=00400034
#27140  pc=00400038
#27141  pc=0040003c   x8(s0/fp)=00000002
#27142  pc=00400040
#27143  pc=00400044   x2(sp)=7fefff50
#27144  pc=00400048
#27145  pc=00400060   x8(s0/fp)=00000001
#27146  pc=00400064
#27147  pc=00400034   x10(a0)=00000001
#27148  pc=00400038
#27149  pc=0040003c   x8(s0/fp)=00000004
#27150  pc=00400040   x9(s1)=00000002
#27151  pc=00400044   x2(sp)=7fefff60
#27152  pc=00400048
#27153  pc=00400060   x8(s0/fp)=00000003
#27154  pc=00400064
#27155  pc=00400034   x10(a0)=00000003
#27156  pc=00400038   x1(ra)=00400054
#27157  pc=0040003c   x8(s0/fp)=00000005
#27158  pc=00400040   x9(s1)=00000015
#27159  pc=00400044   x2(sp)=7fefff70
#27160  pc=00400048
#27161  pc=00400054   x9(s1)=00000003
#27162  pc=00400058
#27163  pc=0040005c   x1(ra)=00400060
#27164  pc=00400014   x2(sp)=7fefff60
#27165  pc=00400018
#27166  pc=0040001c
#27167  pc=00400020
#27168  pc=00400024   x8(s0/fp)=00000003
#27169  pc=00400028
#27170  pc=0040002c
#27171  pc=00400030
#27172  pc=0040004c   x10(a0)=00000002
#27173  pc=00400050   x1(ra)=00400054
#27174  pc=00400014   x2(sp)=7fefff50
#27175  pc=00400018
#27176  pc=0040001c
#27177  pc=00400020
#27178  pc=00400024   x8(s0/fp)=00000002
#27179  pc=00400028
#27180  pc=0040002c
#27181  pc=00400030
#27182  pc=0040004c   x10(a0)=00000001
#27183  pc=00400050
#27184  pc=00400014   x2(sp)=7fefff40
#27185  pc=00400018
#27186  pc=0040001c
#27187  pc=00400020
#27188  pc=00400024   x8(s0/fp)=00000001
#27189  pc=00400028
#27190  pc=0040002c
#27191  pc=00400030
#27192  pc=00400034
#27193  pc=00400038
#27194  pc=0040003c   x8(s0/fp)=00000002
#27195  pc=00400040
#27196  pc=00400044   x2(sp)=7fefff50
#27197  pc=00400048
#27198  pc=00400054   x9(s1)=00000001
#27199  pc=00400058   x10(a0)=00000000
#27200  pc=0040005c   x1(ra)=00400060
#27201  pc=00400014   x2(sp)=7fefff40
#27202  pc=00400018
#27203  pc=0040001c
#27204  pc=00400020
#27205  pc=00400024   x8(s0/fp)=00000000
#27206  pc=00400028
#27207  pc=00400034
#27208  pc=00400038
#27209  pc=0040003c   x8(s0/fp)=00000002
#27210  pc=00400040
#27211  pc=00400044   x2(sp)=7fefff50
#27212  pc=00400048
#27213  pc=00400060   x8(s0/fp)=00000001
#27214  pc=00400064
#27215  pc=00400034   x10(a0)=00000001
#27216  pc=00400038   x1(ra)=00400054
#27217  pc=0040003c   x8(s0/fp)=00000003
#27218  pc=00400040   x9(s1)=00000003
#27219  pc=00400044   x2(sp)=7fefff60
#27220  pc=00400048
#27221  pc=00400054   x9(s1)=00000001
#27222  pc=00400058
#27223  pc=0040005c   x1(ra)=00400060
#27224  pc=00400014   x2(sp)=7fefff50
#27225  pc=00400018
#27226  pc=0040001c
#27227  pc=00400020
#27228  pc=00400024   x8(s0/fp)=00000001
#27229  pc=00400028
#27230  pc=0040002c
#27231  pc=00400030
#27232  pc=00400034
#27233  pc=00400038
#27234  pc=0040003c   x8(s0/fp)=00000003
#27235  pc=00400040
#27236  pc=00400044   x2(sp)=7fefff60
#27237  pc=00400048
#27238  pc=00400060   x8(s0/fp)=00000002
#27239  pc=00400064
#27240  pc=00400034   x10(a0)=00000002
#27241  pc=00400038
#27242  pc=0040003c   x8(s0/fp)=00000005
#27243  pc=00400040   x9(s1)=00000003
#27244  pc=00400044   x2(sp)=7fefff70
#27245  pc=00400048
#27246  pc=00400060
#27247  pc=00400064
#27248  pc=00400034   x10(a0)=00000005
#27249  pc=00400038   x1(ra)=00400054
#27250  pc=0040003c   x8(s0/fp)=00000006
#27251  pc=00400040   x9(s1)=00000015
#27252  pc=00400044   x2(sp)=7fefff80
#27253  pc=00400048
#27254  pc=00400054   x9(s1)=00000005
#27255  pc=00400058   x10(a0)=00000004
#27256  pc=0040005c   x1(ra)=00400060
#27257  pc=00400014   x2(sp)=7fefff70
#27258  pc=00400018
#27259  pc=0040001c
#27260  pc=00400020
#27261  pc=00400024   x8(s0/fp)=00000004
#27262  pc=00400028
#27263  pc=0040002c
#27264  pc=00400030
#27265  pc=0040004c   x10(a0)=00000003
#27266  pc=00400050   x1(ra)=00400054
#27267  pc=00400014   x2(sp)=7fefff60
#27268  pc=00400018
#27269  pc=0040001c
#27270  pc=00400020
#27271  pc=00400024   x8(s0/fp)=00000003
#27272  pc=00400028
#27273  pc=0040002c
#27274  pc=00400030
#27275  pc=0040004c   x10(a0)=00000002
#27276  pc=00400050
#27277  pc=00400014   x2(sp)=7fefff50
#27278  pc=00400018
#27279  pc=0040001c
#27280  pc=00400020
#27281  pc=00400024   x8(s0/fp)=00000002
#27282  pc=00400028
#27283  pc=0040002c
#27284  pc=00400030
#27285  pc=0040004c   x10(a0)=00000001
#27286  pc=00400050
#27287  pc=00400014   x2(sp)=7fefff40
#27288  pc=00400018
#27289  pc=0040001c
#27290  pc=00400020
#27291  pc=00400024   x8(s0/fp)=00000001
#27292  pc=00400028
#27293  pc=0040002c
#27294  pc=00400030
#27295  pc=00400034
#27296  pc=00400038
#27297  pc=0040003c   x8(s0/fp)=00000002
#27298  pc=00400040
#27299  pc=00400044   x2(sp)=7fefff50
#27300  pc=00400048
#27301  pc=00400054   x9(s1)=00000001
#27302  pc=00400058   x10(a0)=00000000
#27303  pc=0040005c   x1(ra)=00400060
#27304  pc=00400014   x2(sp)=7fefff40
#27305  pc=00400018
#27306  pc=0040001c
#27307  pc=00400020
#27308  pc=00400024   x8(s0/fp)=00000000
#27309  pc=00400028
#27310  pc=00400034
#27311  pc=00400038
#27312  pc=0040003c   x8(s0/fp)=00000002
#27313  pc=00400040
#27314  pc=00400044   x2(sp)=7fefff50
#27315  pc=00400048
#27316  pc=00400060   x8(s0/fp)=00000001
#27317  pc=00400064
#27318  pc=00400034   x10(a0)=00000001
#27319  pc=00400038   x1(ra)=00400054
#27320  pc=0040003c   x8(s0/fp)=00000003
#27321  pc=00400040   x9(s1)=00000005
#27322  pc=00400044   x2(sp)=7fefff60
#27323  pc=00400048
#27324  pc=00400054   x9(s1)=00000001
#27325  pc=00400058
#27326  pc=0040005c   x1(ra)=00400060
#27327  pc=00400014   x2(sp)=7fefff50
#27328  pc=00400018
#27329  pc=0040001c
#27330  pc=00400020
#27331  pc=00400024   x8(s0/fp)=00000001
#27332  pc=00400028
#27333  pc=0040002c
#27334  pc=00400030
#27335  pc=00400034
#27336  pc=00400038
#27337  pc=0040003c   x8(s0/fp)=00000003
#27338  pc=00400040
#27339  pc=00400044   x2(sp)=7fefff60
#27340  pc=00400048
#27341  pc=00400060   x8(s0/fp)=00000002
#27342  pc=00400064
#27343  pc=00400034   x10(a0)=00000002
#27344  pc=00400038   x1(ra)=00400054
#27345  pc=0040003c   x8(s0/fp)=00000004
#27346  pc=00400040   x9(s1)=00000005
#27347  pc=00400044   x2(sp)=7fefff70
#27348  pc=00400048
#27349  pc=00400054   x9(s1)=00000002
#27350  pc=00400058
#27351  pc=0040005c   x1(ra)=00400060
#27352  pc=00400014   x2(sp)=7fefff60
#27353  pc=00400018
#27354  pc=0040001c
#27355  pc=00400020
#27356  pc=00400024   x8(s0/fp)=00000002
#27357  pc=00400028
#27358  pc=0040002c
#27359  pc=00400030
#27360  pc=0040004c   x10(a0)=00000001
#27361  pc=00400050   x1(ra)=00400054
#27362  pc=00400014   x2(sp)=7fefff50
#27363  pc=00400018
#27364  pc=0040001c
#27365  pc=00400020
#27366  pc=00400024   x8(s0/fp)=00000001
#27367  pc=00400028
#27368  pc=0040002c
#27369  pc=00400030
#27370  pc=00400034
#27371  pc=00400038
#27372  pc=0040003c   x8(s0/fp)=00000002
#27373  pc=00400040
#27374  pc=00400044   x2(sp)=7fefff60
#27375  pc=00400048
#27376  pc=00400054   x9(s1)=00000001
#27377  pc=00400058   x10(a0)=00000000
#27378  pc=0040005c   x1(ra)=00400060
#27379  pc=00400014   x2(sp)=7fefff50
#27380  pc=00400018
#27381  pc=0040001c
#27382  pc=00400020
#27383  pc=00400024   x8(s0/fp)=00000000
#27384  pc=00400028
#27385  pc=00400034
#27386  pc=00400038
#27387  pc=0040003c   x8(s0/fp)=00000002
#27388  pc=00400040
#27389  pc=00400044   x2(sp)=7fefff60
#27390  pc=00400048
#27391  pc=00400060   x8(s0/fp)=00000001
#27392  pc=00400064
#27393  pc=00400034   x10(a0)=00000001
#27394  pc=00400038
#27395  pc=0040003c   x8(s0/fp)=00000004
#27396  pc=00400040   x9(s1)=00000002
#27397  pc=00400044   x2(sp)=7fefff70
#27398  pc=00400048
#27399  pc=00400060   x8(s0/fp)=00000003
#27400  pc=00400064
#27401  pc=00400034   x10(a0)=00000003
#27402  pc=00400038
#27403  pc=0040003c   x8(s0/fp)=00000006
#27404  pc=00400040   x9(s1)=00000005
#27405  pc=00400044   x2(sp)=7fefff80
#27406  pc=00400048
#27407  pc=00400060   x8(s0/fp)=00000008
#27408  pc=00400064
#27409  pc=00400034   x10(a0)=00000008
#27410  pc=00400038   x1(ra)=00400054
#27411  pc=0040003c   x8(s0/fp)=00000007
#27412  pc=00400040   x9(s1)=00000015
#27413  pc=00400044   x2(sp)=7fefff90
#27414  pc=00400048
#27415  pc=00400054   x9(s1)=00000008
#27416  pc=00400058   x10(a0)=00000005
#27417  pc=0040005c   x1(ra)=00400060
#27418  pc=00400014   x2(sp)=7fefff80
#27419  pc=00400018
#27420  pc=0040001c
#27421  pc=00400020
#27422  pc=00400024   x8(s0/fp)=00000005
#27423  pc=00400028
#27424  pc=0040002c
#27425  pc=00400030
#27426  pc=0040004c   x10(a0)=00000004
#27427  pc=00400050   x1(ra)=00400054
#27428  pc=00400014   x2(sp)=7fefff70
#27429  pc=00400018
#27430  pc=0040001c
#27431  pc=00400020
#27432  pc=00400024   x8(s0/fp)=00000004
#27433  pc=00400028
#27434  pc=0040002c
#27435  pc=00400030
#27436  pc=0040004c   x10(a0)=00000003
#27437  pc=00400050
#27438  pc=00400014   x2(sp)=7fefff60
#27439  pc=00400018
#27440  pc=0040001c
#27441  pc=00400020
#27442  pc=00400024   x8(s0/fp)=00000003
#27443  pc=00400028
#27444  pc=0040002c
#27445  pc=00400030
#27446  pc=0040004c   x10(a0)=00000002
#27447  pc=00400050
#27448  pc=00400014   x2(sp)=7fefff50
#27449  pc=00400018
#27450  pc=0040001c
#27451  pc=00400020
#27452  pc=00400024   x8(s0/fp)=00000002
#27453  pc=00400028
#27454  pc=0040002c
#27455  pc=00400030
#27456  pc=0040004c   x10(a0)=00000001
#27457  pc=00400050
#27458  pc=00400014   x2(sp)=7fefff40
#27459  pc=00400018
#27460  pc=0040001c
#27461  pc=00400020
#27462  pc=00400024   x8(s0/fp)=00000001
#27463  pc=00400028
#27464  pc=0040002c
#27465  pc=00400030
#27466  pc=00400034
#27467  pc=00400038
#27468  pc=0040003c   x8(s0/fp)=00000002
#27469  pc=00400040
#27470  pc=00400044   x2(sp)=7fefff50
#27471  pc=00400048
#27472  pc=00400054   x9(s1)=00000001
#27473  pc=00400058   x10(a0)=00000000
#27474  pc=0040005c   x1(ra)=00400060
#27475  pc=00400014   x2(sp)=7fefff40
#27476  pc=00400018
#27477  pc=0040001c
#27478  pc=00400020
#27479  pc=00400024   x8(s0/fp)=00000000
#27480  pc=00400028
#27481  pc=00400034
#27482  pc=00400038
#27483  pc=0040003c   x8(s0/fp)=00000002
#27484  pc=00400040
#27485  pc=00400044   x2(sp)=7fefff50
#27486  pc=00400048
#27487  pc=00400060   x8(s0/fp)=00000001
#27488  pc=00400064
#27489  pc=00400034   x10(a0)=00000001
#27490  pc=00400038   x1(ra)=00400054
#27491  pc=0040003c   x8(s0/fp)=00000003
#27492  pc=00400040   x9(s1)=00000008
#27493  pc=00400044   x2(sp)=7fefff60
#27494  pc=00400048
#27495  pc=00400054   x9(s1)=00000001
#27496  pc=00400058
#27497  pc=0040005c   x1(ra)=00400060
#27498  pc=00400014   x2(sp)=7fefff50
#27499  pc=00400018
#27500  pc=0040001c
#27501  pc=00400020
#27502  pc=00400024   x8(s0/fp)=00000001
#27503  pc=00400028
#27504  pc=0040002c
#27505  pc=00400030
#27506  pc=00400034
#27507  pc=00400038
#27508  pc=0040003c   x8(s0/fp)=00000003
#27509  pc=00400040
#27510  pc=00400044   x2(sp)=7fefff60
#27511  pc=00400048
#27512  pc=00400060   x8(s0/fp)=00000002
#27513  pc=00400064
#27514  pc=00400034   x10(a0)=00000002
#27515  pc=00400038   x1(ra)=00400054
#27516  pc=0040003c   x8(s0/fp)=00000004
#27517  pc=00400040   x9(s1)=00000008
#27518  pc=00400044   x2(sp)=7fefff70
#27519  pc=00400048
#27520  pc=00400054   x9(s1)=00000002
#27521  pc=00400058
#27522  pc=0040005c   x1(ra)=00400060
#27523  pc=00400014   x2(sp)=7fefff60
#27524  pc=00400018
#27525  pc=0040001c
#27526  pc=00400020
#27527  pc=00400024   x8(s0/fp)=00000002
#27528  pc=00400028
#27529  pc=0040002c
#27530  pc=00400030
#27531  pc=0040004c   x10(a0)=00000001
#27532  pc=00400050   x1(ra)=00400054
#27533  pc=00400014   x2(sp)=7fefff50
#27534  pc=00400018
#27535  pc=0040001c
#27536  pc=00400020
#27537  pc=00400024   x8(s0/fp)=00000001
#27538  pc=00400028
#27539  pc=0040002c
#27540  pc=00400030
#27541  pc=00400034
#27542  pc=00400038
#27543  pc=0040003c   x8(s0/fp)=00000002
#27544  pc=00400040
#27545  pc=00400044   x2(sp)=7fefff60
#27546  pc=00400048
#27547  pc=00400054   x9(s1)=00000001
#27548  pc=00400058   x10(a0)=00000000
#27549  pc=0040005c   x1(ra)=00400060
#27550  pc=00400014   x2(sp)=7fefff50
#27551  pc=00400018
#27552  pc=0040001c
#27553  pc=00400020
#27554  pc=00400024   x8(s0/fp)=00000000
#27555  pc=00400028
#27556  pc=00400034
#27557  pc=00400038
#27558  pc=0040003c   x8(s0/fp)=00000002
#27559  pc=00400040
#27560  pc=00400044   x2(sp)=7fefff60
#27561  pc=00400048
#27562  pc=00400060   x8(s0/fp)=00000001
#27563  pc=00400064
#27564  pc=00400034   x10(a0)=00000001
#27565  pc=00400038
#27566  pc=0040003c   x8(s0/fp)=00000004
#27567  pc=00400040   x9(s1)=00000002
#27568  pc=00400044   x2(sp)=7fefff70
#27569  pc=00400048
#27570  pc=00400060   x8(s0/fp)=00000003
#27571  pc=00400064
#27572  pc=00400034   x10(a0)=00000003
#27573  pc=00400038   x1(ra)=00400054
#27574  pc=0040003c   x8(s0/fp)=00000005
#27575  pc=00400040   x9(s1)=00000008
#27576  pc=00400044   x2(sp)=7fefff80
#27577  pc=00400048
#27578  pc=00400054   x9(s1)=00000003
#27579  pc=00400058
#27580  pc=0040005c   x1(ra)=00400060
#27581  pc=00400014   x2(sp)=7fefff70
#27582  pc=00400018
#27583  pc=0040001c
#27584  pc=00400020
#27585  pc=00400024   x8(s0/fp)=00000003
#27586  pc=00400028
#27587  pc=0040002c
#27588  pc=00400030
#27589  pc=0040004c   x10(a0)=00000002
#27590  pc=00400050   x1(ra)=00400054
#27591  pc=00400014   x2(sp)=7fefff60
#27592  pc=00400018
#27593  pc=0040001c
#27594  pc=00400020
#27595  pc=00400024   x8(s0/fp)=00000002
#27596  pc=00400028
#27597  pc=0040002c
#27598  pc=00400030
#27599  pc=0040004c   x10(a0)=00000001
#27600  pc=00400050
#27601  pc=00400014   x2(sp)=7fefff50
#27602  pc=00400018
#27603  pc=0040001c
#27604  pc=00400020
#27605  pc=00400024   x8(s0/fp)=00000001
#27606  pc=00400028
#27607  pc=0040002c
#27608  pc=00400030
#27609  pc=00400034
#27610  pc=00400038
#27611  pc=0040003c   x8(s0/fp)=00000002
#27612  pc=00400040
#27613  pc=00400044   x2(sp)=7fefff60
#27614  pc=00400048
#27615  pc=00400054   x9(s1)=00000001
#27616  pc=00400058   x10(a0)=00000000
#27617  pc=0040005c   x1(ra)=00400060
#27618  pc=00400014   x2(sp)=7fefff50
#27619  pc=00400018
#27620  pc=0040001c
#27621  pc=00400020
#27622  pc=00400024   x8(s0/fp)=00000000
#27623  pc=00400028
#27624  pc=00400034
#27625  pc=00400038
#27626  pc=0040003c   x8(s0/fp)=00000002
#27627  pc=00400040
#27628  pc=00400044   x2(sp)=7fefff60
#27629  pc=00400048
#27630  pc=00400060   x8(s0/fp)=00000001
#27631  pc=00400064
#27632  pc=00400034   x10(a0)=00000001
#27633  pc=00400038   x1(ra)=00400054
#27634  pc=0040003c   x8(s0/fp)=00000003
#27635  pc=00400040   x9(s1)=00000003
#27636  pc=00400044   x2(sp)=7fefff70
#27637  pc=00400048
#27638  pc=00400054   x9(s1)=00000001
#27639  pc=00400058
#27640  pc=0040005c   x1(ra)=00400060
#27641  pc=00400014   x2(sp)=7fefff60
#27642  pc=00400018
#27643  pc=0040001c
#27644  pc=00400020
#27645  pc=00400024   x8(s0/fp)=00000001
#27646  pc=00400028
#27647  pc=0040002c
#27648  pc=00400030
#27649  pc=00400034
#27650  pc=00400038
#27651  pc=0040003c   x8(s0/fp)=00000003
#27652  pc=00400040
#27653  pc=00400044   x2(sp)=7fefff70
#27654  pc=00400048
#27655  pc=00400060   x8(s0/fp)=00000002
#27656  pc=00400064
#27657  pc=00400034   x10(a0)=00000002
#27658  pc=00400038
#27659  pc=0040003c   x8(s0/fp)=00000005
#27660  pc=00400040   x9(s1)=00000003
#27661  pc=00400044   x2(sp)=7fefff80
#27662  pc=00400048
#27663  pc=00400060
#27664  pc=00400064
#27665  pc=00400034   x10(a0)=00000005
#27666  pc=00400038
#27667  pc=0040003c   x8(s0/fp)=00000007
#27668  pc=00400040   x9(s1)=00000008
#27669  pc=00400044   x2(sp)=7fefff90
#27670  pc=00400048
#27671  pc=00400060   x8(s0/fp)=0000000d
#27672  pc=00400064
#27673  pc=00400034   x10(a0)=0000000d
#27674  pc=00400038
#27675  pc=0040003c   x8(s0/fp)=00000009
#27676  pc=00400040   x9(s1)=00000015
#27677  pc=00400044   x2(sp)=7fefffa0
#27678  pc=00400048
#27679  pc=00400060   x8(s0/fp)=00000022
#27680  pc=00400064
#27681  pc=00400034   x10(a0)=00000022
#27682  pc=00400038   x1(ra)=00400054
#27683  pc=0040003c   x8(s0/fp)=0000000a
#27684  pc=00400040   x9(s1)=00000059
#27685  pc=00400044   x2(sp)=7fefffb0
#27686  pc=00400048
#27687  pc=00400054   x9(s1)=00000022
#27688  pc=00400058   x10(a0)=00000008
#27689  pc=0040005c   x1(ra)=00400060
#27690  pc=00400014   x2(sp)=7fefffa0
#27691  pc=00400018
#27692  pc=0040001c
#27693  pc=00400020
#27694  pc=00400024   x8(s0/fp)=00000008
#27695  pc=00400028
#27696  pc=0040002c
#27697  pc=00400030
#27698  pc=0040004c   x10(a0)=00000007
#27699  pc=00400050   x1(ra)=00400054
#27700  pc=00400014   x2(sp)=7fefff90
#27701  pc=00400018
#27702  pc=0040001c
#27703  pc=00400020
#27704  pc=00400024   x8(s0/fp)=00000007
#27705  pc=00400028
#27706  pc=0040002c
#27707  pc=00400030
#27708  pc=0040004c   x10(a0)=00000006
#27709  pc=00400050
#27710  pc=00400014   x2(sp)=7fefff80
#27711  pc=00400018
#27712  pc=0040001c
#27713  pc=00400020
#27714  pc=00400024   x8(s0/fp)=00000006
#27715  pc=00400028
#27716  pc=0040002c
#27717  pc=00400030
#27718  pc=0040004c   x10(a0)=00000005
#27719  pc=00400050
#27720  pc=00400014   x2(sp)=7fefff70
#27721  pc=00400018
#27722  pc=0040001c
#27723  pc=00400020
#27724  pc=00400024   x8(s0/fp)=00000005
#27725  pc=00400028
#27726  pc=0040002c
#27727  pc=00400030
#27728  pc=0040004c   x10(a0)=00000004
#27729  pc=00400050
#27730  pc=00400014   x2(sp)=7fefff60
#27731  pc=00400018
#27732  pc=0040001c
#27733  pc=00400020
#27734  pc=00400024   x8(s0/fp)=00000004
#27735  pc=00400028
#27736  pc=0040002c
#27737  pc=00400030
#27738  pc=0040004c   x10(a0)=00000003
#27739  pc=00400050
#27740  pc=00400014   x2(sp)=7fefff50
#27741  pc=00400018
#27742  pc=0040001c
#27743  pc=00400020
#27744  pc=00400024   x8(s0/fp)=00000003
#27745  pc=00400028
#27746  pc=0040002c
#27747  pc=00400030
#27748  pc=0040004c   x10(a0)=00000002
#27749  pc=00400050
#27750  pc=00400014   x2(sp)=7fefff40
#27751  pc=00400018
#27752  pc=0040001c
#27753  pc=00400020
#27754  pc=00400024   x8(s0/fp)=00000002
#27755  pc=00400028
#27756  pc=0040002c
#27757  pc=00400030
#27758  pc=0040004c   x10(a0)=00000001
#27759  pc=00400050
#27760  pc=00400014   x2(sp)=7fefff30
#27761  pc=00400018
#27762  pc=0040001c
#27763  pc=00400020
#27764  pc=00400024   x8(s0/fp)=00000001
#27765  pc=00400028
#27766  pc=0040002c
#27767  pc=00400030
#27768  pc=00400034
#27769  pc=00400038
#27770  pc=0040003c   x8(s0/fp)=00000002
#27771  pc=00400040
#27772  pc=00400044   x2(sp)=7fefff40
#27773  pc=00400048
#27774  pc=00400054   x9(s1)=00000001
#27775  pc=00400058   x10(a0)=00000000
#27776  pc=0040005c   x1(ra)=00400060
#27777  pc=00400014   x2(sp)=7fefff30
#27778  pc=00400018
#27779  pc=0040001c
#27780  pc=00400020
#27781  pc=00400024   x8(s0/fp)=00000000
#27782  pc=00400028
#27783  pc=00400034
#27784  pc=00400038
#27785  pc=0040003c   x8(s0/fp)=00000002
#27786  pc=00400040
#27787  pc=00400044   x2(sp)=7fefff40
#27788  pc=00400048
#27789  pc=00400060   x8(s0/fp)=00000001
#27790  pc=00400064
#27791  pc=00400034   x10(a0)=00000001
#27792  pc=00400038   x1(ra)=00400054
#27793  pc=0040003c   x8(s0/fp)=00000003
#27794  pc=00400040   x9(s1)=00000022
#27795  pc=00400044   x2(sp)=7fefff50
#27796  pc=00400048
#27797  pc=00400054   x9(s1)=00000001
#27798  pc=00400058
#27799  pc=0040005c   x1(ra)=00400060
#27800  pc=00400014   x2(sp)=7fefff40
#27801  pc=00400018
#27802  pc=0040001c
#27803  pc=00400020
#27804  pc=00400024   x8(s0/fp)=00000001
#27805  pc=00400028
#27806  pc=0040002c
#27807  pc=00400030
#27808  pc=00400034
#27809  pc=00400038
#27810  pc=0040003c   x8(s0/fp)=00000003
#27811  pc=00400040
#27812  pc=00400044   x2(sp)=7fefff50
#27813  pc=00400048
#27814  pc=00400060   x8(s0/fp)=00000002
#27815  pc=00400064
#27816  pc=00400034   x10(a0)=00000002
#27817  pc=00400038   x1(ra)=00400054
#27818  pc=0040003c   x8(s0/fp)=00000004
#27819  pc=00400040   x9(s1)=00000022
#27820  pc=00400044   x2(sp)=7fefff60
#27821  pc=00400048
#27822  pc=00400054   x9(s1)=00000002
#27823  pc=00400058
#27824  pc=0040005c   x1(ra)=00400060
#27825  pc=00400014   x2(sp)=7fefff50
#27826  pc=00400018
#27827  pc=0040001c
#27828  pc=00400020
#27829  pc=00400024   x8(s0/fp)=00000002
#27830  pc=00400028
#27831  pc=0040002c
#27832  pc=00400030
#27833  pc=0040004c   x10(a0)=00000001
#27834  pc=00400050   x1(ra)=00400054
#27835  pc=00400014   x2(sp)=7fefff40
#27836  pc=00400018
#27837  pc=0040001c
#27838  pc=00400020
#27839  pc=00400024   x8(s0/fp)=00000001
#27840  pc=00400028
#27841  pc=0040002c
#27842  pc=00400030
#27843  pc=00400034
#27844  pc=00400038
#27845  pc=0040003c   x8(s0/fp)=00000002
#27846  pc=00400040
#27847  pc=00400044   x2(sp)=7fefff50
#27848  pc=00400048
#27849  pc=00400054   x9(s1)=00000001
#27850  pc=00400058   x10(a0)=00000000
#27851  pc=0040005c   x1(ra)=00400060
#27852  pc=00400014   x2(sp)=7fefff40
#27853  pc=00400018
#27854  pc=0040001c
#27855  pc=00400020
#27856  pc=00400024   x8(s0/fp)=00000000
#27857  pc=00400028
#27858  pc=00400034
#27859  pc=00400038
#27860  pc=0040003c   x8(s0/fp)=00000002
#27861  pc=00400040
#27862  pc=00400044   x2(sp)=7fefff50
#27863  pc=00400048
#27864  pc=00400060   x8(s0/fp)=00000001
#27865  pc=00400064
#27866  pc=00400034   x10(a0)=00000001
#27867  pc=00400038
#27868  pc=0040003c   x8(s0/fp)=00000004
#27869  pc=00400040   x9(s1)=00000002
#27870  pc=00400044   x2(sp)=7fefff60
#27871  pc=00400048
#27872  pc=00400060   x8(s0/fp)=00000003
#27873  pc=00400064
#27874  pc=00400034   x10(a0)=00000003
#27875  pc=00400038   x1(ra)=00400054
#27876  pc=0040003c   x8(s0/fp)=00000005
#27877  pc=00400040   x9(s1)=00000022
#27878  pc=00400044   x2(sp)=7fefff70
#27879  pc=00400048
#27880  pc=00400054   x9(s1)=00000003
#27881  pc=00400058
#27882  pc=0040005c   x1(ra)=00400060
#27883  pc=00400014   x2(sp)=7fefff60
#27884  pc=00400018
#27885  pc=0040001c
#27886  pc=00400020
#27887  pc=00400024   x8(s0/fp)=00000003
#27888  pc=00400028
#27889  pc=0040002c
#27890  pc=00400030
#27891  pc=0040004c   x10(a0)=00000002
#27892  pc=00400050   x1(ra)=00400054
#27893  pc=00400014   x2(sp)=7fefff50
#27894  pc=00400018
#27895  pc=0040001c
#27896  pc=00400020
#27897  pc=00400024   x8(s0/fp)=00000002
#27898  pc=00400028
#27899  pc=0040002c
#27900  pc=00400030
#27901  pc=0040004c   x10(a0)=00000001
#27902  pc=00400050
#27903  pc=00400014   x2(sp)=7fefff40
#27904  pc=00400018
#27905  pc=0040001c
#27906  pc=00400020
#27907  pc=00400024   x8(s0/fp)=00000001
#27908  pc=00400028
#27909  pc=0040002c
#27910  pc=00400030
#27911  pc=00400034
#27912  pc=00400038
#27913  pc=0040003c   x8(s0/fp)=00000002
#27914  pc=00400040
#27915  pc=00400044   x2(sp)=7fefff50
#27916  pc=00400048
#27917  pc=00400054   x9(s1)=00000001
#27918  pc=00400058   x10(a0)=00000000
#27919  pc=0040005c   x1(ra)=00400060
#27920  pc=00400014   x2(sp)=7fefff40
#27921  pc=00400018
#27922  pc=0040001c
#27923  pc=00400020
#27924  pc=00400024   x8(s0/fp)=00000000
#27925  pc=00400028
#27926  pc=00400034
#27927  pc=00400038
#27928  pc=0040003c   x8(s0/fp)=00000002
#27929  pc=00400040
#27930  pc=00400044   x2(sp)=7fefff50
#27931  pc=00400048
#27932  pc=00400060   x8(s0/fp)=00000001
#27933  pc=00400064
#27934  pc=00400034   x10(a0)=00000001
#27935  pc=00400038   x1(ra)=00400054
#27936  pc=0040003c   x8(s0/fp)=00000003
#27937  pc=00400040   x9(s1)=00000003
#27938  pc=00400044   x2(sp)=7fefff60
#27939  pc=00400048
#27940  pc=00400054   x9(s1)=00000001
#27941  pc=00400058
#27942  pc=0040005c   x1(ra)=00400060
#27943  pc=00400014   x2(sp)=7fefff50
#27944  pc=00400018
#27945  pc=0040001c
#27946  pc=00400020
#27947  pc=00400024   x8(s0/fp)=00000001
#27948  pc=00400028
#27949  pc=0040002c
#27950  pc=00400030
#27951  pc=00400034
#27952  pc=00400038
#27953  pc=0040003c   x8(s0/fp)=00000003
#27954  pc=00400040
#27955  pc=00400044   x2(sp)=7fefff60
#27956  pc=00400048
#27957  pc=00400060   x8(s0/fp)=00000002
#27958  pc=00400064
#27959  pc=00400034   x10(a0)=00000002
#27960  pc=00400038
#27961  pc=0040003c   x8(s0/fp)=00000005
#27962  pc=00400040   x9(s1)=00000003
#27963  pc=00400044   x2(sp)=7fefff70
#27964  pc=00400048
#27965  pc=00400060
#27966  pc=00400064
#27967  pc=00400034   x10(a0)=00000005
#27968  pc=00400038   x1(ra)=00400054
#27969  pc=0040003c   x8(s0/fp)=00000006
#27970  pc=00400040   x9(s1)=00000022
#27971  pc=00400044   x2(sp)=7fefff80
#27972  pc=00400048
#27973  pc=00400054   x9(s1)=00000005
#27974  pc=00400058   x10(a0)=00000004
#27975  pc=0040005c   x1(ra)=00400060
#27976  pc=00400014   x2(sp)=7fefff70
#27977  pc=00400018
#27978  pc=0040001c
#27979  pc=00400020
#27980  pc=00400024   x8(s0/fp)=00000004
#27981  pc=00400028
#27982  pc=0040002c
#27983  pc=00400030
#27984  pc=0040004c   x10(a0)=00000003
#27985  pc=00400050   x1(ra)=00400054
#27986  pc=00400014   x2(sp)=7fefff60
#27987  pc=00400018
#27988  pc=0040001c
#27989  pc=00400020
#27990  pc=00400024   x8(s0/fp)=00000003
#27991  pc=00400028
#27992  pc=0040002c
#27993  pc=00400030
#27994  pc=0040004c   x10(a0)=00000002
#27995  pc=00400050
#27996  pc=00400014   x2(sp)=7fefff50
#27997  pc=00400018
#27998  pc=0040001c
#27999  pc=00400020
#28000  pc=00400024   x8(s0/fp)=00000002
#28001  pc=00400028
#28002  pc=0040002c
#28003  pc=00400030
#28004  pc=0040004c   x10(a0)=00000001
#28005  pc=00400050
#28006  pc=00400014   x2(sp)=7fefff40
#28007  pc=00400018
#28008  pc=0040001c
#28009  pc=00400020
#28010  pc=00400024   x8(s0/fp)=00000001
#28011  pc=00400028
#28012  pc=0040002c
#28013  pc=00400030
#28014  pc=00400034
#28015  pc=00400038
#28016  pc=0040003c   x8(s0/fp)=00000002
#28017  pc=00400040
#28018  pc=00400044   x2(sp)=7fefff50
#28019  pc=00400048
#28020  pc=00400054   x9(s1)=00000001
#28021  pc=00400058   x10(a0)=00000000
#28022  pc=0040005c   x1(ra)=00400060
#28023  pc=00400014   x2(sp)=7fefff40
#28024  pc=00400018
#28025  pc=0040001c
#28026  pc=00400020
#28027  pc=00400024   x8(s0/fp)=00000000
#28028  pc=00400028
#28029  pc=00400034
#28030  pc=00400038
#28031  pc=0040003c   x8(s0/fp)=00000002
#28032  pc=00400040
#28033  pc=00400044   x2(sp)=7fefff50
#28034  pc=00400048
#28035  pc=00400060   x8(s0/fp)=00000001
#28036  pc=00400064
#28037  pc=00400034   x10(a0)=00000001
#28038  pc=00400038   x1(ra)=00400054
#28039  pc=0040003c   x8(s0/fp)=00000003
#28040  pc=00400040   x9(s1)=00000005
#28041  pc=00400044   x2(sp)=7fefff60
#28042  pc=00400048
#28043  pc=00400054   x9(s1)=00000001
#28044  pc=00400058
#28045  pc=0040005c   x1(ra)=00400060
#28046  pc=00400014   x2(sp)=7fefff50
#28047  pc=00400018
#28048  pc=0040001c
#28049  pc=00400020
#28050  pc=00400024   x8(s0/fp)=00000001
#28051  pc=00400028
#28052  pc=0040002c
#28053  pc=00400030
#28054  pc=00400034
#28055  pc=00400038
#28056  pc=0040003c   x8(s0/fp)=00000003
#28057  pc=00400040
#28058  pc=00400044   x2(sp)=7fefff60
#28059  pc=00400048
#28060  pc=00400060   x8(s0/fp)=00000002
#28061  pc=00400064
#28062  pc=00400034   x10(a0)=00000002
#28063  pc=00400038   x1(ra)=00400054
#28064  pc=0040003c   x8(s0/fp)=00000004
#28065  pc=00400040   x9(s1)=00000005
#28066  pc=00400044   x2(sp)=7fefff70
#28067  pc=00400048
#28068  pc=00400054   x9(s1)=00000002
#28069  pc=00400058
#28070  pc=0040005c   x1(ra)=00400060
#28071  pc=00400014   x2(sp)=7fefff60
#28072  pc=00400018
#28073  pc=0040001c
#28074  pc=00400020
#28075  pc=00400024   x8(s0/fp)=00000002
#28076  pc=00400028
#28077  pc=0040002c
#28078  pc=00400030
#28079  pc=0040004c   x10(a0)=00000001
#28080  pc=00400050   x1(ra)=00400054
#28081  pc=00400014   x2(sp)=7fefff50
#28082  pc=00400018
#28083  pc=0040001c
#28084  pc=00400020
#28085  pc=00400024   x8(s0/fp)=00000001
#28086  pc=00400028
#28087  pc=0040002c
#28088  pc=00400030
#28089  pc=00400034
#28090  pc=00400038
#28091  pc=0040003c   x8(s0/fp)=00000002
#28092  pc=00400040
#28093  pc=00400044   x2(sp)=7fefff60
#28094  pc=00400048
#28095  pc=00400054   x9(s1)=00000001
#28096  pc=00400058   x10(a0)=00000000
#28097  pc=0040005c   x1(ra)=00400060
#28098  pc=00400014   x2(sp)=7fefff50
#28099  pc=00400018
#28100  pc=0040001c
#28101  pc=00400020
#28102  pc=00400024   x8(s0/fp)=00000000
#28103  pc=00400028
#28104  pc=00400034
#28105  pc=00400038
#28106  pc=0040003c   x8(s0/fp)=00000002
#28107  pc=00400040
#28108  pc=00400044   x2(sp)=7fefff60
#28109  pc=00400048
#28110  pc=00400060   x8(s0/fp)=00000001
#28111  pc=00400064
#28112  pc=00400034   x10(a0)=00000001
#28113  pc=00400038
#28114  pc=0040003c   x8(s0/fp)=00000004
#28115  pc=00400040   x9(s1)=00000002
#28116  pc=00400044   x2(sp)=7fefff70
#28117  pc=00400048
#28118  pc=00400060   x8(s0/fp)=00000003
#28119  pc=00400064
#28120  pc=00400034   x10(a0)=00000003
#28121  pc=00400038
#28122  pc=0040003c   x8(s0/fp)=00000006
#28123  pc=00400040   x9(s1)=00000005
#28124  pc=00400044   x2(sp)=7fefff80
#28125  pc=00400048
#28126  pc=00400060   x8(s0/fp)=00000008
#28127  pc=00400064
#28128  pc=00400034   x10(a0)=00000008
#28129  pc=00400038   x1(ra)=00400054
#28130  pc=0040003c   x8(s0/fp)=00000007
#28131  pc=00400040   x9(s1)=00000022
#28132  pc=00400044   x2(sp)=7fefff90
#28133  pc=00400048
#28134  pc=00400054   x9(s1)=00000008
#28135  pc=00400058   x10(a0)=00000005
#28136  pc=0040005c   x1(ra)=00400060
#28137  pc=00400014   x2(sp)=7fefff80
#28138  pc=00400018
#28139  pc=0040001c
#28140  pc=00400020
#28141  pc=00400024   x8(s0/fp)=00000005
#28142  pc=00400028
#28143  pc=0040002c
#28144  pc=00400030
#28145  pc=0040004c   x10(a0)=00000004
#28146  pc=00400050   x1(ra)=00400054
#28147  pc=00400014   x2(sp)=7fefff70
#28148  pc=00400018
#28149  pc=0040001c
#28150  pc=00400020
#28151  pc=00400024   x8(s0/fp)=00000004
#28152  pc=00400028
#28153  pc=0040002c
#28154  pc=00400030
#28155  pc=0040004c   x10(a0)=00000003
#28156  pc=00400050
#28157  pc=00400014   x2(sp)=7fefff60
#28158  pc=00400018
#28159  pc=0040001c
#28160  pc=00400020
#28161  pc=00400024   x8(s0/fp)=00000003
#28162  pc=00400028
#28163  pc=0040002c
#28164  pc=00400030
#28165  pc=0040004c   x10(a0)=00000002
#28166  pc=00400050
#28167  pc=00400014   x2(sp)=7fefff50
#28168  pc=00400018
#28169  pc=0040001c
#28170  pc=00400020
#28171  pc=00400024   x8(s0/fp)=00000002
#28172  pc=00400028
#28173  pc=0040002c
#28174  pc=00400030
#28175  pc=0040004c   x10(a0)=00000001
#28176  pc=00400050
#28177  pc=00400014   x2(sp)=7fefff40
#28178  pc=00400018
#28179  pc=0040001c
#28180  pc=00400020
#28181  pc=00400024   x8(s0/fp)=00000001
#28182  pc=00400028
#28183  pc=0040002c
#28184  pc=00400030
#28185  pc=00400034
#28186  pc=00400038
#28187  pc=0040003c   x8(s0/fp)=00000002
#28188  pc=00400040
#28189  pc=00400044   x2(sp)=7fefff50
#28190  pc=00400048
#28191  pc=00400054   x9(s1)=00000001
#28192  pc=00400058   x10(a0)=00000000
#28193  pc=0040005c   x1(ra)=00400060
#28194  pc=00400014   x2(sp)=7fefff40
#28195  pc=00400018
#28196  pc=0040001c
#28197  pc=00400020
#28198  pc=00400024   x8(s0/fp)=00000000
#28199  pc=00400028
#28200  pc=00400034
#28201  pc=00400038
#28202  pc=0040003c   x8(s0/fp)=00000002
#28203  pc=00400040
#28204  pc=00400044   x2(sp)=7fefff50
#28205  pc=00400048
#28206  pc=00400060   x8(s0/fp)=00000001
#28207  pc=00400064
#28208  pc=00400034   x10(a0)=00000001
#28209  pc=00400038   x1(ra)=00400054
#28210  pc=0040003c   x8(s0/fp)=00000003
#28211  pc=00400040   x9(s1)=00000008
#28212  pc=00400044   x2(sp)=7fefff60
#28213  pc=00400048
#28214  pc=00400054   x9(s1)=00000001
#28215  pc=00400058
#28216  pc=0040005c   x1(ra)=00400060
#28217  pc=00400014   x2(sp)=7fefff50
#28218  pc=00400018
#28219  pc=0040001c
#28220  pc=00400020
#28221  pc=00400024   x8(s0/fp)=00000001
#28222  pc=00400028
#28223  pc=0040002c
#28224  pc=00400030
#28225  pc=00400034
#28226  pc=00400038
#28227  pc=0040003c   x8(s0/fp)=00000003
#28228  pc=00400040
#28229  pc=00400044   x2(sp)=7fefff60
#28230  pc=00400048
#28231  pc=00400060   x8(s0/fp)=00000002
#28232  pc=00400064
#28233  pc=00400034   x10(a0)=00000002
#28234  pc=00400038   x1(ra)=00400054
#28235  pc=0040003c   x8(s0/fp)=00000004
#28236  pc=00400040   x9(s1)=00000008
#28237  pc=00400044   x2(sp)=7fefff70
#28238  pc=00400048
#28239  pc=00400054   x9(s1)=00000002
#28240  pc=00400058
#28241  pc=0040005c   x1(ra)=00400060
#28242  pc=00400014   x2(sp)=7fefff60
#28243  pc=00400018
#28244  pc=0040001c
#28245  pc=00400020
#28246  pc=00400024   x8(s0/fp)=00000002
#28247  pc=00400028
#28248  pc=0040002c
#28249  pc=00400030
#28250  pc=0040004c   x10(a0)=00000001
#28251  pc=00400050   x1(ra)=00400054
#28252  pc=00400014   x2(sp)=7fefff50
#28253  pc=00400018
#28254  pc=0040001c
#28255  pc=00400020
#28256  pc=00400024   x8(s0/fp)=00000001
#28257  pc=00400028
#28258  pc=0040002c
#28259  pc=00400030
#28260  pc=00400034
#28261  pc=00400038
#28262  pc=0040003c   x8(s0/fp)=00000002
#28263  pc=00400040
#28264  pc=00400044   x2(sp)=7fefff60
#28265  pc=00400048
#28266  pc=00400054   x9(s1)=00000001
#28267  pc=00400058   x10(a0)=00000000
#28268  pc=0040005c   x1(ra)=00400060
#28269  pc=00400014   x2(sp)=7fefff50
#28270  pc=00400018
#28271  pc=0040001c
#28272  pc=00400020
#28273  pc=00400024   x8(s0/fp)=00000000
#28274  pc=00400028
#28275  pc=00400034
#28276  pc=00400038
#28277  pc=0040003c   x8(s0/fp)=00000002
#28278  pc=00400040
#28279  pc=00400044   x2(sp)=7fefff60
#28280  pc=00400048
#28281  pc=00400060   x8(s0/fp)=00000001
#28282  pc=00400064
#28283  pc=00400034   x10(a0)=00000001
#28284  pc=00400038
#28285  pc=0040003c   x8(s0/fp)=00000004
#28286  pc=00400040   x9(s1)=00000002
#28287  pc=00400044   x2(sp)=7fefff70
#28288  pc=00400048
#28289  pc=00400060   x8(s0/fp)=00000003
#28290  pc=00400064
#28291  pc=00400034   x10(a0)=00000003
#28292  pc=00400038   x1(ra)=00400054
#28293  pc=0040003c   x8(s0/fp)=00000005
#28294  pc=00400040   x9(s1)=00000008
#28295  pc=00400044   x2(sp)=7fefff80
#28296  pc=00400048
#28297  pc=00400054   x9(s1)=00000003
#28298  pc=00400058
#28299  pc=0040005c   x1(ra)=00400060
#28300  pc=00400014   x2(sp)=7fefff70
#28301  pc=00400018
#28302  pc=0040001c
#28303  pc=00400020
#28304  pc=00400024   x8(s0/fp)=00000003
#28305  pc=00400028
#28306  pc=0040002c
#28307  pc=00400030
#28308  pc=0040004c   x10(a0)=00000002
#28309  pc=00400050   x1(ra)=00400054
#28310  pc=00400014   x2(sp)=7fefff60
#28311  pc=00400018
#28312  pc=0040001c
#28313  pc=00400020
#28314  pc=00400024   x8(s0/fp)=00000002
#28315  pc=00400028
#28316  pc=0040002c
#28317  pc=00400030
#28318  pc=0040004c   x10(a0)=00000001
#28319  pc=00400050
#28320  pc=00400014   x2(sp)=7fefff50
#28321  pc=00400018
#28322  pc=0040001c
#28323  pc=00400020
#28324  pc=00400024   x8(s0/fp)=00000001
#28325  pc=00400028
#28326  pc=0040002c
#28327  pc=00400030
#28328  pc=00400034
#28329  pc=00400038
#28330  pc=0040003c   x8(s0/fp)=00000002
#28331  pc=00400040
#28332  pc=00400044   x2(sp)=7fefff60
#28333  pc=00400048
#28334  pc=00400054   x9(s1)=00000001
#28335  pc=00400058   x10(a0)=00000000
#28336  pc=0040005c   x1(ra)=00400060
#28337  pc=00400014   x2(sp)=7fefff50
#28338  pc=00400018
#28339  pc=0040001c
#28340  pc=00400020
#28341  pc=00400024   x8(s0/fp)=00000000
#28342  pc=00400028
#28343  pc=00400034
#28344  pc=00400038
#28345  pc=0040003c   x8(s0/fp)=00000002
#28346  pc=00400040
#28347  pc=00400044   x2(sp)=7fefff60
#28348  pc=00400048
#28349  pc=00400060   x8(s0/fp)=00000001
#28350  pc=00400064
#28351  pc=00400034   x10(a0)=00000001
#28352  pc=00400038   x1(ra)=00400054
#28353  pc=0040003c   x8(s0/fp)=00000003
#28354  pc=00400040   x9(s1)=00000003
#28355  pc=00400044   x2(sp)=7fefff70
#28356  pc=00400048
#28357  pc=00400054   x9(s1)=00000001
#28358  pc=00400058
#28359  pc=0040005c   x1(ra)=00400060
#28360  pc=00400014   x2(sp)=7fefff60
#28361  pc=00400018
#28362  pc=0040001c
#28363  pc=00400020
#28364  pc=00400024   x8(s0/fp)=00000001
#28365  pc=00400028
#28366  pc=0040002c
#28367  pc=00400030
#28368  pc=00400034
#28369  pc=00400038
#28370  pc=0040003c   x8(s0/fp)=00000003
#28371  pc=00400040
#28372  pc=00400044   x2(sp)=7fefff70
#28373  pc=00400048
#28374  pc=00400060   x8(s0/fp)=00000002
#28375  pc=00400064
#28376  pc=00400034   x10(a0)=00000002
#28377  pc=00400038
#28378  pc=0040003c   x8(s0/fp)=00000005
#28379  pc=00400040   x9(s1)=00000003
#28380  pc=00400044   x2(sp)=7fefff80
#28381  pc=00400048
#28382  pc=00400060
#28383  pc=00400064
#28384  pc=00400034   x10(a0)=00000005
#28385  pc=00400038
#28386  pc=0040003c   x8(s0/fp)=00000007
#28387  pc=00400040   x9(s1)=00000008
#28388  pc=00400044   x2(sp)=7fefff90
#28389  pc=00400048
#28390  pc=00400060   x8(s0/fp)=0000000d
#28391  pc=00400064
#28392  pc=00400034   x10(a0)=0000000d
#28393  pc=00400038   x1(ra)=00400054
#28394  pc=0040003c   x8(s0/fp)=00000008
#28395  pc=00400040   x9(s1)=00000022
#28396  pc=00400044   x2(sp)=7fefffa0
#28397  pc=00400048
#28398  pc=00400054   x9(s1)=0000000d
#28399  pc=00400058   x10(a0)=00000006
#28400  pc=0040005c   x1(ra)=00400060
#28401  pc=00400014   x2(sp)=7fefff90
#28402  pc=00400018
#28403  pc=0040001c
#28404  pc=00400020
#28405  pc=00400024   x8(s0/fp)=00000006
#28406  pc=00400028
#28407  pc=0040002c
#28408  pc=00400030
#28409  pc=0040004c   x10(a0)=00000005
#28410  pc=00400050   x1(ra)=00400054
#28411  pc=00400014   x2(sp)=7fefff80
#28412  pc=00400018
#28413  pc=0040001c
#28414  pc=00400020
#28415  pc=00400024   x8(s0/fp)=00000005
#28416  pc=00400028
#28417  pc=0040002c
#28418  pc=00400030
#28419  pc=0040004c   x10(a0)=00000004
#28420  pc=00400050
#28421  pc=00400014   x2(sp)=7fefff70
#28422  pc=00400018
#28423  pc=0040001c
#28424  pc=00400020
#28425  pc=00400024   x8(s0/fp)=00000004
#28426  pc=00400028
#28427  pc=0040002c
#28428  pc=00400030
#28429  pc=0040004c   x10(a0)=00000003
#28430  pc=00400050
#28431  pc=00400014   x2(sp)=7fefff60
#28432  pc=00400018
#28433  pc=0040001c
#28434  pc=00400020
#28435  pc=00400024   x8(s0/fp)=00000003
#28436  pc=00400028
#28437  pc=0040002c
#28438  pc=00400030
#28439  pc=0040004c   x10(a0)=00000002
#28440  pc=00400050
#28441  pc=00400014   x2(sp)=7fefff50
#28442  pc=00400018
#28443  pc=0040001c
#28444  pc=00400020
#28445  pc=00400024   x8(s0/fp)=00000002
#28446  pc=00400028
#28447  pc=0040002c
#28448  pc=00400030
#28449  pc=0040004c   x10(a0)=00000001
#28450  pc=00400050
#28451  pc=00400014   x2(sp)=7fefff40
#28452  pc=00400018
#28453  pc=0040001c
#28454  pc=00400020
#28455  pc=00400024   x8(s0/fp)=00000001
#28456  pc=00400028
#28457  pc=0040002c
#28458  pc=00400030
#28459  pc=00400034
#28460  pc=00400038
#28461  pc=0040003c   x8(s0/fp)=00000002
#28462  pc=00400040
#28463  pc=00400044   x2(sp)=7fefff50
#28464  pc=00400048
#28465  pc=00400054   x9(s1)=00000001
#28466  pc=00400058   x10(a0)=00000000
#28467  pc=0040005c   x1(ra)=00400060
#28468  pc=00400014   x2(sp)=7fefff40
#28469  pc=00400018
#28470  pc=0040001c
#28471  pc=00400020
#28472  pc=00400024   x8(s0/fp)=00000000
#28473  pc=00400028
#28474  pc=00400034
#28475  pc=00400038
#28476  pc=0040003c   x8(s0/fp)=00000002
#28477  pc=00400040
#28478  pc=00400044   x2(sp)=7fefff50
#28479  pc=00400048
#28480  pc=00400060   x8(s0/fp)=00000001
#28481  pc=00400064
#28482  pc=00400034   x10(a0)=00000001
#28483  pc=00400038   x1(ra)=00400054
#28484  pc=0040003c   x8(s0/fp)=00000003
#28485  pc=00400040   x9(s1)=0000000d
#28486  pc=00400044   x2(sp)=7fefff60
#28487  pc=00400048
#28488  pc=00400054   x9(s1)=00000001
#28489  pc=00400058
#28490  pc=0040005c   x1(ra)=00400060
#28491  pc=00400014   x2(sp)=7fefff50
#28492  pc=00400018
#28493  pc=0040001c
#28494  pc=00400020
#28495  pc=00400024   x8(s0/fp)=00000001
#28496  pc=00400028
#28497  pc=0040002c
#28498  pc=00400030
#28499  pc=00400034
#28500  pc=00400038
#28501  pc=0040003c   x8(s0/fp)=00000003
#28502  pc=00400040
#28503  pc=00400044   x2(sp)=7fefff60
#28504  pc=00400048
#28505  pc=00400060   x8(s0/fp)=00000002
#28506  pc=00400064
#28507  pc=00400034   x10(a0)=00000002
#28508  pc=00400038   x1(ra)=00400054
#28509  pc=0040003c   x8(s0/fp)=00000004
#28510  pc=00400040   x9(s1)=0000000d
#28511  pc=00400044   x2(sp)=7fefff70
#28512  pc=00400048
#28513  pc=00400054   x9(s1)=00000002
#28514  pc=00400058
#28515  pc=0040005c   x1(ra)=00400060
#28516  pc=00400014   x2(sp)=7fefff60
#28517  pc=00400018
#28518  pc=0040001c
#28519  pc=00400020
#28520  pc=00400024   x8(s0/fp)=00000002
#28521  pc=00400028
#28522  pc=0040002c
#28523  pc=00400030
#28524  pc=0040004c   x10(a0)=00000001
#28525  pc=00400050   x1(ra)=00400054
#28526  pc=00400014   x2(sp)=7fefff50
#28527  pc=00400018
#28528  pc=0040001c
#28529  pc=00400020
#28530  pc=00400024   x8(s0/fp)=00000001
#28531  pc=00400028
#28532  pc=0040002c
#28533  pc=00400030
#28534  pc=00400034
#28535  pc=00400038
#28536  pc=0040003c   x8(s0/fp)=00000002
#28537  pc=00400040
#28538  pc=00400044   x2(sp)=7fefff60
#28539  pc=00400048
#28540  pc=00400054   x9(s1)=00000001
#28541  pc=00400058   x10(a0)=00000000
#28542  pc=0040005c   x1(ra)=00400060
#28543  pc=00400014   x2(sp)=7fefff50
#28544  pc=00400018
#28545  pc=0040001c
#28546  pc=00400020
#28547  pc=00400024   x8(s0/fp)=00000000
#28548  pc=00400028
#28549  pc=00400034
#28550  pc=00400038
#28551  pc=0040003c   x8(s0/fp)=00000002
#28552  pc=00400040
#28553  pc=00400044   x2(sp)=7fefff60
#28554  pc=00400048
#28555  pc=00400060   x8(s0/fp)=00000001
#28556  pc=00400064
#28557  pc=00400034   x10(a0)=00000001
#28558  pc=00400038
#28559  pc=0040003c   x8(s0/fp)=00000004
#28560  pc=00400040   x9(s1)=00000002
#28561  pc=00400044   x2(sp)=7fefff70
#28562  pc=00400048
#28563  pc=00400060   x8(s0/fp)=00000003
#28564  pc=00400064
#28565  pc=00400034   x10(a0)=00000003
#28566  pc=00400038   x1(ra)=00400054
#28567  pc=0040003c   x8(s0/fp)=00000005
#28568  pc=00400040   x9(s1)=0000000d
#28569  pc=00400044   x2(sp)=7fefff80
#28570  pc=00400048
#28571  pc=00400054   x9(s1)=00000003
#28572  pc=00400058
#28573  pc=0040005c   x1(ra)=00400060
#28574  pc=00400014   x2(sp)=7fefff70
#28575  pc=00400018
#28576  pc=0040001c
#28577  pc=00400020
#28578  pc=00400024   x8(s0/fp)=00000003
#28579  pc=00400028
#28580  pc=0040002c
#28581  pc=00400030
#28582  pc=0040004c   x10(a0)=00000002
#28583  pc=00400050   x1(ra)=00400054
#28584  pc=00400014   x2(sp)=7fefff60
#28585  pc=00400018
#28586  pc=0040001c
#28587  pc=00400020
#28588  pc=00400024   x8(s0/fp)=00000002
#28589  pc=00400028
#28590  pc=0040002c
#28591  pc=00400030
#28592  pc=0040004c   x10(a0)=00000001
#28593  pc=00400050
#28594  pc=00400014   x2(sp)=7fefff50
#28595  pc=00400018
#28596  pc=0040001c
#28597  pc=00400020
#28598  pc=00400024   x8(s0/fp)=00000001
#28599  pc=00400028
#28600  pc=0040002c
#28601  pc=00400030
#28602  pc=00400034
#28603  pc=00400038
#28604  pc=0040003c   x8(s0/fp)=00000002
#28605  pc=00400040
#28606  pc=00400044   x2(sp)=7fefff60
#28607  pc=00400048
#28608  pc=00400054   x9(s1)=00000001
#28609  pc=00400058   x10(a0)=00000000
#28610  pc=0040005c   x1(ra)=00400060
#28611  pc=00400014   x2(sp)=7fefff50
#28612  pc=00400018
#28613  pc=0040001c
#28614  pc=00400020
#28615  pc=00400024   x8(s0/fp)=00000000
#28616  pc=00400028
#28617  pc=00400034
#28618  pc=00400038
#28619  pc=0040003c   x8(s0/fp)=00000002
#28620  pc=00400040
#28621  pc=00400044   x2(sp)=7fefff60
#28622  pc=00400048
#28623  pc=00400060   x8(s0/fp)=00000001
#28624  pc=00400064
#28625  pc=00400034   x10(a0)=00000001
#28626  pc=00400038   x1(ra)=00400054
#28627  pc=0040003c   x8(s0/fp)=00000003
#28628  pc=00400040   x9(s1)=00000003
#28629  pc=00400044   x2(sp)=7fefff70
#28630  pc=00400048
#28631  pc=00400054   x9(s1)=00000001
#28632  pc=00400058
#28633  pc=0040005c   x1(ra)=00400060
#28634  pc=00400014   x2(sp)=7fefff60
#28635  pc=00400018
#28636  pc=0040001c
#28637  pc=00400020
#28638  pc=00400024   x8(s0/fp)=00000001
#28639  pc=00400028
#28640  pc=0040002c
#28641  pc=00400030
#28642  pc=00400034
#28643  pc=00400038
#28644  pc=0040003c   x8(s0/fp)=00000003
#28645  pc=00400040
#28646  pc=00400044   x2(sp)=7fefff70
#28647  pc=00400048
#28648  pc=00400060   x8(s0/fp)=00000002
#28649  pc=00400064
#28650  pc=00400034   x10(a0)=00000002
#28651  pc=00400038
#28652  pc=0040003c   x8(s0/fp)=00000005
#28653  pc=00400040   x9(s1)=00000003
#28654  pc=00400044   x2(sp)=7fefff80
#28655  pc=00400048
#28656  pc=00400060
#28657  pc=00400064
#28658  pc=00400034   x10(a0)=00000005
#28659  pc=00400038   x1(ra)=00400054
#28660  pc=0040003c   x8(s0/fp)=00000006
#28661  pc=00400040   x9(s1)=0000000d
#28662  pc=00400044   x2(sp)=7fefff90
#28663  pc=00400048
#28664  pc=00400054   x9(s1)=00000005
#28665  pc=00400058   x10(a0)=00000004
#28666  pc=0040005c   x1(ra)=00400060
#28667  pc=00400014   x2(sp)=7fefff80
#28668  pc=00400018
#28669  pc=0040001c
#28670  pc=00400020
#28671  pc=00400024   x8(s0/fp)=00000004
#28672  pc=00400028
#28673  pc=0040002c
#28674  pc=00400030
#28675  pc=0040004c   x10(a0)=00000003
#28676  pc=00400050   x1(ra)=00400054
#28677  pc=00400014   x2(sp)=7fefff70
#28678  pc=00400018
#28679  pc=0040001c
#28680  pc=00400020
#28681  pc=00400024   x8(s0/fp)=00000003
#28682  pc=00400028
#28683  pc=0040002c
#28684  pc=00400030
#28685  pc=0040004c   x10(a0)=00000002
#28686  pc=00400050
#28687  pc=00400014   x2(sp)=7fefff60
#28688  pc=00400018
#28689  pc=0040001c
#28690  pc=00400020
#28691  pc=00400024   x8(s0/fp)=00000002
#28692  pc=00400028
#28693  pc=0040002c
#28694  pc=00400030
#28695  pc=0040004c   x10(a0)=00000001
#28696  pc=00400050
#28697  pc=00400014   x2(sp)=7fefff50
#28698  pc=00400018
#28699  pc=0040001c
#28700  pc=00400020
#28701  pc=00400024   x8(s0/fp)=00000001
#28702  pc=00400028
#28703  pc=0040002c
#28704  pc=00400030
#28705  pc=00400034
#28706  pc=00400038
#28707  pc=0040003c   x8(s0/fp)=00000002
#28708  pc=00400040
#28709  pc=00400044   x2(sp)=7fefff60
#28710  pc=00400048
#28711  pc=00400054   x9(s1)=00000001
#28712  pc=00400058   x10(a0)=00000000
#28713  pc=0040005c   x1(ra)=00400060
#28714  pc=00400014   x2(sp)=7fefff50
#28715  pc=00400018
#28716  pc=0040001c
#28717  pc=00400020
#28718  pc=00400024   x8(s0/fp)=00000000
#28719  pc=00400028
#28720  pc=00400034
#28721  pc=00400038
#28722  pc=0040003c   x8(s0/fp)=00000002
#28723  pc=00400040
#28724  pc=00400044   x2(sp)=7fefff60
#28725  pc=00400048
#28726  pc=00400060   x8(s0/fp)=00000001
#28727  pc=00400064
#28728  pc=00400034   x10(a0)=00000001
#28729  pc=00400038   x1(ra)=00400054
#28730  pc=0040003c   x8(s0/fp)=00000003
#28731  pc=00400040   x9(s1)=00000005
#28732  pc=00400044   x2(sp)=7fefff70
#28733  pc=00400048
#28734  pc=00400054   x9(s1)=00000001
#28735  pc=00400058
#28736  pc=0040005c   x1(ra)=00400060
#28737  pc=00400014   x2(sp)=7fefff60
#28738  pc=00400018
#28739  pc=0040001c
#28740  pc=00400020
#28741  pc=00400024   x8(s0/fp)=00000001
#28742  pc=00400028
#28743  pc=0040002c
#28744  pc=00400030
#28745  pc=00400034
#28746  pc=00400038
#28747  pc=0040003c   x8(s0/fp)=00000003
#28748  pc=00400040
#28749  pc=00400044   x2(sp)=7fefff70
#28750  pc=00400048
#28751  pc=00400060   x8(s0/fp)=00000002
#28752  pc=00400064
#28753  pc=00400034   x10(a0)=00000002
#28754  pc=00400038   x1(ra)=00400054
#28755  pc=0040003c   x8(s0/fp)=00000004
#28756  pc=00400040   x9(s1)=00000005
#28757  pc=00400044   x2(sp)=7fefff80
#28758  pc=00400048
#28759  pc=00400054   x9(s1)=00000002
#28760  pc=00400058
#28761  pc=0040005c   x1(ra)=00400060
#28762  pc=00400014   x2(sp)=7fefff70
#28763  pc=00400018
#28764  pc=0040001c
#28765  pc=00400020
#28766  pc=00400024   x8(s0/fp)=00000002
#28767  pc=00400028
#28768  pc=0040002c
#28769  pc=00400030
#28770  pc=0040004c   x10(a0)=00000001
#28771  pc=00400050   x1(ra)=00400054
#28772  pc=00400014   x2(sp)=7fefff60
#28773  pc=00400018
#28774  pc=0040001c
#28775  pc=00400020
#28776  pc=00400024   x8(s0/fp)=00000001
#28777  pc=00400028
#28778  pc=0040002c
#28779  pc=00400030
#28780  pc=00400034
#28781  pc=00400038
#28782  pc=0040003c   x8(s0/fp)=00000002
#28783  pc=00400040
#28784  pc=00400044   x2(sp)=7fefff70
#28785  pc=00400048
#28786  pc=00400054   x9(s1)=00000001
#28787  pc=00400058   x10(a0)=00000000
#28788  pc=0040005c   x1(ra)=00400060
#28789  pc=00400014   x2(sp)=7fefff60
#28790  pc=00400018
#28791  pc=0040001c
#28792  pc=00400020
#28793  pc=00400024   x8(s0/fp)=00000000
#28794  pc=00400028
#28795  pc=00400034
#28796  pc=00400038
#28797  pc=0040003c   x8(s0/fp)=00000002
#28798  pc=00400040
#28799  pc=00400044   x2(sp)=7fefff70
#28800  pc=00400048
#28801  pc=00400060   x8(s0/fp)=00000001
#28802  pc=00400064
#28803  pc=00400034   x10(a0)=00000001
#28804  pc=00400038
#28805  pc=0040003c   x8(s0/fp)=00000004
#28806  pc=00400040   x9(s1)=00000002
#28807  pc=00400044   x2(sp)=7fefff80
#28808  pc=00400048
#28809  pc=00400060   x8(s0/fp)=00000003
#28810  pc=00400064
#28811  pc=00400034   x10(a0)=00000003
#28812  pc=00400038
#28813  pc=0040003c   x8(s0/fp)=00000006
#28814  pc=00400040   x9(s1)=00000005
#28815  pc=00400044   x2(sp)=7fefff90
#28816  pc=00400048
#28817  pc=00400060   x8(s0/fp)=00000008
#28818  pc=00400064
#28819  pc=00400034   x10(a0)=00000008
#28820  pc=00400038
#28821  pc=0040003c
#28822  pc=00400040   x9(s1)=0000000d
#28823  pc=00400044   x2(sp)=7fefffa0
#28824  pc=00400048
#28825  pc=00400060   x8(s0/fp)=00000015
#28826  pc=00400064
#28827  pc=00400034   x10(a0)=00000015
#28828  pc=00400038
#28829  pc=0040003c   x8(s0/fp)=0000000a
#28830  pc=00400040   x9(s1)=00000022
#28831  pc=00400044   x2(sp)=7fefffb0
#28832  pc=00400048
#28833  pc=00400060   x8(s0/fp)=00000037
#28834  pc=00400064
#28835  pc=00400034   x10(a0)=00000037
#28836  pc=00400038
#28837  pc=0040003c   x8(s0/fp)=0000000c
#28838  pc=00400040   x9(s1)=00000059
#28839  pc=00400044   x2(sp)=7fefffc0
#28840  pc=00400048
#28841  pc=00400060   x8(s0/fp)=00000090
#28842  pc=00400064
#28843  pc=00400034   x10(a0)=00000090
#28844  pc=00400038   x1(ra)=00400054
#28845  pc=0040003c   x8(s0/fp)=0000000d
#28846  pc=00400040   x9(s1)=00000179
#28847  pc=00400044   x2(sp)=7fefffd0
#28848  pc=00400048
#28849  pc=00400054   x9(s1)=00000090
#28850  pc=00400058   x10(a0)=0000000b
#28851  pc=0040005c   x1(ra)=00400060
#28852  pc=00400014   x2(sp)=7fefffc0
#28853  pc=00400018
#28854  pc=0040001c
#28855  pc=00400020
#28856  pc=00400024   x8(s0/fp)=0000000b
#28857  pc=00400028
#28858  pc=0040002c
#28859  pc=00400030
#28860  pc=0040004c   x10(a0)=0000000a
#28861  pc=00400050   x1(ra)=00400054
#28862  pc=00400014   x2(sp)=7fefffb0
#28863  pc=00400018
#28864  pc=0040001c
#28865  pc=00400020
#28866  pc=00400024   x8(s0/fp)=0000000a
#28867  pc=00400028
#28868  pc=0040002c
#28869  pc=00400030
#28870  pc=0040004c   x10(a0)=00000009
#28871  pc=00400050
#28872  pc=00400014   x2(sp)=7fefffa0
#28873  pc=00400018
#28874  pc=0040001c
#28875  pc=00400020
#28876  pc=00400024   x8(s0/fp)=00000009
#28877  pc=00400028
#28878  pc=0040002c
#28879  pc=00400030
#28880  pc=0040004c   x10(a0)=00000008
#28881  pc=00400050
#28882  pc=00400014   x2(sp)=7fefff90
#28883  pc=00400018
#28884  pc=0040001c
#28885  pc=00400020
#28886  pc=00400024   x8(s0/fp)=00000008
#28887  pc=00400028
#28888  pc=0040002c
#28889  pc=00400030
#28890  pc=0040004c   x10(a0)=00000007
#28891  pc=00400050
#28892  pc=00400014   x2(sp)=7fefff80
#28893  pc=00400018
#28894  pc=0040001c
#28895  pc=00400020
#28896  pc=00400024   x8(s0/fp)=00000007
#28897  pc=00400028
#28898  pc=0040002c
#28899  pc=00400030
#28900  pc=0040004c   x10(a0)=00000006
#28901  pc=00400050
#28902  pc=00400014   x2(sp)=7fefff70
#28903  pc=00400018
#28904  pc=0040001c
#28905  pc=00400020
#28906  pc=00400024   x8(s0/fp)=00000006
#28907  pc=00400028
#28908  pc=0040002c
#28909  pc=00400030
#28910  pc=0040004c   x10(a0)=00000005
#28911  pc=00400050
#28912  pc=00400014   x2(sp)=7fefff60
#28913  pc=00400018
#28914  pc=0040001c
#28915  pc=00400020
#28916  pc=00400024   x8(s0/fp)=00000005
#28917  pc=00400028
#28918  pc=0040002c
#28919  pc=00400030
#28920  pc=0040004c   x10(a0)=00000004
#28921  pc=00400050
#28922  pc=00400014   x2(sp)=7fefff50
#28923  pc=00400018
#28924  pc=0040001c
#28925  pc=00400020
#28926  pc=00400024   x8(s0/fp)=00000004
#28927  pc=00400028
#28928  pc=0040002c
#28929  pc=00400030
#28930  pc=0040004c   x10(a0)=00000003
#28931  pc=00400050
#28932  pc=00400014   x2(sp)=7fefff40
#28933  pc=00400018
#28934  pc=0040001c
#28935  pc=00400020
#28936  pc=00400024   x8(s0/fp)=00000003
#28937  pc=00400028
#28938  pc=0040002c
#28939  pc=00400030
#28940  pc=0040004c   x10(a0)=00000002
#28941  pc=00400050
#28942  pc=00400014   x2(sp)=7fefff30
#28943  pc=00400018
#28944  pc=0040001c
#28945  pc=00400020
#28946  pc=00400024   x8(s0/fp)=00000002
#28947  pc=00400028
#28948  pc=0040002c
#28949  pc=00400030
#28950  pc=0040004c   x10(a0)=00000001
#28951  pc=00400050
#28952  pc=00400014   x2(sp)=7fefff20
#28953  pc=00400018
#28954  pc=0040001c
#28955  pc=00400020
#28956  pc=00400024   x8(s0/fp)=00000001
#28957  pc=00400028
#28958  pc=0040002c
#28959  pc=00400030
#28960  pc=00400034
#28961  pc=00400038
#28962  pc=0040003c   x8(s0/fp)=00000002
#28963  pc=00400040
#28964  pc=00400044   x2(sp)=7fefff30
#28965  pc=00400048
#28966  pc=00400054   x9(s1)=00000001
#28967  pc=00400058   x10(a0)=00000000
#28968  pc=0040005c   x1(ra)=00400060
#28969  pc=00400014   x2(sp)=7fefff20
#28970  pc=00400018
#28971  pc=0040001c
#28972  pc=00400020
#28973  pc=00400024   x8(s0/fp)=00000000
#28974  pc=00400028
#28975  pc=00400034
#28976  pc=00400038
#28977  pc=0040003c   x8(s0/fp)=00000002
#28978  pc=00400040
#28979  pc=00400044   x2(sp)=7fefff30
#28980  pc=00400048
#28981  pc=00400060   x8(s0/fp)=00000001
#28982  pc=00400064
#28983  pc=00400034   x10(a0)=00000001
#28984  pc=00400038   x1(ra)=00400054
#28985  pc=0040003c   x8(s0/fp)=00000003
#28986  pc=00400040   x9(s1)=00000090
#28987  pc=00400044   x2(sp)=7fefff40
#28988  pc=00400048
#28989  pc=00400054   x9(s1)=00000001
#28990  pc=00400058
#28991  pc=0040005c   x1(ra)=00400060
#28992  pc=00400014   x2(sp)=7fefff30
#28993  pc=00400018
#28994  pc=0040001c
#28995  pc=00400020
#28996  pc=00400024   x8(s0/fp)=00000001
#28997  pc=00400028
#28998  pc=0040002c
#28999  pc=00400030
#29000  pc=00400034
#29001  pc=00400038
#29002  pc=0040003c   x8(s0/fp)=00000003
#29003  pc=00400040
#29004  pc=00400044   x2(sp)=7fefff40
#29005  pc=00400048
#29006  pc=00400060   x8(s0/fp)=00000002
#29007  pc=00400064
#29008  pc=00400034   x10(a0)=00000002
#29009  pc=00400038   x1(ra)=00400054
#29010  pc=0040003c   x8(s0/fp)=00000004
#29011  pc=00400040   x9(s1)=00000090
#29012  pc=00400044   x2(sp)=7fefff50
#29013  pc=00400048
#29014  pc=00400054   x9(s1)=00000002
#29015  pc=00400058
#29016  pc=0040005c   x1(ra)=00400060
#29017  pc=00400014   x2(sp)=7fefff40
#29018  pc=00400018
#29019  pc=0040001c
#29020  pc=00400020
#29021  pc=00400024   x8(s0/fp)=00000002
#29022  pc=00400028
#29023  pc=0040002c
#29024  pc=00400030
#29025  pc=0040004c   x10(a0)=00000001
#29026  pc=00400050   x1(ra)=00400054
#29027  pc=00400014   x2(sp)=7fefff30
#29028  pc=00400018
#29029  pc=0040001c
#29030  pc=00400020
#29031  pc=00400024   x8(s0/fp)=00000001
#29032  pc=00400028
#29033  pc=0040002c
#29034  pc=00400030
#29035  pc=00400034
#29036  pc=00400038
#29037  pc=0040003c   x8(s0/fp)=00000002
#29038  pc=00400040
#29039  pc=00400044   x2(sp)=7fefff40
#29040  pc=00400048
#29041  pc=00400054   x9(s1)=00000001
#29042  pc=00400058   x10(a0)=00000000
#29043  pc=0040005c   x1(ra)=00400060
#29044  pc=00400014   x2(sp)=7fefff30
#29045  pc=00400018
#29046  pc=0040001c
#29047  pc=00400020
#29048  pc=00400024   x8(s0/fp)=00000000
#29049  pc=00400028
#29050  pc=00400034
#29051  pc=00400038
#29052  pc=0040003c   x8(s0/fp)=00000002
#29053  pc=00400040
#29054  pc=00400044   x2(sp)=7fefff40
#29055  pc=00400048
#29056  pc=00400060   x8(s0/fp)=00000001
#29057  pc=00400064
#29058  pc=00400034   x10(a0)=00000001
#29059  pc=00400038
#29060  pc=0040003c   x8(s0/fp)=00000004
#29061  pc=00400040   x9(s1)=00000002
#29062  pc=00400044   x2(sp)=7fefff50
#29063  pc=00400048
#29064  pc=00400060   x8(s0/fp)=00000003
#29065  pc=00400064
#29066  pc=00400034   x10(a0)=00000003
#29067  pc=00400038   x1(ra)=00400054
#29068  pc=0040003c   x8(s0/fp)=00000005
#29069  pc=00400040   x9(s1)=00000090
#29070  pc=00400044   x2(sp)=7fefff60
#29071  pc=00400048
#29072  pc=00400054   x9(s1)=00000003
#29073  pc=00400058
#29074  pc=0040005c   x1(ra)=00400060
#29075  pc=00400014   x2(sp)=7fefff50
#29076  pc=00400018
#29077  pc=0040001c
#29078  pc=00400020
#29079  pc=00400024   x8(s0/fp)=00000003
#29080  pc=00400028
#29081  pc=0040002c
#29082  pc=00400030
#29083  pc=0040004c   x10(a0)=00000002
#29084  pc=00400050   x1(ra)=00400054
#29085  pc=00400014   x2(sp)=7fefff40
#29086  pc=00400018
#29087  pc=0040001c
#29088  pc=00400020
#29089  pc=00400024   x8(s0/fp)=00000002
#29090  pc=00400028
#29091  pc=0040002c
#29092  pc=00400030
#29093  pc=0040004c   x10(a0)=00000001
#29094  pc=00400050
#29095  pc=00400014   x2(sp)=7fefff30
#29096  pc=00400018
#29097  pc=0040001c
#29098  pc=00400020
#29099  pc=00400024   x8(s0/fp)=00000001
#29100  pc=00400028
#29101  pc=0040002c
#29102  pc=00400030
#29103  pc=00400034
#29104  pc=00400038
#29105  pc=0040003c   x8(s0/fp)=00000002
#29106  pc=00400040
#29107  pc=00400044   x2(sp)=7fefff40
#29108  pc=00400048
#29109  pc=00400054   x9(s1)=00000001
#29110  pc=00400058   x10(a0)=00000000
#29111  pc=0040005c   x1(ra)=00400060
#29112  pc=00400014   x2(sp)=7fefff30
#29113  pc=00400018
#29114  pc=0040001c
#29115  pc=00400020
#29116  pc=00400024   x8(s0/fp)=00000000
#29117  pc=00400028
#29118  pc=00400034
#29119  pc=00400038
#29120  pc=0040003c   x8(s0/fp)=00000002
#29121  pc=00400040
#29122  pc=00400044   x2(sp)=7fefff40
#29123  pc=00400048
#29124  pc=00400060   x8(s0/fp)=00000001
#29125  pc=00400064
#29126  pc=00400034   x10(a0)=00000001
#29127  pc=00400038   x1(ra)=00400054
#29128  pc=0040003c   x8(s0/fp)=00000003
#29129  pc=00400040   x9(s1)=00000003
#29130  pc=00400044   x2(sp)=7fefff50
#29131  pc=00400048
#29132  pc=00400054   x9(s1)=00000001
#29133  pc=00400058
#29134  pc=0040005c   x1(ra)=00400060
#29135  pc=00400014   x2(sp)=7fefff40
#29136  pc=00400018
#29137  pc=0040001c
#29138  pc=00400020
#29139  pc=00400024   x8(s0/fp)=00000001
#29140  pc=00400028
#29141  pc=0040002c
#29142  pc=00400030
#29143  pc=00400034
#29144  pc=00400038
#29145  pc=0040003c   x8(s0/fp)=00000003
#29146  pc=00400040
#29147  pc=00400044   x2(sp)=7fefff50
#29148  pc=00400048
#29149  pc=00400060   x8(s0/fp)=00000002
#29150  pc=00400064
#29151  pc=00400034   x10(a0)=00000002
#29152  pc=00400038
#29153  pc=0040003c   x8(s0/fp)=00000005
#29154  pc=00400040   x9(s1)=00000003
#29155  pc=00400044   x2(sp)=7fefff60
#29156  pc=00400048
#29157  pc=00400060
#29158  pc=00400064
#29159  pc=00400034   x10(a0)=00000005
#29160  pc=00400038   x1(ra)=00400054
#29161  pc=0040003c   x8(s0/fp)=00000006
#29162  pc=00400040   x9(s1)=00000090
#29163  pc=00400044   x2(sp)=7fefff70
#29164  pc=00400048
#29165  pc=00400054   x9(s1)=00000005
#29166  pc=00400058   x10(a0)=00000004
#29167  pc=0040005c   x1(ra)=00400060
#29168  pc=00400014   x2(sp)=7fefff60
#29169  pc=00400018
#29170  pc=0040001c
#29171  pc=00400020
#29172  pc=00400024   x8(s0/fp)=00000004
#29173  pc=00400028
#29174  pc=0040002c
#29175  pc=00400030
#29176  pc=0040004c   x10(a0)=00000003
#29177  pc=00400050   x1(ra)=00400054
#29178  pc=00400014   x2(sp)=7fefff50
#29179  pc=00400018
#29180  pc=0040001c
#29181  pc=00400020
#29182  pc=00400024   x8(s0/fp)=00000003
#29183  pc=00400028
#29184  pc=0040002c
#29185  pc=00400030
#29186  pc=0040004c   x10(a0)=00000002
#29187  pc=00400050
#29188  pc=00400014   x2(sp)=7fefff40
#29189  pc=00400018
#29190  pc=0040001c
#29191  pc=00400020
#29192  pc=00400024   x8(s0/fp)=00000002
#29193  pc=00400028
#29194  pc=0040002c
#29195  pc=00400030
#29196  pc=0040004c   x10(a0)=00000001
#29197  pc=00400050
#29198  pc=00400014   x2(sp)=7fefff30
#29199  pc=00400018
#29200  pc=0040001c
#29201  pc=00400020
#29202  pc=00400024   x8(s0/fp)=00000001
#29203  pc=00400028
#29204  pc=0040002c
#29205  pc=00400030
#29206  pc=00400034
#29207  pc=00400038
#29208  pc=0040003c   x8(s0/fp)=00000002
#29209  pc=00400040
#29210  pc=00400044   x2(sp)=7fefff40
#29211  pc=00400048
#29212  pc=00400054   x9(s1)=00000001
#29213  pc=00400058   x10(a0)=00000000
#29214  pc=0040005c   x1(ra)=00400060
#29215  pc=00400014   x2(sp)=7fefff30
#29216  pc=00400018
#29217  pc=0040001c
#29218  pc=00400020
#29219  pc=00400024   x8(s0/fp)=00000000
#29220  pc=00400028
#29221  pc=00400034
#29222  pc=00400038
#29223  pc=0040003c   x8(s0/fp)=00000002
#29224  pc=00400040
#29225  pc=00400044   x2(sp)=7fefff40
#29226  pc=00400048
#29227  pc=00400060   x8(s0/fp)=00000001
#29228  pc=00400064
#29229  pc=00400034   x10(a0)=00000001
#29230  pc=00400038   x1(ra)=00400054
#29231  pc=0040003c   x8(s0/fp)=00000003
#29232  pc=00400040   x9(s1)=00000005
#29233  pc=00400044   x2(sp)=7fefff50
#29234  pc=00400048
#29235  pc=00400054   x9(s1)=00000001
#29236  pc=00400058
#29237  pc=0040005c   x1(ra)=00400060
#29238  pc=00400014   x2(sp)=7fefff40
#29239  pc=00400018
#29240  pc=0040001c
#29241  pc=00400020
#29242  pc=00400024   x8(s0/fp)=00000001
#29243  pc=00400028
#29244  pc=0040002c
#29245  pc=00400030
#29246  pc=00400034
#29247  pc=00400038
#29248  pc=0040003c   x8(s0/fp)=00000003
#29249  pc=00400040
#29250  pc=00400044   x2(sp)=7fefff50
#29251  pc=00400048
#29252  pc=00400060   x8(s0/fp)=00000002
#29253  pc=00400064
#29254  pc=00400034   x10(a0)=00000002
#29255  pc=00400038   x1(ra)=00400054
#29256  pc=0040003c   x8(s0/fp)=00000004
#29257  pc=00400040   x9(s1)=00000005
#29258  pc=00400044   x2(sp)=7fefff60
#29259  pc=00400048
#29260  pc=00400054   x9(s1)=00000002
#29261  pc=00400058
#29262  pc=0040005c   x1(ra)=00400060
#29263  pc=00400014   x2(sp)=7fefff50
#29264  pc=00400018
#29265  pc=0040001c
#29266  pc=00400020
#29267  pc=00400024   x8(s0/fp)=00000002
#29268  pc=00400028
#29269  pc=0040002c
#29270  pc=00400030
#29271  pc=0040004c   x10(a0)=00000001
#29272  pc=00400050   x1(ra)=00400054
#29273  pc=00400014   x2(sp)=7fefff40
#29274  pc=00400018
#29275  pc=0040001c
#29276  pc=00400020
#29277  pc=00400024   x8(s0/fp)=00000001
#29278  pc=00400028
#29279  pc=0040002c
#29280  pc=00400030
#29281  pc=00400034
#29282  pc=00400038
#29283  pc=0040003c   x8(s0/fp)=00000002
#29284  pc=00400040
#29285  pc=00400044   x2(sp)=7fefff50
#29286  pc=00400048
#29287  pc=00400054   x9(s1)=00000001
#29288  pc=00400058   x10(a0)=00000000
#29289  pc=0040005c   x1(ra)=00400060
#29290  pc=00400014   x2(sp)=7fefff40
#29291  pc=00400018
#29292  pc=0040001c
#29293  pc=00400020
#29294  pc=00400024   x8(s0/fp)=00000000
#29295  pc=00400028
#29296  pc=00400034
#29297  pc=00400038
#29298  pc=0040003c   x8(s0/fp)=00000002
#29299  pc=00400040
#29300  pc=00400044   x2(sp)=7fefff50
#29301  pc=00400048
#29302  pc=00400060   x8(s0/fp)=00000001
#29303  pc=00400064
#29304  pc=00400034   x10(a0)=00000001
#29305  pc=00400038
#29306  pc=0040003c   x8(s0/fp)=00000004
#29307  pc=00400040   x9(s1)=00000002
#29308  pc=00400044   x2(sp)=7fefff60
#29309  pc=00400048
#29310  pc=00400060   x8(s0/fp)=00000003
#29311  pc=00400064
#29312  pc=00400034   x10(a0)=00000003
#29313  pc=00400038
#29314  pc=0040003c   x8(s0/fp)=00000006
#29315  pc=00400040   x9(s1)=00000005
#29316  pc=00400044   x2(sp)=7fefff70
#29317  pc=00400048
#29318  pc=00400060   x8(s0/fp)=00000008
#29319  pc=00400064
#29320  pc=00400034   x10(a0)=00000008
#29321  pc=00400038   x1(ra)=00400054
#29322  pc=0040003c   x8(s0/fp)=00000007
#29323  pc=00400040   x9(s1)=00000090
#29324  pc=00400044   x2(sp)=7fefff80
#29325  pc=00400048
#29326  pc=00400054   x9(s1)=00000008
#29327  pc=00400058   x10(a0)=00000005
#29328  pc=0040005c   x1(ra)=00400060
#29329  pc=00400014   x2(sp)=7fefff70
#29330  pc=00400018
#29331  pc=0040001c
#29332  pc=00400020
#29333  pc=00400024   x8(s0/fp)=00000005
#29334  pc=00400028
#29335  pc=0040002c
#29336  pc=00400030
#29337  pc=0040004c   x10(a0)=00000004
#29338  pc=00400050   x1(ra)=00400054
#29339  pc=00400014   x2(sp)=7fefff60
#29340  pc=00400018
#29341  pc=0040001c
#29342  pc=00400020
#29343  pc=00400024   x8(s0/fp)=00000004
#29344  pc=00400028
#29345  pc=0040002c
#29346  pc=00400030
#29347  pc=0040004c   x10(a0)=00000003
#29348  pc=00400050
#29349  pc=00400014   x2(sp)=7fefff50
#29350  pc=00400018
#29351  pc=0040001c
#29352  pc=00400020
#29353  pc=00400024   x8(s0/fp)=00000003
#29354  pc=00400028
#29355  pc=0040002c
#29356  pc=00400030
#29357  pc=0040004c   x10(a0)=00000002
#29358  pc=00400050
#29359  pc=00400014   x2(sp)=7fefff40
#29360  pc=00400018
#29361  pc=0040001c
#29362  pc=00400020
#29363  pc=00400024   x8(s0/fp)=00000002
#29364  pc=00400028
#29365  pc=0040002c
#29366  pc=00400030
#29367  pc=0040004c   x10(a0)=00000001
#29368  pc=00400050
#29369  pc=00400014   x2(sp)=7fefff30
#29370  pc=00400018
#29371  pc=0040001c
#29372  pc=00400020
#29373  pc=00400024   x8(s0/fp)=00000001
#29374  pc=00400028
#29375  pc=0040002c
#29376  pc=00400030
#29377  pc=00400034
#29378  pc=00400038
#29379  pc=0040003c   x8(s0/fp)=00000002
#29380  pc=00400040
#29381  pc=00400044   x2(sp)=7fefff40
#29382  pc=00400048
#29383  pc=00400054   x9(s1)=00000001
#29384  pc=00400058   x10(a0)=00000000
#29385  pc=0040005c   x1(ra)=00400060
#29386  pc=00400014   x2(sp)=7fefff30
#29387  pc=00400018
#29388  pc=0040001c
#29389  pc=00400020
#29390  pc=00400024   x8(s0/fp)=00000000
#29391  pc=00400028
#29392  pc=00400034
#29393  pc=00400038
#29394  pc=0040003c   x8(s0/fp)=00000002
#29395  pc=00400040
#29396  pc=00400044   x2(sp)=7fefff40
#29397  pc=00400048
#29398  pc=00400060   x8(s0/fp)=00000001
#29399  pc=00400064
#29400  pc=00400034   x10(a0)=00000001
#29401  pc=00400038   x1(ra)=00400054
#29402  pc=0040003c   x8(s0/fp)=00000003
#29403  pc=00400040   x9(s1)=00000008
#29404  pc=00400044   x2(sp)=7fefff50
#29405  pc=00400048
#29406  pc=00400054   x9(s1)=00000001
#29407  pc=00400058
#29408  pc=0040005c   x1(ra)=00400060
#29409  pc=00400014   x2(sp)=7fefff40
#29410  pc=00400018
#29411  pc=0040001c
#29412  pc=00400020
#29413  pc=00400024   x8(s0/fp)=00000001
#29414  pc=00400028
#29415  pc=0040002c
#29416  pc=00400030
#29417  pc=00400034
#29418  pc=00400038
#29419  pc=0040003c   x8(s0/fp)=00000003
#29420  pc=00400040
#29421  pc=00400044   x2(sp)=7fefff50
#29422  pc=00400048
#29423  pc=00400060   x8(s0/fp)=00000002
#29424  pc=00400064
#29425  pc=00400034   x10(a0)=00000002
#29426  pc=00400038   x1(ra)=00400054
#29427  pc=0040003c   x8(s0/fp)=00000004
#29428  pc=00400040   x9(s1)=00000008
#29429  pc=00400044   x2(sp)=7fefff60
#29430  pc=00400048
#29431  pc=00400054   x9(s1)=00000002
#29432  pc=00400058
#29433  pc=0040005c   x1(ra)=00400060
#29434  pc=00400014   x2(sp)=7fefff50
#29435  pc=00400018
#29436  pc=0040001c
#29437  pc=00400020
#29438  pc=00400024   x8(s0/fp)=00000002
#29439  pc=00400028
#29440  pc=0040002c
#29441  pc=00400030
#29442  pc=0040004c   x10(a0)=00000001
#29443  pc=00400050   x1(ra)=00400054
#29444  pc=00400014   x2(sp)=7fefff40
#29445  pc=00400018
#29446  pc=0040001c
#29447  pc=00400020
#29448  pc=00400024   x8(s0/fp)=00000001
#29449  pc=00400028
#29450  pc=0040002c
#29451  pc=00400030
#29452  pc=00400034
#29453  pc=00400038
#29454  pc=0040003c   x8(s0/fp)=00000002
#29455  pc=00400040
#29456  pc=00400044   x2(sp)=7fefff50
#29457  pc=00400048
#29458  pc=00400054   x9(s1)=00000001
#29459  pc=00400058   x10(a0)=00000000
#29460  pc=0040005c   x1(ra)=00400060
#29461  pc=00400014   x2(sp)=7fefff40
#29462  pc=00400018
#29463  pc=0040001c
#29464  pc=00400020
#29465  pc=00400024   x8(s0/fp)=00000000
#29466  pc=00400028
#29467  pc=00400034
#29468  pc=00400038
#29469  pc=0040003c   x8(s0/fp)=00000002
#29470  pc=00400040
#29471  pc=00400044   x2(sp)=7fefff50
#29472  pc=00400048
#29473  pc=00400060   x8(s0/fp)=00000001
#29474  pc=00400064
#29475  pc=00400034   x10(a0)=00000001
#29476  pc=00400038
#29477  pc=0040003c   x8(s0/fp)=00000004
#29478  pc=00400040   x9(s1)=00000002
#29479  pc=00400044   x2(sp)=7fefff60
#29480  pc=00400048
#29481  pc=00400060   x8(s0/fp)=00000003
#29482  pc=00400064
#29483  pc=00400034   x10(a0)=00000003
#29484  pc=00400038   x1(ra)=00400054
#29485  pc=0040003c   x8(s0/fp)=00000005
#29486  pc=00400040   x9(s1)=00000008
#29487  pc=00400044   x2(sp)=7fefff70
#29488  pc=00400048
#29489  pc=00400054   x9(s1)=00000003
#29490  pc=00400058
#29491  pc=0040005c   x1(ra)=00400060
#29492  pc=00400014   x2(sp)=7fefff60
#29493  pc=00400018
#29494  pc=0040001c
#29495  pc=00400020
#29496  pc=00400024   x8(s0/fp)=00000003
#29497  pc=00400028
#29498  pc=0040002c
#29499  pc=00400030
#29500  pc=0040004c   x10(a0)=00000002
#29501  pc=00400050   x1(ra)=00400054
#29502  pc=00400014   x2(sp)=7fefff50
#29503  pc=00400018
#29504  pc=0040001c
#29505  pc=00400020
#29506  pc=00400024   x8(s0/fp)=00000002
#29507  pc=00400028
#29508  pc=0040002c
#29509  pc=00400030
#29510  pc=0040004c   x10(a0)=00000001
#29511  pc=00400050
#29512  pc=00400014   x2(sp)=7fefff40
#29513  pc=00400018
#29514  pc=0040001c
#29515  pc=00400020
#29516  pc=00400024   x8(s0/fp)=00000001
#29517  pc=00400028
#29518  pc=0040002c
#29519  pc=00400030
#29520  pc=00400034
#29521  pc=00400038
#29522  pc=0040003c   x8(s0/fp)=00000002
#29523  pc=00400040
#29524  pc=00400044   x2(sp)=7fefff50
#29525  pc=00400048
#29526  pc=00400054   x9(s1)=00000001
#29527  pc=00400058   x10(a0)=00000000
#29528  pc=0040005c   x1(ra)=00400060
#29529  pc=00400014   x2(sp)=7fefff40
#29530  pc=00400018
#29531  pc=0040001c
#29532  pc=00400020
#29533  pc=00400024   x8(s0/fp)=00000000
#29534  pc=00400028
#29535  pc=00400034
#29536  pc=00400038
#29537  pc=0040003c   x8(s0/fp)=00000002
#29538  pc=00400040
#29539  pc=00400044   x2(sp)=7fefff50
#29540  pc=00400048
#29541  pc=00400060   x8(s0/fp)=00000001
#29542  pc=00400064
#29543  pc=00400034   x10(a0)=00000001
#29544  pc=00400038   x1(ra)=00400054
#29545  pc=0040003c   x8(s0/fp)=00000003
#29546  pc=00400040   x9(s1)=00000003
#29547  pc=00400044   x2(sp)=7fefff60
#29548  pc=00400048
#29549  pc=00400054   x9(s1)=00000001
#29550  pc=00400058
#29551  pc=0040005c   x1(ra)=00400060
#29552  pc=00400014   x2(sp)=7fefff50
#29553  pc=00400018
#29554  pc=0040001c
#29555  pc=00400020
#29556  pc=00400024   x8(s0/fp)=00000001
#29557  pc=00400028
#29558  pc=0040002c
#29559  pc=00400030
#29560  pc=00400034
#29561  pc=00400038
#29562  pc=0040003c   x8(s0/fp)=00000003
#29563  pc=00400040
#29564  pc=00400044   x2(sp)=7fefff60
#29565  pc=00400048
#29566  pc=00400060   x8(s0/fp)=00000002
#29567  pc=00400064
#29568  pc=00400034   x10(a0)=00000002
#29569  pc=00400038
#29570  pc=0040003c   x8(s0/fp)=00000005
#29571  pc=00400040   x9(s1)=00000003
#29572  pc=00400044   x2(sp)=7fefff70
#29573  pc=00400048
#29574  pc=00400060
#29575  pc=00400064
#29576  pc=00400034   x10(a0)=00000005
#29577  pc=00400038
#29578  pc=0040003c   x8(s0/fp)=00000007
#29579  pc=00400040   x9(s1)=00000008
#29580  pc=00400044   x2(sp)=7fefff80
#29581  pc=00400048
#29582  pc=00400060   x8(s0/fp)=0000000d
#29583  pc=00400064
#29584  pc=00400034   x10(a0)=0000000d
#29585  pc=00400038   x1(ra)=00400054
#29586  pc=0040003c   x8(s0/fp)=00000008
#29587  pc=00400040   x9(s1)=00000090
#29588  pc=00400044   x2(sp)=7fefff90
#29589  pc=00400048
#29590  pc=00400054   x9(s1)=0000000d
#29591  pc=00400058   x10(a0)=00000006
#29592  pc=0040005c   x1(ra)=00400060
#29593  pc=00400014   x2(sp)=7fefff80
#29594  pc=00400018
#29595  pc=0040001c
#29596  pc=00400020
#29597  pc=00400024   x8(s0/fp)=00000006
#29598  pc=00400028
#29599  pc=0040002c
#29600  pc=00400030
#29601  pc=0040004c   x10(a0)=00000005
#29602  pc=00400050   x1(ra)=00400054
#29603  pc=00400014   x2(sp)=7fefff70
#29604  pc=00400018
#29605  pc=0040001c
#29606  pc=00400020
#29607  pc=00400024   x8(s0/fp)=00000005
#29608  pc=00400028
#29609  pc=0040002c
#29610  pc=00400030
#29611  pc=0040004c   x10(a0)=00000004
#29612  pc=00400050
#29613  pc=00400014   x2(sp)=7fefff60
#29614  pc=00400018
#29615  pc=0040001c
#29616  pc=00400020
#29617  pc=00400024   x8(s0/fp)=00000004
#29618  pc=00400028
#29619  pc=0040002c
#29620  pc=00400030
#29621  pc=0040004c   x10(a0)=00000003
#29622  pc=00400050
#29623  pc=00400014   x2(sp)=7fefff50
#29624  pc=00400018
#29625  pc=0040001c
#29626  pc=00400020
#29627  pc=00400024   x8(s0/fp)=00000003
#29628  pc=00400028
#29629  pc=0040002c
#29630  pc=00400030
#29631  pc=0040004c   x10(a0)=00000002
#29632  pc=00400050
#29633  pc=00400014   x2(sp)=7fefff40
#29634  pc=00400018
#29635  pc=0040001c
#29636  pc=00400020
#29637  pc=00400024   x8(s0/fp)=00000002
#29638  pc=00400028
#29639  pc=0040002c
#29640  pc=00400030
#29641  pc=0040004c   x10(a0)=00000001
#29642  pc=00400050
#29643  pc=00400014   x2(sp)=7fefff30
#29644  pc=00400018
#29645  pc=0040001c
#29646  pc=00400020
#29647  pc=00400024   x8(s0/fp)=00000001
#29648  pc=00400028
#29649  pc=0040002c
#29650  pc=00400030
#29651  pc=00400034
#29652  pc=00400038
#29653  pc=0040003c   x8(s0/fp)=00000002
#29654  pc=00400040
#29655  pc=00400044   x2(sp)=7fefff40
#29656  pc=00400048
#29657  pc=00400054   x9(s1)=00000001
#29658  pc=00400058   x10(a0)=00000000
#29659  pc=0040005c   x1(ra)=00400060
#29660  pc=00400014   x2(sp)=7fefff30
#29661  pc=00400018
#29662  pc=0040001c
#29663  pc=00400020
#29664  pc=00400024   x8(s0/fp)=00000000
#29665  pc=00400028
#29666  pc=00400034
#29667  pc=00400038
#29668  pc=0040003c   x8(s0/fp)=00000002
#29669  pc=00400040
#29670  pc=00400044   x2(sp)=7fefff40
#29671  pc=00400048
#29672  pc=00400060   x8(s0/fp)=00000001
#29673  pc=00400064
#29674  pc=00400034   x10(a0)=00000001
#29675  pc=00400038   x1(ra)=00400054
#29676  pc=0040003c   x8(s0/fp)=00000003
#29677  pc=00400040   x9(s1)=0000000d
#29678  pc=00400044   x2(sp)=7fefff50
#29679  pc=00400048
#29680  pc=00400054   x9(s1)=00000001
#29681  pc=00400058
#29682  pc=0040005c   x1(ra)=00400060
#29683  pc=00400014   x2(sp)=7fefff40
#29684  pc=00400018
#29685  pc=0040001c
#29686  pc=00400020
#29687  pc=00400024   x8(s0/fp)=00000001
#29688  pc=00400028
#29689  pc=0040002c
#29690  pc=00400030
#29691  pc=00400034
#29692  pc=00400038
#29693  pc=0040003c   x8(s0/fp)=00000003
#29694  pc=00400040
#29695  pc=00400044   x2(sp)=7fefff50
#29696  pc=00400048
#29697  pc=00400060   x8(s0/fp)=00000002
#29698  pc=00400064
#29699  pc=00400034   x10(a0)=00000002
#29700  pc=00400038   x1(ra)=00400054
#29701  pc=0040003c   x8(s0/fp)=00000004
#29702  pc=00400040   x9(s1)=0000000d
#29703  pc=00400044   x2(sp)=7fefff60
#29704  pc=00400048
#29705  pc=00400054   x9(s1)=00000002
#29706  pc=00400058
#29707  pc=0040005c   x1(ra)=00400060
#29708  pc=00400014   x2(sp)=7fefff50
#29709  pc=00400018
#29710  pc=0040001c
#29711  pc=00400020
#29712  pc=00400024   x8(s0/fp)=00000002
#29713  pc=00400028
#29714  pc=0040002c
#29715  pc=00400030
#29716  pc=0040004c   x10(a0)=00000001
#29717  pc=00400050   x1(ra)=00400054
#29718  pc=00400014   x2(sp)=7fefff40
#29719  pc=00400018
#29720  pc=0040001c
#29721  pc=00400020
#29722  pc=00400024   x8(s0/fp)=00000001
#29723  pc=00400028
#29724  pc=0040002c
#29725  pc=00400030
#29726  pc=00400034
#29727  pc=00400038
#29728  pc=0040003c   x8(s0/fp)=00000002
#29729  pc=00400040
#29730  pc=00400044   x2(sp)=7fefff50
#29731  pc=00400048
#29732  pc=00400054   x9(s1)=00000001
#29733  pc=00400058   x10(a0)=00000000
#29734  pc=0040005c   x1(ra)=00400060
#29735  pc=00400014   x2(sp)=7fefff40
#29736  pc=00400018
#29737  pc=0040001c
#29738  pc=00400020
#29739  pc=00400024   x8(s0/fp)=00000000
#29740  pc=00400028
#29741  pc=00400034
#29742  pc=00400038
#29743  pc=0040003c   x8(s0/fp)=00000002
#29744  pc=00400040
#29745  pc=00400044   x2(sp)=7fefff50
#29746  pc=00400048
#29747  pc=00400060   x8(s0/fp)=00000001
#29748  pc=00400064
#29749  pc=00400034   x10(a0)=00000001
#29750  pc=00400038
#29751  pc=0040003c   x8(s0/fp)=00000004
#29752  pc=00400040   x9(s1)=00000002
#29753  pc=00400044   x2(sp)=7fefff60
#29754  pc=00400048
#29755  pc=00400060   x8(s0/fp)=00000003
#29756  pc=00400064
#29757  pc=00400034   x10(a0)=00000003
#29758  pc=00400038   x1(ra)=00400054
#29759  pc=0040003c   x8(s0/fp)=00000005
#29760  pc=00400040   x9(s1)=0000000d
#29761  pc=00400044   x2(sp)=7fefff70
#29762  pc=00400048
#29763  pc=00400054   x9(s1)=00000003
#29764  pc=00400058
#29765  pc=0040005c   x1(ra)=00400060
#29766  pc=00400014   x2(sp)=7fefff60
#29767  pc=00400018
#29768  pc=0040001c
#29769  pc=00400020
#29770  pc=00400024   x8(s0/fp)=00000003
#29771  pc=00400028
#29772  pc=0040002c
#29773  pc=00400030
#29774  pc=0040004c   x10(a0)=00000002
#29775  pc=00400050   x1(ra)=00400054
#29776  pc=00400014   x2(sp)=7fefff50
#29777  pc=00400018
#29778  pc=0040001c
#29779  pc=00400020
#29780  pc=00400024   x8(s0/fp)=00000002
#29781  pc=00400028
#29782  pc=0040002c
#29783  pc=00400030
#29784  pc=0040004c   x10(a0)=00000001
#29785  pc=00400050
#29786  pc=00400014   x2(sp)=7fefff40
#29787  pc=00400018
#29788  pc=0040001c
#29789  pc=00400020
#29790  pc=00400024   x8(s0/fp)=00000001
#29791  pc=00400028
#29792  pc=0040002c
#29793  pc=00400030
#29794  pc=00400034
#29795  pc=00400038
#29796  pc=0040003c   x8(s0/fp)=00000002
#29797  pc=00400040
#29798  pc=00400044   x2(sp)=7fefff50
#29799  pc=00400048
#29800  pc=00400054   x9(s1)=00000001
#29801  pc=00400058   x10(a0)=00000000
#29802  pc=0040005c   x1(ra)=00400060
#29803  pc=00400014   x2(sp)=7fefff40
#29804  pc=00400018
#29805  pc=0040001c
#29806  pc=00400020
#29807  pc=00400024   x8(s0/fp)=00000000
#29808  pc=00400028
#29809  pc=00400034
#29810  pc=00400038
#29811  pc=0040003c   x8(s0/fp)=00000002
#29812  pc=00400040
#29813  pc=00400044   x2(sp)=7fefff50
#29814  pc=00400048
#29815  pc=00400060   x8(s0/fp)=00000001
#29816  pc=00400064
#29817  pc=00400034   x10(a0)=00000001
#29818  pc=00400038   x1(ra)=00400054
#29819  pc=0040003c   x8(s0/fp)=00000003
#29820  pc=00400040   x9(s1)=00000003
#29821  pc=00400044   x2(sp)=7fefff60
#29822  pc=00400048
#29823  pc=00400054   x9(s1)=00000001
#29824  pc=00400058
#29825  pc=0040005c   x1(ra)=00400060
#29826  pc=00400014   x2(sp)=7fefff50
#29827  pc=00400018
#29828  pc=0040001c
#29829  pc=00400020
#29830  pc=00400024   x8(s0/fp)=00000001
#29831  pc=00400028
#29832  pc=0040002c
#29833  pc=00400030
#29834  pc=00400034
#29835  pc=00400038
#29836  pc=0040003c   x8(s0/fp)=00000003
#29837  pc=00400040
#29838  pc=00400044   x2(sp)=7fefff60
#29839  pc=00400048
#29840  pc=00400060   x8(s0/fp)=00000002
#29841  pc=00400064
#29842  pc=00400034   x10(a0)=00000002
#29843  pc=00400038
#29844  pc=0040003c   x8(s0/fp)=00000005
#29845  pc=00400040   x9(s1)=00000003
#29846  pc=00400044   x2(sp)=7fefff70
#29847  pc=00400048
#29848  pc=00400060
#29849  pc=00400064
#29850  pc=00400034   x10(a0)=00000005
#29851  pc=00400038   x1(ra)=00400054
#29852  pc=0040003c   x8(s0/fp)=00000006
#29853  pc=00400040   x9(s1)=0000000d
#29854  pc=00400044   x2(sp)=7fefff80
#29855  pc=00400048
#29856  pc=00400054   x9(s1)=00000005
#29857  pc=00400058   x10(a0)=00000004
#29858  pc=0040005c   x1(ra)=00400060
#29859  pc=00400014   x2(sp)=7fefff70
#29860  pc=00400018
#29861  pc=0040001c
#29862  pc=00400020
#29863  pc=00400024   x8(s0/fp)=00000004
#29864  pc=00400028
#29865  pc=0040002c
#29866  pc=00400030
#29867  pc=0040004c   x10(a0)=00000003
#29868  pc=00400050   x1(ra)=00400054
#29869  pc=00400014   x2(sp)=7fefff60
#29870  pc=00400018
#29871  pc=0040001c
#29872  pc=00400020
#29873  pc=00400024   x8(s0/fp)=00000003
#29874  pc=00400028
#29875  pc=0040002c
#29876  pc=00400030
#29877  pc=0040004c   x10(a0)=00000002
#29878  pc=00400050
#29879  pc=00400014   x2(sp)=7fefff50
#29880  pc=00400018
#29881  pc=0040001c
#29882  pc=00400020
#29883  pc=00400024   x8(s0/fp)=00000002
#29884  pc=00400028
#29885  pc=0040002c
#29886  pc=00400030
#29887  pc=0040004c   x10(a0)=00000001
#29888  pc=00400050
#29889  pc=00400014   x2(sp)=7fefff40
#29890  pc=00400018
#29891  pc=0040001c
#29892  pc=00400020
#29893  pc=00400024   x8(s0/fp)=00000001
#29894  pc=00400028
#29895  pc=0040002c
#29896  pc=00400030
#29897  pc=00400034
#29898  pc=00400038
#29899  pc=0040003c   x8(s0/fp)=00000002
#29900  pc=00400040
#29901  pc=00400044   x2(sp)=7fefff50
#29902  pc=00400048
#29903  pc=00400054   x9(s1)=00000001
#29904  pc=00400058   x10(a0)=00000000
#29905  pc=0040005c   x1(ra)=00400060
#29906  pc=00400014   x2(sp)=7fefff40
#29907  pc=00400018
#29908  pc=0040001c
#29909  pc=00400020
#29910  pc=00400024   x8(s0/fp)=00000000
#29911  pc=00400028
#29912  pc=00400034
#29913  pc=00400038
#29914  pc=0040003c   x8(s0/fp)=00000002
#29915  pc=00400040
#29916  pc=00400044   x2(sp)=7fefff50
#29917  pc=00400048
#29918  pc=00400060   x8(s0/fp)=00000001
#29919  pc=00400064
#29920  pc=00400034   x10(a0)=00000001
#29921  pc=00400038   x1(ra)=00400054
#29922  pc=0040003c   x8(s0/fp)=00000003
#29923  pc=00400040   x9(s1)=00000005
#29924  pc=00400044   x2(sp)=7fefff60
#29925  pc=00400048
#29926  pc=00400054   x9(s1)=00000001
#29927  pc=00400058
#29928  pc=0040005c   x1(ra)=00400060
#29929  pc=00400014   x2(sp)=7fefff50
#29930  pc=00400018
#29931  pc=0040001c
#29932  pc=00400020
#29933  pc=00400024   x8(s0/fp)=00000001
#29934  pc=00400028
#29935  pc=0040002c
#29936  pc=00400030
#29937  pc=00400034
#29938  pc=00400038
#29939  pc=0040003c   x8(s0/fp)=00000003
#29940  pc=00400040
#29941  pc=00400044   x2(sp)=7fefff60
#29942  pc=00400048
#29943  pc=00400060   x8(s0/fp)=00000002
#29944  pc=00400064
#29945  pc=00400034   x10(a0)=00000002
#29946  pc=00400038   x1(ra)=00400054
#29947  pc=0040003c   x8(s0/fp)=00000004
#29948  pc=00400040   x9(s1)=00000005
#29949  pc=00400044   x2(sp)=7fefff70
#29950  pc=00400048
#29951  pc=00400054   x9(s1)=00000002
#29952  pc=00400058
#29953  pc=0040005c   x1(ra)=00400060
#29954  pc=00400014   x2(sp)=7fefff60
#29955  pc=00400018
#29956  pc=0040001c
#29957  pc=00400020
#29958  pc=00400024   x8(s0/fp)=00000002
#29959  pc=00400028
#29960  pc=0040002c
#29961  pc=00400030
#29962  pc=0040004c   x10(a0)=00000001
#29963  pc=00400050   x1(ra)=00400054
#29964  pc=00400014   x2(sp)=7fefff50
#29965  pc=00400018
#29966  pc=0040001c
#29967  pc=00400020
#29968  pc=00400024   x8(s0/fp)=00000001
#29969  pc=00400028
#29970  pc=0040002c
#29971  pc=00400030
#29972  pc=00400034
#29973  pc=00400038
#29974  pc=0040003c   x8(s0/fp)=00000002
#29975  pc=00400040
#29976  pc=00400044   x2(sp)=7fefff60
#29977  pc=00400048
#29978  pc=00400054   x9(s1)=00000001
#29979  pc=00400058   x10(a0)=00000000
#29980  pc=0040005c   x1(ra)=00400060
#29981  pc=00400014   x2(sp)=7fefff50
#29982  pc=00400018
#29983  pc=0040001c
#29984  pc=00400020
#29985  pc=00400024   x8(s0/fp)=00000000
#29986  pc=00400028
#29987  pc=00400034
#29988  pc=00400038
#29989  pc=0040003c   x8(s0/fp)=00000002
#29990  pc=00400040
#29991  pc=00400044   x2(sp)=7fefff60
#29992  pc=00400048
#29993  pc=00400060   x8(s0/fp)=00000001
#29994  pc=00400064
#29995  pc=00400034   x10(a0)=00000001
#29996  pc=00400038
#29997  pc=0040003c   x8(s0/fp)=00000004
#29998  pc=00400040   x9(s1)=00000002
#29999  pc=00400044   x2(sp)=7fefff70
#30000  pc=00400048
#30001  pc=00400060   x8(s0/fp)=00000003
#30002  pc=00400064
#30003  pc=00400034   x10(a0)=00000003
#30004  pc=00400038
#30005  pc=0040003c   x8(s0/fp)=00000006
#30006  pc=00400040   x9(s1)=00000005
#30007  pc=00400044   x2(sp)=7fefff80
#30008  pc=00400048
#30009  pc=00400060   x8(s0/fp)=00000008
#30010  pc=00400064
#30011  pc=00400034   x10(a0)=00000008
#30012  pc=00400038
#30013  pc=0040003c
#30014  pc=00400040   x9(s1)=0000000d
#30015  pc=00400044   x2(sp)=7fefff90
#30016  pc=00400048
#30017  pc=00400060   x8(s0/fp)=00000015
#30018  pc=00400064
#30019  pc=00400034   x10(a0)=00000015
#30020  pc=00400038   x1(ra)=00400054
#30021  pc=0040003c   x8(s0/fp)=00000009
#30022  pc=00400040   x9(s1)=00000090
#30023  pc=00400044   x2(sp)=7fefffa0
#30024  pc=00400048
#30025  pc=00400054   x9(s1)=00000015
#30026  pc=00400058   x10(a0)=00000007
#30027  pc=0040005c   x1(ra)=00400060
#30028  pc=00400014   x2(sp)=7fefff90
#30029  pc=00400018
#30030  pc=0040001c
#30031  pc=00400020
#30032  pc=00400024   x8(s0/fp)=00000007
#30033  pc=00400028
#30034  pc=0040002c
#30035  pc=00400030
#30036  pc=0040004c   x10(a0)=00000006
#30037  pc=00400050   x1(ra)=00400054
#30038  pc=00400014   x2(sp)=7fefff80
#30039  pc=00400018
#30040  pc=0040001c
#30041  pc=00400020
#30042  pc=00400024   x8(s0/fp)=00000006
#30043  pc=00400028
#30044  pc=0040002c
#30045  pc=00400030
#30046  pc=0040004c   x10(a0)=00000005
#30047  pc=00400050
#30048  pc=00400014   x2(sp)=7fefff70
#30049  pc=00400018
#30050  pc=0040001c
#30051  pc=00400020
#30052  pc=00400024   x8(s0/fp)=00000005
#30053  pc=00400028
#30054  pc=0040002c
#30055  pc=00400030
#30056  pc=0040004c   x10(a0)=00000004
#30057  pc=00400050
#30058  pc=00400014   x2(sp)=7fefff60
#30059  pc=00400018
#30060  pc=0040001c
#30061  pc=00400020
#30062  pc=00400024   x8(s0/fp)=00000004
#30063  pc=00400028
#30064  pc=0040002c
#30065  pc=00400030
#30066  pc=0040004c   x10(a0)=00000003
#30067  pc=00400050
#30068  pc=00400014   x2(sp)=7fefff50
#30069  pc=00400018
#30070  pc=0040001c
#30071  pc=00400020
#30072  pc=00400024   x8(s0/fp)=00000003
#30073  pc=00400028
#30074  pc=0040002c
#30075  pc=00400030
#30076  pc=0040004c   x10(a0)=00000002
#30077  pc=00400050
#30078  pc=00400014   x2(sp)=7fefff40
#30079  pc=00400018
#30080  pc=0040001c
#30081  pc=00400020
#30082  pc=00400024   x8(s0/fp)=00000002
#30083  pc=00400028
#30084  pc=0040002c
#30085  pc=00400030
#30086  pc=0040004c   x10(a0)=00000001
#30087  pc=00400050
#30088  pc=00400014   x2(sp)=7fefff30
#30089  pc=00400018
#30090  pc=0040001c
#30091  pc=00400020
#30092  pc=00400024   x8(s0/fp)=00000001
#30093  pc=00400028
#30094  pc=0040002c
#30095  pc=00400030
#30096  pc=00400034
#30097  pc=00400038
#30098  pc=0040003c   x8(s0/fp)=00000002
#30099  pc=00400040
#30100  pc=00400044   x2(sp)=7fefff40
#30101  pc=00400048
#30102  pc=00400054   x9(s1)=00000001
#30103  pc=00400058   x10(a0)=00000000
#30104  pc=0040005c   x1(ra)=00400060
#30105  pc=00400014   x2(sp)=7fefff30
#30106  pc=00400018
#30107  pc=0040001c
#30108  pc=00400020
#30109  pc=00400024   x8(s0/fp)=00000000
#30110  pc=00400028
#30111  pc=00400034
#30112  pc=00400038
#30113  pc=0040003c   x8(s0/fp)=00000002
#30114  pc=00400040
#30115  pc=00400044   x2(sp)=7fefff40
#30116  pc=00400048
#30117  pc=00400060   x8(s0/fp)=00000001
#30118  pc=00400064
#30119  pc=00400034   x10(a0)=00000001
#30120  pc=00400038   x1(ra)=00400054
#30121  pc=0040003c   x8(s0/fp)=00000003
#30122  pc=00400040   x9(s1)=00000015
#30123  pc=00400044   x2(sp)=7fefff50
#30124  pc=00400048
#30125  pc=00400054   x9(s1)=00000001
#30126  pc=00400058
#30127  pc=0040005c   x1(ra)=00400060
#30128  pc=00400014   x2(sp)=7fefff40
#30129  pc=00400018
#30130  pc=0040001c
#30131  pc=00400020
#30132  pc=00400024   x8(s0/fp)=00000001
#30133  pc=00400028
#30134  pc=0040002c
#30135  pc=00400030
#30136  pc=00400034
#30137  pc=00400038
#30138  pc=0040003c   x8(s0/fp)=00000003
#30139  pc=00400040
#30140  pc=00400044   x2(sp)=7fefff50
#30141  pc=00400048
#30142  pc=00400060   x8(s0/fp)=00000002
#30143  pc=00400064
#30144  pc=00400034   x10(a0)=00000002
#30145  pc=00400038   x1(ra)=00400054
#30146  pc=0040003c   x8(s0/fp)=00000004
#30147  pc=00400040   x9(s1)=00000015
#30148  pc=00400044   x2(sp)=7fefff60
#30149  pc=00400048
#30150  pc=00400054   x9(s1)=00000002
#30151  pc=00400058
#30152  pc=0040005c   x1(ra)=00400060
#30153  pc=00400014   x2(sp)=7fefff50
#30154  pc=00400018
#30155  pc=0040001c
#30156  pc=00400020
#30157  pc=00400024   x8(s0/fp)=00000002
#30158  pc=00400028
#30159  pc=0040002c
#30160  pc=00400030
#30161  pc=0040004c   x10(a0)=00000001
#30162  pc=00400050   x1(ra)=00400054
#30163  pc=00400014   x2(sp)=7fefff40
#30164  pc=00400018
#30165  pc=0040001c
#30166  pc=00400020
#30167  pc=00400024   x8(s0/fp)=00000001
#30168  pc=00400028
#30169  pc=0040002c
#30170  pc=00400030
#30171  pc=00400034
#30172  pc=00400038
#30173  pc=0040003c   x8(s0/fp)=00000002
#30174  pc=00400040
#30175  pc=00400044   x2(sp)=7fefff50
#30176  pc=00400048
#30177  pc=00400054   x9(s1)=00000001
#30178  pc=00400058   x10(a0)=00000000
#30179  pc=0040005c   x1(ra)=00400060
#30180  pc=00400014   x2(sp)=7fefff40
#30181  pc=00400018
#30182  pc=0040001c
#30183  pc=00400020
#30184  pc=00400024   x8(s0/fp)=00000000
#30185  pc=00400028
#30186  pc=00400034
#30187  pc=00400038
#30188  pc=0040003c   x8(s0/fp)=00000002
#30189  pc=00400040
#30190  pc=00400044   x2(sp)=7fefff50
#30191  pc=00400048
#30192  pc=00400060   x8(s0/fp)=00000001
#30193  pc=00400064
#30194  pc=00400034   x10(a0)=00000001
#30195  pc=00400038
#30196  pc=0040003c   x8(s0/fp)=00000004
#30197  pc=00400040   x9(s1)=00000002
#30198  pc=00400044   x2(sp)=7fefff60
#30199  pc=00400048
#30200  pc=00400060   x8(s0/fp)=00000003
#30201  pc=00400064
#30202  pc=00400034   x10(a0)=00000003
#30203  pc=00400038   x1(ra)=00400054
#30204  pc=0040003c   x8(s0/fp)=00000005
#30205  pc=00400040   x9(s1)=00000015
#30206  pc=00400044   x2(sp)=7fefff70
#30207  pc=00400048
#30208  pc=00400054   x9(s1)=00000003
#30209  pc=00400058
#30210  pc=0040005c   x1(ra)=00400060
#30211  pc=00400014   x2(sp)=7fefff60
#30212  pc=00400018
#30213  pc=0040001c
#30214  pc=00400020
#30215  pc=00400024   x8(s0/fp)=00000003
#30216  pc=00400028
#30217  pc=0040002c
#30218  pc=00400030
#30219  pc=0040004c   x10(a0)=00000002
#30220  pc=00400050   x1(ra)=00400054
#30221  pc=00400014   x2(sp)=7fefff50
#30222  pc=00400018
#30223  pc=0040001c
#30224  pc=00400020
#30225  pc=00400024   x8(s0/fp)=00000002
#30226  pc=00400028
#30227  pc=0040002c
#30228  pc=00400030
#30229  pc=0040004c   x10(a0)=00000001
#30230  pc=00400050
#30231  pc=00400014   x2(sp)=7fefff40
#30232  pc=00400018
#30233  pc=0040001c
#30234  pc=00400020
#30235  pc=00400024   x8(s0/fp)=00000001
#30236  pc=00400028
#30237  pc=0040002c
#30238  pc=00400030
#30239  pc=00400034
#30240  pc=00400038
#30241  pc=0040003c   x8(s0/fp)=00000002
#30242  pc=00400040
#30243  pc=00400044   x2(sp)=7fefff50
#30244  pc=00400048
#30245  pc=00400054   x9(s1)=00000001
#30246  pc=00400058   x10(a0)=00000000
#30247  pc=0040005c   x1(ra)=00400060
#30248  pc=00400014   x2(sp)=7fefff40
#30249  pc=00400018
#30250  pc=0040001c
#30251  pc=00400020
#30252  pc=00400024   x8(s0/fp)=00000000
#30253  pc=00400028
#30254  pc=00400034
#30255  pc=00400038
#30256  pc=0040003c   x8(s0/fp)=00000002
#30257  pc=00400040
#30258  pc=00400044   x2(sp)=7fefff50
#30259  pc=00400048
#30260  pc=00400060   x8(s0/fp)=00000001
#30261  pc=00400064
#30262  pc=00400034   x10(a0)=00000001
#30263  pc=00400038   x1(ra)=00400054
#30264  pc=0040003c   x8(s0/fp)=00000003
#30265  pc=00400040   x9(s1)=00000003
#30266  pc=00400044   x2(sp)=7fefff60
#30267  pc=00400048
#30268  pc=00400054   x9(s1)=00000001
#30269  pc=00400058
#30270  pc=0040005c   x1(ra)=00400060
#30271  pc=00400014   x2(sp)=7fefff50
#30272  pc=00400018
#30273  pc=0040001c
#30274  pc=00400020
#30275  pc=00400024   x8(s0/fp)=00000001
#30276  pc=00400028
#30277  pc=0040002c
#30278  pc=00400030
#30279  pc=00400034
#30280  pc=00400038
#30281  pc=0040003c   x8(s0/fp)=00000003
#30282  pc=00400040
#30283  pc=00400044   x2(sp)=7fefff60
#30284  pc=00400048
#30285  pc=00400060   x8(s0/fp)=00000002
#30286  pc=00400064
#30287  pc=00400034   x10(a0)=00000002
#30288  pc=00400038
#30289  pc=0040003c   x8(s0/fp)=00000005
#30290  pc=00400040   x9(s1)=00000003
#30291  pc=00400044   x2(sp)=7fefff70
#30292  pc=00400048
#30293  pc=00400060
#30294  pc=00400064
#30295  pc=00400034   x10(a0)=00000005
#30296  pc=00400038   x1(ra)=00400054
#30297  pc=0040003c   x8(s0/fp)=00000006
#30298  pc=00400040   x9(s1)=00000015
#30299  pc=00400044   x2(sp)=7fefff80
#30300  pc=00400048
#30301  pc=00400054   x9(s1)=00000005
#30302  pc=00400058   x10(a0)=00000004
#30303  pc=0040005c   x1(ra)=00400060
#30304  pc=00400014   x2(sp)=7fefff70
#30305  pc=00400018
#30306  pc=0040001c
#30307  pc=00400020
#30308  pc=00400024   x8(s0/fp)=00000004
#30309  pc=00400028
#30310  pc=0040002c
#30311  pc=00400030
#30312  pc=0040004c   x10(a0)=00000003
#30313  pc=00400050   x1(ra)=00400054
#30314  pc=00400014   x2(sp)=7fefff60
#30315  pc=00400018
#30316  pc=0040001c
#30317  pc=00400020
#30318  pc=00400024   x8(s0/fp)=00000003
#30319  pc=00400028
#30320  pc=0040002c
#30321  pc=00400030
#30322  pc=0040004c   x10(a0)=00000002
#30323  pc=00400050
#30324  pc=00400014   x2(sp)=7fefff50
#30325  pc=00400018
#30326  pc=0040001c
#30327  pc=00400020
#30328  pc=00400024   x8(s0/fp)=00000002
#30329  pc=00400028
#30330  pc=0040002c
#30331  pc=00400030
#30332  pc=0040004c   x10(a0)=00000001
#30333  pc=00400050
#30334  pc=00400014   x2(sp)=7fefff40
#30335  pc=00400018
#30336  pc=0040001c
#30337  pc=00400020
#30338  pc=00400024   x8(s0/fp)=00000001
#30339  pc=00400028
#30340  pc=0040002c
#30341  pc=00400030
#30342  pc=00400034
#30343  pc=00400038
#30344  pc=0040003c   x8(s0/fp)=00000002
#30345  pc=00400040
#30346  pc=00400044   x2(sp)=7fefff50
#30347  pc=00400048
#30348  pc=00400054   x9(s1)=00000001
#30349  pc=00400058   x10(a0)=00000000
#30350  pc=0040005c   x1(ra)=00400060
#30351  pc=00400014   x2(sp)=7fefff40
#30352  pc=00400018
#30353  pc=0040001c
#30354  pc=00400020
#30355  pc=00400024   x8(s0/fp)=00000000
#30356  pc=00400028
#30357  pc=00400034
#30358  pc=00400038
#30359  pc=0040003c   x8(s0/fp)=00000002
#30360  pc=00400040
#30361  pc=00400044   x2(sp)=7fefff50
#30362  pc=00400048
#30363  pc=00400060   x8(s0/fp)=00000001
#30364  pc=00400064
#30365  pc=00400034   x10(a0)=00000001
#30366  pc=00400038   x1(ra)=00400054
#30367  pc=0040003c   x8(s0/fp)=00000003
#30368  pc=00400040   x9(s1)=00000005
#30369  pc=00400044   x2(sp)=7fefff60
#30370  pc=00400048
#30371  pc=00400054   x9(s1)=00000001
#30372  pc=00400058
#30373  pc=0040005c   x1(ra)=00400060
#30374  pc=00400014   x2(sp)=7fefff50
#30375  pc=00400018
#30376  pc=0040001c
#30377  pc=00400020
#30378  pc=00400024   x8(s0/fp)=00000001
#30379  pc=00400028
#30380  pc=0040002c
#30381  pc=00400030
#30382  pc=00400034
#30383  pc=00400038
#30384  pc=0040003c   x8(s0/fp)=00000003
#30385  pc=00400040
#30386  pc=00400044   x2(sp)=7fefff60
#30387  pc=00400048
#30388  pc=00400060   x8(s0/fp)=00000002
#30389  pc=00400064
#30390  pc=00400034   x10(a0)=00000002
#30391  pc=00400038   x1(ra)=00400054
#30392  pc=0040003c   x8(s0/fp)=00000004
#30393  pc=00400040   x9(s1)=00000005
#30394  pc=00400044   x2(sp)=7fefff70
#30395  pc=00400048
#30396  pc=00400054   x9(s1)=00000002
#30397  pc=00400058
#30398  pc=0040005c   x1(ra)=00400060
#30399  pc=00400014   x2(sp)=7fefff60
#30400  pc=00400018
#30401  pc=0040001c
#30402  pc=00400020
#30403  pc=00400024   x8(s0/fp)=00000002
#30404  pc=00400028
#30405  pc=0040002c
#30406  pc=00400030
#30407  pc=0040004c   x10(a0)=00000001
#30408  pc=00400050   x1(ra)=00400054
#30409  pc=00400014   x2(sp)=7fefff50
#30410  pc=00400018
#30411  pc=0040001c
#30412  pc=00400020
#30413  pc=00400024   x8(s0/fp)=00000001
#30414  pc=00400028
#30415  pc=0040002c
#30416  pc=00400030
#30417  pc=00400034
#30418  pc=00400038
#30419  pc=0040003c   x8(s0/fp)=00000002
#30420  pc=00400040
#30421  pc=00400044   x2(sp)=7fefff60
#30422  pc=00400048
#30423  pc=00400054   x9(s1)=00000001
#30424  pc=00400058   x10(a0)=00000000
#30425  pc=0040005c   x1(ra)=00400060
#30426  pc=00400014   x2(sp)=7fefff50
#30427  pc=00400018
#30428  pc=0040001c
#30429  pc=00400020
#30430  pc=00400024   x8(s0/fp)=00000000
#30431  pc=00400028
#30432  pc=00400034
#30433  pc=00400038
#30434  pc=0040003c   x8(s0/fp)=00000002
#30435  pc=00400040
#30436  pc=00400044   x2(sp)=7fefff60
#30437  pc=00400048
#30438  pc=00400060   x8(s0/fp)=00000001
#30439  pc=00400064
#30440  pc=00400034   x10(a0)=00000001
#30441  pc=00400038
#30442  pc=0040003c   x8(s0/fp)=00000004
#30443  pc=00400040   x9(s1)=00000002
#30444  pc=00400044   x2(sp)=7fefff70
#30445  pc=00400048
#30446  pc=00400060   x8(s0/fp)=00000003
#30447  pc=00400064
#30448  pc=00400034   x10(a0)=00000003
#30449  pc=00400038
#30450  pc=0040003c   x8(s0/fp)=00000006
#30451  pc=00400040   x9(s1)=00000005
#30452  pc=00400044   x2(sp)=7fefff80
#30453  pc=00400048
#30454  pc=00400060   x8(s0/fp)=00000008
#30455  pc=00400064
#30456  pc=00400034   x10(a0)=00000008
#30457  pc=00400038   x1(ra)=00400054
#30458  pc=0040003c   x8(s0/fp)=00000007
#30459  pc=00400040   x9(s1)=00000015
#30460  pc=00400044   x2(sp)=7fefff90
#30461  pc=00400048
#30462  pc=00400054   x9(s1)=00000008
#30463  pc=00400058   x10(a0)=00000005
#30464  pc=0040005c   x1(ra)=00400060
#30465  pc=00400014   x2(sp)=7fefff80
#30466  pc=00400018
#30467  pc=0040001c
#30468  pc=00400020
#30469  pc=00400024   x8(s0/fp)=00000005
#30470  pc=00400028
#30471  pc=0040002c
#30472  pc=00400030
#30473  pc=0040004c   x10(a0)=00000004
#30474  pc=00400050   x1(ra)=00400054
#30475  pc=00400014   x2(sp)=7fefff70
#30476  pc=00400018
#30477  pc=0040001c
#30478  pc=00400020
#30479  pc=00400024   x8(s0/fp)=00000004
#30480  pc=00400028
#30481  pc=0040002c
#30482  pc=00400030
#30483  pc=0040004c   x10(a0)=00000003
#30484  pc=00400050
#30485  pc=00400014   x2(sp)=7fefff60
#30486  pc=00400018
#30487  pc=0040001c
#30488  pc=00400020
#30489  pc=00400024   x8(s0/fp)=00000003
#30490  pc=00400028
#30491  pc=0040002c
#30492  pc=00400030
#30493  pc=0040004c   x10(a0)=00000002
#30494  pc=00400050
#30495  pc=00400014   x2(sp)=7fefff50
#30496  pc=00400018
#30497  pc=0040001c
#30498  pc=00400020
#30499  pc=00400024   x8(s0/fp)=00000002
#30500  pc=00400028
#30501  pc=0040002c
#30502  pc=00400030
#30503  pc=0040004c   x10(a0)=00000001
#30504  pc=00400050
#30505  pc=00400014   x2(sp)=7fefff40
#30506  pc=00400018
#30507  pc=0040001c
#30508  pc=00400020
#30509  pc=00400024   x8(s0/fp)=00000001
#30510  pc=00400028
#30511  pc=0040002c
#30512  pc=00400030
#30513  pc=00400034
#30514  pc=00400038
#30515  pc=0040003c   x8(s0/fp)=00000002
#30516  pc=00400040
#30517  pc=00400044   x2(sp)=7fefff50
#30518  pc=00400048
#30519  pc=00400054   x9(s1)=00000001
#30520  pc=00400058   x10(a0)=00000000
#30521  pc=0040005c   x1(ra)=00400060
#30522  pc=00400014   x2(sp)=7fefff40
#30523  pc=00400018
#30524  pc=0040001c
#30525  pc=00400020
#30526  pc=00400024   x8(s0/fp)=00000000
#30527  pc=00400028
#30528  pc=00400034
#30529  pc=00400038
#30530  pc=0040003c   x8(s0/fp)=00000002
#30531  pc=00400040
#30532  pc=00400044   x2(sp)=7fefff50
#30533  pc=00400048
#30534  pc=00400060   x8(s0/fp)=00000001
#30535  pc=00400064
#30536  pc=00400034   x10(a0)=00000001
#30537  pc=00400038   x1(ra)=00400054
#30538  pc=0040003c   x8(s0/fp)=00000003
#30539  pc=00400040   x9(s1)=00000008
#30540  pc=00400044   x2(sp)=7fefff60
#30541  pc=00400048
#30542  pc=00400054   x9(s1)=00000001
#30543  pc=00400058
#30544  pc=0040005c   x1(ra)=00400060
#30545  pc=00400014   x2(sp)=7fefff50
#30546  pc=00400018
#30547  pc=0040001c
#30548  pc=00400020
#30549  pc=00400024   x8(s0/fp)=00000001
#30550  pc=00400028
#30551  pc=0040002c
#30552  pc=00400030
#30553  pc=00400034
#30554  pc=00400038
#30555  pc=0040003c   x8(s0/fp)=00000003
#30556  pc=00400040
#30557  pc=00400044   x2(sp)=7fefff60
#30558  pc=00400048
#30559  pc=00400060   x8(s0/fp)=00000002
#30560  pc=00400064
#30561  pc=00400034   x10(a0)=00000002
#30562  pc=00400038   x1(ra)=00400054
#30563  pc=0040003c   x8(s0/fp)=00000004
#30564  pc=00400040   x9(s1)=00000008
#30565  pc=00400044   x2(sp)=7fefff70
#30566  pc=00400048
#30567  pc=00400054   x9(s1)=00000002
#30568  pc=00400058
#30569  pc=0040005c   x1(ra)=00400060
#30570  pc=00400014   x2(sp)=7fefff60
#30571  pc=00400018
#30572  pc=0040001c
#30573  pc=00400020
#30574  pc=00400024   x8(s0/fp)=00000002
#30575  pc=00400028
#30576  pc=0040002c
#30577  pc=00400030
#30578  pc=0040004c   x10(a0)=00000001
#30579  pc=00400050   x1(ra)=00400054
#30580  pc=00400014   x2(sp)=7fefff50
#30581  pc=00400018
#30582  pc=0040001c
#30583  pc=00400020
#30584  pc=00400024   x8(s0/fp)=00000001
#30585  pc=00400028
#30586  pc=0040002c
#30587  pc=00400030
#30588  pc=00400034
#30589  pc=00400038
#30590  pc=0040003c   x8(s0/fp)=00000002
#30591  pc=00400040
#30592  pc=00400044   x2(sp)=7fefff60
#30593  pc=00400048
#30594  pc=00400054   x9(s1)=00000001
#30595  pc=00400058   x10(a0)=00000000
#30596  pc=0040005c   x1(ra)=00400060
#30597  pc=00400014   x2(sp)=7fefff50
#30598  pc=00400018
#30599  pc=0040001c
#30600  pc=00400020
#30601  pc=00400024   x8(s0/fp)=00000000
#30602  pc=00400028
#30603  pc=00400034
#30604  pc=00400038
#30605  pc=0040003c   x8(s0/fp)=00000002
#30606  pc=00400040
#30607  pc=00400044   x2(sp)=7fefff60
#30608  pc=00400048
#30609  pc=00400060   x8(s0/fp)=00000001
#30610  pc=00400064
#30611  pc=00400034   x10(a0)=00000001
#30612  pc=00400038
#30613  pc=0040003c   x8(s0/fp)=00000004
#30614  pc=00400040   x9(s1)=00000002
#30615  pc=00400044   x2(sp)=7fefff70
#30616  pc=00400048
#30617  pc=00400060   x8(s0/fp)=00000003
#30618  pc=00400064
#30619  pc=00400034   x10(a0)=00000003
#30620  pc=00400038   x1(ra)=00400054
#30621  pc=0040003c   x8(s0/fp)=00000005
#30622  pc=00400040   x9(s1)=00000008
#30623  pc=00400044   x2(sp)=7fefff80
#30624  pc=00400048
#30625  pc=00400054   x9(s1)=00000003
#30626  pc=00400058
#30627  pc=0040005c   x1(ra)=00400060
#30628  pc=00400014   x2(sp)=7fefff70
#30629  pc=00400018
#30630  pc=0040001c
#30631  pc=00400020
#30632  pc=00400024   x8(s0/fp)=00000003
#30633  pc=00400028
#30634  pc=0040002c
#30635  pc=00400030
#30636  pc=0040004c   x10(a0)=00000002
#30637  pc=00400050   x1(ra)=00400054
#30638  pc=00400014   x2(sp)=7fefff60
#30639  pc=00400018
#30640  pc=0040001c
#30641  pc=00400020
#30642  pc=00400024   x8(s0/fp)=00000002
#30643  pc=00400028
#30644  pc=0040002c
#30645  pc=00400030
#30646  pc=0040004c   x10(a0)=00000001
#30647  pc=00400050
#30648  pc=00400014   x2(sp)=7fefff50
#30649  pc=00400018
#30650  pc=0040001c
#30651  pc=00400020
#30652  pc=00400024   x8(s0/fp)=00000001
#30653  pc=00400028
#30654  pc=0040002c
#30655  pc=00400030
#30656  pc=00400034
#30657  pc=00400038
#30658  pc=0040003c   x8(s0/fp)=00000002
#30659  pc=00400040
#30660  pc=00400044   x2(sp)=7fefff60
#30661  pc=00400048
#30662  pc=00400054   x9(s1)=00000001
#30663  pc=00400058   x10(a0)=00000000
#30664  pc=0040005c   x1(ra)=00400060
#30665  pc=00400014   x2(sp)=7fefff50
#30666  pc=00400018
#30667  pc=0040001c
#30668  pc=00400020
#30669  pc=00400024   x8(s0/fp)=00000000
#30670  pc=00400028
#30671  pc=00400034
#30672  pc=00400038
#30673  pc=0040003c   x8(s0/fp)=00000002
#30674  pc=00400040
#30675  pc=00400044   x2(sp)=7fefff60
#30676  pc=00400048
#30677  pc=00400060   x8(s0/fp)=00000001
#30678  pc=00400064
#30679  pc=00400034   x10(a0)=00000001
#30680  pc=00400038   x1(ra)=00400054
#30681  pc=0040003c   x8(s0/fp)=00000003
#30682  pc=00400040   x9(s1)=00000003
#30683  pc=00400044   x2(sp)=7fefff70
#30684  pc=00400048
#30685  pc=00400054   x9(s1)=00000001
#30686  pc=00400058
#30687  pc=0040005c   x1(ra)=00400060
#30688  pc=00400014   x2(sp)=7fefff60
#30689  pc=00400018
#30690  pc=0040001c
#30691  pc=00400020
#30692  pc=00400024   x8(s0/fp)=00000001
#30693  pc=00400028
#30694  pc=0040002c
#30695  pc=00400030
#30696  pc=00400034
#30697  pc=00400038
#30698  pc=0040003c   x8(s0/fp)=00000003
#30699  pc=00400040
#30700  pc=00400044   x2(sp)=7fefff70
#30701  pc=00400048
#30702  pc=00400060   x8(s0/fp)=00000002
#30703  pc=00400064
#30704  pc=00400034   x10(a0)=00000002
#30705  pc=00400038
#30706  pc=0040003c   x8(s0/fp)=00000005
#30707  pc=00400040   x9(s1)=00000003
#30708  pc=00400044   x2(sp)=7fefff80
#30709  pc=00400048
#30710  pc=00400060
#30711  pc=00400064
#30712  pc=00400034   x10(a0)=00000005
#30713  pc=00400038
#30714  pc=0040003c   x8(s0/fp)=00000007
#30715  pc=00400040   x9(s1)=00000008
#30716  pc=00400044   x2(sp)=7fefff90
#30717  pc=00400048
#30718  pc=00400060   x8(s0/fp)=0000000d
#30719  pc=00400064
#30720  pc=00400034   x10(a0)=0000000d
#30721  pc=00400038
#30722  pc=0040003c   x8(s0/fp)=00000009
#30723  pc=00400040   x9(s1)=00000015
#30724  pc=00400044   x2(sp)=7fefffa0
#30725  pc=00400048
#30726  pc=00400060   x8(s0/fp)=00000022
#30727  pc=00400064
#30728  pc=00400034   x10(a0)=00000022
#30729  pc=00400038   x1(ra)=00400054
#30730  pc=0040003c   x8(s0/fp)=0000000a
#30731  pc=00400040   x9(s1)=00000090
#30732  pc=00400044   x2(sp)=7fefffb0
#30733  pc=00400048
#30734  pc=00400054   x9(s1)=00000022
#30735  pc=00400058   x10(a0)=00000008
#30736  pc=0040005c   x1(ra)=00400060
#30737  pc=00400014   x2(sp)=7fefffa0
#30738  pc=00400018
#30739  pc=0040001c
#30740  pc=00400020
#30741  pc=00400024   x8(s0/fp)=00000008
#30742  pc=00400028
#30743  pc=0040002c
#30744  pc=00400030
#30745  pc=0040004c   x10(a0)=00000007
#30746  pc=00400050   x1(ra)=00400054
#30747  pc=00400014   x2(sp)=7fefff90
#30748  pc=00400018
#30749  pc=0040001c
#30750  pc=00400020
#30751  pc=00400024   x8(s0/fp)=00000007
#30752  pc=00400028
#30753  pc=0040002c
#30754  pc=00400030
#30755  pc=0040004c   x10(a0)=00000006
#30756  pc=00400050
#30757  pc=00400014   x2(sp)=7fefff80
#30758  pc=00400018
#30759  pc=0040001c
#30760  pc=00400020
#30761  pc=00400024   x8(s0/fp)=00000006
#30762  pc=00400028
#30763  pc=0040002c
#30764  pc=00400030
#30765  pc=0040004c   x10(a0)=00000005
#30766  pc=00400050
#30767  pc=00400014   x2(sp)=7fefff70
#30768  pc=00400018
#30769  pc=0040001c
#30770  pc=00400020
#30771  pc=00400024   x8(s0/fp)=00000005
#30772  pc=00400028
#30773  pc=0040002c
#30774  pc=00400030
#30775  pc=0040004c   x10(a0)=00000004
#30776  pc=00400050
#30777  pc=00400014   x2(sp)=7fefff60
#30778  pc=00400018
#30779  pc=0040001c
#30780  pc=00400020
#30781  pc=00400024   x8(s0/fp)=00000004
#30782  pc=00400028
#30783  pc=0040002c
#30784  pc=00400030
#30785  pc=0040004c   x10(a0)=00000003
#30786  pc=00400050
#30787  pc=00400014   x2(sp)=7fefff50
#30788  pc=00400018
#30789  pc=0040001c
#30790  pc=00400020
#30791  pc=00400024   x8(s0/fp)=00000003
#30792  pc=00400028
#30793  pc=0040002c
#30794  pc=00400030
#30795  pc=0040004c   x10(a0)=00000002
#30796  pc=00400050
#30797  pc=00400014   x2(sp)=7fefff40
#30798  pc=00400018
#30799  pc=0040001c
#30800  pc=00400020
#30801  pc=00400024   x8(s0/fp)=00000002
#30802  pc=00400028
#30803  pc=0040002c
#30804  pc=00400030
#30805  pc=0040004c   x10(a0)=00000001
#30806  pc=00400050
#30807  pc=00400014   x2(sp)=7fefff30
#30808  pc=00400018
#30809  pc=0040001c
#30810  pc=00400020
#30811  pc=00400024   x8(s0/fp)=00000001
#30812  pc=00400028
#30813  pc=0040002c
#30814  pc=00400030
#30815  pc=00400034
#30816  pc=00400038
#30817  pc=0040003c   x8(s0/fp)=00000002
#30818  pc=00400040
#30819  pc=00400044   x2(sp)=7fefff40
#30820  pc=00400048
#30821  pc=00400054   x9(s1)=00000001
#30822  pc=00400058   x10(a0)=00000000
#30823  pc=0040005c   x1(ra)=00400060
#30824  pc=00400014   x2(sp)=7fefff30
#30825  pc=00400018
#30826  pc=0040001c
#30827  pc=00400020
#30828  pc=00400024   x8(s0/fp)=00000000
#30829  pc=00400028
#30830  pc=00400034
#30831  pc=00400038
#30832  pc=0040003c   x8(s0/fp)=00000002
#30833  pc=00400040
#30834  pc=00400044   x2(sp)=7fefff40
#30835  pc=00400048
#30836  pc=00400060   x8(s0/fp)=00000001
#30837  pc=00400064
#30838  pc=00400034   x10(a0)=00000001
#30839  pc=00400038   x1(ra)=00400054
#30840  pc=0040003c   x8(s0/fp)=00000003
#30841  pc=00400040   x9(s1)=00000022
#30842  pc=00400044   x2(sp)=7fefff50
#30843  pc=00400048
#30844  pc=00400054   x9(s1)=00000001
#30845  pc=00400058
#30846  pc=0040005c   x1(ra)=00400060
#30847  pc=00400014   x2(sp)=7fefff40
#30848  pc=00400018
#30849  pc=0040001c
#30850  pc=00400020
#30851  pc=00400024   x8(s0/fp)=00000001
#30852  pc=00400028
#30853  pc=0040002c
#30854  pc=00400030
#30855  pc=00400034
#30856  pc=00400038
#30857  pc=0040003c   x8(s0/fp)=00000003
#30858  pc=00400040
#30859  pc=00400044   x2(sp)=7fefff50
#30860  pc=00400048
#30861  pc=00400060   x8(s0/fp)=00000002
#30862  pc=00400064
#30863  pc=00400034   x10(a0)=00000002
#30864  pc=00400038   x1(ra)=00400054
#30865  pc=0040003c   x8(s0/fp)=00000004
#30866  pc=00400040   x9(s1)=00000022
#30867  pc=00400044   x2(sp)=7fefff60
#30868  pc=00400048
#30869  pc=00400054   x9(s1)=00000002
#30870  pc=00400058
#30871  pc=0040005c   x1(ra)=00400060
#30872  pc=00400014   x2(sp)=7fefff50
#30873  pc=00400018
#30874  pc=0040001c
#30875  pc=00400020
#30876  pc=00400024   x8(s0/fp)=00000002
#30877  pc=00400028
#30878  pc=0040002c
#30879  pc=00400030
#30880  pc=0040004c   x10(a0)=00000001
#30881  pc=00400050   x1(ra)=00400054
#30882  pc=00400014   x2(sp)=7fefff40
#30883  pc=00400018
#30884  pc=0040001c
#30885  pc=00400020
#30886  pc=00400024   x8(s0/fp)=00000001
#30887  pc=00400028
#30888  pc=0040002c
#30889  pc=00400030
#30890  pc=00400034
#30891  pc=00400038
#30892  pc=0040003c   x8(s0/fp)=00000002
#30893  pc=00400040
#30894  pc=00400044   x2(sp)=7fefff50
#30895  pc=00400048
#30896  pc=00400054   x9(s1)=00000001
#30897  pc=00400058   x10(a0)=00000000
#30898  pc=0040005c   x1(ra)=00400060
#30899  pc=00400014   x2(sp)=7fefff40
#30900  pc=00400018
#30901  pc=0040001c
#30902  pc=00400020
#30903  pc=00400024   x8(s0/fp)=00000000
#30904  pc=00400028
#30905  pc=00400034
#30906  pc=00400038
#30907  pc=0040003c   x8(s0/fp)=00000002
#30908  pc=00400040
#30909  pc=00400044   x2(sp)=7fefff50
#30910  pc=00400048
#30911  pc=00400060   x8(s0/fp)=00000001
#30912  pc=00400064
#30913  pc=00400034   x10(a0)=00000001
#30914  pc=00400038
#30915  pc=0040003c   x8(s0/fp)=00000004
#30916  pc=00400040   x9(s1)=00000002
#30917  pc=00400044   x2(sp)=7fefff60
#30918  pc=00400048
#30919  pc=00400060   x8(s0/fp)=00000003
#30920  pc=00400064
#30921  pc=00400034   x10(a0)=00000003
#30922  pc=00400038   x1(ra)=00400054
#30923  pc=0040003c   x8(s0/fp)=00000005
#30924  pc=00400040   x9(s1)=00000022
#30925  pc=00400044   x2(sp)=7fefff70
#30926  pc=00400048
#30927  pc=00400054   x9(s1)=00000003
#30928  pc=00400058
#30929  pc=0040005c   x1(ra)=00400060
#30930  pc=00400014   x2(sp)=7fefff60
#30931  pc=00400018
#30932  pc=0040001c
#30933  pc=00400020
#30934  pc=00400024   x8(s0/fp)=00000003
#30935  pc=00400028
#30936  pc=0040002c
#30937  pc=00400030
#30938  pc=0040004c   x10(a0)=00000002
#30939  pc=00400050   x1(ra)=00400054
#30940  pc=00400014   x2(sp)=7fefff50
#30941  pc=00400018
#30942  pc=0040001c
#30943  pc=00400020
#30944  pc=00400024   x8(s0/fp)=00000002
#30945  pc=00400028
#30946  pc=0040002c
#30947  pc=00400030
#30948  pc=0040004c   x10(a0)=00000001
#30949  pc=00400050
#30950  pc=00400014   x2(sp)=7fefff40
#30951  pc=00400018
#30952  pc=0040001c
#30953  pc=00400020
#30954  pc=00400024   x8(s0/fp)=00000001
#30955  pc=00400028
#30956  pc=0040002c
#30957  pc=00400030
#30958  pc=00400034
#30959  pc=00400038
#30960  pc=0040003c   x8(s0/fp)=00000002
#30961  pc=00400040
#30962  pc=00400044   x2(sp)=7fefff50
#30963  pc=00400048
#30964  pc=00400054   x9(s1)=00000001
#30965  pc=00400058   x10(a0)=00000000
#30966  pc=0040005c   x1(ra)=00400060
#30967  pc=00400014   x2(sp)=7fefff40
#30968  pc=00400018
#30969  pc=0040001c
#30970  pc=00400020
#30971  pc=00400024   x8(s0/fp)=00000000
#30972  pc=00400028
#30973  pc=00400034
#30974  pc=00400038
#30975  pc=0040003c   x8(s0/fp)=00000002
#30976  pc=00400040
#30977  pc=00400044   x2(sp)=7fefff50
#30978  pc=00400048
#30979  pc=00400060   x8(s0/fp)=00000001
#30980  pc=00400064
#30981  pc=00400034   x10(a0)=00000001
#30982  pc=00400038   x1(ra)=00400054
#30983  pc=0040003c   x8(s0/fp)=00000003
#30984  pc=00400040   x9(s1)=00000003
#30985  pc=00400044   x2(sp)=7fefff60
#30986  pc=00400048
#30987  pc=00400054   x9(s1)=00000001
#30988  pc=00400058
#30989  pc=0040005c   x1(ra)=00400060
#30990  pc=00400014   x2(sp)=7fefff50
#30991  pc=00400018
#30992  pc=0040001c
#30993  pc=00400020
#30994  pc=00400024   x8(s0/fp)=00000001
#30995  pc=00400028
#30996  pc=0040002c
#30997  pc=00400030
#30998  pc=00400034
#30999  pc=00400038
#31000  pc=0040003c   x8(s0/fp)=00000003
#31001  pc=00400040
#31002  pc=00400044   x2(sp)=7fefff60
#31003  pc=00400048
#31004  pc=00400060   x8(s0/fp)=00000002
#31005  pc=00400064
#31006  pc=00400034   x10(a0)=00000002
#31007  pc=00400038
#31008  pc=0040003c   x8(s0/fp)=00000005
#31009  pc=00400040   x9(s1)=00000003
#31010  pc=00400044   x2(sp)=7fefff70
#31011  pc=00400048
#31012  pc=00400060
#31013  pc=00400064
#31014  pc=00400034   x10(a0)=00000005
#31015  pc=00400038   x1(ra)=00400054
#31016  pc=0040003c   x8(s0/fp)=00000006
#31017  pc=00400040   x9(s1)=00000022
#31018  pc=00400044   x2(sp)=7fefff80
#31019  pc=00400048
#31020  pc=00400054   x9(s1)=00000005
#31021  pc=00400058   x10(a0)=00000004
#31022  pc=0040005c   x1(ra)=00400060
#31023  pc=00400014   x2(sp)=7fefff70
#31024  pc=00400018
#31025  pc=0040001c
#31026  pc=00400020
#31027  pc=00400024   x8(s0/fp)=00000004
#31028  pc=00400028
#31029  pc=0040002c
#31030  pc=00400030
#31031  pc=0040004c   x10(a0)=00000003
#31032  pc=00400050   x1(ra)=00400054
#31033  pc=00400014   x2(sp)=7fefff60
#31034  pc=00400018
#31035  pc=0040001c
#31036  pc=00400020
#31037  pc=00400024   x8(s0/fp)=00000003
#31038  pc=00400028
#31039  pc=0040002c
#31040  pc=00400030
#31041  pc=0040004c   x10(a0)=00000002
#31042  pc=00400050
#31043  pc=00400014   x2(sp)=7fefff50
#31044  pc=00400018
#31045  pc=0040001c
#31046  pc=00400020
#31047  pc=00400024   x8(s0/fp)=00000002
#31048  pc=00400028
#31049  pc=0040002c
#31050  pc=00400030
#31051  pc=0040004c   x10(a0)=00000001
#31052  pc=00400050
#31053  pc=00400014   x2(sp)=7fefff40
#31054  pc=00400018
#31055  pc=0040001c
#31056  pc=00400020
#31057  pc=00400024   x8(s0/fp)=00000001
#31058  pc=00400028
#31059  pc=0040002c
#31060  pc=00400030
#31061  pc=00400034
#31062  pc=00400038
#31063  pc=0040003c   x8(s0/fp)=00000002
#31064  pc=00400040
#31065  pc=00400044   x2(sp)=7fefff50
#31066  pc=00400048
#31067  pc=00400054   x9(s1)=00000001
#31068  pc=00400058   x10(a0)=00000000
#31069  pc=0040005c   x1(ra)=00400060
#31070  pc=00400014   x2(sp)=7fefff40
#31071  pc=00400018
#31072  pc=0040001c
#31073  pc=00400020
#31074  pc=00400024   x8(s0/fp)=00000000
#31075  pc=00400028
#31076  pc=00400034
#31077  pc=00400038
#31078  pc=0040003c   x8(s0/fp)=00000002
#31079  pc=00400040
#31080  pc=00400044   x2(sp)=7fefff50
#31081  pc=00400048
#31082  pc=00400060   x8(s0/fp)=00000001
#31083  pc=00400064
#31084  pc=00400034   x10(a0)=00000001
#31085  pc=00400038   x1(ra)=00400054
#31086  pc=0040003c   x8(s0/fp)=00000003
#31087  pc=00400040   x9(s1)=00000005
#31088  pc=00400044   x2(sp)=7fefff60
#31089  pc=00400048
#31090  pc=00400054   x9(s1)=00000001
#31091  pc=00400058
#31092  pc=0040005c   x1(ra)=00400060
#31093  pc=00400014   x2(sp)=7fefff50
#31094  pc=00400018
#31095  pc=0040001c
#31096  pc=00400020
#31097  pc=00400024   x8(s0/fp)=00000001
#31098  pc=00400028
#31099  pc=0040002c
#31100  pc=00400030
#31101  pc=00400034
#31102  pc=00400038
#31103  pc=0040003c   x8(s0/fp)=00000003
#31104  pc=00400040
#31105  pc=00400044   x2(sp)=7fefff60
#31106  pc=00400048
#31107  pc=00400060   x8(s0/fp)=00000002
#31108  pc=00400064
#31109  pc=00400034   x10(a0)=00000002
#31110  pc=00400038   x1(ra)=00400054
#31111  pc=0040003c   x8(s0/fp)=00000004
#31112  pc=00400040   x9(s1)=00000005
#31113  pc=00400044   x2(sp)=7fefff70
#31114  pc=00400048
#31115  pc=00400054   x9(s1)=00000002
#31116  pc=00400058
#31117  pc=0040005c   x1(ra)=00400060
#31118  pc=00400014   x2(sp)=7fefff60
#31119  pc=00400018
#31120  pc=0040001c
#31121  pc=00400020
#31122  pc=00400024   x8(s0/fp)=00000002
#31123  pc=00400028
#31124  pc=0040002c
#31125  pc=00400030
#31126  pc=0040004c   x10(a0)=00000001
#31127  pc=00400050   x1(ra)=00400054
#31128  pc=00400014   x2(sp)=7fefff50
#31129  pc=00400018
#31130  pc=0040001c
#31131  pc=00400020
#31132  pc=00400024   x8(s0/fp)=00000001
#31133  pc=00400028
#31134  pc=0040002c
#31135  pc=00400030
#31136  pc=00400034
#31137  pc=00400038
#31138  pc=0040003c   x8(s0/fp)=00000002
#31139  pc=00400040
#31140  pc=00400044   x2(sp)=7fefff60
#31141  pc=00400048
#31142  pc=00400054   x9(s1)=00000001
#31143  pc=00400058   x10(a0)=00000000
#31144  pc=0040005c   x1(ra)=00400060
#31145  pc=00400014   x2(sp)=7fefff50
#31146  pc=00400018
#31147  pc=0040001c
#31148  pc=00400020
#31149  pc=00400024   x8(s0/fp)=00000000
#31150  pc=00400028
#31151  pc=00400034
#31152  pc=00400038
#31153  pc=0040003c   x8(s0/fp)=00000002
#31154  pc=00400040
#31155  pc=00400044   x2(sp)=7fefff60
#31156  pc=00400048
#31157  pc=00400060   x8(s0/fp)=00000001
#31158  pc=00400064
#31159  pc=00400034   x10(a0)=00000001
#31160  pc=00400038
#31161  pc=0040003c   x8(s0/fp)=00000004
#31162  pc=00400040   x9(s1)=00000002
#31163  pc=00400044   x2(sp)=7fefff70
#31164  pc=00400048
#31165  pc=00400060   x8(s0/fp)=00000003
#31166  pc=00400064
#31167  pc=00400034   x10(a0)=00000003
#31168  pc=00400038
#31169  pc=0040003c   x8(s0/fp)=00000006
#31170  pc=00400040   x9(s1)=00000005
#31171  pc=00400044   x2(sp)=7fefff80
#31172  pc=00400048
#31173  pc=00400060   x8(s0/fp)=00000008
#31174  pc=00400064
#31175  pc=00400034   x10(a0)=00000008
#31176  pc=00400038   x1(ra)=00400054
#31177  pc=0040003c   x8(s0/fp)=00000007
#31178  pc=00400040   x9(s1)=00000022
#31179  pc=00400044   x2(sp)=7fefff90
#31180  pc=00400048
#31181  pc=00400054   x9(s1)=00000008
#31182  pc=00400058   x10(a0)=00000005
#31183  pc=0040005c   x1(ra)=00400060
#31184  pc=00400014   x2(sp)=7fefff80
#31185  pc=00400018
#31186  pc=0040001c
#31187  pc=00400020
#31188  pc=00400024   x8(s0/fp)=00000005
#31189  pc=00400028
#31190  pc=0040002c
#31191  pc=00400030
#31192  pc=0040004c   x10(a0)=00000004
#31193  pc=00400050   x1(ra)=00400054
#31194  pc=00400014   x2(sp)=7fefff70
#31195  pc=00400018
#31196  pc=0040001c
#31197  pc=00400020
#31198  pc=00400024   x8(s0/fp)=00000004
#31199  pc=00400028
#31200  pc=0040002c
#31201  pc=00400030
#31202  pc=0040004c   x10(a0)=00000003
#31203  pc=00400050
#31204  pc=00400014   x2(sp)=7fefff60
#31205  pc=00400018
#31206  pc=0040001c
#31207  pc=00400020
#31208  pc=00400024   x8(s0/fp)=00000003
#31209  pc=00400028
#31210  pc=0040002c
#31211  pc=00400030
#31212  pc=0040004c   x10(a0)=00000002
#31213  pc=00400050
#31214  pc=00400014   x2(sp)=7fefff50
#31215  pc=00400018
#31216  pc=0040001c
#31217  pc=00400020
#31218  pc=00400024   x8(s0/fp)=00000002
#31219  pc=00400028
#31220  pc=0040002c
#31221  pc=00400030
#31222  pc=0040004c   x10(a0)=00000001
#31223  pc=00400050
#31224  pc=00400014   x2(sp)=7fefff40
#31225  pc=00400018
#31226  pc=0040001c
#31227  pc=00400020
#31228  pc=00400024   x8(s0/fp)=00000001
#31229  pc=00400028
#31230  pc=0040002c
#31231  pc=00400030
#31232  pc=00400034
#31233  pc=00400038
#31234  pc=0040003c   x8(s0/fp)=00000002
#31235  pc=00400040
#31236  pc=00400044   x2(sp)=7fefff50
#31237  pc=00400048
#31238  pc=00400054   x9(s1)=00000001
#31239  pc=00400058   x10(a0)=00000000
#31240  pc=0040005c   x1(ra)=00400060
#31241  pc=00400014   x2(sp)=7fefff40
#31242  pc=00400018
#31243  pc=0040001c
#31244  pc=00400020
#31245  pc=00400024   x8(s0/fp)=00000000
#31246  pc=00400028
#31247  pc=00400034
#31248  pc=00400038
#31249  pc=0040003c   x8(s0/fp)=00000002
#31250  pc=00400040
#31251  pc=00400044   x2(sp)=7fefff50
#31252  pc=00400048
#31253  pc=00400060   x8(s0/fp)=00000001
#31254  pc=00400064
#31255  pc=00400034   x10(a0)=00000001
#31256  pc=00400038   x1(ra)=00400054
#31257  pc=0040003c   x8(s0/fp)=00000003
#31258  pc=00400040   x9(s1)=00000008
#31259  pc=00400044   x2(sp)=7fefff60
#31260  pc=00400048
#31261  pc=00400054   x9(s1)=00000001
#31262  pc=00400058
#31263  pc=0040005c   x1(ra)=00400060
#31264  pc=00400014   x2(sp)=7fefff50
#31265  pc=00400018
#31266  pc=0040001c
#31267  pc=00400020
#31268  pc=00400024   x8(s0/fp)=00000001
#31269  pc=00400028
#31270  pc=0040002c
#31271  pc=00400030
#31272  pc=00400034
#31273  pc=00400038
#31274  pc=0040003c   x8(s0/fp)=00000003
#31275  pc=00400040
#31276  pc=00400044   x2(sp)=7fefff60
#31277  pc=00400048
#31278  pc=00400060   x8(s0/fp)=00000002
#31279  pc=00400064
#31280  pc=00400034   x10(a0)=00000002
#31281  pc=00400038   x1(ra)=00400054
#31282  pc=0040003c   x8(s0/fp)=00000004
#31283  pc=00400040   x9(s1)=00000008
#31284  pc=00400044   x2(sp)=7fefff70
#31285  pc=00400048
#31286  pc=00400054   x9(s1)=00000002
#31287  pc=00400058
#31288  pc=0040005c   x1(ra)=00400060
#31289  pc=00400014   x2(sp)=7fefff60
#31290  pc=00400018
#31291  pc=0040001c
#31292  pc=00400020
#31293  pc=00400024   x8(s0/fp)=00000002
#31294  pc=00400028
#31295  pc=0040002c
#31296  pc=00400030
#31297  pc=0040004c   x10(a0)=00000001
#31298  pc=00400050   x1(ra)=00400054
#31299  pc=00400014   x2(sp)=7fefff50
#31300  pc=00400018
#31301  pc=0040001c
#31302  pc=00400020
#31303  pc=00400024   x8(s0/fp)=00000001
#31304  pc=00400028
#31305  pc=0040002c
#31306  pc=00400030
#31307  pc=00400034
#31308  pc=00400038
#31309  pc=0040003c   x8(s0/fp)=00000002
#31310  pc=00400040
#31311  pc=00400044   x2(sp)=7fefff60
#31312  pc=00400048
#31313  pc=00400054   x9(s1)=00000001
#31314  pc=00400058   x10(a0)=00000000
#31315  pc=0040005c   x1(ra)=00400060
#31316  pc=00400014   x2(sp)=7fefff50
#31317  pc=00400018
#31318  pc=0040001c
#31319  pc=00400020
#31320  pc=00400024   x8(s0/fp)=00000000
#31321  pc=00400028
#31322  pc=00400034
#31323  pc=00400038
#31324  pc=0040003c   x8(s0/fp)=00000002
#31325  pc=00400040
#31326  pc=00400044   x2(sp)=7fefff60
#31327  pc=00400048
#31328  pc=00400060   x8(s0/fp)=00000001
#31329  pc=00400064
#31330  pc=00400034   x10(a0)=00000001
#31331  pc=00400038
#31332  pc=0040003c   x8(s0/fp)=00000004
#31333  pc=00400040   x9(s1)=00000002
#31334  pc=00400044   x2(sp)=7fefff70
#31335  pc=00400048
#31336  pc=00400060   x8(s0/fp)=00000003
#31337  pc=00400064
#31338  pc=00400034   x10(a0)=00000003
#31339  pc=00400038   x1(ra)=00400054
#31340  pc=0040003c   x8(s0/fp)=00000005
#31341  pc=00400040   x9(s1)=00000008
#31342  pc=00400044   x2(sp)=7fefff80
#31343  pc=00400048
#31344  pc=00400054   x9(s1)=00000003
#31345  pc=00400058
#31346  pc=0040005c   x1(ra)=00400060
#31347  pc=00400014   x2(sp)=7fefff70
#31348  pc=00400018
#31349  pc=0040001c
#31350  pc=00400020
#31351  pc=00400024   x8(s0/fp)=00000003
#31352  pc=00400028
#31353  pc=0040002c
#31354  pc=00400030
#31355  pc=0040004c   x10(a0)=00000002
#31356  pc=00400050   x1(ra)=00400054
#31357  pc=00400014   x2(sp)=7fefff60
#31358  pc=00400018
#31359  pc=0040001c
#31360  pc=00400020
#31361  pc=00400024   x8(s0/fp)=00000002
#31362  pc=00400028
#31363  pc=0040002c
#31364  pc=00400030
#31365  pc=0040004c   x10(a0)=00000001
#31366  pc=00400050
#31367  pc=00400014   x2(sp)=7fefff50
#31368  pc=00400018
#31369  pc=0040001c
#31370  pc=00400020
#31371  pc=00400024   x8(s0/fp)=00000001
#31372  pc=00400028
#31373  pc=0040002c
#31374  pc=00400030
#31375  pc=00400034
#31376  pc=00400038
#31377  pc=0040003c   x8(s0/fp)=00000002
#31378  pc=00400040
#31379  pc=00400044   x2(sp)=7fefff60
#31380  pc=00400048
#31381  pc=00400054   x9(s1)=00000001
#31382  pc=00400058   x10(a0)=00000000
#31383  pc=0040005c   x1(ra)=00400060
#31384  pc=00400014   x2(sp)=7fefff50
#31385  pc=00400018
#31386  pc=0040001c
#31387  pc=00400020
#31388  pc=00400024   x8(s0/fp)=00000000
#31389  pc=00400028
#31390  pc=00400034
#31391  pc=00400038
#31392  pc=0040003c   x8(s0/fp)=00000002
#31393  pc=00400040
#31394  pc=00400044   x2(sp)=7fefff60
#31395  pc=00400048
#31396  pc=00400060   x8(s0/fp)=00000001
#31397  pc=00400064
#31398  pc=00400034   x10(a0)=00000001
#31399  pc=00400038   x1(ra)=00400054
#31400  pc=0040003c   x8(s0/fp)=00000003
#31401  pc=00400040   x9(s1)=00000003
#31402  pc=00400044   x2(sp)=7fefff70
#31403  pc=00400048
#31404  pc=00400054   x9(s1)=00000001
#31405  pc=00400058
#31406  pc=0040005c   x1(ra)=00400060
#31407  pc=00400014   x2(sp)=7fefff60
#31408  pc=00400018
#31409  pc=0040001c
#31410  pc=00400020
#31411  pc=00400024   x8(s0/fp)=00000001
#31412  pc=00400028
#31413  pc=0040002c
#31414  pc=00400030
#31415  pc=00400034
#31416  pc=00400038
#31417  pc=0040003c   x8(s0/fp)=00000003
#31418  pc=00400040
#31419  pc=00400044   x2(sp)=7fefff70
#31420  pc=00400048
#31421  pc=00400060   x8(s0/fp)=00000002
#31422  pc=00400064
#31423  pc=00400034   x10(a0)=00000002
#31424  pc=00400038
#31425  pc=0040003c   x8(s0/fp)=00000005
#31426  pc=00400040   x9(s1)=00000003
#31427  pc=00400044   x2(sp)=7fefff80
#31428  pc=00400048
#31429  pc=00400060
#31430  pc=00400064
#31431  pc=00400034   x10(a0)=00000005
#31432  pc=00400038
#31433  pc=0040003c   x8(s0/fp)=00000007
#31434  pc=00400040   x9(s1)=00000008
#31435  pc=00400044   x2(sp)=7fefff90
#31436  pc=00400048
#31437  pc=00400060   x8(s0/fp)=0000000d
#31438  pc=00400064
#31439  pc=00400034   x10(a0)=0000000d
#31440  pc=00400038   x1(ra)=00400054
#31441  pc=0040003c   x8(s0/fp)=00000008
#31442  pc=00400040   x9(s1)=00000022
#31443  pc=00400044   x2(sp)=7fefffa0
#31444  pc=00400048
#31445  pc=00400054   x9(s1)=0000000d
#31446  pc=00400058   x10(a0)=00000006
#31447  pc=0040005c   x1(ra)=00400060
#31448  pc=00400014   x2(sp)=7fefff90
#31449  pc=00400018
#31450  pc=0040001c
#31451  pc=00400020
#31452  pc=00400024   x8(s0/fp)=00000006
#31453  pc=00400028
#31454  pc=0040002c
#31455  pc=00400030
#31456  pc=0040004c   x10(a0)=00000005
#31457  pc=00400050   x1(ra)=00400054
#31458  pc=00400014   x2(sp)=7fefff80
#31459  pc=00400018
#31460  pc=0040001c
#31461  pc=00400020
#31462  pc=00400024   x8(s0/fp)=00000005
#31463  pc=00400028
#31464  pc=0040002c
#31465  pc=00400030
#31466  pc=0040004c   x10(a0)=00000004
#31467  pc=00400050
#31468  pc=00400014   x2(sp)=7fefff70
#31469  pc=00400018
#31470  pc=0040001c
#31471  pc=00400020
#31472  pc=00400024   x8(s0/fp)=00000004
#31473  pc=00400028
#31474  pc=0040002c
#31475  pc=00400030
#31476  pc=0040004c   x10(a0)=00000003
#31477  pc=00400050
#31478  pc=00400014   x2(sp)=7fefff60
#31479  pc=00400018
#31480  pc=0040001c
#31481  pc=00400020
#31482  pc=00400024   x8(s0/fp)=00000003
#31483  pc=00400028
#31484  pc=0040002c
#31485  pc=00400030
#31486  pc=0040004c   x10(a0)=00000002
#31487  pc=00400050
#31488  pc=00400014   x2(sp)=7fefff50
#31489  pc=00400018
#31490  pc=0040001c
#31491  pc=00400020
#31492  pc=00400024   x8(s0/fp)=00000002
#31493  pc=00400028
#31494  pc=0040002c
#31495  pc=00400030
#31496  pc=0040004c   x10(a0)=00000001
#31497  pc=00400050
#31498  pc=00400014   x2(sp)=7fefff40
#31499  pc=00400018
#31500  pc=0040001c
#31501  pc=00400020
#31502  pc=00400024   x8(s0/fp)=00000001
#31503  pc=00400028
#31504  pc=0040002c
#31505  pc=00400030
#31506  pc=00400034
#31507  pc=00400038
#31508  pc=0040003c   x8(s0/fp)=00000002
#31509  pc=00400040
#31510  pc=00400044   x2(sp)=7fefff50
#31511  pc=00400048
#31512  pc=00400054   x9(s1)=00000001
#31513  pc=00400058   x10(a0)=00000000
#31514  pc=0040005c   x1(ra)=00400060
#31515  pc=00400014   x2(sp)=7fefff40
#31516  pc=00400018
#31517  pc=0040001c
#31518  pc=00400020
#31519  pc=00400024   x8(s0/fp)=00000000
#31520  pc=00400028
#31521  pc=00400034
#31522  pc=00400038
#31523  pc=0040003c   x8(s0/fp)=00000002
#31524  pc=00400040
#31525  pc=00400044   x2(sp)=7fefff50
#31526  pc=00400048
#31527  pc=00400060   x8(s0/fp)=00000001
#31528  pc=00400064
#31529  pc=00400034   x10(a0)=00000001
#31530  pc=00400038   x1(ra)=00400054
#31531  pc=0040003c   x8(s0/fp)=00000003
#31532  pc=00400040   x9(s1)=0000000d
#31533  pc=00400044   x2(sp)=7fefff60
#31534  pc=00400048
#31535  pc=00400054   x9(s1)=00000001
#31536  pc=00400058
#31537  pc=0040005c   x1(ra)=00400060
#31538  pc=00400014   x2(sp)=7fefff50
#31539  pc=00400018
#31540  pc=0040001c
#31541  pc=00400020
#31542  pc=00400024   x8(s0/fp)=00000001
#31543  pc=00400028
#31544  pc=0040002c
#31545  pc=00400030
#31546  pc=00400034
#31547  pc=00400038
#31548  pc=0040003c   x8(s0/fp)=00000003
#31549  pc=00400040
#31550  pc=00400044   x2(sp)=7fefff60
#31551  pc=00400048
#31552  pc=00400060   x8(s0/fp)=00000002
#31553  pc=00400064
#31554  pc=00400034   x10(a0)=00000002
#31555  pc=00400038   x1(ra)=00400054
#31556  pc=0040003c   x8(s0/fp)=00000004
#31557  pc=00400040   x9(s1)=0000000d
#31558  pc=00400044   x2(sp)=7fefff70
#31559  pc=00400048
#31560  pc=00400054   x9(s1)=00000002
#31561  pc=00400058
#31562  pc=0040005c   x1(ra)=00400060
#31563  pc=00400014   x2(sp)=7fefff60
#31564  pc=00400018
#31565  pc=0040001c
#31566  pc=00400020
#31567  pc=00400024   x8(s0/fp)=00000002
#31568  pc=00400028
#31569  pc=0040002c
#31570  pc=00400030
#31571  pc=0040004c   x10(a0)=00000001
#31572  pc=00400050   x1(ra)=00400054
#31573  pc=00400014   x2(sp)=7fefff50
#31574  pc=00400018
#31575  pc=0040001c
#31576  pc=00400020
#31577  pc=00400024   x8(s0/fp)=00000001
#31578  pc=00400028
#31579  pc=0040002c
#31580  pc=00400030
#31581  pc=00400034
#31582  pc=00400038
#31583  pc=0040003c   x8(s0/fp)=00000002
#31584  pc=00400040
#31585  pc=00400044   x2(sp)=7fefff60
#31586  pc=00400048
#31587  pc=00400054   x9(s1)=00000001
#31588  pc=00400058   x10(a0)=00000000
#31589  pc=0040005c   x1(ra)=00400060
#31590  pc=00400014   x2(sp)=7fefff50
#31591  pc=00400018
#31592  pc=0040001c
#31593  pc=00400020
#31594  pc=00400024   x8(s0/fp)=00000000
#31595  pc=00400028
#31596  pc=00400034
#31597  pc=00400038
#31598  pc=0040003c   x8(s0/fp)=00000002
#31599  pc=00400040
#31600  pc=00400044   x2(sp)=7fefff60
#31601  pc=00400048
#31602  pc=00400060   x8(s0/fp)=00000001
#31603  pc=00400064
#31604  pc=00400034   x10(a0)=00000001
#31605  pc=00400038
#31606  pc=0040003c   x8(s0/fp)=00000004
#31607  pc=00400040   x9(s1)=00000002
#31608  pc=00400044   x2(sp)=7fefff70
#31609  pc=00400048
#31610  pc=00400060   x8(s0/fp)=00000003
#31611  pc=00400064
#31612  pc=00400034   x10(a0)=00000003
#31613  pc=00400038   x1(ra)=00400054
#31614  pc=0040003c   x8(s0/fp)=00000005
#31615  pc=00400040   x9(s1)=0000000d
#31616  pc=00400044   x2(sp)=7fefff80
#31617  pc=00400048
#31618  pc=00400054   x9(s1)=00000003
#31619  pc=00400058
#31620  pc=0040005c   x1(ra)=00400060
#31621  pc=00400014   x2(sp)=7fefff70
#31622  pc=00400018
#31623  pc=0040001c
#31624  pc=00400020
#31625  pc=00400024   x8(s0/fp)=00000003
#31626  pc=00400028
#31627  pc=0040002c
#31628  pc=00400030
#31629  pc=0040004c   x10(a0)=00000002
#31630  pc=00400050   x1(ra)=00400054
#31631  pc=00400014   x2(sp)=7fefff60
#31632  pc=00400018
#31633  pc=0040001c
#31634  pc=00400020
#31635  pc=00400024   x8(s0/fp)=00000002
#31636  pc=00400028
#31637  pc=0040002c
#31638  pc=00400030
#31639  pc=0040004c   x10(a0)=00000001
#31640  pc=00400050
#31641  pc=00400014   x2(sp)=7fefff50
#31642  pc=00400018
#31643  pc=0040001c
#31644  pc=00400020
#31645  pc=00400024   x8(s0/fp)=00000001
#31646  pc=00400028
#31647  pc=0040002c
#31648  pc=00400030
#31649  pc=00400034
#31650  pc=00400038
#31651  pc=0040003c   x8(s0/fp)=00000002
#31652  pc=00400040
#31653  pc=00400044   x2(sp)=7fefff60
#31654  pc=00400048
#31655  pc=00400054   x9(s1)=00000001
#31656  pc=00400058   x10(a0)=00000000
#31657  pc=0040005c   x1(ra)=00400060
#31658  pc=00400014   x2(sp)=7fefff50
#31659  pc=00400018
#31660  pc=0040001c
#31661  pc=00400020
#31662  pc=00400024   x8(s0/fp)=00000000
#31663  pc=00400028
#31664  pc=00400034
#31665  pc=00400038
#31666  pc=0040003c   x8(s0/fp)=00000002
#31667  pc=00400040
#31668  pc=00400044   x2(sp)=7fefff60
#31669  pc=00400048
#31670  pc=00400060   x8(s0/fp)=00000001
#31671  pc=00400064
#31672  pc=00400034   x10(a0)=00000001
#31673  pc=00400038   x1(ra)=00400054
#31674  pc=0040003c   x8(s0/fp)=00000003
#31675  pc=00400040   x9(s1)=00000003
#31676  pc=00400044   x2(sp)=7fefff70
#31677  pc=00400048
#31678  pc=00400054   x9(s1)=00000001
#31679  pc=00400058
#31680  pc=0040005c   x1(ra)=00400060
#31681  pc=00400014   x2(sp)=7fefff60
#31682  pc=00400018
#31683  pc=0040001c
#31684  pc=00400020
#31685  pc=00400024   x8(s0/fp)=00000001
#31686  pc=00400028
#31687  pc=0040002c
#31688  pc=00400030
#31689  pc=00400034
#31690  pc=00400038
#31691  pc=0040003c   x8(s0/fp)=00000003
#31692  pc=00400040
#31693  pc=00400044   x2(sp)=7fefff70
#31694  pc=00400048
#31695  pc=00400060   x8(s0/fp)=00000002
#31696  pc=00400064
#31697  pc=00400034   x10(a0)=00000002
#31698  pc=00400038
#31699  pc=0040003c   x8(s0/fp)=00000005
#31700  pc=00400040   x9(s1)=00000003
#31701  pc=00400044   x2(sp)=7fefff80
#31702  pc=00400048
#31703  pc=00400060
#31704  pc=00400064
#31705  pc=00400034   x10(a0)=00000005
#31706  pc=00400038   x1(ra)=00400054
#31707  pc=0040003c   x8(s0/fp)=00000006
#31708  pc=00400040   x9(s1)=0000000d
#31709  pc=00400044   x2(sp)=7fefff90
#31710  pc=00400048
#31711  pc=00400054   x9(s1)=00000005
#31712  pc=00400058   x10(a0)=00000004
#31713  pc=0040005c   x1(ra)=00400060
#31714  pc=00400014   x2(sp)=7fefff80
#31715  pc=00400018
#31716  pc=0040001c
#31717  pc=00400020
#31718  pc=00400024   x8(s0/fp)=00000004
#31719  pc=00400028
#31720  pc=0040002c
#31721  pc=00400030
#31722  pc=0040004c   x10(a0)=00000003
#31723  pc=00400050   x1(ra)=00400054
#31724  pc=00400014   x2(sp)=7fefff70
#31725  pc=00400018
#31726  pc=0040001c
#31727  pc=00400020
#31728  pc=00400024   x8(s0/fp)=00000003
#31729  pc=00400028
#31730  pc=0040002c
#31731  pc=00400030
#31732  pc=0040004c   x10(a0)=00000002
#31733  pc=00400050
#31734  pc=00400014   x2(sp)=7fefff60
#31735  pc=00400018
#31736  pc=0040001c
#31737  pc=00400020
#31738  pc=00400024   x8(s0/fp)=00000002
#31739  pc=00400028
#31740  pc=0040002c
#31741  pc=00400030
#31742  pc=0040004c   x10(a0)=00000001
#31743  pc=00400050
#31744  pc=00400014   x2(sp)=7fefff50
#31745  pc=00400018
#31746  pc=0040001c
#31747  pc=00400020
#31748  pc=00400024   x8(s0/fp)=00000001
#31749  pc=00400028
#31750  pc=0040002c
#31751  pc=00400030
#31752  pc=00400034
#31753  pc=00400038
#31754  pc=0040003c   x8(s0/fp)=00000002
#31755  pc=00400040
#31756  pc=00400044   x2(sp)=7fefff60
#31757  pc=00400048
#31758  pc=00400054   x9(s1)=00000001
#31759  pc=00400058   x10(a0)=00000000
#31760  pc=0040005c   x1(ra)=00400060
#31761  pc=00400014   x2(sp)=7fefff50
#31762  pc=00400018
#31763  pc=0040001c
#31764  pc=00400020
#31765  pc=00400024   x8(s0/fp)=00000000
#31766  pc=00400028
#31767  pc=00400034
#31768  pc=00400038
#31769  pc=0040003c   x8(s0/fp)=00000002
#31770  pc=00400040
#31771  pc=00400044   x2(sp)=7fefff60
#31772  pc=00400048
#31773  pc=00400060   x8(s0/fp)=00000001
#31774  pc=00400064
#31775  pc=00400034   x10(a0)=00000001
#31776  pc=00400038   x1(ra)=00400054
#31777  pc=0040003c   x8(s0/fp)=00000003
#31778  pc=00400040   x9(s1)=00000005
#31779  pc=00400044   x2(sp)=7fefff70
#31780  pc=00400048
#31781  pc=00400054   x9(s1)=00000001
#31782  pc=00400058
#31783  pc=0040005c   x1(ra)=00400060
#31784  pc=00400014   x2(sp)=7fefff60
#31785  pc=00400018
#31786  pc=0040001c
#31787  pc=00400020
#31788  pc=00400024   x8(s0/fp)=00000001
#31789  pc=00400028
#31790  pc=0040002c
#31791  pc=00400030
#31792  pc=00400034
#31793  pc=00400038
#31794  pc=0040003c   x8(s0/fp)=00000003
#31795  pc=00400040
#31796  pc=00400044   x2(sp)=7fefff70
#31797  pc=00400048
#31798  pc=00400060   x8(s0/fp)=00000002
#31799  pc=00400064
#31800  pc=00400034   x10(a0)=00000002
#31801  pc=00400038   x1(ra)=00400054
#31802  pc=0040003c   x8(s0/fp)=00000004
#31803  pc=00400040   x9(s1)=00000005
#31804  pc=00400044   x2(sp)=7fefff80
#31805  pc=00400048
#31806  pc=00400054   x9(s1)=00000002
#31807  pc=00400058
#31808  pc=0040005c   x1(ra)=00400060
#31809  pc=00400014   x2(sp)=7fefff70
#31810  pc=00400018
#31811  pc=0040001c
#31812  pc=00400020
#31813  pc=00400024   x8(s0/fp)=00000002
#31814  pc=00400028
#31815  pc=0040002c
#31816  pc=00400030
#31817  pc=0040004c   x10(a0)=00000001
#31818  pc=00400050   x1(ra)=00400054
#31819  pc=00400014   x2(sp)=7fefff60
#31820  pc=00400018
#31821  pc=0040001c
#31822  pc=00400020
#31823  pc=00400024   x8(s0/fp)=00000001
#31824  pc=00400028
#31825  pc=0040002c
#31826  pc=00400030
#31827  pc=00400034
#31828  pc=00400038
#31829  pc=0040003c   x8(s0/fp)=00000002
#31830  pc=00400040
#31831  pc=00400044   x2(sp)=7fefff70
#31832  pc=00400048
#31833  pc=00400054   x9(s1)=00000001
#31834  pc=00400058   x10(a0)=00000000
#31835  pc=0040005c   x1(ra)=00400060
#31836  pc=00400014   x2(sp)=7fefff60
#31837  pc=00400018
#31838  pc=0040001c
#31839  pc=00400020
#31840  pc=00400024   x8(s0/fp)=00000000
#31841  pc=00400028
#31842  pc=00400034
#31843  pc=00400038
#31844  pc=0040003c   x8(s0/fp)=00000002
#31845  pc=00400040
#31846  pc=00400044   x2(sp)=7fefff70
#31847  pc=00400048
#31848  pc=00400060   x8(s0/fp)=00000001
#31849  pc=00400064
#31850  pc=00400034   x10(a0)=00000001
#31851  pc=00400038
#31852  pc=0040003c   x8(s0/fp)=00000004
#31853  pc=00400040   x9(s1)=00000002
#31854  pc=00400044   x2(sp)=7fefff80
#31855  pc=00400048
#31856  pc=00400060   x8(s0/fp)=00000003
#31857  pc=00400064
#31858  pc=00400034   x10(a0)=00000003
#31859  pc=00400038
#31860  pc=0040003c   x8(s0/fp)=00000006
#31861  pc=00400040   x9(s1)=00000005
#31862  pc=00400044   x2(sp)=7fefff90
#31863  pc=00400048
#31864  pc=00400060   x8(s0/fp)=00000008
#31865  pc=00400064
#31866  pc=00400034   x10(a0)=00000008
#31867  pc=00400038
#31868  pc=0040003c
#31869  pc=00400040   x9(s1)=0000000d
#31870  pc=00400044   x2(sp)=7fefffa0
#31871  pc=00400048
#31872  pc=00400060   x8(s0/fp)=00000015
#31873  pc=00400064
#31874  pc=00400034   x10(a0)=00000015
#31875  pc=00400038
#31876  pc=0040003c   x8(s0/fp)=0000000a
#31877  pc=00400040   x9(s1)=00000022
#31878  pc=00400044   x2(sp)=7fefffb0
#31879  pc=00400048
#31880  pc=00400060   x8(s0/fp)=00000037
#31881  pc=00400064
#31882  pc=00400034   x10(a0)=00000037
#31883  pc=00400038   x1(ra)=00400054
#31884  pc=0040003c   x8(s0/fp)=0000000b
#31885  pc=00400040   x9(s1)=00000090
#31886  pc=00400044   x2(sp)=7fefffc0
#31887  pc=00400048
#31888  pc=00400054   x9(s1)=00000037
#31889  pc=00400058   x10(a0)=00000009
#31890  pc=0040005c   x1(ra)=00400060
#31891  pc=00400014   x2(sp)=7fefffb0
#31892  pc=00400018
#31893  pc=0040001c
#31894  pc=00400020
#31895  pc=00400024   x8(s0/fp)=00000009
#31896  pc=00400028
#31897  pc=0040002c
#31898  pc=00400030
#31899  pc=0040004c   x10(a0)=00000008
#31900  pc=00400050   x1(ra)=00400054
#31901  pc=00400014   x2(sp)=7fefffa0
#31902  pc=00400018
#31903  pc=0040001c
#31904  pc=00400020
#31905  pc=00400024   x8(s0/fp)=00000008
#31906  pc=00400028
#31907  pc=0040002c
#31908  pc=00400030
#31909  pc=0040004c   x10(a0)=00000007
#31910  pc=00400050
#31911  pc=00400014   x2(sp)=7fefff90
#31912  pc=00400018
#31913  pc=0040001c
#31914  pc=00400020
#31915  pc=00400024   x8(s0/fp)=00000007
#31916  pc=00400028
#31917  pc=0040002c
#31918  pc=00400030
#31919  pc=0040004c   x10(a0)=00000006
#31920  pc=00400050
#31921  pc=00400014   x2(sp)=7fefff80
#31922  pc=00400018
#31923  pc=0040001c
#31924  pc=00400020
#31925  pc=00400024   x8(s0/fp)=00000006
#31926  pc=00400028
#31927  pc=0040002c
#31928  pc=00400030
#31929  pc=0040004c   x10(a0)=00000005
#31930  pc=00400050
#31931  pc=00400014   x2(sp)=7fefff70
#31932  pc=00400018
#31933  pc=0040001c
#31934  pc=00400020
#31935  pc=00400024   x8(s0/fp)=00000005
#31936  pc=00400028
#31937  pc=0040002c
#31938  pc=00400030
#31939  pc=0040004c   x10(a0)=00000004
#31940  pc=00400050
#31941  pc=00400014   x2(sp)=7fefff60
#31942  pc=00400018
#31943  pc=0040001c
#31944  pc=00400020
#31945  pc=00400024   x8(s0/fp)=00000004
#31946  pc=00400028
#31947  pc=0040002c
#31948  pc=00400030
#31949  pc=0040004c   x10(a0)=00000003
#31950  pc=00400050
#31951  pc=00400014   x2(sp)=7fefff50
#31952  pc=00400018
#31953  pc=0040001c
#31954  pc=00400020
#31955  pc=00400024   x8(s0/fp)=00000003
#31956  pc=00400028
#31957  pc=0040002c
#31958  pc=00400030
#31959  pc=0040004c   x10(a0)=00000002
#31960  pc=00400050
#31961  pc=00400014   x2(sp)=7fefff40
#31962  pc=00400018
#31963  pc=0040001c
#31964  pc=00400020
#31965  pc=00400024   x8(s0/fp)=00000002
#31966  pc=00400028
#31967  pc=0040002c
#31968  pc=00400030
#31969  pc=0040004c   x10(a0)=00000001
#31970  pc=00400050
#31971  pc=00400014   x2(sp)=7fefff30
#31972  pc=00400018
#31973  pc=0040001c
#31974  pc=00400020
#31975  pc=00400024   x8(s0/fp)=00000001
#31976  pc=00400028
#31977  pc=0040002c
#31978  pc=00400030
#31979  pc=00400034
#31980  pc=00400038
#31981  pc=0040003c   x8(s0/fp)=00000002
#31982  pc=00400040
#31983  pc=00400044   x2(sp)=7fefff40
#31984  pc=00400048
#31985  pc=00400054   x9(s1)=00000001
#31986  pc=00400058   x10(a0)=00000000
#31987  pc=0040005c   x1(ra)=00400060
#31988  pc=00400014   x2(sp)=7fefff30
#31989  pc=00400018
#31990  pc=0040001c
#31991  pc=00400020
#31992  pc=00400024   x8(s0/fp)=00000000
#31993  pc=00400028
#31994  pc=00400034
#31995  pc=00400038
#31996  pc=0040003c   x8(s0/fp)=00000002
#31997  pc=00400040
#31998  pc=00400044   x2(sp)=7fefff40
#31999  pc=00400048
#32000  pc=00400060   x8(s0/fp)=00000001
#32001  pc=00400064
#32002  pc=00400034   x10(a0)=00000001
#32003  pc=00400038   x1(ra)=00400054
#32004  pc=0040003c   x8(s0/fp)=00000003
#32005  pc=00400040   x9(s1)=00000037
#32006  pc=00400044   x2(sp)=7fefff50
#32007  pc=00400048
#32008  pc=00400054   x9(s1)=00000001
#32009  pc=00400058
#32010  pc=0040005c   x1(ra)=00400060
#32011  pc=00400014   x2(sp)=7fefff40
#32012  pc=00400018
#32013  pc=0040001c
#32014  pc=00400020
#32015  pc=00400024   x8(s0/fp)=00000001
#32016  pc=00400028
#32017  pc=0040002c
#32018  pc=00400030
#32019  pc=00400034
#32020  pc=00400038
#32021  pc=0040003c   x8(s0/fp)=00000003
#32022  pc=00400040
#32023  pc=00400044   x2(sp)=7fefff50
#32024  pc=00400048
#32025  pc=00400060   x8(s0/fp)=00000002
#32026  pc=00400064
#32027  pc=00400034   x10(a0)=00000002
#32028  pc=00400038   x1(ra)=00400054
#32029  pc=0040003c   x8(s0/fp)=00000004
#32030  pc=00400040   x9(s1)=00000037
#32031  pc=00400044   x2(sp)=7fefff60
#32032  pc=00400048
#32033  pc=00400054   x9(s1)=00000002
#32034  pc=00400058
#32035  pc=0040005c   x1(ra)=00400060
#32036  pc=00400014   x2(sp)=7fefff50
#32037  pc=00400018
#32038  pc=0040001c
#32039  pc=00400020
#32040  pc=00400024   x8(s0/fp)=00000002
#32041  pc=00400028
#32042  pc=0040002c
#32043  pc=00400030
#32044  pc=0040004c   x10(a0)=00000001
#32045  pc=00400050   x1(ra)=00400054
#32046  pc=00400014   x2(sp)=7fefff40
#32047  pc=00400018
#32048  pc=0040001c
#32049  pc=00400020
#32050  pc=00400024   x8(s0/fp)=00000001
#32051  pc=00400028
#32052  pc=0040002c
#32053  pc=00400030
#32054  pc=00400034
#32055  pc=00400038
#32056  pc=0040003c   x8(s0/fp)=00000002
#32057  pc=00400040
#32058  pc=00400044   x2(sp)=7fefff50
#32059  pc=00400048
#32060  pc=00400054   x9(s1)=00000001
#32061  pc=00400058   x10(a0)=00000000
#32062  pc=0040005c   x1(ra)=00400060
#32063  pc=00400014   x2(sp)=7fefff40
#32064  pc=00400018
#32065  pc=0040001c
#32066  pc=00400020
#32067  pc=00400024   x8(s0/fp)=00000000
#32068  pc=00400028
#32069  pc=00400034
#32070  pc=00400038
#32071  pc=0040003c   x8(s0/fp)=00000002
#32072  pc=00400040
#32073  pc=00400044   x2(sp)=7fefff50
#32074  pc=00400048
#32075  pc=00400060   x8(s0/fp)=00000001
#32076  pc=00400064
#32077  pc=00400034   x10(a0)=00000001
#32078  pc=00400038
#32079  pc=0040003c   x8(s0/fp)=00000004
#32080  pc=00400040   x9(s1)=00000002
#32081  pc=00400044   x2(sp)=7fefff60
#32082  pc=00400048
#32083  pc=00400060   x8(s0/fp)=00000003
#32084  pc=00400064
#32085  pc=00400034   x10(a0)=00000003
#32086  pc=00400038   x1(ra)=00400054
#32087  pc=0040003c   x8(s0/fp)=00000005
#32088  pc=00400040   x9(s1)=00000037
#32089  pc=00400044   x2(sp)=7fefff70
#32090  pc=00400048
#32091  pc=00400054   x9(s1)=00000003
#32092  pc=00400058
#32093  pc=0040005c   x1(ra)=00400060
#32094  pc=00400014   x2(sp)=7fefff60
#32095  pc=00400018
#32096  pc=0040001c
#32097  pc=00400020
#32098  pc=00400024   x8(s0/fp)=00000003
#32099  pc=00400028
#32100  pc=0040002c
#32101  pc=00400030
#32102  pc=0040004c   x10(a0)=00000002
#32103  pc=00400050   x1(ra)=00400054
#32104  pc=00400014   x2(sp)=7fefff50
#32105  pc=00400018
#32106  pc=0040001c
#32107  pc=00400020
#32108  pc=00400024   x8(s0/fp)=00000002
#32109  pc=00400028
#32110  pc=0040002c
#32111  pc=00400030
#32112  pc=0040004c   x10(a0)=00000001
#32113  pc=00400050
#32114  pc=00400014   x2(sp)=7fefff40
#32115  pc=00400018
#32116  pc=0040001c
#32117  pc=00400020
#32118  pc=00400024   x8(s0/fp)=00000001
#32119  pc=00400028
#32120  pc=0040002c
#32121  pc=00400030
#32122  pc=00400034
#32123  pc=00400038
#32124  pc=0040003c   x8(s0/fp)=00000002
#32125  pc=00400040
#32126  pc=00400044   x2(sp)=7fefff50
#32127  pc=00400048
#32128  pc=00400054   x9(s1)=00000001
#32129  pc=00400058   x10(a0)=00000000
#32130  pc=0040005c   x1(ra)=00400060
#32131  pc=00400014   x2(sp)=7fefff40
#32132  pc=00400018
#32133  pc=0040001c
#32134  pc=00400020
#32135  pc=00400024   x8(s0/fp)=00000000
#32136  pc=00400028
#32137  pc=00400034
#32138  pc=00400038
#32139  pc=0040003c   x8(s0/fp)=00000002
#32140  pc=00400040
#32141  pc=00400044   x2(sp)=7fefff50
#32142  pc=00400048
#32143  pc=00400060   x8(s0/fp)=00000001
#32144  pc=00400064
#32145  pc=00400034   x10(a0)=00000001
#32146  pc=00400038   x1(ra)=00400054
#32147  pc=0040003c   x8(s0/fp)=00000003
#32148  pc=00400040   x9(s1)=00000003
#32149  pc=00400044   x2(sp)=7fefff60
#32150  pc=00400048
#32151  pc=00400054   x9(s1)=00000001
#32152  pc=00400058
#32153  pc=0040005c   x1(ra)=00400060
#32154  pc=00400014   x2(sp)=7fefff50
#32155  pc=00400018
#32156  pc=0040001c
#32157  pc=00400020
#32158  pc=00400024   x8(s0/fp)=00000001
#32159  pc=00400028
#32160  pc=0040002c
#32161  pc=00400030
#32162  pc=00400034
#32163  pc=00400038
#32164  pc=0040003c   x8(s0/fp)=00000003
#32165  pc=00400040
#32166  pc=00400044   x2(sp)=7fefff60
#32167  pc=00400048
#32168  pc=00400060   x8(s0/fp)=00000002
#32169  pc=00400064
#32170  pc=00400034   x10(a0)=00000002
#32171  pc=00400038
#32172  pc=0040003c   x8(s0/fp)=00000005
#32173  pc=00400040   x9(s1)=00000003
#32174  pc=00400044   x2(sp)=7fefff70
#32175  pc=00400048
#32176  pc=00400060
#32177  pc=00400064
#32178  pc=00400034   x10(a0)=00000005
#32179  pc=00400038   x1(ra)=00400054
#32180  pc=0040003c   x8(s0/fp)=00000006
#32181  pc=00400040   x9(s1)=00000037
#32182  pc=00400044   x2(sp)=7fefff80
#32183  pc=00400048
#32184  pc=00400054   x9(s1)=00000005
#32185  pc=00400058   x10(a0)=00000004
#32186  pc=0040005c   x1(ra)=00400060
#32187  pc=00400014   x2(sp)=7fefff70
#32188  pc=00400018
#32189  pc=0040001c
#32190  pc=00400020
#32191  pc=00400024   x8(s0/fp)=00000004
#32192  pc=00400028
#32193  pc=0040002c
#32194  pc=00400030
#32195  pc=0040004c   x10(a0)=00000003
#32196  pc=00400050   x1(ra)=00400054
#32197  pc=00400014   x2(sp)=7fefff60
#32198  pc=00400018
#32199  pc=0040001c
#32200  pc=00400020
#32201  pc=00400024   x8(s0/fp)=00000003
#32202  pc=00400028
#32203  pc=0040002c
#32204  pc=00400030
#32205  pc=0040004c   x10(a0)=00000002
#32206  pc=00400050
#32207  pc=00400014   x2(sp)=7fefff50
#32208  pc=00400018
#32209  pc=0040001c
#32210  pc=00400020
#32211  pc=00400024   x8(s0/fp)=00000002
#32212  pc=00400028
#32213  pc=0040002c
#32214  pc=00400030
#32215  pc=0040004c   x10(a0)=00000001
#32216  pc=00400050
#32217  pc=00400014   x2(sp)=7fefff40
#32218  pc=00400018
#32219  pc=0040001c
#32220  pc=00400020
#32221  pc=00400024   x8(s0/fp)=00000001
#32222  pc=00400028
#32223  pc=0040002c
#32224  pc=00400030
#32225  pc=00400034
#32226  pc=00400038
#32227  pc=0040003c   x8(s0/fp)=00000002
#32228  pc=00400040
#32229  pc=00400044   x2(sp)=7fefff50
#32230  pc=00400048
#32231  pc=00400054   x9(s1)=00000001
#32232  pc=00400058   x10(a0)=00000000
#32233  pc=0040005c   x1(ra)=00400060
#32234  pc=00400014   x2(sp)=7fefff40
#32235  pc=00400018
#32236  pc=0040001c
#32237  pc=00400020
#32238  pc=00400024   x8(s0/fp)=00000000
#32239  pc=00400028
#32240  pc=00400034
#32241  pc=00400038
#32242  pc=0040003c   x8(s0/fp)=00000002
#32243  pc=00400040
#32244  pc=00400044   x2(sp)=7fefff50
#32245  pc=00400048
#32246  pc=00400060   x8(s0/fp)=00000001
#32247  pc=00400064
#32248  pc=00400034   x10(a0)=00000001
#32249  pc=00400038   x1(ra)=00400054
#32250  pc=0040003c   x8(s0/fp)=00000003
#32251  pc=00400040   x9(s1)=00000005
#32252  pc=00400044   x2(sp)=7fefff60
#32253  pc=00400048
#32254  pc=00400054   x9(s1)=00000001
#32255  pc=00400058
#32256  pc=0040005c   x1(ra)=00400060
#32257  pc=00400014   x2(sp)=7fefff50
#32258  pc=00400018
#32259  pc=0040001c
#32260  pc=00400020
#32261  pc=00400024   x8(s0/fp)=00000001
#32262  pc=00400028
#32263  pc=0040002c
#32264  pc=00400030
#32265  pc=00400034
#32266  pc=00400038
#32267  pc=0040003c   x8(s0/fp)=00000003
#32268  pc=00400040
#32269  pc=00400044   x2(sp)=7fefff60
#32270  pc=00400048
#32271  pc=00400060   x8(s0/fp)=00000002
#32272  pc=00400064
#32273  pc=00400034   x10(a0)=00000002
#32274  pc=00400038   x1(ra)=00400054
#32275  pc=0040003c   x8(s0/fp)=00000004
#32276  pc=00400040   x9(s1)=00000005
#32277  pc=00400044   x2(sp)=7fefff70
#32278  pc=00400048
#32279  pc=00400054   x9(s1)=00000002
#32280  pc=00400058
#32281  pc=0040005c   x1(ra)=00400060
#32282  pc=00400014   x2(sp)=7fefff60
#32283  pc=00400018
#32284  pc=0040001c
#32285  pc=00400020
#32286  pc=00400024   x8(s0/fp)=00000002
#32287  pc=00400028
#32288  pc=0040002c
#32289  pc=00400030
#32290  pc=0040004c   x10(a0)=00000001
#32291  pc=00400050   x1(ra)=00400054
#32292  pc=00400014   x2(sp)=7fefff50
#32293  pc=00400018
#32294  pc=0040001c
#32295  pc=00400020
#32296  pc=00400024   x8(s0/fp)=00000001
#32297  pc=00400028
#32298  pc=0040002c
#32299  pc=00400030
#32300  pc=00400034
#32301  pc=00400038
#32302  pc=0040003c   x8(s0/fp)=00000002
#32303  pc=00400040
#32304  pc=00400044   x2(sp)=7fefff60
#32305  pc=00400048
#32306  pc=00400054   x9(s1)=00000001
#32307  pc=00400058   x10(a0)=00000000
#32308  pc=0040005c   x1(ra)=00400060
#32309  pc=00400014   x2(sp)=7fefff50
#32310  pc=00400018
#32311  pc=0040001c
#32312  pc=00400020
#32313  pc=00400024   x8(s0/fp)=00000000
#32314  pc=00400028
#32315  pc=00400034
#32316  pc=00400038
#32317  pc=0040003c   x8(s0/fp)=00000002
#32318  pc=00400040
#32319  pc=00400044   x2(sp)=7fefff60
#32320  pc=00400048
#32321  pc=00400060   x8(s0/fp)=00000001
#32322  pc=00400064
#32323  pc=00400034   x10(a0)=00000001
#32324  pc=00400038
#32325  pc=0040003c   x8(s0/fp)=00000004
#32326  pc=00400040   x9(s1)=00000002
#32327  pc=00400044   x2(sp)=7fefff70
#32328  pc=00400048
#32329  pc=00400060   x8(s0/fp)=00000003
#32330  pc=00400064
#32331  pc=00400034   x10(a0)=00000003
#32332  pc=00400038
#32333  pc=0040003c   x8(s0/fp)=00000006
#32334  pc=00400040   x9(s1)=00000005
#32335  pc=00400044   x2(sp)=7fefff80
#32336  pc=00400048
#32337  pc=00400060   x8(s0/fp)=00000008
#32338  pc=00400064
#32339  pc=00400034   x10(a0)=00000008
#32340  pc=00400038   x1(ra)=00400054
#32341  pc=0040003c   x8(s0/fp)=00000007
#32342  pc=00400040   x9(s1)=00000037
#32343  pc=00400044   x2(sp)=7fefff90
#32344  pc=00400048
#32345  pc=00400054   x9(s1)=00000008
#32346  pc=00400058   x10(a0)=00000005
#32347  pc=0040005c   x1(ra)=00400060
#32348  pc=00400014   x2(sp)=7fefff80
#32349  pc=00400018
#32350  pc=0040001c
#32351  pc=00400020
#32352  pc=00400024   x8(s0/fp)=00000005
#32353  pc=00400028
#32354  pc=0040002c
#32355  pc=00400030
#32356  pc=0040004c   x10(a0)=00000004
#32357  pc=00400050   x1(ra)=00400054
#32358  pc=00400014   x2(sp)=7fefff70
#32359  pc=00400018
#32360  pc=0040001c
#32361  pc=00400020
#32362  pc=00400024   x8(s0/fp)=00000004
#32363  pc=00400028
#32364  pc=0040002c
#32365  pc=00400030
#32366  pc=0040004c   x10(a0)=00000003
#32367  pc=00400050
#32368  pc=00400014   x2(sp)=7fefff60
#32369  pc=00400018
#32370  pc=0040001c
#32371  pc=00400020
#32372  pc=00400024   x8(s0/fp)=00000003
#32373  pc=00400028
#32374  pc=0040002c
#32375  pc=00400030
#32376  pc=0040004c   x10(a0)=00000002
#32377  pc=00400050
#32378  pc=00400014   x2(sp)=7fefff50
#32379  pc=00400018
#32380  pc=0040001c
#32381  pc=00400020
#32382  pc=00400024   x8(s0/fp)=00000002
#32383  pc=00400028
#32384  pc=0040002c
#32385  pc=00400030
#32386  pc=0040004c   x10(a0)=00000001
#32387  pc=00400050
#32388  pc=00400014   x2(sp)=7fefff40
#32389  pc=00400018
#32390  pc=0040001c
#32391  pc=00400020
#32392  pc=00400024   x8(s0/fp)=00000001
#32393  pc=00400028
#32394  pc=0040002c
#32395  pc=00400030
#32396  pc=00400034
#32397  pc=00400038
#32398  pc=0040003c   x8(s0/fp)=00000002
#32399  pc=00400040
#32400  pc=00400044   x2(sp)=7fefff50
#32401  pc=00400048
#32402  pc=00400054   x9(s1)=00000001
#32403  pc=00400058   x10(a0)=00000000
#32404  pc=0040005c   x1(ra)=00400060
#32405  pc=00400014   x2(sp)=7fefff40
#32406  pc=00400018
#32407  pc=0040001c
#32408  pc=00400020
#32409  pc=00400024   x8(s0/fp)=00000000
#32410  pc=00400028
#32411  pc=00400034
#32412  pc=00400038
#32413  pc=0040003c   x8(s0/fp)=00000002
#32414  pc=00400040
#32415  pc=00400044   x2(sp)=7fefff50
#32416  pc=00400048
#32417  pc=00400060   x8(s0/fp)=00000001
#32418  pc=00400064
#32419  pc=00400034   x10(a0)=00000001
#32420  pc=00400038   x1(ra)=00400054
#32421  pc=0040003c   x8(s0/fp)=00000003
#32422  pc=00400040   x9(s1)=00000008
#32423  pc=00400044   x2(sp)=7fefff60
#32424  pc=00400048
#32425  pc=00400054   x9(s1)=00000001
#32426  pc=00400058
#32427  pc=0040005c   x1(ra)=00400060
#32428  pc=00400014   x2(sp)=7fefff50
#32429  pc=00400018
#32430  pc=0040001c
#32431  pc=00400020
#32432  pc=00400024   x8(s0/fp)=00000001
#32433  pc=00400028
#32434  pc=0040002c
#32435  pc=00400030
#32436  pc=00400034
#32437  pc=00400038
#32438  pc=0040003c   x8(s0/fp)=00000003
#32439  pc=00400040
#32440  pc=00400044   x2(sp)=7fefff60
#32441  pc=00400048
#32442  pc=00400060   x8(s0/fp)=00000002
#32443  pc=00400064
#32444  pc=00400034   x10(a0)=00000002
#32445  pc=00400038   x1(ra)=00400054
#32446  pc=0040003c   x8(s0/fp)=00000004
#32447  pc=00400040   x9(s1)=00000008
#32448  pc=00400044   x2(sp)=7fefff70
#32449  pc=00400048
#32450  pc=00400054   x9(s1)=00000002
#32451  pc=00400058
#32452  pc=0040005c   x1(ra)=00400060
#32453  pc=00400014   x2(sp)=7fefff60
#32454  pc=00400018
#32455  pc=0040001c
#32456  pc=00400020
#32457  pc=00400024   x8(s0/fp)=00000002
#32458  pc=00400028
#32459  pc=0040002c
#32460  pc=00400030
#32461  pc=0040004c   x10(a0)=00000001
#32462  pc=00400050   x1(ra)=00400054
#32463  pc=00400014   x2(sp)=7fefff50
#32464  pc=00400018
#32465  pc=0040001c
#32466  pc=00400020
#32467  pc=00400024   x8(s0/fp)=00000001
#32468  pc=00400028
#32469  pc=0040002c
#32470  pc=00400030
#32471  pc=00400034
#32472  pc=00400038
#32473  pc=0040003c   x8(s0/fp)=00000002
#32474  pc=00400040
#32475  pc=00400044   x2(sp)=7fefff60
#32476  pc=00400048
#32477  pc=00400054   x9(s1)=00000001
#32478  pc=00400058   x10(a0)=00000000
#32479  pc=0040005c   x1(ra)=00400060
#32480  pc=00400014   x2(sp)=7fefff50
#32481  pc=00400018
#32482  pc=0040001c
#32483  pc=00400020
#32484  pc=00400024   x8(s0/fp)=00000000
#32485  pc=00400028
#32486  pc=00400034
#32487  pc=00400038
#32488  pc=0040003c   x8(s0/fp)=00000002
#32489  pc=00400040
#32490  pc=00400044   x2(sp)=7fefff60
#32491  pc=00400048
#32492  pc=00400060   x8(s0/fp)=00000001
#32493  pc=00400064
#32494  pc=00400034   x10(a0)=00000001
#32495  pc=00400038
#32496  pc=0040003c   x8(s0/fp)=00000004
#32497  pc=00400040   x9(s1)=00000002
#32498  pc=00400044   x2(sp)=7fefff70
#32499  pc=00400048
#32500  pc=00400060   x8(s0/fp)=00000003
#32501  pc=00400064
#32502  pc=00400034   x10(a0)=00000003
#32503  pc=00400038   x1(ra)=00400054
#32504  pc=0040003c   x8(s0/fp)=00000005
#32505  pc=00400040   x9(s1)=00000008
#32506  pc=00400044   x2(sp)=7fefff80
#32507  pc=00400048
#32508  pc=00400054   x9(s1)=00000003
#32509  pc=00400058
#32510  pc=0040005c   x1(ra)=00400060
#32511  pc=00400014   x2(sp)=7fefff70
#32512  pc=00400018
#32513  pc=0040001c
#32514  pc=00400020
#32515  pc=00400024   x8(s0/fp)=00000003
#32516  pc=00400028
#32517  pc=0040002c
#32518  pc=00400030
#32519  pc=0040004c   x10(a0)=00000002
#32520  pc=00400050   x1(ra)=00400054
#32521  pc=00400014   x2(sp)=7fefff60
#32522  pc=00400018
#32523  pc=0040001c
#32524  pc=00400020
#32525  pc=00400024   x8(s0/fp)=00000002
#32526  pc=00400028
#32527  pc=0040002c
#32528  pc=00400030
#32529  pc=0040004c   x10(a0)=00000001
#32530  pc=00400050
#32531  pc=00400014   x2(sp)=7fefff50
#32532  pc=00400018
#32533  pc=0040001c
#32534  pc=00400020
#32535  pc=00400024   x8(s0/fp)=00000001
#32536  pc=00400028
#32537  pc=0040002c
#32538  pc=00400030
#32539  pc=00400034
#32540  pc=00400038
#32541  pc=0040003c   x8(s0/fp)=00000002
#32542  pc=00400040
#32543  pc=00400044   x2(sp)=7fefff60
#32544  pc=00400048
#32545  pc=00400054   x9(s1)=00000001
#32546  pc=00400058   x10(a0)=00000000
#32547  pc=0040005c   x1(ra)=00400060
#32548  pc=00400014   x2(sp)=7fefff50
#32549  pc=00400018
#32550  pc=0040001c
#32551  pc=00400020
#32552  pc=00400024   x8(s0/fp)=00000000
#32553  pc=00400028
#32554  pc=00400034
#32555  pc=00400038
#32556  pc=0040003c   x8(s0/fp)=00000002
#32557  pc=00400040
#32558  pc=00400044   x2(sp)=7fefff60
#32559  pc=00400048
#32560  pc=00400060   x8(s0/fp)=00000001
#32561  pc=00400064
#32562  pc=00400034   x10(a0)=00000001
#32563  pc=00400038   x1(ra)=00400054
#32564  pc=0040003c   x8(s0/fp)=00000003
#32565  pc=00400040   x9(s1)=00000003
#32566  pc=00400044   x2(sp)=7fefff70
#32567  pc=00400048
#32568  pc=00400054   x9(s1)=00000001
#32569  pc=00400058
#32570  pc=0040005c   x1(ra)=00400060
#32571  pc=00400014   x2(sp)=7fefff60
#32572  pc=00400018
#32573  pc=0040001c
#32574  pc=00400020
#32575  pc=00400024   x8(s0/fp)=00000001
#32576  pc=00400028
#32577  pc=0040002c
#32578  pc=00400030
#32579  pc=00400034
#32580  pc=00400038
#32581  pc=0040003c   x8(s0/fp)=00000003
#32582  pc=00400040
#32583  pc=00400044   x2(sp)=7fefff70
#32584  pc=00400048
#32585  pc=00400060   x8(s0/fp)=00000002
#32586  pc=00400064
#32587  pc=00400034   x10(a0)=00000002
#32588  pc=00400038
#32589  pc=0040003c   x8(s0/fp)=00000005
#32590  pc=00400040   x9(s1)=00000003
#32591  pc=00400044   x2(sp)=7fefff80
#32592  pc=00400048
#32593  pc=00400060
#32594  pc=00400064
#32595  pc=00400034   x10(a0)=00000005
#32596  pc=00400038
#32597  pc=0040003c   x8(s0/fp)=00000007
#32598  pc=00400040   x9(s1)=00000008
#32599  pc=00400044   x2(sp)=7fefff90
#32600  pc=00400048
#32601  pc=00400060   x8(s0/fp)=0000000d
#32602  pc=00400064
#32603  pc=00400034   x10(a0)=0000000d
#32604  pc=00400038   x1(ra)=00400054
#32605  pc=0040003c   x8(s0/fp)=00000008
#32606  pc=00400040   x9(s1)=00000037
#32607  pc=00400044   x2(sp)=7fefffa0
#32608  pc=00400048
#32609  pc=00400054   x9(s1)=0000000d
#32610  pc=00400058   x10(a0)=00000006
#32611  pc=0040005c   x1(ra)=00400060
#32612  pc=00400014   x2(sp)=7fefff90
#32613  pc=00400018
#32614  pc=0040001c
#32615  pc=00400020
#32616  pc=00400024   x8(s0/fp)=00000006
#32617  pc=00400028
#32618  pc=0040002c
#32619  pc=00400030
#32620  pc=0040004c   x10(a0)=00000005
#32621  pc=00400050   x1(ra)=00400054
#32622  pc=00400014   x2(sp)=7fefff80
#32623  pc=00400018
#32624  pc=0040001c
#32625  pc=00400020
#32626  pc=00400024   x8(s0/fp)=00000005
#32627  pc=00400028
#32628  pc=0040002c
#32629  pc=00400030
#32630  pc=0040004c   x10(a0)=00000004
#32631  pc=00400050
#32632  pc=00400014   x2(sp)=7fefff70
#32633  pc=00400018
#32634  pc=0040001c
#32635  pc=00400020
#32636  pc=00400024   x8(s0/fp)=00000004
#32637  pc=00400028
#32638  pc=0040002c
#32639  pc=00400030
#32640  pc=0040004c   x10(a0)=00000003
#32641  pc=00400050
#32642  pc=00400014   x2(sp)=7fefff60
#32643  pc=00400018
#32644  pc=0040001c
#32645  pc=00400020
#32646  pc=00400024   x8(s0/fp)=00000003
#32647  pc=00400028
#32648  pc=0040002c
#32649  pc=00400030
#32650  pc=0040004c   x10(a0)=00000002
#32651  pc=00400050
#32652  pc=00400014   x2(sp)=7fefff50
#32653  pc=00400018
#32654  pc=0040001c
#32655  pc=00400020
#32656  pc=00400024   x8(s0/fp)=00000002
#32657  pc=00400028
#32658  pc=0040002c
#32659  pc=00400030
#32660  pc=0040004c   x10(a0)=00000001
#32661  pc=00400050
#32662  pc=00400014   x2(sp)=7fefff40
#32663  pc=00400018
#32664  pc=0040001c
#32665  pc=00400020
#32666  pc=00400024   x8(s0/fp)=00000001
#32667  pc=00400028
#32668  pc=0040002c
#32669  pc=00400030
#32670  pc=00400034
#32671  pc=00400038
#32672  pc=0040003c   x8(s0/fp)=00000002
#32673  pc=00400040
#32674  pc=00400044   x2(sp)=7fefff50
#32675  pc=00400048
#32676  pc=00400054   x9(s1)=00000001
#32677  pc=00400058   x10(a0)=00000000
#32678  pc=0040005c   x1(ra)=00400060
#32679  pc=00400014   x2(sp)=7fefff40
#32680  pc=00400018
#32681  pc=0040001c
#32682  pc=00400020
#32683  pc=00400024   x8(s0/fp)=00000000
#32684  pc=00400028
#32685  pc=00400034
#32686  pc=00400038
#32687  pc=0040003c   x8(s0/fp)=00000002
#32688  pc=00400040
#32689  pc=00400044   x2(sp)=7fefff50
#32690  pc=00400048
#32691  pc=00400060   x8(s0/fp)=00000001
#32692  pc=00400064
#32693  pc=00400034   x10(a0)=00000001
#32694  pc=00400038   x1(ra)=00400054
#32695  pc=0040003c   x8(s0/fp)=00000003
#32696  pc=00400040   x9(s1)=0000000d
#32697  pc=00400044   x2(sp)=7fefff60
#32698  pc=00400048
#32699  pc=00400054   x9(s1)=00000001
#32700  pc=00400058
#32701  pc=0040005c   x1(ra)=00400060
#32702  pc=00400014   x2(sp)=7fefff50
#32703  pc=00400018
#32704  pc=0040001c
#32705  pc=00400020
#32706  pc=00400024   x8(s0/fp)=00000001
#32707  pc=00400028
#32708  pc=0040002c
#32709  pc=00400030
#32710  pc=00400034
#32711  pc=00400038
#32712  pc=0040003c   x8(s0/fp)=00000003
#32713  pc=00400040
#32714  pc=00400044   x2(sp)=7fefff60
#32715  pc=00400048
#32716  pc=00400060   x8(s0/fp)=00000002
#32717  pc=00400064
#32718  pc=00400034   x10(a0)=00000002
#32719  pc=00400038   x1(ra)=00400054
#32720  pc=0040003c   x8(s0/fp)=00000004
#32721  pc=00400040   x9(s1)=0000000d
#32722  pc=00400044   x2(sp)=7fefff70
#32723  pc=00400048
#32724  pc=00400054   x9(s1)=00000002
#32725  pc=00400058
#32726  pc=0040005c   x1(ra)=00400060
#32727  pc=00400014   x2(sp)=7fefff60
#32728  pc=00400018
#32729  pc=0040001c
#32730  pc=00400020
#32731  pc=00400024   x8(s0/fp)=00000002
#32732  pc=00400028
#32733  pc=0040002c
#32734  pc=00400030
#32735  pc=0040004c   x10(a0)=00000001
#32736  pc=00400050   x1(ra)=00400054
#32737  pc=00400014   x2(sp)=7fefff50
#32738  pc=00400018
#32739  pc=0040001c
#32740  pc=00400020
#32741  pc=00400024   x8(s0/fp)=00000001
#32742  pc=00400028
#32743  pc=0040002c
#32744  pc=00400030
#32745  pc=00400034
#32746  pc=00400038
#32747  pc=0040003c   x8(s0/fp)=00000002
#32748  pc=00400040
#32749  pc=00400044   x2(sp)=7fefff60
#32750  pc=00400048
#32751  pc=00400054   x9(s1)=00000001
#32752  pc=00400058   x10(a0)=00000000
#32753  pc=0040005c   x1(ra)=00400060
#32754  pc=00400014   x2(sp)=7fefff50
#32755  pc=00400018
#32756  pc=0040001c
#32757  pc=00400020
#32758  pc=00400024   x8(s0/fp)=00000000
#32759  pc=00400028
#32760  pc=00400034
#32761  pc=00400038
#32762  pc=0040003c   x8(s0/fp)=00000002
#32763  pc=00400040
#32764  pc=00400044   x2(sp)=7fefff60
#32765  pc=00400048
#32766  pc=00400060   x8(s0/fp)=00000001
#32767  pc=00400064
#32768  pc=00400034   x10(a0)=00000001
#32769  pc=00400038
#32770  pc=0040003c   x8(s0/fp)=00000004
#32771  pc=00400040   x9(s1)=00000002
#32772  pc=00400044   x2(sp)=7fefff70
#32773  pc=00400048
#32774  pc=00400060   x8(s0/fp)=00000003
#32775  pc=00400064
#32776  pc=00400034   x10(a0)=00000003
#32777  pc=00400038   x1(ra)=00400054
#32778  pc=0040003c   x8(s0/fp)=00000005
#32779  pc=00400040   x9(s1)=0000000d
#32780  pc=00400044   x2(sp)=7fefff80
#32781  pc=00400048
#32782  pc=00400054   x9(s1)=00000003
#32783  pc=00400058
#32784  pc=0040005c   x1(ra)=00400060
#32785  pc=00400014   x2(sp)=7fefff70
#32786  pc=00400018
#32787  pc=0040001c
#32788  pc=00400020
#32789  pc=00400024   x8(s0/fp)=00000003
#32790  pc=00400028
#32791  pc=0040002c
#32792  pc=00400030
#32793  pc=0040004c   x10(a0)=00000002
#32794  pc=00400050   x1(ra)=00400054
#32795  pc=00400014   x2(sp)=7fefff60
#32796  pc=00400018
#32797  pc=0040001c
#32798  pc=00400020
#32799  pc=00400024   x8(s0/fp)=00000002
#32800  pc=00400028
#32801  pc=0040002c
#32802  pc=00400030
#32803  pc=0040004c   x10(a0)=00000001
#32804  pc=00400050
#32805  pc=00400014   x2(sp)=7fefff50
#32806  pc=00400018
#32807  pc=0040001c
#32808  pc=00400020
#32809  pc=00400024   x8(s0/fp)=00000001
#32810  pc=00400028
#32811  pc=0040002c
#32812  pc=00400030
#32813  pc=00400034
#32814  pc=00400038
#32815  pc=0040003c   x8(s0/fp)=00000002
#32816  pc=00400040
#32817  pc=00400044   x2(sp)=7fefff60
#32818  pc=00400048
#32819  pc=00400054   x9(s1)=00000001
#32820  pc=00400058   x10(a0)=00000000
#32821  pc=0040005c   x1(ra)=00400060
#32822  pc=00400014   x2(sp)=7fefff50
#32823  pc=00400018
#32824  pc=0040001c
#32825  pc=00400020
#32826  pc=00400024   x8(s0/fp)=00000000
#32827  pc=00400028
#32828  pc=00400034
#32829  pc=00400038
#32830  pc=0040003c   x8(s0/fp)=00000002
#32831  pc=00400040
#32832  pc=00400044   x2(sp)=7fefff60
#32833  pc=00400048
#32834  pc=00400060   x8(s0/fp)=00000001
#32835  pc=00400064
#32836  pc=00400034   x10(a0)=00000001
#32837  pc=00400038   x1(ra)=00400054
#32838  pc=0040003c   x8(s0/fp)=00000003
#32839  pc=00400040   x9(s1)=00000003
#32840  pc=00400044   x2(sp)=7fefff70
#32841  pc=00400048
#32842  pc=00400054   x9(s1)=00000001
#32843  pc=00400058
#32844  pc=0040005c   x1(ra)=00400060
#32845  pc=00400014   x2(sp)=7fefff60
#32846  pc=00400018
#32847  pc=0040001c
#32848  pc=00400020
#32849  pc=00400024   x8(s0/fp)=00000001
#32850  pc=00400028
#32851  pc=0040002c
#32852  pc=00400030
#32853  pc=00400034
#32854  pc=00400038
#32855  pc=0040003c   x8(s0/fp)=00000003
#32856  pc=00400040
#32857  pc=00400044   x2(sp)=7fefff70
#32858  pc=00400048
#32859  pc=00400060   x8(s0/fp)=00000002
#32860  pc=00400064
#32861  pc=00400034   x10(a0)=00000002
#32862  pc=00400038
#32863  pc=0040003c   x8(s0/fp)=00000005
#32864  pc=00400040   x9(s1)=00000003
#32865  pc=00400044   x2(sp)=7fefff80
#32866  pc=00400048
#32867  pc=00400060
#32868  pc=00400064
#32869  pc=00400034   x10(a0)=00000005
#32870  pc=00400038   x1(ra)=00400054
#32871  pc=0040003c   x8(s0/fp)=00000006
#32872  pc=00400040   x9(s1)=0000000d
#32873  pc=00400044   x2(sp)=7fefff90
#32874  pc=00400048
#32875  pc=00400054   x9(s1)=00000005
#32876  pc=00400058   x10(a0)=00000004
#32877  pc=0040005c   x1(ra)=00400060
#32878  pc=00400014   x2(sp)=7fefff80
#32879  pc=00400018
#32880  pc=0040001c
#32881  pc=00400020
#32882  pc=00400024   x8(s0/fp)=00000004
#32883  pc=00400028
#32884  pc=0040002c
#32885  pc=00400030
#32886  pc=0040004c   x10(a0)=00000003
#32887  pc=00400050   x1(ra)=00400054
#32888  pc=00400014   x2(sp)=7fefff70
#32889  pc=00400018
#32890  pc=0040001c
#32891  pc=00400020
#32892  pc=00400024   x8(s0/fp)=00000003
#32893  pc=00400028
#32894  pc=0040002c
#32895  pc=00400030
#32896  pc=0040004c   x10(a0)=00000002
#32897  pc=00400050
#32898  pc=00400014   x2(sp)=7fefff60
#32899  pc=00400018
#32900  pc=0040001c
#32901  pc=00400020
#32902  pc=00400024   x8(s0/fp)=00000002
#32903  pc=00400028
#32904  pc=0040002c
#32905  pc=00400030
#32906  pc=0040004c   x10(a0)=00000001
#32907  pc=00400050
#32908  pc=00400014   x2(sp)=7fefff50
#32909  pc=00400018
#32910  pc=0040001c
#32911  pc=00400020
#32912  pc=00400024   x8(s0/fp)=00000001
#32913  pc=00400028
#32914  pc=0040002c
#32915  pc=00400030
#32916  pc=00400034
#32917  pc=00400038
#32918  pc=0040003c   x8(s0/fp)=00000002
#32919  pc=00400040
#32920  pc=00400044   x2(sp)=7fefff60
#32921  pc=00400048
#32922  pc=00400054   x9(s1)=00000001
#32923  pc=00400058   x10(a0)=00000000
#32924  pc=0040005c   x1(ra)=00400060
#32925  pc=00400014   x2(sp)=7fefff50
#32926  pc=00400018
#32927  pc=0040001c
#32928  pc=00400020
#32929  pc=00400024   x8(s0/fp)=00000000
#32930  pc=00400028
#32931  pc=00400034
#32932  pc=00400038
#32933  pc=0040003c   x8(s0/fp)=00000002
#32934  pc=00400040
#32935  pc=00400044   x2(sp)=7fefff60
#32936  pc=00400048
#32937  pc=00400060   x8(s0/fp)=00000001
#32938  pc=00400064
#32939  pc=00400034   x10(a0)=00000001
#32940  pc=00400038   x1(ra)=00400054
#32941  pc=0040003c   x8(s0/fp)=00000003
#32942  pc=00400040   x9(s1)=00000005
#32943  pc=00400044   x2(sp)=7fefff70
#32944  pc=00400048
#32945  pc=00400054   x9(s1)=00000001
#32946  pc=00400058
#32947  pc=0040005c   x1(ra)=00400060
#32948  pc=00400014   x2(sp)=7fefff60
#32949  pc=00400018
#32950  pc=0040001c
#32951  pc=00400020
#32952  pc=00400024   x8(s0/fp)=00000001
#32953  pc=00400028
#32954  pc=0040002c
#32955  pc=00400030
#32956  pc=00400034
#32957  pc=00400038
#32958  pc=0040003c   x8(s0/fp)=00000003
#32959  pc=00400040
#32960  pc=00400044   x2(sp)=7fefff70
#32961  pc=00400048
#32962  pc=00400060   x8(s0/fp)=00000002
#32963  pc=00400064
#32964  pc=00400034   x10(a0)=00000002
#32965  pc=00400038   x1(ra)=00400054
#32966  pc=0040003c   x8(s0/fp)=00000004
#32967  pc=00400040   x9(s1)=00000005
#32968  pc=00400044   x2(sp)=7fefff80
#32969  pc=00400048
#32970  pc=00400054   x9(s1)=00000002
#32971  pc=00400058
#32972  pc=0040005c   x1(ra)=00400060
#32973  pc=00400014   x2(sp)=7fefff70
#32974  pc=00400018
#32975  pc=0040001c
#32976  pc=00400020
#32977  pc=00400024   x8(s0/fp)=00000002
#32978  pc=00400028
#32979  pc=0040002c
#32980  pc=00400030
#32981  pc=0040004c   x10(a0)=00000001
#32982  pc=00400050   x1(ra)=00400054
#32983  pc=00400014   x2(sp)=7fefff60
#32984  pc=00400018
#32985  pc=0040001c
#32986  pc=00400020
#32987  pc=00400024   x8(s0/fp)=00000001
#32988  pc=00400028
#32989  pc=0040002c
#32990  pc=00400030
#32991  pc=00400034
#32992  pc=00400038
#32993  pc=0040003c   x8(s0/fp)=00000002
#32994  pc=00400040
#32995  pc=00400044   x2(sp)=7fefff70
#32996  pc=00400048
#32997  pc=00400054   x9(s1)=00000001
#32998  pc=00400058   x10(a0)=00000000
#32999  pc=0040005c   x1(ra)=00400060
#33000  pc=00400014   x2(sp)=7fefff60
#33001  pc=00400018
#33002  pc=0040001c
#33003  pc=00400020
#33004  pc=00400024   x8(s0/fp)=00000000
#33005  pc=00400028
#33006  pc=00400034
#33007  pc=00400038
#33008  pc=0040003c   x8(s0/fp)=00000002
#33009  pc=00400040
#33010  pc=00400044   x2(sp)=7fefff70
#33011  pc=00400048
#33012  pc=00400060   x8(s0/fp)=00000001
#33013  pc=00400064
#33014  pc=00400034   x10(a0)=00000001
#33015  pc=00400038
#33016  pc=0040003c   x8(s0/fp)=00000004
#33017  pc=00400040   x9(s1)=00000002
#33018  pc=00400044   x2(sp)=7fefff80
#33019  pc=00400048
#33020  pc=00400060   x8(s0/fp)=00000003
#33021  pc=00400064
#33022  pc=00400034   x10(a0)=00000003
#33023  pc=00400038
#33024  pc=0040003c   x8(s0/fp)=00000006
#33025  pc=00400040   x9(s1)=00000005
#33026  pc=00400044   x2(sp)=7fefff90
#33027  pc=00400048
#33028  pc=00400060   x8(s0/fp)=00000008
#33029  pc=00400064
#33030  pc=00400034   x10(a0)=00000008
#33031  pc=00400038
#33032  pc=0040003c
#33033  pc=00400040   x9(s1)=0000000d
#33034  pc=00400044   x2(sp)=7fefffa0
#33035  pc=00400048
#33036  pc=00400060   x8(s0/fp)=00000015
#33037  pc=00400064
#33038  pc=00400034   x10(a0)=00000015
#33039  pc=00400038   x1(ra)=00400054
#33040  pc=0040003c   x8(s0/fp)=00000009
#33041  pc=00400040   x9(s1)=00000037
#33042  pc=00400044   x2(sp)=7fefffb0
#33043  pc=00400048
#33044  pc=00400054   x9(s1)=00000015
#33045  pc=00400058   x10(a0)=00000007
#33046  pc=0040005c   x1(ra)=00400060
#33047  pc=00400014   x2(sp)=7fefffa0
#33048  pc=00400018
#33049  pc=0040001c
#33050  pc=00400020
#33051  pc=00400024   x8(s0/fp)=00000007
#33052  pc=00400028
#33053  pc=0040002c
#33054  pc=00400030
#33055  pc=0040004c   x10(a0)=00000006
#33056  pc=00400050   x1(ra)=00400054
#33057  pc=00400014   x2(sp)=7fefff90
#33058  pc=00400018
#33059  pc=0040001c
#33060  pc=00400020
#33061  pc=00400024   x8(s0/fp)=00000006
#33062  pc=00400028
#33063  pc=0040002c
#33064  pc=00400030
#33065  pc=0040004c   x10(a0)=00000005
#33066  pc=00400050
#33067  pc=00400014   x2(sp)=7fefff80
#33068  pc=00400018
#33069  pc=0040001c
#33070  pc=00400020
#33071  pc=00400024   x8(s0/fp)=00000005
#33072  pc=00400028
#33073  pc=0040002c
#33074  pc=00400030
#33075  pc=0040004c   x10(a0)=00000004
#33076  pc=00400050
#33077  pc=00400014   x2(sp)=7fefff70
#33078  pc=00400018
#33079  pc=0040001c
#33080  pc=00400020
#33081  pc=00400024   x8(s0/fp)=00000004
#33082  pc=00400028
#33083  pc=0040002c
#33084  pc=00400030
#33085  pc=0040004c   x10(a0)=00000003
#33086  pc=00400050
#33087  pc=00400014   x2(sp)=7fefff60
#33088  pc=00400018
#33089  pc=0040001c
#33090  pc=00400020
#33091  pc=00400024   x8(s0/fp)=00000003
#33092  pc=00400028
#33093  pc=0040002c
#33094  pc=00400030
#33095  pc=0040004c   x10(a0)=00000002
#33096  pc=00400050
#33097  pc=00400014   x2(sp)=7fefff50
#33098  pc=00400018
#33099  pc=0040001c
#33100  pc=00400020
#33101  pc=00400024   x8(s0/fp)=00000002
#33102  pc=00400028
#33103  pc=0040002c
#33104  pc=00400030
#33105  pc=0040004c   x10(a0)=00000001
#33106  pc=00400050
#33107  pc=00400014   x2(sp)=7fefff40
#33108  pc=00400018
#33109  pc=0040001c
#33110  pc=00400020
#33111  pc=00400024   x8(s0/fp)=00000001
#33112  pc=00400028
#33113  pc=0040002c
#33114  pc=00400030
#33115  pc=00400034
#33116  pc=00400038
#33117  pc=0040003c   x8(s0/fp)=00000002
#33118  pc=00400040
#33119  pc=00400044   x2(sp)=7fefff50
#33120  pc=00400048
#33121  pc=00400054   x9(s1)=00000001
#33122  pc=00400058   x10(a0)=00000000
#33123  pc=0040005c   x1(ra)=00400060
#33124  pc=00400014   x2(sp)=7fefff40
#33125  pc=00400018
#33126  pc=0040001c
#33127  pc=00400020
#33128  pc=00400024   x8(s0/fp)=00000000
#33129  pc=00400028
#33130  pc=00400034
#33131  pc=00400038
#33132  pc=0040003c   x8(s0/fp)=00000002
#33133  pc=00400040
#33134  pc=00400044   x2(sp)=7fefff50
#33135  pc=00400048
#33136  pc=00400060   x8(s0/fp)=00000001
#33137  pc=00400064
#33138  pc=00400034   x10(a0)=00000001
#33139  pc=00400038   x1(ra)=00400054
#33140  pc=0040003c   x8(s0/fp)=00000003
#33141  pc=00400040   x9(s1)=00000015
#33142  pc=00400044   x2(sp)=7fefff60
#33143  pc=00400048
#33144  pc=00400054   x9(s1)=00000001
#33145  pc=00400058
#33146  pc=0040005c   x1(ra)=00400060
#33147  pc=00400014   x2(sp)=7fefff50
#33148  pc=00400018
#33149  pc=0040001c
#33150  pc=00400020
#33151  pc=00400024   x8(s0/fp)=00000001
#33152  pc=00400028
#33153  pc=0040002c
#33154  pc=00400030
#33155  pc=00400034
#33156  pc=00400038
#33157  pc=0040003c   x8(s0/fp)=00000003
#33158  pc=00400040
#33159  pc=00400044   x2(sp)=7fefff60
#33160  pc=00400048
#33161  pc=00400060   x8(s0/fp)=00000002
#33162  pc=00400064
#33163  pc=00400034   x10(a0)=00000002
#33164  pc=00400038   x1(ra)=00400054
#33165  pc=0040003c   x8(s0/fp)=00000004
#33166  pc=00400040   x9(s1)=00000015
#33167  pc=00400044   x2(sp)=7fefff70
#33168  pc=00400048
#33169  pc=00400054   x9(s1)=00000002
#33170  pc=00400058
#33171  pc=0040005c   x1(ra)=00400060
#33172  pc=00400014   x2(sp)=7fefff60
#33173  pc=00400018
#33174  pc=0040001c
#33175  pc=00400020
#33176  pc=00400024   x8(s0/fp)=00000002
#33177  pc=00400028
#33178  pc=0040002c
#33179  pc=00400030
#33180  pc=0040004c   x10(a0)=00000001
#33181  pc=00400050   x1(ra)=00400054
#33182  pc=00400014   x2(sp)=7fefff50
#33183  pc=00400018
#33184  pc=0040001c
#33185  pc=00400020
#33186  pc=00400024   x8(s0/fp)=00000001
#33187  pc=00400028
#33188  pc=0040002c
#33189  pc=00400030
#33190  pc=00400034
#33191  pc=00400038
#33192  pc=0040003c   x8(s0/fp)=00000002
#33193  pc=00400040
#33194  pc=00400044   x2(sp)=7fefff60
#33195  pc=00400048
#33196  pc=00400054   x9(s1)=00000001
#33197  pc=00400058   x10(a0)=00000000
#33198  pc=0040005c   x1(ra)=00400060
#33199  pc=00400014   x2(sp)=7fefff50
#33200  pc=00400018
#33201  pc=0040001c
#33202  pc=00400020
#33203  pc=00400024   x8(s0/fp)=00000000
#33204  pc=00400028
#33205  pc=00400034
#33206  pc=00400038
#33207  pc=0040003c   x8(s0/fp)=00000002
#33208  pc=00400040
#33209  pc=00400044   x2(sp)=7fefff60
#33210  pc=00400048
#33211  pc=00400060   x8(s0/fp)=00000001
#33212  pc=00400064
#33213  pc=00400034   x10(a0)=00000001
#33214  pc=00400038
#33215  pc=0040003c   x8(s0/fp)=00000004
#33216  pc=00400040   x9(s1)=00000002
#33217  pc=00400044   x2(sp)=7fefff70
#33218  pc=00400048
#33219  pc=00400060   x8(s0/fp)=00000003
#33220  pc=00400064
#33221  pc=00400034   x10(a0)=00000003
#33222  pc=00400038   x1(ra)=00400054
#33223  pc=0040003c   x8(s0/fp)=00000005
#33224  pc=00400040   x9(s1)=00000015
#33225  pc=00400044   x2(sp)=7fefff80
#33226  pc=00400048
#33227  pc=00400054   x9(s1)=00000003
#33228  pc=00400058
#33229  pc=0040005c   x1(ra)=00400060
#33230  pc=00400014   x2(sp)=7fefff70
#33231  pc=00400018
#33232  pc=0040001c
#33233  pc=00400020
#33234  pc=00400024   x8(s0/fp)=00000003
#33235  pc=00400028
#33236  pc=0040002c
#33237  pc=00400030
#33238  pc=0040004c   x10(a0)=00000002
#33239  pc=00400050   x1(ra)=00400054
#33240  pc=00400014   x2(sp)=7fefff60
#33241  pc=00400018
#33242  pc=0040001c
#33243  pc=00400020
#33244  pc=00400024   x8(s0/fp)=00000002
#33245  pc=00400028
#33246  pc=0040002c
#33247  pc=00400030
#33248  pc=0040004c   x10(a0)=00000001
#33249  pc=00400050
#33250  pc=00400014   x2(sp)=7fefff50
#33251  pc=00400018
#33252  pc=0040001c
#33253  pc=00400020
#33254  pc=00400024   x8(s0/fp)=00000001
#33255  pc=00400028
#33256  pc=0040002c
#33257  pc=00400030
#33258  pc=00400034
#33259  pc=00400038
#33260  pc=0040003c   x8(s0/fp)=00000002
#33261  pc=00400040
#33262  pc=00400044   x2(sp)=7fefff60
#33263  pc=00400048
#33264  pc=00400054   x9(s1)=00000001
#33265  pc=00400058   x10(a0)=00000000
#33266  pc=0040005c   x1(ra)=00400060
#33267  pc=00400014   x2(sp)=7fefff50
#33268  pc=00400018
#33269  pc=0040001c
#33270  pc=00400020
#33271  pc=00400024   x8(s0/fp)=00000000
#33272  pc=00400028
#33273  pc=00400034
#33274  pc=00400038
#33275  pc=0040003c   x8(s0/fp)=00000002
#33276  pc=00400040
#33277  pc=00400044   x2(sp)=7fefff60
#33278  pc=00400048
#33279  pc=00400060   x8(s0/fp)=00000001
#33280  pc=00400064
#33281  pc=00400034   x10(a0)=00000001
#33282  pc=00400038   x1(ra)=00400054
#33283  pc=0040003c   x8(s0/fp)=00000003
#33284  pc=00400040   x9(s1)=00000003
#33285  pc=00400044   x2(sp)=7fefff70
#33286  pc=00400048
#33287  pc=00400054   x9(s1)=00000001
#33288  pc=00400058
#33289  pc=0040005c   x1(ra)=00400060
#33290  pc=00400014   x2(sp)=7fefff60
#33291  pc=00400018
#33292  pc=0040001c
#33293  pc=00400020
#33294  pc=00400024   x8(s0/fp)=00000001
#33295  pc=00400028
#33296  pc=0040002c
#33297  pc=00400030
#33298  pc=00400034
#33299  pc=00400038
#33300  pc=0040003c   x8(s0/fp)=00000003
#33301  pc=00400040
#33302  pc=00400044   x2(sp)=7fefff70
#33303  pc=00400048
#33304  pc=00400060   x8(s0/fp)=00000002
#33305  pc=00400064
#33306  pc=00400034   x10(a0)=00000002
#33307  pc=00400038
#33308  pc=0040003c   x8(s0/fp)=00000005
#33309  pc=00400040   x9(s1)=00000003
#33310  pc=00400044   x2(sp)=7fefff80
#33311  pc=00400048
#33312  pc=00400060
#33313  pc=00400064
#33314  pc=00400034   x10(a0)=00000005
#33315  pc=00400038   x1(ra)=00400054
#33316  pc=0040003c   x8(s0/fp)=00000006
#33317  pc=00400040   x9(s1)=00000015
#33318  pc=00400044   x2(sp)=7fefff90
#33319  pc=00400048
#33320  pc=00400054   x9(s1)=00000005
#33321  pc=00400058   x10(a0)=00000004
#33322  pc=0040005c   x1(ra)=00400060
#33323  pc=00400014   x2(sp)=7fefff80
#33324  pc=00400018
#33325  pc=0040001c
#33326  pc=00400020
#33327  pc=00400024   x8(s0/fp)=00000004
#33328  pc=00400028
#33329  pc=0040002c
#33330  pc=00400030
#33331  pc=0040004c   x10(a0)=00000003
#33332  pc=00400050   x1(ra)=00400054
#33333  pc=00400014   x2(sp)=7fefff70
#33334  pc=00400018
#33335  pc=0040001c
#33336  pc=00400020
#33337  pc=00400024   x8(s0/fp)=00000003
#33338  pc=00400028
#33339  pc=0040002c
#33340  pc=00400030
#33341  pc=0040004c   x10(a0)=00000002
#33342  pc=00400050
#33343  pc=00400014   x2(sp)=7fefff60
#33344  pc=00400018
#33345  pc=0040001c
#33346  pc=00400020
#33347  pc=00400024   x8(s0/fp)=00000002
#33348  pc=00400028
#33349  pc=0040002c
#33350  pc=00400030
#33351  pc=0040004c   x10(a0)=00000001
#33352  pc=00400050
#33353  pc=00400014   x2(sp)=7fefff50
#33354  pc=00400018
#33355  pc=0040001c
#33356  pc=00400020
#33357  pc=00400024   x8(s0/fp)=00000001
#33358  pc=00400028
#33359  pc=0040002c
#33360  pc=00400030
#33361  pc=00400034
#33362  pc=00400038
#33363  pc=0040003c   x8(s0/fp)=00000002
#33364  pc=00400040
#33365  pc=00400044   x2(sp)=7fefff60
#33366  pc=00400048
#33367  pc=00400054   x9(s1)=00000001
#33368  pc=00400058   x10(a0)=00000000
#33369  pc=0040005c   x1(ra)=00400060
#33370  pc=00400014   x2(sp)=7fefff50
#33371  pc=00400018
#33372  pc=0040001c
#33373  pc=00400020
#33374  pc=00400024   x8(s0/fp)=00000000
#33375  pc=00400028
#33376  pc=00400034
#33377  pc=00400038
#33378  pc=0040003c   x8(s0/fp)=00000002
#33379  pc=00400040
#33380  pc=00400044   x2(sp)=7fefff60
#33381  pc=00400048
#33382  pc=00400060   x8(s0/fp)=00000001
#33383  pc=00400064
#33384  pc=00400034   x10(a0)=00000001
#33385  pc=00400038   x1(ra)=00400054
#33386  pc=0040003c   x8(s0/fp)=00000003
#33387  pc=00400040   x9(s1)=00000005
#33388  pc=00400044   x2(sp)=7fefff70
#33389  pc=00400048
#33390  pc=00400054   x9(s1)=00000001
#33391  pc=00400058
#33392  pc=0040005c   x1(ra)=00400060
#33393  pc=00400014   x2(sp)=7fefff60
#33394  pc=00400018
#33395  pc=0040001c
#33396  pc=00400020
#33397  pc=00400024   x8(s0/fp)=00000001
#33398  pc=00400028
#33399  pc=0040002c
#33400  pc=00400030
#33401  pc=00400034
#33402  pc=00400038
#33403  pc=0040003c   x8(s0/fp)=00000003
#33404  pc=00400040
#33405  pc=00400044   x2(sp)=7fefff70
#33406  pc=00400048
#33407  pc=00400060   x8(s0/fp)=00000002
#33408  pc=00400064
#33409  pc=00400034   x10(a0)=00000002
#33410  pc=00400038   x1(ra)=00400054
#33411  pc=0040003c   x8(s0/fp)=00000004
#33412  pc=00400040   x9(s1)=00000005
#33413  pc=00400044   x2(sp)=7fefff80
#33414  pc=00400048
#33415  pc=00400054   x9(s1)=00000002
#33416  pc=00400058
#33417  pc=0040005c   x1(ra)=00400060
#33418  pc=00400014   x2(sp)=7fefff70
#33419  pc=00400018
#33420  pc=0040001c
#33421  pc=00400020
#33422  pc=00400024   x8(s0/fp)=00000002
#33423  pc=00400028
#33424  pc=0040002c
#33425  pc=00400030
#33426  pc=0040004c   x10(a0)=00000001
#33427  pc=00400050   x1(ra)=00400054
#33428  pc=00400014   x2(sp)=7fefff60
#33429  pc=00400018
#33430  pc=0040001c
#33431  pc=00400020
#33432  pc=00400024   x8(s0/fp)=00000001
#33433  pc=00400028
#33434  pc=0040002c
#33435  pc=00400030
#33436  pc=00400034
#33437  pc=00400038
#33438  pc=0040003c   x8(s0/fp)=00000002
#33439  pc=00400040
#33440  pc=00400044   x2(sp)=7fefff70
#33441  pc=00400048
#33442  pc=00400054   x9(s1)=00000001
#33443  pc=00400058   x10(a0)=00000000
#33444  pc=0040005c   x1(ra)=00400060
#33445  pc=00400014   x2(sp)=7fefff60
#33446  pc=00400018
#33447  pc=0040001c
#33448  pc=00400020
#33449  pc=00400024   x8(s0/fp)=00000000
#33450  pc=00400028
#33451  pc=00400034
#33452  pc=00400038
#33453  pc=0040003c   x8(s0/fp)=00000002
#33454  pc=00400040
#33455  pc=00400044   x2(sp)=7fefff70
#33456  pc=00400048
#33457  pc=00400060   x8(s0/fp)=00000001
#33458  pc=00400064
#33459  pc=00400034   x10(a0)=00000001
#33460  pc=00400038
#33461  pc=0040003c   x8(s0/fp)=00000004
#33462  pc=00400040   x9(s1)=00000002
#33463  pc=00400044   x2(sp)=7fefff80
#33464  pc=00400048
#33465  pc=00400060   x8(s0/fp)=00000003
#33466  pc=00400064
#33467  pc=00400034   x10(a0)=00000003
#33468  pc=00400038
#33469  pc=0040003c   x8(s0/fp)=00000006
#33470  pc=00400040   x9(s1)=00000005
#33471  pc=00400044   x2(sp)=7fefff90
#33472  pc=00400048
#33473  pc=00400060   x8(s0/fp)=00000008
#33474  pc=00400064
#33475  pc=00400034   x10(a0)=00000008
#33476  pc=00400038   x1(ra)=00400054
#33477  pc=0040003c   x8(s0/fp)=00000007
#33478  pc=00400040   x9(s1)=00000015
#33479  pc=00400044   x2(sp)=7fefffa0
#33480  pc=00400048
#33481  pc=00400054   x9(s1)=00000008
#33482  pc=00400058   x10(a0)=00000005
#33483  pc=0040005c   x1(ra)=00400060
#33484  pc=00400014   x2(sp)=7fefff90
#33485  pc=00400018
#33486  pc=0040001c
#33487  pc=00400020
#33488  pc=00400024   x8(s0/fp)=00000005
#33489  pc=00400028
#33490  pc=0040002c
#33491  pc=00400030
#33492  pc=0040004c   x10(a0)=00000004
#33493  pc=00400050   x1(ra)=00400054
#33494  pc=00400014   x2(sp)=7fefff80
#33495  pc=00400018
#33496  pc=0040001c
#33497  pc=00400020
#33498  pc=00400024   x8(s0/fp)=00000004
#33499  pc=00400028
#33500  pc=0040002c
#33501  pc=00400030
#33502  pc=0040004c   x10(a0)=00000003
#33503  pc=00400050
#33504  pc=00400014   x2(sp)=7fefff70
#33505  pc=00400018
#33506  pc=0040001c
#33507  pc=00400020
#33508  pc=00400024   x8(s0/fp)=00000003
#33509  pc=00400028
#33510  pc=0040002c
#33511  pc=00400030
#33512  pc=0040004c   x10(a0)=00000002
#33513  pc=00400050
#33514  pc=00400014   x2(sp)=7fefff60
#33515  pc=00400018
#33516  pc=0040001c
#33517  pc=00400020
#33518  pc=00400024   x8(s0/fp)=00000002
#33519  pc=00400028
#33520  pc=0040002c
#33521  pc=00400030
#33522  pc=0040004c   x10(a0)=00000001
#33523  pc=00400050
#33524  pc=00400014   x2(sp)=7fefff50
#33525  pc=00400018
#33526  pc=0040001c
#33527  pc=00400020
#33528  pc=00400024   x8(s0/fp)=00000001
#33529  pc=00400028
#33530  pc=0040002c
#33531  pc=00400030
#33532  pc=00400034
#33533  pc=00400038
#33534  pc=0040003c   x8(s0/fp)=00000002
#33535  pc=00400040
#33536  pc=00400044   x2(sp)=7fefff60
#33537  pc=00400048
#33538  pc=00400054   x9(s1)=00000001
#33539  pc=00400058   x10(a0)=00000000
#33540  pc=0040005c   x1(ra)=00400060
#33541  pc=00400014   x2(sp)=7fefff50
#33542  pc=00400018
#33543  pc=0040001c
#33544  pc=00400020
#33545  pc=00400024   x8(s0/fp)=00000000
#33546  pc=00400028
#33547  pc=00400034
#33548  pc=00400038
#33549  pc=0040003c   x8(s0/fp)=00000002
#33550  pc=00400040
#33551  pc=00400044   x2(sp)=7fefff60
#33552  pc=00400048
#33553  pc=00400060   x8(s0/fp)=00000001
#33554  pc=00400064
#33555  pc=00400034   x10(a0)=00000001
#33556  pc=00400038   x1(ra)=00400054
#33557  pc=0040003c   x8(s0/fp)=00000003
#33558  pc=00400040   x9(s1)=00000008
#33559  pc=00400044   x2(sp)=7fefff70
#33560  pc=00400048
#33561  pc=00400054   x9(s1)=00000001
#33562  pc=00400058
#33563  pc=0040005c   x1(ra)=00400060
#33564  pc=00400014   x2(sp)=7fefff60
#33565  pc=00400018
#33566  pc=0040001c
#33567  pc=00400020
#33568  pc=00400024   x8(s0/fp)=00000001
#33569  pc=00400028
#33570  pc=0040002c
#33571  pc=00400030
#33572  pc=00400034
#33573  pc=00400038
#33574  pc=0040003c   x8(s0/fp)=00000003
#33575  pc=00400040
#33576  pc=00400044   x2(sp)=7fefff70
#33577  pc=00400048
#33578  pc=00400060   x8(s0/fp)=00000002
#33579  pc=00400064
#33580  pc=00400034   x10(a0)=00000002
#33581  pc=00400038   x1(ra)=00400054
#33582  pc=0040003c   x8(s0/fp)=00000004
#33583  pc=00400040   x9(s1)=00000008
#33584  pc=00400044   x2(sp)=7fefff80
#33585  pc=00400048
#33586  pc=00400054   x9(s1)=00000002
#33587  pc=00400058
#33588  pc=0040005c   x1(ra)=00400060
#33589  pc=00400014   x2(sp)=7fefff70
#33590  pc=00400018
#33591  pc=0040001c
#33592  pc=00400020
#33593  pc=00400024   x8(s0/fp)=00000002
#33594  pc=00400028
#33595  pc=0040002c
#33596  pc=00400030
#33597  pc=0040004c   x10(a0)=00000001
#33598  pc=00400050   x1(ra)=00400054
#33599  pc=00400014   x2(sp)=7fefff60
#33600  pc=00400018
#33601  pc=0040001c
#33602  pc=00400020
#33603  pc=00400024   x8(s0/fp)=00000001
#33604  pc=00400028
#33605  pc=0040002c
#33606  pc=00400030
#33607  pc=00400034
#33608  pc=00400038
#33609  pc=0040003c   x8(s0/fp)=00000002
#33610  pc=00400040
#33611  pc=00400044   x2(sp)=7fefff70
#33612  pc=00400048
#33613  pc=00400054   x9(s1)=00000001
#33614  pc=00400058   x10(a0)=00000000
#33615  pc=0040005c   x1(ra)=00400060
#33616  pc=00400014   x2(sp)=7fefff60
#33617  pc=00400018
#33618  pc=0040001c
#33619  pc=00400020
#33620  pc=00400024   x8(s0/fp)=00000000
#33621  pc=00400028
#33622  pc=00400034
#33623  pc=00400038
#33624  pc=0040003c   x8(s0/fp)=00000002
#33625  pc=00400040
#33626  pc=00400044   x2(sp)=7fefff70
#33627  pc=00400048
#33628  pc=00400060   x8(s0/fp)=00000001
#33629  pc=00400064
#33630  pc=00400034   x10(a0)=00000001
#33631  pc=00400038
#33632  pc=0040003c   x8(s0/fp)=00000004
#33633  pc=00400040   x9(s1)=00000002
#33634  pc=00400044   x2(sp)=7fefff80
#33635  pc=00400048
#33636  pc=00400060   x8(s0/fp)=00000003
#33637  pc=00400064
#33638  pc=00400034   x10(a0)=00000003
#33639  pc=00400038   x1(ra)=00400054
#33640  pc=0040003c   x8(s0/fp)=00000005
#33641  pc=00400040   x9(s1)=00000008
#33642  pc=00400044   x2(sp)=7fefff90
#33643  pc=00400048
#33644  pc=00400054   x9(s1)=00000003
#33645  pc=00400058
#33646  pc=0040005c   x1(ra)=00400060
#33647  pc=00400014   x2(sp)=7fefff80
#33648  pc=00400018
#33649  pc=0040001c
#33650  pc=00400020
#33651  pc=00400024   x8(s0/fp)=00000003
#33652  pc=00400028
#33653  pc=0040002c
#33654  pc=00400030
#33655  pc=0040004c   x10(a0)=00000002
#33656  pc=00400050   x1(ra)=00400054
#33657  pc=00400014   x2(sp)=7fefff70
#33658  pc=00400018
#33659  pc=0040001c
#33660  pc=00400020
#33661  pc=00400024   x8(s0/fp)=00000002
#33662  pc=00400028
#33663  pc=0040002c
#33664  pc=00400030
#33665  pc=0040004c   x10(a0)=00000001
#33666  pc=00400050
#33667  pc=00400014   x2(sp)=7fefff60
#33668  pc=00400018
#33669  pc=0040001c
#33670  pc=00400020
#33671  pc=00400024   x8(s0/fp)=00000001
#33672  pc=00400028
#33673  pc=0040002c
#33674  pc=00400030
#33675  pc=00400034
#33676  pc=00400038
#33677  pc=0040003c   x8(s0/fp)=00000002
#33678  pc=00400040
#33679  pc=00400044   x2(sp)=7fefff70
#33680  pc=00400048
#33681  pc=00400054   x9(s1)=00000001
#33682  pc=00400058   x10(a0)=00000000
#33683  pc=0040005c   x1(ra)=00400060
#33684  pc=00400014   x2(sp)=7fefff60
#33685  pc=00400018
#33686  pc=0040001c
#33687  pc=00400020
#33688  pc=00400024   x8(s0/fp)=00000000
#33689  pc=00400028
#33690  pc=00400034
#33691  pc=00400038
#33692  pc=0040003c   x8(s0/fp)=00000002
#33693  pc=00400040
#33694  pc=00400044   x2(sp)=7fefff70
#33695  pc=00400048
#33696  pc=00400060   x8(s0/fp)=00000001
#33697  pc=00400064
#33698  pc=00400034   x10(a0)=00000001
#33699  pc=00400038   x1(ra)=00400054
#33700  pc=0040003c   x8(s0/fp)=00000003
#33701  pc=00400040   x9(s1)=00000003
#33702  pc=00400044   x2(sp)=7fefff80
#33703  pc=00400048
#33704  pc=00400054   x9(s1)=00000001
#33705  pc=00400058
#33706  pc=0040005c   x1(ra)=00400060
#33707  pc=00400014   x2(sp)=7fefff70
#33708  pc=00400018
#33709  pc=0040001c
#33710  pc=00400020
#33711  pc=00400024   x8(s0/fp)=00000001
#33712  pc=00400028
#33713  pc=0040002c
#33714  pc=00400030
#33715  pc=00400034
#33716  pc=00400038
#33717  pc=0040003c   x8(s0/fp)=00000003
#33718  pc=00400040
#33719  pc=00400044   x2(sp)=7fefff80
#33720  pc=00400048
#33721  pc=00400060   x8(s0/fp)=00000002
#33722  pc=00400064
#33723  pc=00400034   x10(a0)=00000002
#33724  pc=00400038
#33725  pc=0040003c   x8(s0/fp)=00000005
#33726  pc=00400040   x9(s1)=00000003
#33727  pc=00400044   x2(sp)=7fefff90
#33728  pc=00400048
#33729  pc=00400060
#33730  pc=00400064
#33731  pc=00400034   x10(a0)=00000005
#33732  pc=00400038
#33733  pc=0040003c   x8(s0/fp)=00000007
#33734  pc=00400040   x9(s1)=00000008
#33735  pc=00400044   x2(sp)=7fefffa0
#33736  pc=00400048
#33737  pc=00400060   x8(s0/fp)=0000000d
#33738  pc=00400064
#33739  pc=00400034   x10(a0)=0000000d
#33740  pc=00400038
#33741  pc=0040003c   x8(s0/fp)=00000009
#33742  pc=00400040   x9(s1)=00000015
#33743  pc=00400044   x2(sp)=7fefffb0
#33744  pc=00400048
#33745  pc=00400060   x8(s0/fp)=00000022
#33746  pc=00400064
#33747  pc=00400034   x10(a0)=00000022
#33748  pc=00400038
#33749  pc=0040003c   x8(s0/fp)=0000000b
#33750  pc=00400040   x9(s1)=00000037
#33751  pc=00400044   x2(sp)=7fefffc0
#33752  pc=00400048
#33753  pc=00400060   x8(s0/fp)=00000059
#33754  pc=00400064
#33755  pc=00400034   x10(a0)=00000059
#33756  pc=00400038
#33757  pc=0040003c   x8(s0/fp)=0000000d
#33758  pc=00400040   x9(s1)=00000090
#33759  pc=00400044   x2(sp)=7fefffd0
#33760  pc=00400048
#33761  pc=00400060   x8(s0/fp)=000000e9
#33762  pc=00400064
#33763  pc=00400034   x10(a0)=000000e9
#33764  pc=00400038
#33765  pc=0040003c   x8(s0/fp)=0000000f
#33766  pc=00400040   x9(s1)=00000179
#33767  pc=00400044   x2(sp)=7fefffe0
#33768  pc=00400048
#33769  pc=00400060   x8(s0/fp)=00000262
#33770  pc=00400064
#33771  pc=00400034   x10(a0)=00000262
#33772  pc=00400038   x1(ra)=0040007c
#33773  pc=0040003c   x8(s0/fp)=00000000
#33774  pc=00400040   x9(s1)=00000000
#33775  pc=00400044   x2(sp)=7feffff0
#33776  pc=00400048
#33777  pc=0040007c   x1(ra)=00400004
#33778  pc=00400080   x2(sp)=7ff00000
#33779  pc=00400084
#33780  pc=00400004   x2(sp)=00000262
#33781  pc=00400008   x3(gp)=00000000
#33782  pc=0040000c   x10(a0)=0000000a
#33783  pc=00400010
