anchor  pc=00400000 cycle=0 insn=00000000   x1(ra)=00000000  x2(sp)=7ff00000  x3(gp)=10000000  x4(tp)=00000000  x5(t0)=00000000  x6(t1)=00000000  x7(t2)=00000000  x8(s0/fp)=00000000  x9(s1)=00000000  x10(a0)=00000000  x11(a1)=00000000  x12(a2)=00000000  x13(a3)=00000000  x14(a4)=00000000  x15(a5)=00000000  x16(a6)=00000000  x17(a7)=00000000  x18(s2)=00000000  x19(s3)=00000000  x20(s4)=00000000  x21(s5)=00000000  x22(s6)=00000000  x23(s7)=00000000  x24(s8)=00000000  x25(s9)=00000000  x26(s10)=00000000  x27(s11)=00000000  x28(t3)=00000000  x29(t4)=00000000  x30(t5)=00000000  x31(t6)=00000000
#1      pc=00400000 cycle=16 insn=068000ef   x1(ra)=00400004
#2      pc=00400068 cycle=26 insn=ff010113   x2(sp)=7feffff0
#3      pc=0040006c cycle=28 insn=00112623
#4      pc=00400070 cycle=39 insn=00812423
#5      pc=00400074 cycle=42 insn=00912223
#6      pc=00400078 cycle=42 insn=10000437   x8(s0/fp)=10000000
#7      pc=0040007c cycle=42 insn=00040493   x9(s1)=10000000
#8      pc=00400080 cycle=44 insn=14048613   x12(a2)=10000140
#9      pc=00400084 cycle=45 insn=00040413
#10     pc=00400088 cycle=45 insn=000016b7   x13(a3)=00001000
#11     pc=0040008c cycle=47 insn=9b068693   x13(a3)=000009b0
#12     pc=00400090 cycle=53 insn=00000793
#13     pc=00400094 cycle=55 insn=0117d713
#14     pc=00400098 cycle=55 insn=00f79793
#15     pc=0040009c cycle=57 insn=00f767b3
#16     pc=004000a0 cycle=62 insn=00f6c7b3   x15(a5)=000009b0
#17     pc=004000a4 cycle=64 insn=00f42023
#18     pc=004000a8 cycle=64 insn=fe168693   x13(a3)=00000991
#19     pc=004000ac cycle=64 insn=00440413   x8(s0/fp)=10000004
#20     pc=004000b0 cycle=72 insn=fec412e3
#21     pc=00400094 cycle=78 insn=0117d713
#22     pc=00400098 cycle=78 insn=00f79793   x15(a5)=04d80000
#23     pc=0040009c cycle=80 insn=00f767b3
#24     pc=004000a0 cycle=82 insn=00f6c7b3   x15(a5)=04d80991
#25     pc=004000a4 cycle=84 insn=00f42023
#26     pc=004000a8 cycle=84 insn=fe168693   x13(a3)=00000972
#27     pc=004000ac cycle=84 insn=00440413   x8(s0/fp)=10000008
#28     pc=004000b0 cycle=86 insn=fec412e3
#29     pc=00400094 cycle=92 insn=0117d713   x14(a4)=0000026c
#30     pc=00400098 cycle=92 insn=00f79793   x15(a5)=04c88000
#31     pc=0040009c cycle=94 insn=00f767b3   x15(a5)=04c8826c
#32     pc=004000a0 cycle=96 insn=00f6c7b3   x15(a5)=04c88b1e
#33     pc=004000a4 cycle=98 insn=00f42023
#34     pc=004000a8 cycle=98 insn=fe168693   x13(a3)=00000953
#35     pc=004000ac cycle=98 insn=00440413   x8(s0/fp)=1000000c
#36     pc=004000b0 cycle=100 insn=fec412e3
#37     pc=00400094 cycle=101 insn=0117d713   x14(a4)=00000264
#38     pc=00400098 cycle=101 insn=00f79793   x15(a5)=458f0000
#39     pc=0040009c cycle=103 insn=00f767b3   x15(a5)=458f0264
#40     pc=004000a0 cycle=105 insn=00f6c7b3   x15(a5)=458f0b37
#41     pc=004000a4 cycle=107 insn=00f42023
#42     pc=004000a8 cycle=107 insn=fe168693   x13(a3)=00000934
#43     pc=004000ac cycle=107 insn=00440413   x8(s0/fp)=10000010
#44     pc=004000b0 cycle=109 insn=fec412e3
#45     pc=00400094 cycle=110 insn=0117d713   x14(a4)=000022c7
#46     pc=00400098 cycle=110 insn=00f79793   x15(a5)=859b8000
#47     pc=0040009c cycle=112 insn=00f767b3   x15(a5)=859ba2c7
#48     pc=004000a0 cycle=114 insn=00f6c7b3   x15(a5)=859babf3
#49     pc=004000a4 cycle=116 insn=00f42023
#50     pc=004000a8 cycle=116 insn=fe168693   x13(a3)=00000915
#51     pc=004000ac cycle=116 insn=00440413   x8(s0/fp)=10000014
#52     pc=004000b0 cycle=118 insn=fec412e3
#53     pc=00400094 cycle=119 insn=0117d713   x14(a4)=000042cd
#54     pc=00400098 cycle=119 insn=00f79793   x15(a5)=d5f98000
#55     pc=0040009c cycle=121 insn=00f767b3   x15(a5)=d5f9c2cd
#56     pc=004000a0 cycle=123 insn=00f6c7b3   x15(a5)=d5f9cbd8
#57     pc=004000a4 cycle=127 insn=00f42023
#58     pc=004000a8 cycle=127 insn=fe168693   x13(a3)=000008f6
#59     pc=004000ac cycle=127 insn=00440413   x8(s0/fp)=10000018
#60     pc=004000b0 cycle=127 insn=fec412e3
#61     pc=00400094 cycle=130 insn=0117d713   x14(a4)=00006afc
#62     pc=00400098 cycle=130 insn=00f79793   x15(a5)=e5ec0000
#63     pc=0040009c cycle=132 insn=00f767b3   x15(a5)=e5ec6afc
#64     pc=004000a0 cycle=134 insn=00f6c7b3   x15(a5)=e5ec620a
#65     pc=004000a4 cycle=136 insn=00f42023
#66     pc=004000a8 cycle=136 insn=fe168693   x13(a3)=000008d7
#67     pc=004000ac cycle=136 insn=00440413   x8(s0/fp)=1000001c
#68     pc=004000b0 cycle=138 insn=fec412e3
#69     pc=00400094 cycle=139 insn=0117d713   x14(a4)=000072f6
#70     pc=00400098 cycle=139 insn=00f79793   x15(a5)=31050000
#71     pc=0040009c cycle=141 insn=00f767b3   x15(a5)=310572f6
#72     pc=004000a0 cycle=143 insn=00f6c7b3   x15(a5)=31057a21
#73     pc=004000a4 cycle=145 insn=00f42023
#74     pc=004000a8 cycle=145 insn=fe168693   x13(a3)=000008b8
#75     pc=004000ac cycle=145 insn=00440413   x8(s0/fp)=10000020
#76     pc=004000b0 cycle=147 insn=fec412e3
#77     pc=00400094 cycle=148 insn=0117d713   x14(a4)=00001882
#78     pc=00400098 cycle=148 insn=00f79793   x15(a5)=bd108000
#79     pc=0040009c cycle=150 insn=00f767b3   x15(a5)=bd109882
#80     pc=004000a0 cycle=152 insn=00f6c7b3   x15(a5)=bd10903a
#81     pc=004000a4 cycle=154 insn=00f42023
#82     pc=004000a8 cycle=154 insn=fe168693   x13(a3)=00000899
#83     pc=004000ac cycle=154 insn=00440413   x8(s0/fp)=10000024
#84     pc=004000b0 cycle=156 insn=fec412e3
#85     pc=00400094 cycle=157 insn=0117d713   x14(a4)=00005e88
#86     pc=00400098 cycle=157 insn=00f79793   x15(a5)=481d0000
#87     pc=0040009c cycle=159 insn=00f767b3   x15(a5)=481d5e88
#88     pc=004000a0 cycle=161 insn=00f6c7b3   x15(a5)=481d5611
#89     pc=004000a4 cycle=165 insn=00f42023
#90     pc=004000a8 cycle=165 insn=fe168693   x13(a3)=0000087a
#91     pc=004000ac cycle=165 insn=00440413   x8(s0/fp)=10000028
#92     pc=004000b0 cycle=165 insn=fec412e3
#93     pc=00400094 cycle=168 insn=0117d713   x14(a4)=0000240e
#94     pc=00400098 cycle=168 insn=00f79793   x15(a5)=ab088000
#95     pc=0040009c cycle=170 insn=00f767b3   x15(a5)=ab08a40e
#96     pc=004000a0 cycle=172 insn=00f6c7b3   x15(a5)=ab08ac74
#97     pc=004000a4 cycle=174 insn=00f42023
#98     pc=004000a8 cycle=174 insn=fe168693   x13(a3)=0000085b
#99     pc=004000ac cycle=174 insn=00440413   x8(s0/fp)=1000002c
#100    pc=004000b0 cycle=176 insn=fec412e3
#101    pc=00400094 cycle=177 insn=0117d713   x14(a4)=00005584
#102    pc=00400098 cycle=177 insn=00f79793   x15(a5)=563a0000
#103    pc=0040009c cycle=179 insn=00f767b3   x15(a5)=563a5584
#104    pc=004000a0 cycle=181 insn=00f6c7b3   x15(a5)=563a5ddf
#105    pc=004000a4 cycle=183 insn=00f42023
#106    pc=004000a8 cycle=183 insn=fe168693   x13(a3)=0000083c
#107    pc=004000ac cycle=183 insn=00440413   x8(s0/fp)=10000030
#108    pc=004000b0 cycle=185 insn=fec412e3
#109    pc=00400094 cycle=186 insn=0117d713   x14(a4)=00002b1d
#110    pc=00400098 cycle=186 insn=00f79793   x15(a5)=2eef8000
#111    pc=0040009c cycle=188 insn=00f767b3   x15(a5)=2eefab1d
#112    pc=004000a0 cycle=190 insn=00f6c7b3   x15(a5)=2eefa321
#113    pc=004000a4 cycle=192 insn=00f42023
#114    pc=004000a8 cycle=192 insn=fe168693   x13(a3)=0000081d
#115    pc=004000ac cycle=192 insn=00440413   x8(s0/fp)=10000034
#116    pc=004000b0 cycle=194 insn=fec412e3
#117    pc=00400094 cycle=195 insn=0117d713   x14(a4)=00001777
#118    pc=00400098 cycle=195 insn=00f79793   x15(a5)=d1908000
#119    pc=0040009c cycle=197 insn=00f767b3   x15(a5)=d1909777
#120    pc=004000a0 cycle=199 insn=00f6c7b3   x15(a5)=d1909f6a
#121    pc=004000a4 cycle=203 insn=00f42023
#122    pc=004000a8 cycle=203 insn=fe168693   x13(a3)=000007fe
#123    pc=004000ac cycle=203 insn=00440413   x8(s0/fp)=10000038
#124    pc=004000b0 cycle=203 insn=fec412e3
#125    pc=00400094 cycle=206 insn=0117d713   x14(a4)=000068c8
#126    pc=00400098 cycle=206 insn=00f79793   x15(a5)=4fb50000
#127    pc=0040009c cycle=208 insn=00f767b3   x15(a5)=4fb568c8
#128    pc=004000a0 cycle=210 insn=00f6c7b3   x15(a5)=4fb56f36
#129    pc=004000a4 cycle=212 insn=00f42023
#130    pc=004000a8 cycle=212 insn=fe168693   x13(a3)=000007df
#131    pc=004000ac cycle=212 insn=00440413   x8(s0/fp)=1000003c
#132    pc=004000b0 cycle=214 insn=fec412e3
#133    pc=00400094 cycle=215 insn=0117d713   x14(a4)=000027da
#134    pc=00400098 cycle=215 insn=00f79793   x15(a5)=b79b0000
#135    pc=0040009c cycle=217 insn=00f767b3   x15(a5)=b79b27da
#136    pc=004000a0 cycle=219 insn=00f6c7b3   x15(a5)=b79b2005
#137    pc=004000a4 cycle=221 insn=00f42023
#138    pc=004000a8 cycle=221 insn=fe168693   x13(a3)=000007c0
#139    pc=004000ac cycle=221 insn=00440413   x8(s0/fp)=10000040
#140    pc=004000b0 cycle=223 insn=fec412e3
#141    pc=00400094 cycle=224 insn=0117d713   x14(a4)=00005bcd
#142    pc=00400098 cycle=224 insn=00f79793   x15(a5)=90028000
#143    pc=0040009c cycle=226 insn=00f767b3   x15(a5)=9002dbcd
#144    pc=004000a0 cycle=228 insn=00f6c7b3   x15(a5)=9002dc0d
#145    pc=004000a4 cycle=230 insn=00f42023
#146    pc=004000a8 cycle=230 insn=fe168693   x13(a3)=000007a1
#147    pc=004000ac cycle=230 insn=00440413   x8(s0/fp)=10000044
#148    pc=004000b0 cycle=232 insn=fec412e3
#149    pc=00400094 cycle=233 insn=0117d713   x14(a4)=00004801
#150    pc=00400098 cycle=233 insn=00f79793   x15(a5)=6e068000
#151    pc=0040009c cycle=235 insn=00f767b3   x15(a5)=6e06c801
#152    pc=004000a0 cycle=237 insn=00f6c7b3   x15(a5)=6e06cfa0
#153    pc=004000a4 cycle=241 insn=00f42023
#154    pc=004000a8 cycle=241 insn=fe168693   x13(a3)=00000782
#155    pc=004000ac cycle=241 insn=00440413   x8(s0/fp)=10000048
#156    pc=004000b0 cycle=241 insn=fec412e3
#157    pc=00400094 cycle=244 insn=0117d713   x14(a4)=00003703
#158    pc=00400098 cycle=244 insn=00f79793   x15(a5)=67d00000
#159    pc=0040009c cycle=246 insn=00f767b3   x15(a5)=67d03703
#160    pc=004000a0 cycle=248 insn=00f6c7b3   x15(a5)=67d03081
#161    pc=004000a4 cycle=250 insn=00f42023
#162    pc=004000a8 cycle=250 insn=fe168693   x13(a3)=00000763
#163    pc=004000ac cycle=250 insn=00440413   x8(s0/fp)=1000004c
#164    pc=004000b0 cycle=252 insn=fec412e3
#165    pc=00400094 cycle=253 insn=0117d713   x14(a4)=000033e8
#166    pc=00400098 cycle=253 insn=00f79793   x15(a5)=18408000
#167    pc=0040009c cycle=255 insn=00f767b3   x15(a5)=1840b3e8
#168    pc=004000a0 cycle=257 insn=00f6c7b3   x15(a5)=1840b48b
#169    pc=004000a4 cycle=259 insn=00f42023
#170    pc=004000a8 cycle=259 insn=fe168693   x13(a3)=00000744
#171    pc=004000ac cycle=259 insn=00440413   x8(s0/fp)=10000050
#172    pc=004000b0 cycle=261 insn=fec412e3
#173    pc=00400094 cycle=262 insn=0117d713   x14(a4)=00000c20
#174    pc=00400098 cycle=262 insn=00f79793   x15(a5)=5a458000
#175    pc=0040009c cycle=264 insn=00f767b3   x15(a5)=5a458c20
#176    pc=004000a0 cycle=266 insn=00f6c7b3   x15(a5)=5a458b64
#177    pc=004000a4 cycle=268 insn=00f42023
#178    pc=004000a8 cycle=268 insn=fe168693   x13(a3)=00000725
#179    pc=004000ac cycle=268 insn=00440413   x8(s0/fp)=10000054
#180    pc=004000b0 cycle=270 insn=fec412e3
#181    pc=00400094 cycle=271 insn=0117d713   x14(a4)=00002d22
#182    pc=00400098 cycle=271 insn=00f79793   x15(a5)=c5b20000
#183    pc=0040009c cycle=273 insn=00f767b3   x15(a5)=c5b22d22
#184    pc=004000a0 cycle=275 insn=00f6c7b3   x15(a5)=c5b22a07
#185    pc=004000a4 cycle=279 insn=00f42023
#186    pc=004000a8 cycle=279 insn=fe168693   x13(a3)=00000706
#187    pc=004000ac cycle=279 insn=00440413   x8(s0/fp)=10000058
#188    pc=004000b0 cycle=279 insn=fec412e3
#189    pc=00400094 cycle=282 insn=0117d713   x14(a4)=000062d9
#190    pc=00400098 cycle=282 insn=00f79793   x15(a5)=15038000
#191    pc=0040009c cycle=284 insn=00f767b3   x15(a5)=1503e2d9
#192    pc=004000a0 cycle=286 insn=00f6c7b3   x15(a5)=1503e5df
#193    pc=004000a4 cycle=288 insn=00f42023
#194    pc=004000a8 cycle=288 insn=fe168693   x13(a3)=000006e7
#195    pc=004000ac cycle=288 insn=00440413   x8(s0/fp)=1000005c
#196    pc=004000b0 cycle=290 insn=fec412e3
#197    pc=00400094 cycle=291 insn=0117d713   x14(a4)=00000a81
#198    pc=00400098 cycle=291 insn=00f79793   x15(a5)=f2ef8000
#199    pc=0040009c cycle=293 insn=00f767b3   x15(a5)=f2ef8a81
#200    pc=004000a0 cycle=295 insn=00f6c7b3   x15(a5)=f2ef8c66
#201    pc=004000a4 cycle=297 insn=00f42023
#202    pc=004000a8 cycle=297 insn=fe168693   x13(a3)=000006c8
#203    pc=004000ac cycle=297 insn=00440413   x8(s0/fp)=10000060
#204    pc=004000b0 cycle=299 insn=fec412e3
#205    pc=00400094 cycle=300 insn=0117d713   x14(a4)=00007977
#206    pc=00400098 cycle=300 insn=00f79793   x15(a5)=c6330000
#207    pc=0040009c cycle=302 insn=00f767b3   x15(a5)=c6337977
#208    pc=004000a0 cycle=304 insn=00f6c7b3   x15(a5)=c6337fbf
#209    pc=004000a4 cycle=306 insn=00f42023
#210    pc=004000a8 cycle=306 insn=fe168693   x13(a3)=000006a9
#211    pc=004000ac cycle=306 insn=00440413   x8(s0/fp)=10000064
#212    pc=004000b0 cycle=308 insn=fec412e3
#213    pc=00400094 cycle=309 insn=0117d713   x14(a4)=00006319
#214    pc=00400098 cycle=309 insn=00f79793   x15(a5)=bfdf8000
#215    pc=0040009c cycle=311 insn=00f767b3   x15(a5)=bfdfe319
#216    pc=004000a0 cycle=313 insn=00f6c7b3   x15(a5)=bfdfe5b0
#217    pc=004000a4 cycle=317 insn=00f42023
#218    pc=004000a8 cycle=317 insn=fe168693   x13(a3)=0000068a
#219    pc=004000ac cycle=317 insn=00440413   x8(s0/fp)=10000068
#220    pc=004000b0 cycle=317 insn=fec412e3
#221    pc=00400094 cycle=320 insn=0117d713   x14(a4)=00005fef
#222    pc=00400098 cycle=320 insn=00f79793   x15(a5)=f2d80000
#223    pc=0040009c cycle=322 insn=00f767b3   x15(a5)=f2d85fef
#224    pc=004000a0 cycle=324 insn=00f6c7b3   x15(a5)=f2d85965
#225    pc=004000a4 cycle=326 insn=00f42023
#226    pc=004000a8 cycle=326 insn=fe168693   x13(a3)=0000066b
#227    pc=004000ac cycle=326 insn=00440413   x8(s0/fp)=1000006c
#228    pc=004000b0 cycle=328 insn=fec412e3
#229    pc=00400094 cycle=329 insn=0117d713   x14(a4)=0000796c
#230    pc=00400098 cycle=329 insn=00f79793   x15(a5)=2cb28000
#231    pc=0040009c cycle=331 insn=00f767b3   x15(a5)=2cb2f96c
#232    pc=004000a0 cycle=333 insn=00f6c7b3   x15(a5)=2cb2ff07
#233    pc=004000a4 cycle=335 insn=00f42023
#234    pc=004000a8 cycle=335 insn=fe168693   x13(a3)=0000064c
#235    pc=004000ac cycle=335 insn=00440413   x8(s0/fp)=10000070
#236    pc=004000b0 cycle=337 insn=fec412e3
#237    pc=00400094 cycle=338 insn=0117d713   x14(a4)=00001659
#238    pc=00400098 cycle=338 insn=00f79793   x15(a5)=7f838000
#239    pc=0040009c cycle=340 insn=00f767b3   x15(a5)=7f839659
#240    pc=004000a0 cycle=342 insn=00f6c7b3   x15(a5)=7f839015
#241    pc=004000a4 cycle=344 insn=00f42023
#242    pc=004000a8 cycle=344 insn=fe168693   x13(a3)=0000062d
#243    pc=004000ac cycle=344 insn=00440413   x8(s0/fp)=10000074
#244    pc=004000b0 cycle=346 insn=fec412e3
#245    pc=00400094 cycle=347 insn=0117d713   x14(a4)=00003fc1
#246    pc=00400098 cycle=347 insn=00f79793   x15(a5)=c80a8000
#247    pc=0040009c cycle=349 insn=00f767b3   x15(a5)=c80abfc1
#248    pc=004000a0 cycle=351 insn=00f6c7b3   x15(a5)=c80ab9ec
#249    pc=004000a4 cycle=355 insn=00f42023
#250    pc=004000a8 cycle=355 insn=fe168693   x13(a3)=0000060e
#251    pc=004000ac cycle=355 insn=00440413   x8(s0/fp)=10000078
#252    pc=004000b0 cycle=355 insn=fec412e3
#253    pc=00400094 cycle=358 insn=0117d713   x14(a4)=00006405
#254    pc=00400098 cycle=358 insn=00f79793   x15(a5)=5cf60000
#255    pc=0040009c cycle=360 insn=00f767b3   x15(a5)=5cf66405
#256    pc=004000a0 cycle=362 insn=00f6c7b3   x15(a5)=5cf6620b
#257    pc=004000a4 cycle=364 insn=00f42023
#258    pc=004000a8 cycle=364 insn=fe168693   x13(a3)=000005ef
#259    pc=004000ac cycle=364 insn=00440413   x8(s0/fp)=1000007c
#260    pc=004000b0 cycle=366 insn=fec412e3
#261    pc=00400094 cycle=367 insn=0117d713   x14(a4)=00002e7b
#262    pc=00400098 cycle=367 insn=00f79793   x15(a5)=31058000
#263    pc=0040009c cycle=369 insn=00f767b3   x15(a5)=3105ae7b
#264    pc=004000a0 cycle=371 insn=00f6c7b3   x15(a5)=3105ab94
#265    pc=004000a4 cycle=373 insn=00f42023
#266    pc=004000a8 cycle=373 insn=fe168693   x13(a3)=000005d0
#267    pc=004000ac cycle=373 insn=00440413   x8(s0/fp)=10000080
#268    pc=004000b0 cycle=375 insn=fec412e3
#269    pc=00400094 cycle=376 insn=0117d713   x14(a4)=00001882
#270    pc=00400098 cycle=376 insn=00f79793   x15(a5)=d5ca0000
#271    pc=0040009c cycle=378 insn=00f767b3   x15(a5)=d5ca1882
#272    pc=004000a0 cycle=380 insn=00f6c7b3   x15(a5)=d5ca1d52
#273    pc=004000a4 cycle=382 insn=00f42023
#274    pc=004000a8 cycle=382 insn=fe168693   x13(a3)=000005b1
#275    pc=004000ac cycle=382 insn=00440413   x8(s0/fp)=10000084
#276    pc=004000b0 cycle=384 insn=fec412e3
#277    pc=00400094 cycle=385 insn=0117d713   x14(a4)=00006ae5
#278    pc=00400098 cycle=385 insn=00f79793   x15(a5)=0ea90000
#279    pc=0040009c cycle=387 insn=00f767b3   x15(a5)=0ea96ae5
#280    pc=004000a0 cycle=389 insn=00f6c7b3   x15(a5)=0ea96f54
#281    pc=004000a4 cycle=393 insn=00f42023
#282    pc=004000a8 cycle=393 insn=fe168693   x13(a3)=00000592
#283    pc=004000ac cycle=393 insn=00440413   x8(s0/fp)=10000088
#284    pc=004000b0 cycle=393 insn=fec412e3
#285    pc=00400094 cycle=396 insn=0117d713   x14(a4)=00000754
#286    pc=00400098 cycle=396 insn=00f79793   x15(a5)=b7aa0000
#287    pc=0040009c cycle=398 insn=00f767b3   x15(a5)=b7aa0754
#288    pc=004000a0 cycle=400 insn=00f6c7b3   x15(a5)=b7aa02c6
#289    pc=004000a4 cycle=402 insn=00f42023
#290    pc=004000a8 cycle=402 insn=fe168693   x13(a3)=00000573
#291    pc=004000ac cycle=402 insn=00440413   x8(s0/fp)=1000008c
#292    pc=004000b0 cycle=404 insn=fec412e3
#293    pc=00400094 cycle=405 insn=0117d713   x14(a4)=00005bd5
#294    pc=00400098 cycle=405 insn=00f79793   x15(a5)=01630000
#295    pc=0040009c cycle=407 insn=00f767b3   x15(a5)=01635bd5
#296    pc=004000a0 cycle=409 insn=00f6c7b3   x15(a5)=01635ea6
#297    pc=004000a4 cycle=411 insn=00f42023
#298    pc=004000a8 cycle=411 insn=fe168693   x13(a3)=00000554
#299    pc=004000ac cycle=411 insn=00440413   x8(s0/fp)=10000090
#300    pc=004000b0 cycle=413 insn=fec412e3
#301    pc=00400094 cycle=414 insn=0117d713   x14(a4)=000000b1
#302    pc=00400098 cycle=414 insn=00f79793   x15(a5)=af530000
#303    pc=0040009c cycle=416 insn=00f767b3   x15(a5)=af5300b1
#304    pc=004000a0 cycle=418 insn=00f6c7b3   x15(a5)=af5305e5
#305    pc=004000a4 cycle=420 insn=00f42023
#306    pc=004000a8 cycle=420 insn=fe168693   x13(a3)=00000535
#307    pc=004000ac cycle=420 insn=00440413   x8(s0/fp)=10000094
#308    pc=004000b0 cycle=422 insn=fec412e3
#309    pc=00400094 cycle=423 insn=0117d713   x14(a4)=000057a9
#310    pc=00400098 cycle=423 insn=00f79793   x15(a5)=82f28000
#311    pc=0040009c cycle=425 insn=00f767b3   x15(a5)=82f2d7a9
#312    pc=004000a0 cycle=427 insn=00f6c7b3   x15(a5)=82f2d29c
#313    pc=004000a4 cycle=431 insn=00f42023
#314    pc=004000a8 cycle=431 insn=fe168693   x13(a3)=00000516
#315    pc=004000ac cycle=431 insn=00440413   x8(s0/fp)=10000098
#316    pc=004000b0 cycle=431 insn=fec412e3
#317    pc=00400094 cycle=434 insn=0117d713   x14(a4)=00004179
#318    pc=00400098 cycle=434 insn=00f79793   x15(a5)=694e0000
#319    pc=0040009c cycle=436 insn=00f767b3   x15(a5)=694e4179
#320    pc=004000a0 cycle=438 insn=00f6c7b3   x15(a5)=694e446f
#321    pc=004000a4 cycle=440 insn=00f42023
#322    pc=004000a8 cycle=440 insn=fe168693   x13(a3)=000004f7
#323    pc=004000ac cycle=440 insn=00440413   x8(s0/fp)=1000009c
#324    pc=004000b0 cycle=442 insn=fec412e3
#325    pc=00400094 cycle=443 insn=0117d713   x14(a4)=000034a7
#326    pc=00400098 cycle=443 insn=00f79793   x15(a5)=22378000
#327    pc=0040009c cycle=445 insn=00f767b3   x15(a5)=2237b4a7
#328    pc=004000a0 cycle=447 insn=00f6c7b3   x15(a5)=2237b050
#329    pc=004000a4 cycle=449 insn=00f42023
#330    pc=004000a8 cycle=449 insn=fe168693   x13(a3)=000004d8
#331    pc=004000ac cycle=449 insn=00440413   x8(s0/fp)=100000a0
#332    pc=004000b0 cycle=451 insn=fec412e3
#333    pc=00400094 cycle=452 insn=0117d713   x14(a4)=0000111b
#334    pc=00400098 cycle=452 insn=00f79793   x15(a5)=d8280000
#335    pc=0040009c cycle=454 insn=00f767b3   x15(a5)=d828111b
#336    pc=004000a0 cycle=456 insn=00f6c7b3   x15(a5)=d82815c3
#337    pc=004000a4 cycle=458 insn=00f42023
#338    pc=004000a8 cycle=458 insn=fe168693   x13(a3)=000004b9
#339    pc=004000ac cycle=458 insn=00440413   x8(s0/fp)=100000a4
#340    pc=004000b0 cycle=460 insn=fec412e3
#341    pc=00400094 cycle=461 insn=0117d713   x14(a4)=00006c14
#342    pc=00400098 cycle=461 insn=00f79793   x15(a5)=0ae18000
#343    pc=0040009c cycle=463 insn=00f767b3   x15(a5)=0ae1ec14
#344    pc=004000a0 cycle=465 insn=00f6c7b3   x15(a5)=0ae1e8ad
#345    pc=004000a4 cycle=469 insn=00f42023
#346    pc=004000a8 cycle=469 insn=fe168693   x13(a3)=0000049a
#347    pc=004000ac cycle=469 insn=00440413   x8(s0/fp)=100000a8
#348    pc=004000b0 cycle=469 insn=fec412e3
#349    pc=00400094 cycle=472 insn=0117d713   x14(a4)=00000570
#350    pc=00400098 cycle=472 insn=00f79793   x15(a5)=f4568000
#351    pc=0040009c cycle=474 insn=00f767b3   x15(a5)=f4568570
#352    pc=004000a0 cycle=476 insn=00f6c7b3   x15(a5)=f45681ea
#353    pc=004000a4 cycle=478 insn=00f42023
#354    pc=004000a8 cycle=478 insn=fe168693   x13(a3)=0000047b
#355    pc=004000ac cycle=478 insn=00440413   x8(s0/fp)=100000ac
#356    pc=004000b0 cycle=480 insn=fec412e3
#357    pc=00400094 cycle=481 insn=0117d713   x14(a4)=00007a2b
#358    pc=00400098 cycle=481 insn=00f79793   x15(a5)=40f50000
#359    pc=0040009c cycle=483 insn=00f767b3   x15(a5)=40f57a2b
#360    pc=004000a0 cycle=485 insn=00f6c7b3   x15(a5)=40f57e50
#361    pc=004000a4 cycle=487 insn=00f42023
#362    pc=004000a8 cycle=487 insn=fe168693   x13(a3)=0000045c
#363    pc=004000ac cycle=487 insn=00440413   x8(s0/fp)=100000b0
#364    pc=004000b0 cycle=489 insn=fec412e3
#365    pc=00400094 cycle=490 insn=0117d713   x14(a4)=0000207a
#366    pc=00400098 cycle=490 insn=00f79793   x15(a5)=bf280000
#367    pc=0040009c cycle=492 insn=00f767b3   x15(a5)=bf28207a
#368    pc=004000a0 cycle=494 insn=00f6c7b3   x15(a5)=bf282426
#369    pc=004000a4 cycle=496 insn=00f42023
#370    pc=004000a8 cycle=496 insn=fe168693   x13(a3)=0000043d
#371    pc=004000ac cycle=496 insn=00440413   x8(s0/fp)=100000b4
#372    pc=004000b0 cycle=498 insn=fec412e3
#373    pc=00400094 cycle=499 insn=0117d713   x14(a4)=00005f94
#374    pc=00400098 cycle=499 insn=00f79793   x15(a5)=12130000
#375    pc=0040009c cycle=501 insn=00f767b3   x15(a5)=12135f94
#376    pc=004000a0 cycle=503 insn=00f6c7b3   x15(a5)=12135ba9
#377    pc=004000a4 cycle=507 insn=00f42023
#378    pc=004000a8 cycle=507 insn=fe168693   x13(a3)=0000041e
#379    pc=004000ac cycle=507 insn=00440413   x8(s0/fp)=100000b8
#380    pc=004000b0 cycle=507 insn=fec412e3
#381    pc=00400094 cycle=510 insn=0117d713   x14(a4)=00000909
#382    pc=00400098 cycle=510 insn=00f79793   x15(a5)=add48000
#383    pc=0040009c cycle=512 insn=00f767b3   x15(a5)=add48909
#384    pc=004000a0 cycle=514 insn=00f6c7b3   x15(a5)=add48d17
#385    pc=004000a4 cycle=516 insn=00f42023
#386    pc=004000a8 cycle=516 insn=fe168693   x13(a3)=000003ff
#387    pc=004000ac cycle=516 insn=00440413   x8(s0/fp)=100000bc
#388    pc=004000b0 cycle=518 insn=fec412e3
#389    pc=00400094 cycle=519 insn=0117d713   x14(a4)=000056ea
#390    pc=00400098 cycle=519 insn=00f79793   x15(a5)=468b8000
#391    pc=0040009c cycle=521 insn=00f767b3   x15(a5)=468bd6ea
#392    pc=004000a0 cycle=523 insn=00f6c7b3   x15(a5)=468bd515
#393    pc=004000a4 cycle=525 insn=00f42023
#394    pc=004000a8 cycle=525 insn=fe168693   x13(a3)=000003e0
#395    pc=004000ac cycle=525 insn=00440413   x8(s0/fp)=100000c0
#396    pc=004000b0 cycle=527 insn=fec412e3
#397    pc=00400094 cycle=528 insn=0117d713   x14(a4)=00002345
#398    pc=00400098 cycle=528 insn=00f79793   x15(a5)=ea8a8000
#399    pc=0040009c cycle=530 insn=00f767b3   x15(a5)=ea8aa345
#400    pc=004000a0 cycle=532 insn=00f6c7b3   x15(a5)=ea8aa0a5
#401    pc=004000a4 cycle=534 insn=00f42023
#402    pc=004000a8 cycle=534 insn=fe168693   x13(a3)=000003c1
#403    pc=004000ac cycle=534 insn=00440413   x8(s0/fp)=100000c4
#404    pc=004000b0 cycle=536 insn=fec412e3
#405    pc=00400094 cycle=537 insn=0117d713   x14(a4)=00007545
#406    pc=00400098 cycle=537 insn=00f79793   x15(a5)=50528000
#407    pc=0040009c cycle=539 insn=00f767b3   x15(a5)=5052f545
#408    pc=004000a0 cycle=541 insn=00f6c7b3   x15(a5)=5052f684
#409    pc=004000a4 cycle=545 insn=00f42023
#410    pc=004000a8 cycle=545 insn=fe168693   x13(a3)=000003a2
#411    pc=004000ac cycle=545 insn=00440413   x8(s0/fp)=100000c8
#412    pc=004000b0 cycle=545 insn=fec412e3
#413    pc=00400094 cycle=548 insn=0117d713   x14(a4)=00002829
#414    pc=00400098 cycle=548 insn=00f79793   x15(a5)=7b420000
#415    pc=0040009c cycle=550 insn=00f767b3   x15(a5)=7b422829
#416    pc=004000a0 cycle=552 insn=00f6c7b3   x15(a5)=7b422b8b
#417    pc=004000a4 cycle=554 insn=00f42023
#418    pc=004000a8 cycle=554 insn=fe168693   x13(a3)=00000383
#419    pc=004000ac cycle=554 insn=00440413   x8(s0/fp)=100000cc
#420    pc=004000b0 cycle=556 insn=fec412e3
#421    pc=00400094 cycle=557 insn=0117d713   x14(a4)=00003da1
#422    pc=00400098 cycle=557 insn=00f79793   x15(a5)=15c58000
#423    pc=0040009c cycle=559 insn=00f767b3   x15(a5)=15c5bda1
#424    pc=004000a0 cycle=561 insn=00f6c7b3   x15(a5)=15c5be22
#425    pc=004000a4 cycle=563 insn=00f42023
#426    pc=004000a8 cycle=563 insn=fe168693   x13(a3)=00000364
#427    pc=004000ac cycle=563 insn=00440413   x8(s0/fp)=100000d0
#428    pc=004000b0 cycle=565 insn=fec412e3
#429    pc=00400094 cycle=566 insn=0117d713   x14(a4)=00000ae2
#430    pc=00400098 cycle=566 insn=00f79793   x15(a5)=df110000
#431    pc=0040009c cycle=568 insn=00f767b3   x15(a5)=df110ae2
#432    pc=004000a0 cycle=570 insn=00f6c7b3   x15(a5)=df110986
#433    pc=004000a4 cycle=572 insn=00f42023
#434    pc=004000a8 cycle=572 insn=fe168693   x13(a3)=00000345
#435    pc=004000ac cycle=572 insn=00440413   x8(s0/fp)=100000d4
#436    pc=004000b0 cycle=574 insn=fec412e3
#437    pc=00400094 cycle=575 insn=0117d713   x14(a4)=00006f88
#438    pc=00400098 cycle=575 insn=00f79793   x15(a5)=84c30000
#439    pc=0040009c cycle=577 insn=00f767b3   x15(a5)=84c36f88
#440    pc=004000a0 cycle=579 insn=00f6c7b3   x15(a5)=84c36ccd
#441    pc=004000a4 cycle=583 insn=00f42023
#442    pc=004000a8 cycle=583 insn=fe168693   x13(a3)=00000326
#443    pc=004000ac cycle=583 insn=00440413   x8(s0/fp)=100000d8
#444    pc=004000b0 cycle=583 insn=fec412e3
#445    pc=00400094 cycle=586 insn=0117d713   x14(a4)=00004261
#446    pc=00400098 cycle=586 insn=00f79793   x15(a5)=b6668000
#447    pc=0040009c cycle=588 insn=00f767b3   x15(a5)=b666c261
#448    pc=004000a0 cycle=590 insn=00f6c7b3   x15(a5)=b666c147
#449    pc=004000a4 cycle=592 insn=00f42023
#450    pc=004000a8 cycle=592 insn=fe168693   x13(a3)=00000307
#451    pc=004000ac cycle=592 insn=00440413   x8(s0/fp)=100000dc
#452    pc=004000b0 cycle=594 insn=fec412e3
#453    pc=00400094 cycle=595 insn=0117d713   x14(a4)=00005b33
#454    pc=00400098 cycle=595 insn=00f79793   x15(a5)=60a38000
#455    pc=0040009c cycle=597 insn=00f767b3   x15(a5)=60a3db33
#456    pc=004000a0 cycle=599 insn=00f6c7b3   x15(a5)=60a3d834
#457    pc=004000a4 cycle=601 insn=00f42023
#458    pc=004000a8 cycle=601 insn=fe168693   x13(a3)=000002e8
#459    pc=004000ac cycle=601 insn=00440413   x8(s0/fp)=100000e0
#460    pc=004000b0 cycle=603 insn=fec412e3
#461    pc=00400094 cycle=604 insn=0117d713   x14(a4)=00003051
#462    pc=00400098 cycle=604 insn=00f79793   x15(a5)=ec1a0000
#463    pc=0040009c cycle=606 insn=00f767b3   x15(a5)=ec1a3051
#464    pc=004000a0 cycle=608 insn=00f6c7b3   x15(a5)=ec1a32b9
#465    pc=004000a4 cycle=610 insn=00f42023
#466    pc=004000a8 cycle=610 insn=fe168693   x13(a3)=000002c9
#467    pc=004000ac cycle=610 insn=00440413   x8(s0/fp)=100000e4
#468    pc=004000b0 cycle=612 insn=fec412e3
#469    pc=00400094 cycle=613 insn=0117d713   x14(a4)=0000760d
#470    pc=00400098 cycle=613 insn=00f79793   x15(a5)=195c8000
#471    pc=0040009c cycle=615 insn=00f767b3   x15(a5)=195cf60d
#472    pc=004000a0 cycle=617 insn=00f6c7b3   x15(a5)=195cf4c4
#473    pc=004000a4 cycle=621 insn=00f42023
#474    pc=004000a8 cycle=621 insn=fe168693   x13(a3)=000002aa
#475    pc=004000ac cycle=621 insn=00440413   x8(s0/fp)=100000e8
#476    pc=004000b0 cycle=621 insn=fec412e3
#477    pc=00400094 cycle=624 insn=0117d713   x14(a4)=00000cae
#478    pc=00400098 cycle=624 insn=00f79793   x15(a5)=7a620000
#479    pc=0040009c cycle=626 insn=00f767b3   x15(a5)=7a620cae
#480    pc=004000a0 cycle=628 insn=00f6c7b3   x15(a5)=7a620e04
#481    pc=004000a4 cycle=630 insn=00f42023
#482    pc=004000a8 cycle=630 insn=fe168693   x13(a3)=0000028b
#483    pc=004000ac cycle=630 insn=00440413   x8(s0/fp)=100000ec
#484    pc=004000b0 cycle=632 insn=fec412e3
#485    pc=00400094 cycle=633 insn=0117d713   x14(a4)=00003d31
#486    pc=00400098 cycle=633 insn=00f79793   x15(a5)=07020000
#487    pc=0040009c cycle=635 insn=00f767b3   x15(a5)=07023d31
#488    pc=004000a0 cycle=637 insn=00f6c7b3   x15(a5)=07023fba
#489    pc=004000a4 cycle=639 insn=00f42023
#490    pc=004000a8 cycle=639 insn=fe168693   x13(a3)=0000026c
#491    pc=004000ac cycle=639 insn=00440413   x8(s0/fp)=100000f0
#492    pc=004000b0 cycle=641 insn=fec412e3
#493    pc=00400094 cycle=642 insn=0117d713   x14(a4)=00000381
#494    pc=00400098 cycle=642 insn=00f79793   x15(a5)=1fdd0000
#495    pc=0040009c cycle=644 insn=00f767b3   x15(a5)=1fdd0381
#496    pc=004000a0 cycle=646 insn=00f6c7b3   x15(a5)=1fdd01ed
#497    pc=004000a4 cycle=648 insn=00f42023
#498    pc=004000a8 cycle=648 insn=fe168693   x13(a3)=0000024d
#499    pc=004000ac cycle=648 insn=00440413   x8(s0/fp)=100000f4
#500    pc=004000b0 cycle=650 insn=fec412e3
#501    pc=00400094 cycle=651 insn=0117d713   x14(a4)=00000fee
#502    pc=00400098 cycle=651 insn=00f79793   x15(a5)=80f68000
#503    pc=0040009c cycle=653 insn=00f767b3   x15(a5)=80f68fee
#504    pc=004000a0 cycle=655 insn=00f6c7b3   x15(a5)=80f68da3
#505    pc=004000a4 cycle=659 insn=00f42023
#506    pc=004000a8 cycle=659 insn=fe168693   x13(a3)=0000022e
#507    pc=004000ac cycle=659 insn=00440413   x8(s0/fp)=100000f8
#508    pc=004000b0 cycle=659 insn=fec412e3
#509    pc=00400094 cycle=662 insn=0117d713   x14(a4)=0000407b
#510    pc=00400098 cycle=662 insn=00f79793   x15(a5)=46d18000
#511    pc=0040009c cycle=664 insn=00f767b3   x15(a5)=46d1c07b
#512    pc=004000a0 cycle=666 insn=00f6c7b3   x15(a5)=46d1c255
#513    pc=004000a4 cycle=668 insn=00f42023
#514    pc=004000a8 cycle=668 insn=fe168693   x13(a3)=0000020f
#515    pc=004000ac cycle=668 insn=00440413   x8(s0/fp)=100000fc
#516    pc=004000b0 cycle=670 insn=fec412e3
#517    pc=00400094 cycle=671 insn=0117d713   x14(a4)=00002368
#518    pc=00400098 cycle=671 insn=00f79793   x15(a5)=e12a8000
#519    pc=0040009c cycle=673 insn=00f767b3   x15(a5)=e12aa368
#520    pc=004000a0 cycle=675 insn=00f6c7b3   x15(a5)=e12aa167
#521    pc=004000a4 cycle=677 insn=00f42023
#522    pc=004000a8 cycle=677 insn=fe168693   x13(a3)=000001f0
#523    pc=004000ac cycle=677 insn=00440413   x8(s0/fp)=10000100
#524    pc=004000b0 cycle=679 insn=fec412e3
#525    pc=00400094 cycle=680 insn=0117d713   x14(a4)=00007095
#526    pc=00400098 cycle=680 insn=00f79793   x15(a5)=50b38000
#527    pc=0040009c cycle=682 insn=00f767b3   x15(a5)=50b3f095
#528    pc=004000a0 cycle=684 insn=00f6c7b3   x15(a5)=50b3f165
#529    pc=004000a4 cycle=686 insn=00f42023
#530    pc=004000a8 cycle=686 insn=fe168693   x13(a3)=000001d1
#531    pc=004000ac cycle=686 insn=00440413   x8(s0/fp)=10000104
#532    pc=004000b0 cycle=688 insn=fec412e3
#533    pc=00400094 cycle=689 insn=0117d713   x14(a4)=00002859
#534    pc=00400098 cycle=689 insn=00f79793   x15(a5)=f8b28000
#535    pc=0040009c cycle=691 insn=00f767b3   x15(a5)=f8b2a859
#536    pc=004000a0 cycle=693 insn=00f6c7b3   x15(a5)=f8b2a988
#537    pc=004000a4 cycle=697 insn=00f42023
#538    pc=004000a8 cycle=697 insn=fe168693   x13(a3)=000001b2
#539    pc=004000ac cycle=697 insn=00440413   x8(s0/fp)=10000108
#540    pc=004000b0 cycle=697 insn=fec412e3
#541    pc=00400094 cycle=700 insn=0117d713   x14(a4)=00007c59
#542    pc=00400098 cycle=700 insn=00f79793   x15(a5)=54c40000
#543    pc=0040009c cycle=702 insn=00f767b3   x15(a5)=54c47c59
#544    pc=004000a0 cycle=704 insn=00f6c7b3   x15(a5)=54c47deb
#545    pc=004000a4 cycle=706 insn=00f42023
#546    pc=004000a8 cycle=706 insn=fe168693   x13(a3)=00000193
#547    pc=004000ac cycle=706 insn=00440413   x8(s0/fp)=1000010c
#548    pc=004000b0 cycle=708 insn=fec412e3
#549    pc=00400094 cycle=709 insn=0117d713   x14(a4)=00002a62
#550    pc=00400098 cycle=709 insn=00f79793   x15(a5)=3ef58000
#551    pc=0040009c cycle=711 insn=00f767b3   x15(a5)=3ef5aa62
#552    pc=004000a0 cycle=713 insn=00f6c7b3   x15(a5)=3ef5abf1
#553    pc=004000a4 cycle=715 insn=00f42023
#554    pc=004000a8 cycle=715 insn=fe168693   x13(a3)=00000174
#555    pc=004000ac cycle=715 insn=00440413   x8(s0/fp)=10000110
#556    pc=004000b0 cycle=717 insn=fec412e3
#557    pc=00400094 cycle=718 insn=0117d713   x14(a4)=00001f7a
#558    pc=00400098 cycle=718 insn=00f79793   x15(a5)=d5f88000
#559    pc=0040009c cycle=720 insn=00f767b3   x15(a5)=d5f89f7a
#560    pc=004000a0 cycle=722 insn=00f6c7b3   x15(a5)=d5f89e0e
#561    pc=004000a4 cycle=724 insn=00f42023
#562    pc=004000a8 cycle=724 insn=fe168693   x13(a3)=00000155
#563    pc=004000ac cycle=724 insn=00440413   x8(s0/fp)=10000114
#564    pc=004000b0 cycle=726 insn=fec412e3
#565    pc=00400094 cycle=727 insn=0117d713   x14(a4)=00006afc
#566    pc=00400098 cycle=727 insn=00f79793   x15(a5)=4f070000
#567    pc=0040009c cycle=729 insn=00f767b3   x15(a5)=4f076afc
#568    pc=004000a0 cycle=731 insn=00f6c7b3   x15(a5)=4f076ba9
#569    pc=004000a4 cycle=735 insn=00f42023
#570    pc=004000a8 cycle=735 insn=fe168693   x13(a3)=00000136
#571    pc=004000ac cycle=735 insn=00440413   x8(s0/fp)=10000118
#572    pc=004000b0 cycle=735 insn=fec412e3
#573    pc=00400094 cycle=738 insn=0117d713   x14(a4)=00002783
#574    pc=00400098 cycle=738 insn=00f79793   x15(a5)=b5d48000
#575    pc=0040009c cycle=740 insn=00f767b3   x15(a5)=b5d4a783
#576    pc=004000a0 cycle=742 insn=00f6c7b3   x15(a5)=b5d4a6b5
#577    pc=004000a4 cycle=744 insn=00f42023
#578    pc=004000a8 cycle=744 insn=fe168693   x13(a3)=00000117
#579    pc=004000ac cycle=744 insn=00440413   x8(s0/fp)=1000011c
#580    pc=004000b0 cycle=746 insn=fec412e3
#581    pc=00400094 cycle=747 insn=0117d713   x14(a4)=00005aea
#582    pc=00400098 cycle=747 insn=00f79793   x15(a5)=535a8000
#583    pc=0040009c cycle=749 insn=00f767b3   x15(a5)=535adaea
#584    pc=004000a0 cycle=751 insn=00f6c7b3   x15(a5)=535adbfd
#585    pc=004000a4 cycle=753 insn=00f42023
#586    pc=004000a8 cycle=753 insn=fe168693   x13(a3)=000000f8
#587    pc=004000ac cycle=753 insn=00440413   x8(s0/fp)=10000120
#588    pc=004000b0 cycle=755 insn=fec412e3
#589    pc=00400094 cycle=756 insn=0117d713   x14(a4)=000029ad
#590    pc=00400098 cycle=756 insn=00f79793   x15(a5)=6dfe8000
#591    pc=0040009c cycle=758 insn=00f767b3   x15(a5)=6dfea9ad
#592    pc=004000a0 cycle=760 insn=00f6c7b3   x15(a5)=6dfea955
#593    pc=004000a4 cycle=762 insn=00f42023
#594    pc=004000a8 cycle=762 insn=fe168693   x13(a3)=000000d9
#595    pc=004000ac cycle=762 insn=00440413   x8(s0/fp)=10000124
#596    pc=004000b0 cycle=764 insn=fec412e3
#597    pc=00400094 cycle=765 insn=0117d713   x14(a4)=000036ff
#598    pc=00400098 cycle=765 insn=00f79793   x15(a5)=54aa8000
#599    pc=0040009c cycle=767 insn=00f767b3   x15(a5)=54aab6ff
#600    pc=004000a0 cycle=769 insn=00f6c7b3   x15(a5)=54aab626
#601    pc=004000a4 cycle=773 insn=00f42023
#602    pc=004000a8 cycle=773 insn=fe168693   x13(a3)=000000ba
#603    pc=004000ac cycle=773 insn=00440413   x8(s0/fp)=10000128
#604    pc=004000b0 cycle=773 insn=fec412e3
#605    pc=00400094 cycle=776 insn=0117d713   x14(a4)=00002a55
#606    pc=00400098 cycle=776 insn=00f79793   x15(a5)=5b130000
#607    pc=0040009c cycle=778 insn=00f767b3   x15(a5)=5b132a55
#608    pc=004000a0 cycle=780 insn=00f6c7b3   x15(a5)=5b132aef
#609    pc=004000a4 cycle=782 insn=00f42023
#610    pc=004000a8 cycle=782 insn=fe168693   x13(a3)=0000009b
#611    pc=004000ac cycle=782 insn=00440413   x8(s0/fp)=1000012c
#612    pc=004000b0 cycle=784 insn=fec412e3
#613    pc=00400094 cycle=785 insn=0117d713   x14(a4)=00002d89
#614    pc=00400098 cycle=785 insn=00f79793   x15(a5)=95778000
#615    pc=0040009c cycle=787 insn=00f767b3   x15(a5)=9577ad89
#616    pc=004000a0 cycle=789 insn=00f6c7b3   x15(a5)=9577ad12
#617    pc=004000a4 cycle=791 insn=00f42023
#618    pc=004000a8 cycle=791 insn=fe168693   x13(a3)=0000007c
#619    pc=004000ac cycle=791 insn=00440413   x8(s0/fp)=10000130
#620    pc=004000b0 cycle=793 insn=fec412e3
#621    pc=00400094 cycle=794 insn=0117d713   x14(a4)=00004abb
#622    pc=00400098 cycle=794 insn=00f79793   x15(a5)=d6890000
#623    pc=0040009c cycle=796 insn=00f767b3   x15(a5)=d6894abb
#624    pc=004000a0 cycle=798 insn=00f6c7b3   x15(a5)=d6894ac7
#625    pc=004000a4 cycle=800 insn=00f42023
#626    pc=004000a8 cycle=800 insn=fe168693   x13(a3)=0000005d
#627    pc=004000ac cycle=800 insn=00440413   x8(s0/fp)=10000134
#628    pc=004000b0 cycle=802 insn=fec412e3
#629    pc=00400094 cycle=803 insn=0117d713   x14(a4)=00006b44
#630    pc=00400098 cycle=803 insn=00f79793   x15(a5)=a5638000
#631    pc=0040009c cycle=805 insn=00f767b3   x15(a5)=a563eb44
#632    pc=004000a0 cycle=807 insn=00f6c7b3   x15(a5)=a563eb19
#633    pc=004000a4 cycle=811 insn=00f42023
#634    pc=004000a8 cycle=811 insn=fe168693   x13(a3)=0000003e
#635    pc=004000ac cycle=811 insn=00440413   x8(s0/fp)=10000138
#636    pc=004000b0 cycle=811 insn=fec412e3
#637    pc=00400094 cycle=814 insn=0117d713   x14(a4)=000052b1
#638    pc=00400098 cycle=814 insn=00f79793   x15(a5)=f58c8000
#639    pc=0040009c cycle=816 insn=00f767b3   x15(a5)=f58cd2b1
#640    pc=004000a0 cycle=818 insn=00f6c7b3   x15(a5)=f58cd28f
#641    pc=004000a4 cycle=820 insn=00f42023
#642    pc=004000a8 cycle=820 insn=fe168693   x13(a3)=0000001f
#643    pc=004000ac cycle=820 insn=00440413   x8(s0/fp)=1000013c
#644    pc=004000b0 cycle=822 insn=fec412e3
#645    pc=00400094 cycle=823 insn=0117d713   x14(a4)=00007ac6
#646    pc=00400098 cycle=823 insn=00f79793   x15(a5)=69478000
#647    pc=0040009c cycle=825 insn=00f767b3   x15(a5)=6947fac6
#648    pc=004000a0 cycle=827 insn=00f6c7b3   x15(a5)=6947fad9
#649    pc=004000a4 cycle=829 insn=00f42023
#650    pc=004000a8 cycle=829 insn=fe168693   x13(a3)=00000000
#651    pc=004000ac cycle=829 insn=00440413   x8(s0/fp)=10000140
#652    pc=004000b0 cycle=831 insn=fec412e3
#653    pc=004000b4 cycle=837 insn=05000593   x11(a1)=00000050
#654    pc=004000b8 cycle=837 insn=10000537   x10(a0)=10000000
#655    pc=004000bc cycle=839 insn=00050513
#656    pc=004000c0 cycle=839 insn=00000097   x1(ra)=004000c0
#657    pc=004000c4 cycle=841 insn=f54080e7   x1(ra)=004000c8
#658    pc=00400014 cycle=855 insn=00259613   x12(a2)=00000140
#659    pc=00400018 cycle=857 insn=00c50633   x12(a2)=10000140
#660    pc=0040001c cycle=857 insn=00000313
#661    pc=00400020 cycle=864 insn=00100893   x17(a7)=00000001
#662    pc=00400024 cycle=864 insn=fff58593   x11(a1)=0000004f
#663    pc=00400028 cycle=867 insn=02b05e63
#664    pc=0040002c cycle=867 insn=00450793   x15(a5)=10000004
#665    pc=00400030 cycle=873 insn=00030813
#666    pc=00400034 cycle=874 insn=00c0006f
#667    pc=00400040 cycle=887 insn=ffc7a683   x13(a3)=000009b0
#668    pc=00400044 cycle=888 insn=0007a703   x14(a4)=04d80991
#669    pc=00400048 cycle=891 insn=fed758e3
#670    pc=00400038 cycle=897 insn=00478793   x15(a5)=10000008
#671    pc=0040003c cycle=900 insn=02c78063
#672    pc=00400040 cycle=902 insn=ffc7a683   x13(a3)=04d80991
#673    pc=00400044 cycle=903 insn=0007a703   x14(a4)=04c88b1e
#674    pc=00400048 cycle=906 insn=fed758e3
#675    pc=0040004c cycle=907 insn=00d7a023
#676    pc=00400050 cycle=918 insn=fee7ae23
#677    pc=00400054 cycle=918 insn=00088813   x16(a6)=00000001
#678    pc=00400058 cycle=918 insn=fe1ff06f
#679    pc=00400038 cycle=918 insn=00478793   x15(a5)=1000000c
#680    pc=0040003c cycle=922 insn=02c78063
#681    pc=00400040 cycle=925 insn=ffc7a683   x13(a3)=04c88b1e
#682    pc=00400044 cycle=926 insn=0007a703   x14(a4)=458f0b37
#683    pc=00400048 cycle=929 insn=fed758e3
#684    pc=00400038 cycle=935 insn=00478793   x15(a5)=10000010
#685    pc=0040003c cycle=938 insn=02c78063
#686    pc=00400040 cycle=940 insn=ffc7a683   x13(a3)=458f0b37
#687    pc=00400044 cycle=941 insn=0007a703   x14(a4)=859babf3
#688    pc=00400048 cycle=944 insn=fed758e3
#689    pc=0040004c cycle=945 insn=00d7a023
#690    pc=00400050 cycle=948 insn=fee7ae23
#691    pc=00400054 cycle=948 insn=00088813
#692    pc=00400058 cycle=948 insn=fe1ff06f
#693    pc=00400038 cycle=948 insn=00478793   x15(a5)=10000014
#694    pc=0040003c cycle=952 insn=02c78063
#695    pc=00400040 cycle=955 insn=ffc7a683   x13(a3)=859babf3
#696    pc=00400044 cycle=956 insn=0007a703   x14(a4)=d5f9cbd8
#697    pc=00400048 cycle=959 insn=fed758e3
#698    pc=00400038 cycle=965 insn=00478793   x15(a5)=10000018
#699    pc=0040003c cycle=968 insn=02c78063
#700    pc=00400040 cycle=970 insn=ffc7a683   x13(a3)=d5f9cbd8
#701    pc=00400044 cycle=971 insn=0007a703   x14(a4)=e5ec620a
#702    pc=00400048 cycle=974 insn=fed758e3
#703    pc=00400038 cycle=980 insn=00478793   x15(a5)=1000001c
#704    pc=0040003c cycle=983 insn=02c78063
#705    pc=00400040 cycle=985 insn=ffc7a683   x13(a3)=e5ec620a
#706    pc=00400044 cycle=986 insn=0007a703   x14(a4)=31057a21
#707    pc=00400048 cycle=989 insn=fed758e3
#708    pc=00400038 cycle=989 insn=00478793   x15(a5)=10000020
#709    pc=0040003c cycle=990 insn=02c78063
#710    pc=00400040 cycle=992 insn=ffc7a683   x13(a3)=31057a21
#711    pc=00400044 cycle=995 insn=0007a703   x14(a4)=bd10903a
#712    pc=00400048 cycle=998 insn=fed758e3
#713    pc=0040004c cycle=1004 insn=00d7a023
#714    pc=00400050 cycle=1007 insn=fee7ae23
#715    pc=00400054 cycle=1007 insn=00088813
#716    pc=00400058 cycle=1007 insn=fe1ff06f
#717    pc=00400038 cycle=1008 insn=00478793   x15(a5)=10000024
#718    pc=0040003c cycle=1011 insn=02c78063
#719    pc=00400040 cycle=1014 insn=ffc7a683
#720    pc=00400044 cycle=1015 insn=0007a703   x14(a4)=481d5611
#721    pc=00400048 cycle=1018 insn=fed758e3
#722    pc=00400038 cycle=1024 insn=00478793   x15(a5)=10000028
#723    pc=0040003c cycle=1027 insn=02c78063
#724    pc=00400040 cycle=1029 insn=ffc7a683   x13(a3)=481d5611
#725    pc=00400044 cycle=1030 insn=0007a703   x14(a4)=ab08ac74
#726    pc=00400048 cycle=1033 insn=fed758e3
#727    pc=0040004c cycle=1039 insn=00d7a023
#728    pc=00400050 cycle=1042 insn=fee7ae23
#729    pc=00400054 cycle=1042 insn=00088813
#730    pc=00400058 cycle=1042 insn=fe1ff06f
#731    pc=00400038 cycle=1043 insn=00478793   x15(a5)=1000002c
#732    pc=0040003c cycle=1046 insn=02c78063
#733    pc=00400040 cycle=1049 insn=ffc7a683
#734    pc=00400044 cycle=1050 insn=0007a703   x14(a4)=563a5ddf
#735    pc=00400048 cycle=1053 insn=fed758e3
#736    pc=00400038 cycle=1059 insn=00478793   x15(a5)=10000030
#737    pc=0040003c cycle=1062 insn=02c78063
#738    pc=00400040 cycle=1064 insn=ffc7a683   x13(a3)=563a5ddf
#739    pc=00400044 cycle=1065 insn=0007a703   x14(a4)=2eefa321
#740    pc=00400048 cycle=1068 insn=fed758e3
#741    pc=0040004c cycle=1074 insn=00d7a023
#742    pc=00400050 cycle=1077 insn=fee7ae23
#743    pc=00400054 cycle=1077 insn=00088813
#744    pc=00400058 cycle=1077 insn=fe1ff06f
#745    pc=00400038 cycle=1078 insn=00478793   x15(a5)=10000034
#746    pc=0040003c cycle=1081 insn=02c78063
#747    pc=00400040 cycle=1084 insn=ffc7a683
#748    pc=00400044 cycle=1085 insn=0007a703   x14(a4)=d1909f6a
#749    pc=00400048 cycle=1088 insn=fed758e3
#750    pc=0040004c cycle=1089 insn=00d7a023
#751    pc=00400050 cycle=1092 insn=fee7ae23
#752    pc=00400054 cycle=1092 insn=00088813
#753    pc=00400058 cycle=1092 insn=fe1ff06f
#754    pc=00400038 cycle=1092 insn=00478793   x15(a5)=10000038
#755    pc=0040003c cycle=1096 insn=02c78063
#756    pc=00400040 cycle=1099 insn=ffc7a683   x13(a3)=d1909f6a
#757    pc=00400044 cycle=1100 insn=0007a703   x14(a4)=4fb56f36
#758    pc=00400048 cycle=1103 insn=fed758e3
#759    pc=00400038 cycle=1109 insn=00478793   x15(a5)=1000003c
#760    pc=0040003c cycle=1112 insn=02c78063
#761    pc=00400040 cycle=1114 insn=ffc7a683   x13(a3)=4fb56f36
#762    pc=00400044 cycle=1115 insn=0007a703   x14(a4)=b79b2005
#763    pc=00400048 cycle=1118 insn=fed758e3
#764    pc=0040004c cycle=1119 insn=00d7a023
#765    pc=00400050 cycle=1122 insn=fee7ae23
#766    pc=00400054 cycle=1122 insn=00088813
#767    pc=00400058 cycle=1122 insn=fe1ff06f
#768    pc=00400038 cycle=1122 insn=00478793   x15(a5)=10000040
#769    pc=0040003c cycle=1126 insn=02c78063
#770    pc=00400040 cycle=1129 insn=ffc7a683   x13(a3)=b79b2005
#771    pc=00400044 cycle=1130 insn=0007a703   x14(a4)=9002dc0d
#772    pc=00400048 cycle=1133 insn=fed758e3
#773    pc=0040004c cycle=1134 insn=00d7a023
#774    pc=00400050 cycle=1137 insn=fee7ae23
#775    pc=00400054 cycle=1137 insn=00088813
#776    pc=00400058 cycle=1137 insn=fe1ff06f
#777    pc=00400038 cycle=1137 insn=00478793   x15(a5)=10000044
#778    pc=0040003c cycle=1141 insn=02c78063
#779    pc=00400040 cycle=1144 insn=ffc7a683
#780    pc=00400044 cycle=1145 insn=0007a703   x14(a4)=6e06cfa0
#781    pc=00400048 cycle=1148 insn=fed758e3
#782    pc=00400038 cycle=1154 insn=00478793   x15(a5)=10000048
#783    pc=0040003c cycle=1157 insn=02c78063
#784    pc=00400040 cycle=1159 insn=ffc7a683   x13(a3)=6e06cfa0
#785    pc=00400044 cycle=1160 insn=0007a703   x14(a4)=67d03081
#786    pc=00400048 cycle=1163 insn=fed758e3
#787    pc=0040004c cycle=1164 insn=00d7a023
#788    pc=00400050 cycle=1167 insn=fee7ae23
#789    pc=00400054 cycle=1167 insn=00088813
#790    pc=00400058 cycle=1167 insn=fe1ff06f
#791    pc=00400038 cycle=1167 insn=00478793   x15(a5)=1000004c
#792    pc=0040003c cycle=1171 insn=02c78063
#793    pc=00400040 cycle=1174 insn=ffc7a683   x13(a3)=67d03081
#794    pc=00400044 cycle=1175 insn=0007a703   x14(a4)=1840b48b
#795    pc=00400048 cycle=1178 insn=fed758e3
#796    pc=0040004c cycle=1179 insn=00d7a023
#797    pc=00400050 cycle=1182 insn=fee7ae23
#798    pc=00400054 cycle=1182 insn=00088813
#799    pc=00400058 cycle=1182 insn=fe1ff06f
#800    pc=00400038 cycle=1182 insn=00478793   x15(a5)=10000050
#801    pc=0040003c cycle=1186 insn=02c78063
#802    pc=00400040 cycle=1189 insn=ffc7a683
#803    pc=00400044 cycle=1190 insn=0007a703   x14(a4)=5a458b64
#804    pc=00400048 cycle=1193 insn=fed758e3
#805    pc=0040004c cycle=1194 insn=00d7a023
#806    pc=00400050 cycle=1197 insn=fee7ae23
#807    pc=00400054 cycle=1197 insn=00088813
#808    pc=00400058 cycle=1197 insn=fe1ff06f
#809    pc=00400038 cycle=1197 insn=00478793   x15(a5)=10000054
#810    pc=0040003c cycle=1201 insn=02c78063
#811    pc=00400040 cycle=1204 insn=ffc7a683
#812    pc=00400044 cycle=1205 insn=0007a703   x14(a4)=c5b22a07
#813    pc=00400048 cycle=1208 insn=fed758e3
#814    pc=0040004c cycle=1209 insn=00d7a023
#815    pc=00400050 cycle=1212 insn=fee7ae23
#816    pc=00400054 cycle=1212 insn=00088813
#817    pc=00400058 cycle=1212 insn=fe1ff06f
#818    pc=00400038 cycle=1212 insn=00478793   x15(a5)=10000058
#819    pc=0040003c cycle=1216 insn=02c78063
#820    pc=00400040 cycle=1219 insn=ffc7a683
#821    pc=00400044 cycle=1220 insn=0007a703   x14(a4)=1503e5df
#822    pc=00400048 cycle=1223 insn=fed758e3
#823    pc=0040004c cycle=1224 insn=00d7a023
#824    pc=00400050 cycle=1227 insn=fee7ae23
#825    pc=00400054 cycle=1227 insn=00088813
#826    pc=00400058 cycle=1227 insn=fe1ff06f
#827    pc=00400038 cycle=1227 insn=00478793   x15(a5)=1000005c
#828    pc=0040003c cycle=1231 insn=02c78063
#829    pc=00400040 cycle=1234 insn=ffc7a683
#830    pc=00400044 cycle=1235 insn=0007a703   x14(a4)=f2ef8c66
#831    pc=00400048 cycle=1238 insn=fed758e3
#832    pc=0040004c cycle=1239 insn=00d7a023
#833    pc=00400050 cycle=1242 insn=fee7ae23
#834    pc=00400054 cycle=1242 insn=00088813
#835    pc=00400058 cycle=1242 insn=fe1ff06f
#836    pc=00400038 cycle=1242 insn=00478793   x15(a5)=10000060
#837    pc=0040003c cycle=1246 insn=02c78063
#838    pc=00400040 cycle=1249 insn=ffc7a683
#839    pc=00400044 cycle=1250 insn=0007a703   x14(a4)=c6337fbf
#840    pc=00400048 cycle=1253 insn=fed758e3
#841    pc=0040004c cycle=1254 insn=00d7a023
#842    pc=00400050 cycle=1257 insn=fee7ae23
#843    pc=00400054 cycle=1257 insn=00088813
#844    pc=00400058 cycle=1257 insn=fe1ff06f
#845    pc=00400038 cycle=1257 insn=00478793   x15(a5)=10000064
#846    pc=0040003c cycle=1261 insn=02c78063
#847    pc=00400040 cycle=1264 insn=ffc7a683
#848    pc=00400044 cycle=1265 insn=0007a703   x14(a4)=bfdfe5b0
#849    pc=00400048 cycle=1268 insn=fed758e3
#850    pc=0040004c cycle=1269 insn=00d7a023
#851    pc=00400050 cycle=1272 insn=fee7ae23
#852    pc=00400054 cycle=1272 insn=00088813
#853    pc=00400058 cycle=1272 insn=fe1ff06f
#854    pc=00400038 cycle=1272 insn=00478793   x15(a5)=10000068
#855    pc=0040003c cycle=1276 insn=02c78063
#856    pc=00400040 cycle=1279 insn=ffc7a683
#857    pc=00400044 cycle=1280 insn=0007a703   x14(a4)=f2d85965
#858    pc=00400048 cycle=1283 insn=fed758e3
#859    pc=0040004c cycle=1284 insn=00d7a023
#860    pc=00400050 cycle=1287 insn=fee7ae23
#861    pc=00400054 cycle=1287 insn=00088813
#862    pc=00400058 cycle=1287 insn=fe1ff06f
#863    pc=00400038 cycle=1287 insn=00478793   x15(a5)=1000006c
#864    pc=0040003c cycle=1291 insn=02c78063
#865    pc=00400040 cycle=1294 insn=ffc7a683
#866    pc=00400044 cycle=1295 insn=0007a703   x14(a4)=2cb2ff07
#867    pc=00400048 cycle=1298 insn=fed758e3
#868    pc=0040004c cycle=1299 insn=00d7a023
#869    pc=00400050 cycle=1302 insn=fee7ae23
#870    pc=00400054 cycle=1302 insn=00088813
#871    pc=00400058 cycle=1302 insn=fe1ff06f
#872    pc=00400038 cycle=1302 insn=00478793   x15(a5)=10000070
#873    pc=0040003c cycle=1306 insn=02c78063
#874    pc=00400040 cycle=1309 insn=ffc7a683
#875    pc=00400044 cycle=1310 insn=0007a703   x14(a4)=7f839015
#876    pc=00400048 cycle=1313 insn=fed758e3
#877    pc=00400038 cycle=1319 insn=00478793   x15(a5)=10000074
#878    pc=0040003c cycle=1322 insn=02c78063
#879    pc=00400040 cycle=1324 insn=ffc7a683   x13(a3)=7f839015
#880    pc=00400044 cycle=1325 insn=0007a703   x14(a4)=c80ab9ec
#881    pc=00400048 cycle=1328 insn=fed758e3
#882    pc=0040004c cycle=1329 insn=00d7a023
#883    pc=00400050 cycle=1332 insn=fee7ae23
#884    pc=00400054 cycle=1332 insn=00088813
#885    pc=00400058 cycle=1332 insn=fe1ff06f
#886    pc=00400038 cycle=1332 insn=00478793   x15(a5)=10000078
#887    pc=0040003c cycle=1336 insn=02c78063
#888    pc=00400040 cycle=1339 insn=ffc7a683   x13(a3)=c80ab9ec
#889    pc=00400044 cycle=1340 insn=0007a703   x14(a4)=5cf6620b
#890    pc=00400048 cycle=1343 insn=fed758e3
#891    pc=00400038 cycle=1349 insn=00478793   x15(a5)=1000007c
#892    pc=0040003c cycle=1352 insn=02c78063
#893    pc=00400040 cycle=1354 insn=ffc7a683   x13(a3)=5cf6620b
#894    pc=00400044 cycle=1355 insn=0007a703   x14(a4)=3105ab94
#895    pc=00400048 cycle=1358 insn=fed758e3
#896    pc=0040004c cycle=1359 insn=00d7a023
#897    pc=00400050 cycle=1362 insn=fee7ae23
#898    pc=00400054 cycle=1362 insn=00088813
#899    pc=00400058 cycle=1362 insn=fe1ff06f
#900    pc=00400038 cycle=1362 insn=00478793   x15(a5)=10000080
#901    pc=0040003c cycle=1366 insn=02c78063
#902    pc=00400040 cycle=1369 insn=ffc7a683   x13(a3)=3105ab94
#903    pc=00400044 cycle=1370 insn=0007a703   x14(a4)=d5ca1d52
#904    pc=00400048 cycle=1373 insn=fed758e3
#905    pc=0040004c cycle=1374 insn=00d7a023
#906    pc=00400050 cycle=1377 insn=fee7ae23
#907    pc=00400054 cycle=1377 insn=00088813
#908    pc=00400058 cycle=1377 insn=fe1ff06f
#909    pc=00400038 cycle=1377 insn=00478793   x15(a5)=10000084
#910    pc=0040003c cycle=1381 insn=02c78063
#911    pc=00400040 cycle=1384 insn=ffc7a683
#912    pc=00400044 cycle=1385 insn=0007a703   x14(a4)=0ea96f54
#913    pc=00400048 cycle=1388 insn=fed758e3
#914    pc=0040004c cycle=1389 insn=00d7a023
#915    pc=00400050 cycle=1392 insn=fee7ae23
#916    pc=00400054 cycle=1392 insn=00088813
#917    pc=00400058 cycle=1392 insn=fe1ff06f
#918    pc=00400038 cycle=1392 insn=00478793   x15(a5)=10000088
#919    pc=0040003c cycle=1396 insn=02c78063
#920    pc=00400040 cycle=1399 insn=ffc7a683
#921    pc=00400044 cycle=1400 insn=0007a703   x14(a4)=b7aa02c6
#922    pc=00400048 cycle=1403 insn=fed758e3
#923    pc=0040004c cycle=1404 insn=00d7a023
#924    pc=00400050 cycle=1407 insn=fee7ae23
#925    pc=00400054 cycle=1407 insn=00088813
#926    pc=00400058 cycle=1407 insn=fe1ff06f
#927    pc=00400038 cycle=1407 insn=00478793   x15(a5)=1000008c
#928    pc=0040003c cycle=1411 insn=02c78063
#929    pc=00400040 cycle=1414 insn=ffc7a683
#930    pc=00400044 cycle=1415 insn=0007a703   x14(a4)=01635ea6
#931    pc=00400048 cycle=1418 insn=fed758e3
#932    pc=0040004c cycle=1419 insn=00d7a023
#933    pc=00400050 cycle=1422 insn=fee7ae23
#934    pc=00400054 cycle=1422 insn=00088813
#935    pc=00400058 cycle=1422 insn=fe1ff06f
#936    pc=00400038 cycle=1422 insn=00478793   x15(a5)=10000090
#937    pc=0040003c cycle=1426 insn=02c78063
#938    pc=00400040 cycle=1429 insn=ffc7a683
#939    pc=00400044 cycle=1430 insn=0007a703   x14(a4)=af5305e5
#940    pc=00400048 cycle=1433 insn=fed758e3
#941    pc=0040004c cycle=1434 insn=00d7a023
#942    pc=00400050 cycle=1437 insn=fee7ae23
#943    pc=00400054 cycle=1437 insn=00088813
#944    pc=00400058 cycle=1437 insn=fe1ff06f
#945    pc=00400038 cycle=1437 insn=00478793   x15(a5)=10000094
#946    pc=0040003c cycle=1441 insn=02c78063
#947    pc=00400040 cycle=1444 insn=ffc7a683
#948    pc=00400044 cycle=1445 insn=0007a703   x14(a4)=82f2d29c
#949    pc=00400048 cycle=1448 insn=fed758e3
#950    pc=0040004c cycle=1449 insn=00d7a023
#951    pc=00400050 cycle=1452 insn=fee7ae23
#952    pc=00400054 cycle=1452 insn=00088813
#953    pc=00400058 cycle=1452 insn=fe1ff06f
#954    pc=00400038 cycle=1452 insn=00478793   x15(a5)=10000098
#955    pc=0040003c cycle=1456 insn=02c78063
#956    pc=00400040 cycle=1459 insn=ffc7a683
#957    pc=00400044 cycle=1460 insn=0007a703   x14(a4)=694e446f
#958    pc=00400048 cycle=1463 insn=fed758e3
#959    pc=00400038 cycle=1469 insn=00478793   x15(a5)=1000009c
#960    pc=0040003c cycle=1472 insn=02c78063
#961    pc=00400040 cycle=1474 insn=ffc7a683   x13(a3)=694e446f
#962    pc=00400044 cycle=1475 insn=0007a703   x14(a4)=2237b050
#963    pc=00400048 cycle=1478 insn=fed758e3
#964    pc=0040004c cycle=1479 insn=00d7a023
#965    pc=00400050 cycle=1482 insn=fee7ae23
#966    pc=00400054 cycle=1482 insn=00088813
#967    pc=00400058 cycle=1482 insn=fe1ff06f
#968    pc=00400038 cycle=1482 insn=00478793   x15(a5)=100000a0
#969    pc=0040003c cycle=1486 insn=02c78063
#970    pc=00400040 cycle=1489 insn=ffc7a683   x13(a3)=2237b050
#971    pc=00400044 cycle=1490 insn=0007a703   x14(a4)=d82815c3
#972    pc=00400048 cycle=1493 insn=fed758e3
#973    pc=0040004c cycle=1494 insn=00d7a023
#974    pc=00400050 cycle=1497 insn=fee7ae23
#975    pc=00400054 cycle=1497 insn=00088813
#976    pc=00400058 cycle=1497 insn=fe1ff06f
#977    pc=00400038 cycle=1497 insn=00478793   x15(a5)=100000a4
#978    pc=0040003c cycle=1501 insn=02c78063
#979    pc=00400040 cycle=1504 insn=ffc7a683
#980    pc=00400044 cycle=1505 insn=0007a703   x14(a4)=0ae1e8ad
#981    pc=00400048 cycle=1508 insn=fed758e3
#982    pc=0040004c cycle=1509 insn=00d7a023
#983    pc=00400050 cycle=1512 insn=fee7ae23
#984    pc=00400054 cycle=1512 insn=00088813
#985    pc=00400058 cycle=1512 insn=fe1ff06f
#986    pc=00400038 cycle=1512 insn=00478793   x15(a5)=100000a8
#987    pc=0040003c cycle=1516 insn=02c78063
#988    pc=00400040 cycle=1519 insn=ffc7a683
#989    pc=00400044 cycle=1520 insn=0007a703   x14(a4)=f45681ea
#990    pc=00400048 cycle=1523 insn=fed758e3
#991    pc=0040004c cycle=1524 insn=00d7a023
#992    pc=00400050 cycle=1527 insn=fee7ae23
#993    pc=00400054 cycle=1527 insn=00088813
#994    pc=00400058 cycle=1527 insn=fe1ff06f
#995    pc=00400038 cycle=1527 insn=00478793   x15(a5)=100000ac
#996    pc=0040003c cycle=1531 insn=02c78063
#997    pc=00400040 cycle=1534 insn=ffc7a683
#998    pc=00400044 cycle=1535 insn=0007a703   x14(a4)=40f57e50
#999    pc=00400048 cycle=1538 insn=fed758e3
#1000   pc=00400038 cycle=1544 insn=00478793   x15(a5)=100000b0
#1001   pc=0040003c cycle=1547 insn=02c78063
#1002   pc=00400040 cycle=1549 insn=ffc7a683   x13(a3)=40f57e50
#1003   pc=00400044 cycle=1550 insn=0007a703   x14(a4)=bf282426
#1004   pc=00400048 cycle=1553 insn=fed758e3
#1005   pc=0040004c cycle=1554 insn=00d7a023
#1006   pc=00400050 cycle=1557 insn=fee7ae23
#1007   pc=00400054 cycle=1557 insn=00088813
#1008   pc=00400058 cycle=1557 insn=fe1ff06f
#1009   pc=00400038 cycle=1557 insn=00478793   x15(a5)=100000b4
#1010   pc=0040003c cycle=1561 insn=02c78063
#1011   pc=00400040 cycle=1564 insn=ffc7a683   x13(a3)=bf282426
#1012   pc=00400044 cycle=1565 insn=0007a703   x14(a4)=12135ba9
#1013   pc=00400048 cycle=1568 insn=fed758e3
#1014   pc=00400038 cycle=1574 insn=00478793   x15(a5)=100000b8
#1015   pc=0040003c cycle=1577 insn=02c78063
#1016   pc=00400040 cycle=1579 insn=ffc7a683   x13(a3)=12135ba9
#1017   pc=00400044 cycle=1580 insn=0007a703   x14(a4)=add48d17
#1018   pc=00400048 cycle=1583 insn=fed758e3
#1019   pc=0040004c cycle=1584 insn=00d7a023
#1020   pc=00400050 cycle=1587 insn=fee7ae23
#1021   pc=00400054 cycle=1587 insn=00088813
#1022   pc=00400058 cycle=1587 insn=fe1ff06f
#1023   pc=00400038 cycle=1587 insn=00478793   x15(a5)=100000bc
#1024   pc=0040003c cycle=1591 insn=02c78063
#1025   pc=00400040 cycle=1594 insn=ffc7a683   x13(a3)=add48d17
#1026   pc=00400044 cycle=1595 insn=0007a703   x14(a4)=468bd515
#1027   pc=00400048 cycle=1598 insn=fed758e3
#1028   pc=00400038 cycle=1604 insn=00478793   x15(a5)=100000c0
#1029   pc=0040003c cycle=1607 insn=02c78063
#1030   pc=00400040 cycle=1609 insn=ffc7a683   x13(a3)=468bd515
#1031   pc=00400044 cycle=1610 insn=0007a703   x14(a4)=ea8aa0a5
#1032   pc=00400048 cycle=1613 insn=fed758e3
#1033   pc=0040004c cycle=1614 insn=00d7a023
#1034   pc=00400050 cycle=1617 insn=fee7ae23
#1035   pc=00400054 cycle=1617 insn=00088813
#1036   pc=00400058 cycle=1617 insn=fe1ff06f
#1037   pc=00400038 cycle=1617 insn=00478793   x15(a5)=100000c4
#1038   pc=0040003c cycle=1621 insn=02c78063
#1039   pc=00400040 cycle=1624 insn=ffc7a683   x13(a3)=ea8aa0a5
#1040   pc=00400044 cycle=1625 insn=0007a703   x14(a4)=5052f684
#1041   pc=00400048 cycle=1628 insn=fed758e3
#1042   pc=00400038 cycle=1634 insn=00478793   x15(a5)=100000c8
#1043   pc=0040003c cycle=1637 insn=02c78063
#1044   pc=00400040 cycle=1639 insn=ffc7a683   x13(a3)=5052f684
#1045   pc=00400044 cycle=1640 insn=0007a703   x14(a4)=7b422b8b
#1046   pc=00400048 cycle=1643 insn=fed758e3
#1047   pc=00400038 cycle=1649 insn=00478793   x15(a5)=100000cc
#1048   pc=0040003c cycle=1652 insn=02c78063
#1049   pc=00400040 cycle=1654 insn=ffc7a683   x13(a3)=7b422b8b
#1050   pc=00400044 cycle=1655 insn=0007a703   x14(a4)=15c5be22
#1051   pc=00400048 cycle=1658 insn=fed758e3
#1052   pc=0040004c cycle=1664 insn=00d7a023
#1053   pc=00400050 cycle=1667 insn=fee7ae23
#1054   pc=00400054 cycle=1667 insn=00088813
#1055   pc=00400058 cycle=1667 insn=fe1ff06f
#1056   pc=00400038 cycle=1668 insn=00478793   x15(a5)=100000d0
#1057   pc=0040003c cycle=1671 insn=02c78063
#1058   pc=00400040 cycle=1674 insn=ffc7a683
#1059   pc=00400044 cycle=1675 insn=0007a703   x14(a4)=df110986
#1060   pc=00400048 cycle=1678 insn=fed758e3
#1061   pc=0040004c cycle=1679 insn=00d7a023
#1062   pc=00400050 cycle=1682 insn=fee7ae23
#1063   pc=00400054 cycle=1682 insn=00088813
#1064   pc=00400058 cycle=1682 insn=fe1ff06f
#1065   pc=00400038 cycle=1682 insn=00478793   x15(a5)=100000d4
#1066   pc=0040003c cycle=1686 insn=02c78063
#1067   pc=00400040 cycle=1689 insn=ffc7a683   x13(a3)=df110986
#1068   pc=00400044 cycle=1690 insn=0007a703   x14(a4)=84c36ccd
#1069   pc=00400048 cycle=1693 insn=fed758e3
#1070   pc=0040004c cycle=1694 insn=00d7a023
#1071   pc=00400050 cycle=1697 insn=fee7ae23
#1072   pc=00400054 cycle=1697 insn=00088813
#1073   pc=00400058 cycle=1697 insn=fe1ff06f
#1074   pc=00400038 cycle=1697 insn=00478793   x15(a5)=100000d8
#1075   pc=0040003c cycle=1701 insn=02c78063
#1076   pc=00400040 cycle=1704 insn=ffc7a683
#1077   pc=00400044 cycle=1705 insn=0007a703   x14(a4)=b666c147
#1078   pc=00400048 cycle=1708 insn=fed758e3
#1079   pc=0040004c cycle=1709 insn=00d7a023
#1080   pc=00400050 cycle=1712 insn=fee7ae23
#1081   pc=00400054 cycle=1712 insn=00088813
#1082   pc=00400058 cycle=1712 insn=fe1ff06f
#1083   pc=00400038 cycle=1712 insn=00478793   x15(a5)=100000dc
#1084   pc=0040003c cycle=1716 insn=02c78063
#1085   pc=00400040 cycle=1719 insn=ffc7a683
#1086   pc=00400044 cycle=1720 insn=0007a703   x14(a4)=60a3d834
#1087   pc=00400048 cycle=1723 insn=fed758e3
#1088   pc=00400038 cycle=1729 insn=00478793   x15(a5)=100000e0
#1089   pc=0040003c cycle=1732 insn=02c78063
#1090   pc=00400040 cycle=1734 insn=ffc7a683   x13(a3)=60a3d834
#1091   pc=00400044 cycle=1735 insn=0007a703   x14(a4)=ec1a32b9
#1092   pc=00400048 cycle=1738 insn=fed758e3
#1093   pc=0040004c cycle=1739 insn=00d7a023
#1094   pc=00400050 cycle=1742 insn=fee7ae23
#1095   pc=00400054 cycle=1742 insn=00088813
#1096   pc=00400058 cycle=1742 insn=fe1ff06f
#1097   pc=00400038 cycle=1742 insn=00478793   x15(a5)=100000e4
#1098   pc=0040003c cycle=1746 insn=02c78063
#1099   pc=00400040 cycle=1749 insn=ffc7a683   x13(a3)=ec1a32b9
#1100   pc=00400044 cycle=1750 insn=0007a703   x14(a4)=195cf4c4
#1101   pc=00400048 cycle=1753 insn=fed758e3
#1102   pc=00400038 cycle=1759 insn=00478793   x15(a5)=100000e8
#1103   pc=0040003c cycle=1762 insn=02c78063
#1104   pc=00400040 cycle=1764 insn=ffc7a683   x13(a3)=195cf4c4
#1105   pc=00400044 cycle=1765 insn=0007a703   x14(a4)=7a620e04
#1106   pc=00400048 cycle=1768 insn=fed758e3
#1107   pc=00400038 cycle=1774 insn=00478793   x15(a5)=100000ec
#1108   pc=0040003c cycle=1777 insn=02c78063
#1109   pc=00400040 cycle=1779 insn=ffc7a683   x13(a3)=7a620e04
#1110   pc=00400044 cycle=1780 insn=0007a703   x14(a4)=07023fba
#1111   pc=00400048 cycle=1783 insn=fed758e3
#1112   pc=0040004c cycle=1789 insn=00d7a023
#1113   pc=00400050 cycle=1792 insn=fee7ae23
#1114   pc=00400054 cycle=1792 insn=00088813
#1115   pc=00400058 cycle=1792 insn=fe1ff06f
#1116   pc=00400038 cycle=1793 insn=00478793   x15(a5)=100000f0
#1117   pc=0040003c cycle=1796 insn=02c78063
#1118   pc=00400040 cycle=1799 insn=ffc7a683
#1119   pc=00400044 cycle=1800 insn=0007a703   x14(a4)=1fdd01ed
#1120   pc=00400048 cycle=1803 insn=fed758e3
#1121   pc=0040004c cycle=1804 insn=00d7a023
#1122   pc=00400050 cycle=1807 insn=fee7ae23
#1123   pc=00400054 cycle=1807 insn=00088813
#1124   pc=00400058 cycle=1807 insn=fe1ff06f
#1125   pc=00400038 cycle=1807 insn=00478793   x15(a5)=100000f4
#1126   pc=0040003c cycle=1811 insn=02c78063
#1127   pc=00400040 cycle=1814 insn=ffc7a683   x13(a3)=1fdd01ed
#1128   pc=00400044 cycle=1815 insn=0007a703   x14(a4)=80f68da3
#1129   pc=00400048 cycle=1818 insn=fed758e3
#1130   pc=0040004c cycle=1819 insn=00d7a023
#1131   pc=00400050 cycle=1822 insn=fee7ae23
#1132   pc=00400054 cycle=1822 insn=00088813
#1133   pc=00400058 cycle=1822 insn=fe1ff06f
#1134   pc=00400038 cycle=1822 insn=00478793   x15(a5)=100000f8
#1135   pc=0040003c cycle=1826 insn=02c78063
#1136   pc=00400040 cycle=1829 insn=ffc7a683
#1137   pc=00400044 cycle=1830 insn=0007a703   x14(a4)=46d1c255
#1138   pc=00400048 cycle=1833 insn=fed758e3
#1139   pc=00400038 cycle=1839 insn=00478793   x15(a5)=100000fc
#1140   pc=0040003c cycle=1842 insn=02c78063
#1141   pc=00400040 cycle=1844 insn=ffc7a683   x13(a3)=46d1c255
#1142   pc=00400044 cycle=1845 insn=0007a703   x14(a4)=e12aa167
#1143   pc=00400048 cycle=1848 insn=fed758e3
#1144   pc=0040004c cycle=1849 insn=00d7a023
#1145   pc=00400050 cycle=1852 insn=fee7ae23
#1146   pc=00400054 cycle=1852 insn=00088813
#1147   pc=00400058 cycle=1852 insn=fe1ff06f
#1148   pc=00400038 cycle=1852 insn=00478793   x15(a5)=10000100
#1149   pc=0040003c cycle=1856 insn=02c78063
#1150   pc=00400040 cycle=1859 insn=ffc7a683   x13(a3)=e12aa167
#1151   pc=00400044 cycle=1860 insn=0007a703   x14(a4)=50b3f165
#1152   pc=00400048 cycle=1863 insn=fed758e3
#1153   pc=00400038 cycle=1869 insn=00478793   x15(a5)=10000104
#1154   pc=0040003c cycle=1872 insn=02c78063
#1155   pc=00400040 cycle=1874 insn=ffc7a683   x13(a3)=50b3f165
#1156   pc=00400044 cycle=1875 insn=0007a703   x14(a4)=f8b2a988
#1157   pc=00400048 cycle=1878 insn=fed758e3
#1158   pc=0040004c cycle=1879 insn=00d7a023
#1159   pc=00400050 cycle=1882 insn=fee7ae23
#1160   pc=00400054 cycle=1882 insn=00088813
#1161   pc=00400058 cycle=1882 insn=fe1ff06f
#1162   pc=00400038 cycle=1882 insn=00478793   x15(a5)=10000108
#1163   pc=0040003c cycle=1886 insn=02c78063
#1164   pc=00400040 cycle=1889 insn=ffc7a683   x13(a3)=f8b2a988
#1165   pc=00400044 cycle=1890 insn=0007a703   x14(a4)=54c47deb
#1166   pc=00400048 cycle=1893 insn=fed758e3
#1167   pc=00400038 cycle=1899 insn=00478793   x15(a5)=1000010c
#1168   pc=0040003c cycle=1902 insn=02c78063
#1169   pc=00400040 cycle=1904 insn=ffc7a683   x13(a3)=54c47deb
#1170   pc=00400044 cycle=1905 insn=0007a703   x14(a4)=3ef5abf1
#1171   pc=00400048 cycle=1908 insn=fed758e3
#1172   pc=0040004c cycle=1909 insn=00d7a023
#1173   pc=00400050 cycle=1912 insn=fee7ae23
#1174   pc=00400054 cycle=1912 insn=00088813
#1175   pc=00400058 cycle=1912 insn=fe1ff06f
#1176   pc=00400038 cycle=1912 insn=00478793   x15(a5)=10000110
#1177   pc=0040003c cycle=1916 insn=02c78063
#1178   pc=00400040 cycle=1919 insn=ffc7a683   x13(a3)=3ef5abf1
#1179   pc=00400044 cycle=1920 insn=0007a703   x14(a4)=d5f89e0e
#1180   pc=00400048 cycle=1923 insn=fed758e3
#1181   pc=0040004c cycle=1924 insn=00d7a023
#1182   pc=00400050 cycle=1927 insn=fee7ae23
#1183   pc=00400054 cycle=1927 insn=00088813
#1184   pc=00400058 cycle=1927 insn=fe1ff06f
#1185   pc=00400038 cycle=1927 insn=00478793   x15(a5)=10000114
#1186   pc=0040003c cycle=1931 insn=02c78063
#1187   pc=00400040 cycle=1934 insn=ffc7a683
#1188   pc=00400044 cycle=1935 insn=0007a703   x14(a4)=4f076ba9
#1189   pc=00400048 cycle=1938 insn=fed758e3
#1190   pc=00400038 cycle=1944 insn=00478793   x15(a5)=10000118
#1191   pc=0040003c cycle=1947 insn=02c78063
#1192   pc=00400040 cycle=1949 insn=ffc7a683   x13(a3)=4f076ba9
#1193   pc=00400044 cycle=1950 insn=0007a703   x14(a4)=b5d4a6b5
#1194   pc=00400048 cycle=1953 insn=fed758e3
#1195   pc=0040004c cycle=1954 insn=00d7a023
#1196   pc=00400050 cycle=1957 insn=fee7ae23
#1197   pc=00400054 cycle=1957 insn=00088813
#1198   pc=00400058 cycle=1957 insn=fe1ff06f
#1199   pc=00400038 cycle=1957 insn=00478793   x15(a5)=1000011c
#1200   pc=0040003c cycle=1961 insn=02c78063
#1201   pc=00400040 cycle=1964 insn=ffc7a683   x13(a3)=b5d4a6b5
#1202   pc=00400044 cycle=1965 insn=0007a703   x14(a4)=535adbfd
#1203   pc=00400048 cycle=1968 insn=fed758e3
#1204   pc=00400038 cycle=1974 insn=00478793   x15(a5)=10000120
#1205   pc=0040003c cycle=1977 insn=02c78063
#1206   pc=00400040 cycle=1979 insn=ffc7a683   x13(a3)=535adbfd
#1207   pc=00400044 cycle=1980 insn=0007a703   x14(a4)=6dfea955
#1208   pc=00400048 cycle=1983 insn=fed758e3
#1209   pc=00400038 cycle=1989 insn=00478793   x15(a5)=10000124
#1210   pc=0040003c cycle=1992 insn=02c78063
#1211   pc=00400040 cycle=1994 insn=ffc7a683   x13(a3)=6dfea955
#1212   pc=00400044 cycle=1995 insn=0007a703   x14(a4)=54aab626
#1213   pc=00400048 cycle=1998 insn=fed758e3
#1214   pc=0040004c cycle=2004 insn=00d7a023
#1215   pc=00400050 cycle=2007 insn=fee7ae23
#1216   pc=00400054 cycle=2007 insn=00088813
#1217   pc=00400058 cycle=2007 insn=fe1ff06f
#1218   pc=00400038 cycle=2008 insn=00478793   x15(a5)=10000128
#1219   pc=0040003c cycle=2011 insn=02c78063
#1220   pc=00400040 cycle=2014 insn=ffc7a683
#1221   pc=00400044 cycle=2015 insn=0007a703   x14(a4)=5b132aef
#1222   pc=00400048 cycle=2018 insn=fed758e3
#1223   pc=0040004c cycle=2019 insn=00d7a023
#1224   pc=00400050 cycle=2022 insn=fee7ae23
#1225   pc=00400054 cycle=2022 insn=00088813
#1226   pc=00400058 cycle=2022 insn=fe1ff06f
#1227   pc=00400038 cycle=2022 insn=00478793   x15(a5)=1000012c
#1228   pc=0040003c cycle=2026 insn=02c78063
#1229   pc=00400040 cycle=2029 insn=ffc7a683   x13(a3)=5b132aef
#1230   pc=00400044 cycle=2030 insn=0007a703   x14(a4)=9577ad12
#1231   pc=00400048 cycle=2033 insn=fed758e3
#1232   pc=0040004c cycle=2034 insn=00d7a023
#1233   pc=00400050 cycle=2037 insn=fee7ae23
#1234   pc=00400054 cycle=2037 insn=00088813
#1235   pc=00400058 cycle=2037 insn=fe1ff06f
#1236   pc=00400038 cycle=2037 insn=00478793   x15(a5)=10000130
#1237   pc=0040003c cycle=2041 insn=02c78063
#1238   pc=00400040 cycle=2044 insn=ffc7a683
#1239   pc=00400044 cycle=2045 insn=0007a703   x14(a4)=d6894ac7
#1240   pc=00400048 cycle=2048 insn=fed758e3
#1241   pc=0040004c cycle=2049 insn=00d7a023
#1242   pc=00400050 cycle=2052 insn=fee7ae23
#1243   pc=00400054 cycle=2052 insn=00088813
#1244   pc=00400058 cycle=2052 insn=fe1ff06f
#1245   pc=00400038 cycle=2052 insn=00478793   x15(a5)=10000134
#1246   pc=0040003c cycle=2056 insn=02c78063
#1247   pc=00400040 cycle=2059 insn=ffc7a683
#1248   pc=00400044 cycle=2060 insn=0007a703   x14(a4)=a563eb19
#1249   pc=00400048 cycle=2063 insn=fed758e3
#1250   pc=0040004c cycle=2064 insn=00d7a023
#1251   pc=00400050 cycle=2067 insn=fee7ae23
#1252   pc=00400054 cycle=2067 insn=00088813
#1253   pc=00400058 cycle=2067 insn=fe1ff06f
#1254   pc=00400038 cycle=2067 insn=00478793   x15(a5)=10000138
#1255   pc=0040003c cycle=2071 insn=02c78063
#1256   pc=00400040 cycle=2074 insn=ffc7a683
#1257   pc=00400044 cycle=2075 insn=0007a703   x14(a4)=f58cd28f
#1258   pc=00400048 cycle=2078 insn=fed758e3
#1259   pc=0040004c cycle=2079 insn=00d7a023
#1260   pc=00400050 cycle=2082 insn=fee7ae23
#1261   pc=00400054 cycle=2082 insn=00088813
#1262   pc=00400058 cycle=2082 insn=fe1ff06f
#1263   pc=00400038 cycle=2082 insn=00478793   x15(a5)=1000013c
#1264   pc=0040003c cycle=2086 insn=02c78063
#1265   pc=00400040 cycle=2089 insn=ffc7a683
#1266   pc=00400044 cycle=2090 insn=0007a703   x14(a4)=6947fad9
#1267   pc=00400048 cycle=2093 insn=fed758e3
#1268   pc=00400038 cycle=2099 insn=00478793   x15(a5)=10000140
#1269   pc=0040003c cycle=2102 insn=02c78063
#1270   pc=0040005c cycle=2108 insn=ffc60613   x12(a2)=1000013c
#1271   pc=00400060 cycle=2110 insn=fc0812e3
#1272   pc=00400024 cycle=2116 insn=fff58593   x11(a1)=0000004e
#1273   pc=00400028 cycle=2119 insn=02b05e63
#1274   pc=0040002c cycle=2119 insn=00450793   x15(a5)=10000004
#1275   pc=00400030 cycle=2119 insn=00030813   x16(a6)=00000000
#1276   pc=00400034 cycle=2120 insn=00c0006f
#1277   pc=00400040 cycle=2125 insn=ffc7a683   x13(a3)=000009b0
#1278   pc=00400044 cycle=2126 insn=0007a703   x14(a4)=04c88b1e
#1279   pc=00400048 cycle=2129 insn=fed758e3
#1280   pc=00400038 cycle=2135 insn=00478793   x15(a5)=10000008
#1281   pc=0040003c cycle=2138 insn=02c78063
#1282   pc=00400040 cycle=2140 insn=ffc7a683   x13(a3)=04c88b1e
#1283   pc=00400044 cycle=2141 insn=0007a703
#1284   pc=00400048 cycle=2144 insn=fed758e3
#1285   pc=00400038 cycle=2144 insn=00478793   x15(a5)=1000000c
#1286   pc=0040003c cycle=2145 insn=02c78063
#1287   pc=00400040 cycle=2147 insn=ffc7a683
#1288   pc=00400044 cycle=2150 insn=0007a703   x14(a4)=859babf3
#1289   pc=00400048 cycle=2153 insn=fed758e3
#1290   pc=0040004c cycle=2159 insn=00d7a023
#1291   pc=00400050 cycle=2162 insn=fee7ae23
#1292   pc=00400054 cycle=2162 insn=00088813   x16(a6)=00000001
#1293   pc=00400058 cycle=2162 insn=fe1ff06f
#1294   pc=00400038 cycle=2163 insn=00478793   x15(a5)=10000010
#1295   pc=0040003c cycle=2166 insn=02c78063
#1296   pc=00400040 cycle=2169 insn=ffc7a683
#1297   pc=00400044 cycle=2170 insn=0007a703
#1298   pc=00400048 cycle=2173 insn=fed758e3
#1299   pc=0040004c cycle=2174 insn=00d7a023
#1300   pc=00400050 cycle=2177 insn=fee7ae23
#1301   pc=00400054 cycle=2177 insn=00088813
#1302   pc=00400058 cycle=2177 insn=fe1ff06f
#1303   pc=00400038 cycle=2177 insn=00478793   x15(a5)=10000014
#1304   pc=0040003c cycle=2181 insn=02c78063
#1305   pc=00400040 cycle=2184 insn=ffc7a683   x13(a3)=859babf3
#1306   pc=00400044 cycle=2185 insn=0007a703   x14(a4)=d5f9cbd8
#1307   pc=00400048 cycle=2188 insn=fed758e3
#1308   pc=00400038 cycle=2194 insn=00478793   x15(a5)=10000018
#1309   pc=0040003c cycle=2197 insn=02c78063
#1310   pc=00400040 cycle=2199 insn=ffc7a683   x13(a3)=d5f9cbd8
#1311   pc=00400044 cycle=2200 insn=0007a703   x14(a4)=e5ec620a
#1312   pc=00400048 cycle=2203 insn=fed758e3
#1313   pc=00400038 cycle=2209 insn=00478793   x15(a5)=1000001c
#1314   pc=0040003c cycle=2212 insn=02c78063
#1315   pc=00400040 cycle=2214 insn=ffc7a683   x13(a3)=e5ec620a
#1316   pc=00400044 cycle=2215 insn=0007a703   x14(a4)=bd10903a
#1317   pc=00400048 cycle=2218 insn=fed758e3
#1318   pc=0040004c cycle=2224 insn=00d7a023
#1319   pc=00400050 cycle=2227 insn=fee7ae23
#1320   pc=00400054 cycle=2227 insn=00088813
#1321   pc=00400058 cycle=2227 insn=fe1ff06f
#1322   pc=00400038 cycle=2228 insn=00478793   x15(a5)=10000020
#1323   pc=0040003c cycle=2231 insn=02c78063
#1324   pc=00400040 cycle=2234 insn=ffc7a683
#1325   pc=00400044 cycle=2235 insn=0007a703   x14(a4)=31057a21
#1326   pc=00400048 cycle=2238 insn=fed758e3
#1327   pc=00400038 cycle=2244 insn=00478793   x15(a5)=10000024
#1328   pc=0040003c cycle=2247 insn=02c78063
#1329   pc=00400040 cycle=2249 insn=ffc7a683   x13(a3)=31057a21
#1330   pc=00400044 cycle=2250 insn=0007a703   x14(a4)=ab08ac74
#1331   pc=00400048 cycle=2253 insn=fed758e3
#1332   pc=0040004c cycle=2259 insn=00d7a023
#1333   pc=00400050 cycle=2262 insn=fee7ae23
#1334   pc=00400054 cycle=2262 insn=00088813
#1335   pc=00400058 cycle=2262 insn=fe1ff06f
#1336   pc=00400038 cycle=2263 insn=00478793   x15(a5)=10000028
#1337   pc=0040003c cycle=2266 insn=02c78063
#1338   pc=00400040 cycle=2269 insn=ffc7a683
#1339   pc=00400044 cycle=2270 insn=0007a703   x14(a4)=481d5611
#1340   pc=00400048 cycle=2273 insn=fed758e3
#1341   pc=00400038 cycle=2279 insn=00478793   x15(a5)=1000002c
#1342   pc=0040003c cycle=2282 insn=02c78063
#1343   pc=00400040 cycle=2284 insn=ffc7a683   x13(a3)=481d5611
#1344   pc=00400044 cycle=2285 insn=0007a703   x14(a4)=2eefa321
#1345   pc=00400048 cycle=2288 insn=fed758e3
#1346   pc=0040004c cycle=2294 insn=00d7a023
#1347   pc=00400050 cycle=2297 insn=fee7ae23
#1348   pc=00400054 cycle=2297 insn=00088813
#1349   pc=00400058 cycle=2297 insn=fe1ff06f
#1350   pc=00400038 cycle=2298 insn=00478793   x15(a5)=10000030
#1351   pc=0040003c cycle=2301 insn=02c78063
#1352   pc=00400040 cycle=2304 insn=ffc7a683
#1353   pc=00400044 cycle=2305 insn=0007a703   x14(a4)=d1909f6a
#1354   pc=00400048 cycle=2308 insn=fed758e3
#1355   pc=0040004c cycle=2309 insn=00d7a023
#1356   pc=00400050 cycle=2312 insn=fee7ae23
#1357   pc=00400054 cycle=2312 insn=00088813
#1358   pc=00400058 cycle=2312 insn=fe1ff06f
#1359   pc=00400038 cycle=2312 insn=00478793   x15(a5)=10000034
#1360   pc=0040003c cycle=2316 insn=02c78063
#1361   pc=00400040 cycle=2319 insn=ffc7a683   x13(a3)=d1909f6a
#1362   pc=00400044 cycle=2320 insn=0007a703
#1363   pc=00400048 cycle=2323 insn=fed758e3
#1364   pc=00400038 cycle=2329 insn=00478793   x15(a5)=10000038
#1365   pc=0040003c cycle=2332 insn=02c78063
#1366   pc=00400040 cycle=2334 insn=ffc7a683
#1367   pc=00400044 cycle=2335 insn=0007a703   x14(a4)=b79b2005
#1368   pc=00400048 cycle=2338 insn=fed758e3
#1369   pc=0040004c cycle=2339 insn=00d7a023
#1370   pc=00400050 cycle=2342 insn=fee7ae23
#1371   pc=00400054 cycle=2342 insn=00088813
#1372   pc=00400058 cycle=2342 insn=fe1ff06f
#1373   pc=00400038 cycle=2342 insn=00478793   x15(a5)=1000003c
#1374   pc=0040003c cycle=2346 insn=02c78063
#1375   pc=00400040 cycle=2349 insn=ffc7a683   x13(a3)=b79b2005
#1376   pc=00400044 cycle=2350 insn=0007a703   x14(a4)=9002dc0d
#1377   pc=00400048 cycle=2353 insn=fed758e3
#1378   pc=0040004c cycle=2354 insn=00d7a023
#1379   pc=00400050 cycle=2357 insn=fee7ae23
#1380   pc=00400054 cycle=2357 insn=00088813
#1381   pc=00400058 cycle=2357 insn=fe1ff06f
#1382   pc=00400038 cycle=2357 insn=00478793   x15(a5)=10000040
#1383   pc=0040003c cycle=2361 insn=02c78063
#1384   pc=00400040 cycle=2364 insn=ffc7a683
#1385   pc=00400044 cycle=2365 insn=0007a703   x14(a4)=b79b2005
#1386   pc=00400048 cycle=2368 insn=fed758e3
#1387   pc=00400038 cycle=2374 insn=00478793   x15(a5)=10000044
#1388   pc=0040003c cycle=2377 insn=02c78063
#1389   pc=00400040 cycle=2379 insn=ffc7a683
#1390   pc=00400044 cycle=2380 insn=0007a703   x14(a4)=67d03081
#1391   pc=00400048 cycle=2383 insn=fed758e3
#1392   pc=00400038 cycle=2389 insn=00478793   x15(a5)=10000048
#1393   pc=0040003c cycle=2392 insn=02c78063
#1394   pc=00400040 cycle=2394 insn=ffc7a683   x13(a3)=67d03081
#1395   pc=00400044 cycle=2395 insn=0007a703   x14(a4)=1840b48b
#1396   pc=00400048 cycle=2398 insn=fed758e3
#1397   pc=0040004c cycle=2404 insn=00d7a023
#1398   pc=00400050 cycle=2407 insn=fee7ae23
#1399   pc=00400054 cycle=2407 insn=00088813
#1400   pc=00400058 cycle=2407 insn=fe1ff06f
#1401   pc=00400038 cycle=2408 insn=00478793   x15(a5)=1000004c
#1402   pc=0040003c cycle=2411 insn=02c78063
#1403   pc=00400040 cycle=2414 insn=ffc7a683
#1404   pc=00400044 cycle=2415 insn=0007a703   x14(a4)=5a458b64
#1405   pc=00400048 cycle=2418 insn=fed758e3
#1406   pc=0040004c cycle=2419 insn=00d7a023
#1407   pc=00400050 cycle=2422 insn=fee7ae23
#1408   pc=00400054 cycle=2422 insn=00088813
#1409   pc=00400058 cycle=2422 insn=fe1ff06f
#1410   pc=00400038 cycle=2422 insn=00478793   x15(a5)=10000050
#1411   pc=0040003c cycle=2426 insn=02c78063
#1412   pc=00400040 cycle=2429 insn=ffc7a683   x13(a3)=5a458b64
#1413   pc=00400044 cycle=2430 insn=0007a703   x14(a4)=c5b22a07
#1414   pc=00400048 cycle=2433 insn=fed758e3
#1415   pc=0040004c cycle=2434 insn=00d7a023
#1416   pc=00400050 cycle=2437 insn=fee7ae23
#1417   pc=00400054 cycle=2437 insn=00088813
#1418   pc=00400058 cycle=2437 insn=fe1ff06f
#1419   pc=00400038 cycle=2437 insn=00478793   x15(a5)=10000054
#1420   pc=0040003c cycle=2441 insn=02c78063
#1421   pc=00400040 cycle=2444 insn=ffc7a683
#1422   pc=00400044 cycle=2445 insn=0007a703   x14(a4)=1503e5df
#1423   pc=00400048 cycle=2448 insn=fed758e3
#1424   pc=0040004c cycle=2449 insn=00d7a023
#1425   pc=00400050 cycle=2452 insn=fee7ae23
#1426   pc=00400054 cycle=2452 insn=00088813
#1427   pc=00400058 cycle=2452 insn=fe1ff06f
#1428   pc=00400038 cycle=2452 insn=00478793   x15(a5)=10000058
#1429   pc=0040003c cycle=2456 insn=02c78063
#1430   pc=00400040 cycle=2459 insn=ffc7a683
#1431   pc=00400044 cycle=2460 insn=0007a703   x14(a4)=f2ef8c66
#1432   pc=00400048 cycle=2463 insn=fed758e3
#1433   pc=0040004c cycle=2464 insn=00d7a023
#1434   pc=00400050 cycle=2467 insn=fee7ae23
#1435   pc=00400054 cycle=2467 insn=00088813
#1436   pc=00400058 cycle=2467 insn=fe1ff06f
#1437   pc=00400038 cycle=2467 insn=00478793   x15(a5)=1000005c
#1438   pc=0040003c cycle=2471 insn=02c78063
#1439   pc=00400040 cycle=2474 insn=ffc7a683
#1440   pc=00400044 cycle=2475 insn=0007a703   x14(a4)=c6337fbf
#1441   pc=00400048 cycle=2478 insn=fed758e3
#1442   pc=0040004c cycle=2479 insn=00d7a023
#1443   pc=00400050 cycle=2482 insn=fee7ae23
#1444   pc=00400054 cycle=2482 insn=00088813
#1445   pc=00400058 cycle=2482 insn=fe1ff06f
#1446   pc=00400038 cycle=2482 insn=00478793   x15(a5)=10000060
#1447   pc=0040003c cycle=2486 insn=02c78063
#1448   pc=00400040 cycle=2489 insn=ffc7a683
#1449   pc=00400044 cycle=2490 insn=0007a703   x14(a4)=bfdfe5b0
#1450   pc=00400048 cycle=2493 insn=fed758e3
#1451   pc=0040004c cycle=2494 insn=00d7a023
#1452   pc=00400050 cycle=2497 insn=fee7ae23
#1453   pc=00400054 cycle=2497 insn=00088813
#1454   pc=00400058 cycle=2497 insn=fe1ff06f
#1455   pc=00400038 cycle=2497 insn=00478793   x15(a5)=10000064
#1456   pc=0040003c cycle=2501 insn=02c78063
#1457   pc=00400040 cycle=2504 insn=ffc7a683
#1458   pc=00400044 cycle=2505 insn=0007a703   x14(a4)=f2d85965
#1459   pc=00400048 cycle=2508 insn=fed758e3
#1460   pc=0040004c cycle=2509 insn=00d7a023
#1461   pc=00400050 cycle=2512 insn=fee7ae23
#1462   pc=00400054 cycle=2512 insn=00088813
#1463   pc=00400058 cycle=2512 insn=fe1ff06f
#1464   pc=00400038 cycle=2512 insn=00478793   x15(a5)=10000068
#1465   pc=0040003c cycle=2516 insn=02c78063
#1466   pc=00400040 cycle=2519 insn=ffc7a683
#1467   pc=00400044 cycle=2520 insn=0007a703   x14(a4)=2cb2ff07
#1468   pc=00400048 cycle=2523 insn=fed758e3
#1469   pc=0040004c cycle=2524 insn=00d7a023
#1470   pc=00400050 cycle=2527 insn=fee7ae23
#1471   pc=00400054 cycle=2527 insn=00088813
#1472   pc=00400058 cycle=2527 insn=fe1ff06f
#1473   pc=00400038 cycle=2527 insn=00478793   x15(a5)=1000006c
#1474   pc=0040003c cycle=2531 insn=02c78063
#1475   pc=00400040 cycle=2534 insn=ffc7a683
#1476   pc=00400044 cycle=2535 insn=0007a703   x14(a4)=67d03081
#1477   pc=00400048 cycle=2538 insn=fed758e3
#1478   pc=00400038 cycle=2544 insn=00478793   x15(a5)=10000070
#1479   pc=0040003c cycle=2547 insn=02c78063
#1480   pc=00400040 cycle=2549 insn=ffc7a683   x13(a3)=67d03081
#1481   pc=00400044 cycle=2550 insn=0007a703   x14(a4)=c80ab9ec
#1482   pc=00400048 cycle=2553 insn=fed758e3
#1483   pc=0040004c cycle=2554 insn=00d7a023
#1484   pc=00400050 cycle=2557 insn=fee7ae23
#1485   pc=00400054 cycle=2557 insn=00088813
#1486   pc=00400058 cycle=2557 insn=fe1ff06f
#1487   pc=00400038 cycle=2557 insn=00478793   x15(a5)=10000074
#1488   pc=0040003c cycle=2561 insn=02c78063
#1489   pc=00400040 cycle=2564 insn=ffc7a683   x13(a3)=c80ab9ec
#1490   pc=00400044 cycle=2565 insn=0007a703
#1491   pc=00400048 cycle=2568 insn=fed758e3
#1492   pc=00400038 cycle=2574 insn=00478793   x15(a5)=10000078
#1493   pc=0040003c cycle=2577 insn=02c78063
#1494   pc=00400040 cycle=2579 insn=ffc7a683
#1495   pc=00400044 cycle=2580 insn=0007a703   x14(a4)=3105ab94
#1496   pc=00400048 cycle=2583 insn=fed758e3
#1497   pc=00400038 cycle=2589 insn=00478793   x15(a5)=1000007c
#1498   pc=0040003c cycle=2592 insn=02c78063
#1499   pc=00400040 cycle=2594 insn=ffc7a683   x13(a3)=3105ab94
#1500   pc=00400044 cycle=2595 insn=0007a703   x14(a4)=d5ca1d52
#1501   pc=00400048 cycle=2598 insn=fed758e3
#1502   pc=0040004c cycle=2604 insn=00d7a023
#1503   pc=00400050 cycle=2607 insn=fee7ae23
#1504   pc=00400054 cycle=2607 insn=00088813
#1505   pc=00400058 cycle=2607 insn=fe1ff06f
#1506   pc=00400038 cycle=2608 insn=00478793   x15(a5)=10000080
#1507   pc=0040003c cycle=2611 insn=02c78063
#1508   pc=00400040 cycle=2614 insn=ffc7a683
#1509   pc=00400044 cycle=2615 insn=0007a703   x14(a4)=0ea96f54
#1510   pc=00400048 cycle=2618 insn=fed758e3
#1511   pc=0040004c cycle=2619 insn=00d7a023
#1512   pc=00400050 cycle=2622 insn=fee7ae23
#1513   pc=00400054 cycle=2622 insn=00088813
#1514   pc=00400058 cycle=2622 insn=fe1ff06f
#1515   pc=00400038 cycle=2622 insn=00478793   x15(a5)=10000084
#1516   pc=0040003c cycle=2626 insn=02c78063
#1517   pc=00400040 cycle=2629 insn=ffc7a683   x13(a3)=0ea96f54
#1518   pc=00400044 cycle=2630 insn=0007a703   x14(a4)=b7aa02c6
#1519   pc=00400048 cycle=2633 insn=fed758e3
#1520   pc=0040004c cycle=2634 insn=00d7a023
#1521   pc=00400050 cycle=2637 insn=fee7ae23
#1522   pc=00400054 cycle=2637 insn=00088813
#1523   pc=00400058 cycle=2637 insn=fe1ff06f
#1524   pc=00400038 cycle=2637 insn=00478793   x15(a5)=10000088
#1525   pc=0040003c cycle=2641 insn=02c78063
#1526   pc=00400040 cycle=2644 insn=ffc7a683
#1527   pc=00400044 cycle=2645 insn=0007a703   x14(a4)=01635ea6
#1528   pc=00400048 cycle=2648 insn=fed758e3
#1529   pc=0040004c cycle=2649 insn=00d7a023
#1530   pc=00400050 cycle=2652 insn=fee7ae23
#1531   pc=00400054 cycle=2652 insn=00088813
#1532   pc=00400058 cycle=2652 insn=fe1ff06f
#1533   pc=00400038 cycle=2652 insn=00478793   x15(a5)=1000008c
#1534   pc=0040003c cycle=2656 insn=02c78063
#1535   pc=00400040 cycle=2659 insn=ffc7a683
#1536   pc=00400044 cycle=2660 insn=0007a703   x14(a4)=af5305e5
#1537   pc=00400048 cycle=2663 insn=fed758e3
#1538   pc=0040004c cycle=2664 insn=00d7a023
#1539   pc=00400050 cycle=2667 insn=fee7ae23
#1540   pc=00400054 cycle=2667 insn=00088813
#1541   pc=00400058 cycle=2667 insn=fe1ff06f
#1542   pc=00400038 cycle=2667 insn=00478793   x15(a5)=10000090
#1543   pc=0040003c cycle=2671 insn=02c78063
#1544   pc=00400040 cycle=2674 insn=ffc7a683
#1545   pc=00400044 cycle=2675 insn=0007a703   x14(a4)=82f2d29c
#1546   pc=00400048 cycle=2678 insn=fed758e3
#1547   pc=0040004c cycle=2679 insn=00d7a023
#1548   pc=00400050 cycle=2682 insn=fee7ae23
#1549   pc=00400054 cycle=2682 insn=00088813
#1550   pc=00400058 cycle=2682 insn=fe1ff06f
#1551   pc=00400038 cycle=2682 insn=00478793   x15(a5)=10000094
#1552   pc=0040003c cycle=2686 insn=02c78063
#1553   pc=00400040 cycle=2689 insn=ffc7a683
#1554   pc=00400044 cycle=2690 insn=0007a703   x14(a4)=3105ab94
#1555   pc=00400048 cycle=2693 insn=fed758e3
#1556   pc=00400038 cycle=2699 insn=00478793   x15(a5)=10000098
#1557   pc=0040003c cycle=2702 insn=02c78063
#1558   pc=00400040 cycle=2704 insn=ffc7a683   x13(a3)=3105ab94
#1559   pc=00400044 cycle=2705 insn=0007a703   x14(a4)=2237b050
#1560   pc=00400048 cycle=2708 insn=fed758e3
#1561   pc=0040004c cycle=2709 insn=00d7a023
#1562   pc=00400050 cycle=2712 insn=fee7ae23
#1563   pc=00400054 cycle=2712 insn=00088813
#1564   pc=00400058 cycle=2712 insn=fe1ff06f
#1565   pc=00400038 cycle=2712 insn=00478793   x15(a5)=1000009c
#1566   pc=0040003c cycle=2716 insn=02c78063
#1567   pc=00400040 cycle=2719 insn=ffc7a683   x13(a3)=2237b050
#1568   pc=00400044 cycle=2720 insn=0007a703   x14(a4)=d82815c3
#1569   pc=00400048 cycle=2723 insn=fed758e3
#1570   pc=0040004c cycle=2724 insn=00d7a023
#1571   pc=00400050 cycle=2727 insn=fee7ae23
#1572   pc=00400054 cycle=2727 insn=00088813
#1573   pc=00400058 cycle=2727 insn=fe1ff06f
#1574   pc=00400038 cycle=2727 insn=00478793   x15(a5)=100000a0
#1575   pc=0040003c cycle=2731 insn=02c78063
#1576   pc=00400040 cycle=2734 insn=ffc7a683
#1577   pc=00400044 cycle=2735 insn=0007a703   x14(a4)=0ae1e8ad
#1578   pc=00400048 cycle=2738 insn=fed758e3
#1579   pc=0040004c cycle=2739 insn=00d7a023
#1580   pc=00400050 cycle=2742 insn=fee7ae23
#1581   pc=00400054 cycle=2742 insn=00088813
#1582   pc=00400058 cycle=2742 insn=fe1ff06f
#1583   pc=00400038 cycle=2742 insn=00478793   x15(a5)=100000a4
#1584   pc=0040003c cycle=2746 insn=02c78063
#1585   pc=00400040 cycle=2749 insn=ffc7a683
#1586   pc=00400044 cycle=2750 insn=0007a703   x14(a4)=f45681ea
#1587   pc=00400048 cycle=2753 insn=fed758e3
#1588   pc=0040004c cycle=2754 insn=00d7a023
#1589   pc=00400050 cycle=2757 insn=fee7ae23
#1590   pc=00400054 cycle=2757 insn=00088813
#1591   pc=00400058 cycle=2757 insn=fe1ff06f
#1592   pc=00400038 cycle=2757 insn=00478793   x15(a5)=100000a8
#1593   pc=0040003c cycle=2761 insn=02c78063
#1594   pc=00400040 cycle=2764 insn=ffc7a683
#1595   pc=00400044 cycle=2765 insn=0007a703   x14(a4)=2237b050
#1596   pc=00400048 cycle=2768 insn=fed758e3
#1597   pc=00400038 cycle=2774 insn=00478793   x15(a5)=100000ac
#1598   pc=0040003c cycle=2777 insn=02c78063
#1599   pc=00400040 cycle=2779 insn=ffc7a683
#1600   pc=00400044 cycle=2780 insn=0007a703   x14(a4)=bf282426
#1601   pc=00400048 cycle=2783 insn=fed758e3
#1602   pc=0040004c cycle=2784 insn=00d7a023
#1603   pc=00400050 cycle=2787 insn=fee7ae23
#1604   pc=00400054 cycle=2787 insn=00088813
#1605   pc=00400058 cycle=2787 insn=fe1ff06f
#1606   pc=00400038 cycle=2787 insn=00478793   x15(a5)=100000b0
#1607   pc=0040003c cycle=2791 insn=02c78063
#1608   pc=00400040 cycle=2794 insn=ffc7a683   x13(a3)=bf282426
#1609   pc=00400044 cycle=2795 insn=0007a703
#1610   pc=00400048 cycle=2798 insn=fed758e3
#1611   pc=00400038 cycle=2804 insn=00478793   x15(a5)=100000b4
#1612   pc=0040003c cycle=2807 insn=02c78063
#1613   pc=00400040 cycle=2809 insn=ffc7a683
#1614   pc=00400044 cycle=2810 insn=0007a703   x14(a4)=add48d17
#1615   pc=00400048 cycle=2813 insn=fed758e3
#1616   pc=0040004c cycle=2814 insn=00d7a023
#1617   pc=00400050 cycle=2817 insn=fee7ae23
#1618   pc=00400054 cycle=2817 insn=00088813
#1619   pc=00400058 cycle=2817 insn=fe1ff06f
#1620   pc=00400038 cycle=2817 insn=00478793   x15(a5)=100000b8
#1621   pc=0040003c cycle=2821 insn=02c78063
#1622   pc=00400040 cycle=2824 insn=ffc7a683   x13(a3)=add48d17
#1623   pc=00400044 cycle=2825 insn=0007a703
#1624   pc=00400048 cycle=2828 insn=fed758e3
#1625   pc=00400038 cycle=2834 insn=00478793   x15(a5)=100000bc
#1626   pc=0040003c cycle=2837 insn=02c78063
#1627   pc=00400040 cycle=2839 insn=ffc7a683
#1628   pc=00400044 cycle=2840 insn=0007a703   x14(a4)=ea8aa0a5
#1629   pc=00400048 cycle=2843 insn=fed758e3
#1630   pc=00400038 cycle=2849 insn=00478793   x15(a5)=100000c0
#1631   pc=0040003c cycle=2852 insn=02c78063
#1632   pc=00400040 cycle=2854 insn=ffc7a683   x13(a3)=ea8aa0a5
#1633   pc=00400044 cycle=2855 insn=0007a703
#1634   pc=00400048 cycle=2858 insn=fed758e3
#1635   pc=00400038 cycle=2858 insn=00478793   x15(a5)=100000c4
#1636   pc=0040003c cycle=2859 insn=02c78063
#1637   pc=00400040 cycle=2861 insn=ffc7a683
#1638   pc=00400044 cycle=2864 insn=0007a703   x14(a4)=5052f684
#1639   pc=00400048 cycle=2867 insn=fed758e3
#1640   pc=00400038 cycle=2867 insn=00478793   x15(a5)=100000c8
#1641   pc=0040003c cycle=2867 insn=02c78063
#1642   pc=00400040 cycle=2870 insn=ffc7a683   x13(a3)=5052f684
#1643   pc=00400044 cycle=2873 insn=0007a703   x14(a4)=15c5be22
#1644   pc=00400048 cycle=2876 insn=fed758e3
#1645   pc=0040004c cycle=2882 insn=00d7a023
#1646   pc=00400050 cycle=2885 insn=fee7ae23
#1647   pc=00400054 cycle=2885 insn=00088813
#1648   pc=00400058 cycle=2885 insn=fe1ff06f
#1649   pc=00400038 cycle=2886 insn=00478793   x15(a5)=100000cc
#1650   pc=0040003c cycle=2889 insn=02c78063
#1651   pc=00400040 cycle=2892 insn=ffc7a683
#1652   pc=00400044 cycle=2893 insn=0007a703   x14(a4)=df110986
#1653   pc=00400048 cycle=2896 insn=fed758e3
#1654   pc=0040004c cycle=2897 insn=00d7a023
#1655   pc=00400050 cycle=2900 insn=fee7ae23
#1656   pc=00400054 cycle=2900 insn=00088813
#1657   pc=00400058 cycle=2900 insn=fe1ff06f
#1658   pc=00400038 cycle=2900 insn=00478793   x15(a5)=100000d0
#1659   pc=0040003c cycle=2904 insn=02c78063
#1660   pc=00400040 cycle=2907 insn=ffc7a683   x13(a3)=df110986
#1661   pc=00400044 cycle=2908 insn=0007a703   x14(a4)=84c36ccd
#1662   pc=00400048 cycle=2911 insn=fed758e3
#1663   pc=0040004c cycle=2912 insn=00d7a023
#1664   pc=00400050 cycle=2915 insn=fee7ae23
#1665   pc=00400054 cycle=2915 insn=00088813
#1666   pc=00400058 cycle=2915 insn=fe1ff06f
#1667   pc=00400038 cycle=2915 insn=00478793   x15(a5)=100000d4
#1668   pc=0040003c cycle=2919 insn=02c78063
#1669   pc=00400040 cycle=2922 insn=ffc7a683
#1670   pc=00400044 cycle=2923 insn=0007a703   x14(a4)=b666c147
#1671   pc=00400048 cycle=2926 insn=fed758e3
#1672   pc=0040004c cycle=2927 insn=00d7a023
#1673   pc=00400050 cycle=2930 insn=fee7ae23
#1674   pc=00400054 cycle=2930 insn=00088813
#1675   pc=00400058 cycle=2930 insn=fe1ff06f
#1676   pc=00400038 cycle=2930 insn=00478793   x15(a5)=100000d8
#1677   pc=0040003c cycle=2934 insn=02c78063
#1678   pc=00400040 cycle=2937 insn=ffc7a683
#1679   pc=00400044 cycle=2938 insn=0007a703   x14(a4)=df110986
#1680   pc=00400048 cycle=2941 insn=fed758e3
#1681   pc=00400038 cycle=2947 insn=00478793   x15(a5)=100000dc
#1682   pc=0040003c cycle=2950 insn=02c78063
#1683   pc=00400040 cycle=2952 insn=ffc7a683
#1684   pc=00400044 cycle=2953 insn=0007a703   x14(a4)=ec1a32b9
#1685   pc=00400048 cycle=2956 insn=fed758e3
#1686   pc=00400038 cycle=2962 insn=00478793   x15(a5)=100000e0
#1687   pc=0040003c cycle=2965 insn=02c78063
#1688   pc=00400040 cycle=2967 insn=ffc7a683   x13(a3)=ec1a32b9
#1689   pc=00400044 cycle=2968 insn=0007a703
#1690   pc=00400048 cycle=2971 insn=fed758e3
#1691   pc=00400038 cycle=2971 insn=00478793   x15(a5)=100000e4
#1692   pc=0040003c cycle=2972 insn=02c78063
#1693   pc=00400040 cycle=2974 insn=ffc7a683
#1694   pc=00400044 cycle=2977 insn=0007a703   x14(a4)=195cf4c4
#1695   pc=00400048 cycle=2980 insn=fed758e3
#1696   pc=00400038 cycle=2980 insn=00478793   x15(a5)=100000e8
#1697   pc=0040003c cycle=2980 insn=02c78063
#1698   pc=00400040 cycle=2983 insn=ffc7a683   x13(a3)=195cf4c4
#1699   pc=00400044 cycle=2986 insn=0007a703   x14(a4)=07023fba
#1700   pc=00400048 cycle=2989 insn=fed758e3
#1701   pc=0040004c cycle=2995 insn=00d7a023
#1702   pc=00400050 cycle=2998 insn=fee7ae23
#1703   pc=00400054 cycle=2998 insn=00088813
#1704   pc=00400058 cycle=2998 insn=fe1ff06f
#1705   pc=00400038 cycle=2999 insn=00478793   x15(a5)=100000ec
#1706   pc=0040003c cycle=3002 insn=02c78063
#1707   pc=00400040 cycle=3005 insn=ffc7a683
#1708   pc=00400044 cycle=3006 insn=0007a703   x14(a4)=1fdd01ed
#1709   pc=00400048 cycle=3009 insn=fed758e3
#1710   pc=00400038 cycle=3015 insn=00478793   x15(a5)=100000f0
#1711   pc=0040003c cycle=3018 insn=02c78063
#1712   pc=00400040 cycle=3020 insn=ffc7a683   x13(a3)=1fdd01ed
#1713   pc=00400044 cycle=3021 insn=0007a703   x14(a4)=80f68da3
#1714   pc=00400048 cycle=3024 insn=fed758e3
#1715   pc=0040004c cycle=3030 insn=00d7a023
#1716   pc=00400050 cycle=3033 insn=fee7ae23
#1717   pc=00400054 cycle=3033 insn=00088813
#1718   pc=00400058 cycle=3033 insn=fe1ff06f
#1719   pc=00400038 cycle=3034 insn=00478793   x15(a5)=100000f4
#1720   pc=0040003c cycle=3037 insn=02c78063
#1721   pc=00400040 cycle=3040 insn=ffc7a683
#1722   pc=00400044 cycle=3041 insn=0007a703   x14(a4)=1fdd01ed
#1723   pc=00400048 cycle=3044 insn=fed758e3
#1724   pc=00400038 cycle=3050 insn=00478793   x15(a5)=100000f8
#1725   pc=0040003c cycle=3053 insn=02c78063
#1726   pc=00400040 cycle=3055 insn=ffc7a683
#1727   pc=00400044 cycle=3056 insn=0007a703   x14(a4)=e12aa167
#1728   pc=00400048 cycle=3059 insn=fed758e3
#1729   pc=0040004c cycle=3065 insn=00d7a023
#1730   pc=00400050 cycle=3068 insn=fee7ae23
#1731   pc=00400054 cycle=3068 insn=00088813
#1732   pc=00400058 cycle=3068 insn=fe1ff06f
#1733   pc=00400038 cycle=3069 insn=00478793   x15(a5)=100000fc
#1734   pc=0040003c cycle=3072 insn=02c78063
#1735   pc=00400040 cycle=3075 insn=ffc7a683
#1736   pc=00400044 cycle=3076 insn=0007a703
#1737   pc=00400048 cycle=3079 insn=fed758e3
#1738   pc=0040004c cycle=3080 insn=00d7a023
#1739   pc=00400050 cycle=3083 insn=fee7ae23
#1740   pc=00400054 cycle=3083 insn=00088813
#1741   pc=00400058 cycle=3083 insn=fe1ff06f
#1742   pc=00400038 cycle=3083 insn=00478793   x15(a5)=10000100
#1743   pc=0040003c cycle=3087 insn=02c78063
#1744   pc=00400040 cycle=3090 insn=ffc7a683   x13(a3)=e12aa167
#1745   pc=00400044 cycle=3091 insn=0007a703   x14(a4)=f8b2a988
#1746   pc=00400048 cycle=3094 insn=fed758e3
#1747   pc=00400038 cycle=3100 insn=00478793   x15(a5)=10000104
#1748   pc=0040003c cycle=3103 insn=02c78063
#1749   pc=00400040 cycle=3105 insn=ffc7a683   x13(a3)=f8b2a988
#1750   pc=00400044 cycle=3106 insn=0007a703
#1751   pc=00400048 cycle=3109 insn=fed758e3
#1752   pc=00400038 cycle=3109 insn=00478793   x15(a5)=10000108
#1753   pc=0040003c cycle=3110 insn=02c78063
#1754   pc=00400040 cycle=3112 insn=ffc7a683
#1755   pc=00400044 cycle=3115 insn=0007a703   x14(a4)=3ef5abf1
#1756   pc=00400048 cycle=3118 insn=fed758e3
#1757   pc=00400038 cycle=3118 insn=00478793   x15(a5)=1000010c
#1758   pc=0040003c cycle=3118 insn=02c78063
#1759   pc=00400040 cycle=3121 insn=ffc7a683   x13(a3)=3ef5abf1
#1760   pc=00400044 cycle=3124 insn=0007a703   x14(a4)=d5f89e0e
#1761   pc=00400048 cycle=3127 insn=fed758e3
#1762   pc=0040004c cycle=3133 insn=00d7a023
#1763   pc=00400050 cycle=3136 insn=fee7ae23
#1764   pc=00400054 cycle=3136 insn=00088813
#1765   pc=00400058 cycle=3136 insn=fe1ff06f
#1766   pc=00400038 cycle=3137 insn=00478793   x15(a5)=10000110
#1767   pc=0040003c cycle=3140 insn=02c78063
#1768   pc=00400040 cycle=3143 insn=ffc7a683
#1769   pc=00400044 cycle=3144 insn=0007a703   x14(a4)=3ef5abf1
#1770   pc=00400048 cycle=3147 insn=fed758e3
#1771   pc=00400038 cycle=3153 insn=00478793   x15(a5)=10000114
#1772   pc=0040003c cycle=3156 insn=02c78063
#1773   pc=00400040 cycle=3158 insn=ffc7a683
#1774   pc=00400044 cycle=3159 insn=0007a703   x14(a4)=b5d4a6b5
#1775   pc=00400048 cycle=3162 insn=fed758e3
#1776   pc=0040004c cycle=3168 insn=00d7a023
#1777   pc=00400050 cycle=3171 insn=fee7ae23
#1778   pc=00400054 cycle=3171 insn=00088813
#1779   pc=00400058 cycle=3171 insn=fe1ff06f
#1780   pc=00400038 cycle=3172 insn=00478793   x15(a5)=10000118
#1781   pc=0040003c cycle=3175 insn=02c78063
#1782   pc=00400040 cycle=3178 insn=ffc7a683
#1783   pc=00400044 cycle=3179 insn=0007a703
#1784   pc=00400048 cycle=3182 insn=fed758e3
#1785   pc=0040004c cycle=3183 insn=00d7a023
#1786   pc=00400050 cycle=3186 insn=fee7ae23
#1787   pc=00400054 cycle=3186 insn=00088813
#1788   pc=00400058 cycle=3186 insn=fe1ff06f
#1789   pc=00400038 cycle=3186 insn=00478793   x15(a5)=1000011c
#1790   pc=0040003c cycle=3190 insn=02c78063
#1791   pc=00400040 cycle=3193 insn=ffc7a683   x13(a3)=b5d4a6b5
#1792   pc=00400044 cycle=3194 insn=0007a703   x14(a4)=535adbfd
#1793   pc=00400048 cycle=3197 insn=fed758e3
#1794   pc=00400038 cycle=3203 insn=00478793   x15(a5)=10000120
#1795   pc=0040003c cycle=3206 insn=02c78063
#1796   pc=00400040 cycle=3208 insn=ffc7a683   x13(a3)=535adbfd
#1797   pc=00400044 cycle=3209 insn=0007a703   x14(a4)=54aab626
#1798   pc=00400048 cycle=3212 insn=fed758e3
#1799   pc=00400038 cycle=3212 insn=00478793   x15(a5)=10000124
#1800   pc=0040003c cycle=3213 insn=02c78063
#1801   pc=00400040 cycle=3215 insn=ffc7a683   x13(a3)=54aab626
#1802   pc=00400044 cycle=3218 insn=0007a703   x14(a4)=5b132aef
#1803   pc=00400048 cycle=3221 insn=fed758e3
#1804   pc=00400038 cycle=3221 insn=00478793   x15(a5)=10000128
#1805   pc=0040003c cycle=3221 insn=02c78063
#1806   pc=00400040 cycle=3224 insn=ffc7a683   x13(a3)=5b132aef
#1807   pc=00400044 cycle=3227 insn=0007a703   x14(a4)=9577ad12
#1808   pc=00400048 cycle=3230 insn=fed758e3
#1809   pc=0040004c cycle=3236 insn=00d7a023
#1810   pc=00400050 cycle=3239 insn=fee7ae23
#1811   pc=00400054 cycle=3239 insn=00088813
#1812   pc=00400058 cycle=3239 insn=fe1ff06f
#1813   pc=00400038 cycle=3240 insn=00478793   x15(a5)=1000012c
#1814   pc=0040003c cycle=3243 insn=02c78063
#1815   pc=00400040 cycle=3246 insn=ffc7a683
#1816   pc=00400044 cycle=3247 insn=0007a703   x14(a4)=d6894ac7
#1817   pc=00400048 cycle=3250 insn=fed758e3
#1818   pc=0040004c cycle=3251 insn=00d7a023
#1819   pc=00400050 cycle=3254 insn=fee7ae23
#1820   pc=00400054 cycle=3254 insn=00088813
#1821   pc=00400058 cycle=3254 insn=fe1ff06f
#1822   pc=00400038 cycle=3254 insn=00478793   x15(a5)=10000130
#1823   pc=0040003c cycle=3258 insn=02c78063
#1824   pc=00400040 cycle=3261 insn=ffc7a683   x13(a3)=d6894ac7
#1825   pc=00400044 cycle=3262 insn=0007a703   x14(a4)=a563eb19
#1826   pc=00400048 cycle=3265 insn=fed758e3
#1827   pc=0040004c cycle=3266 insn=00d7a023
#1828   pc=00400050 cycle=3269 insn=fee7ae23
#1829   pc=00400054 cycle=3269 insn=00088813
#1830   pc=00400058 cycle=3269 insn=fe1ff06f
#1831   pc=00400038 cycle=3269 insn=00478793   x15(a5)=10000134
#1832   pc=0040003c cycle=3273 insn=02c78063
#1833   pc=00400040 cycle=3276 insn=ffc7a683
#1834   pc=00400044 cycle=3277 insn=0007a703   x14(a4)=f58cd28f
#1835   pc=00400048 cycle=3280 insn=fed758e3
#1836   pc=00400038 cycle=3286 insn=00478793   x15(a5)=10000138
#1837   pc=0040003c cycle=3289 insn=02c78063
#1838   pc=00400040 cycle=3291 insn=ffc7a683   x13(a3)=f58cd28f
#1839   pc=00400044 cycle=3292 insn=0007a703   x14(a4)=5b132aef
#1840   pc=00400048 cycle=3295 insn=fed758e3
#1841   pc=00400038 cycle=3301 insn=00478793   x15(a5)=1000013c
#1842   pc=0040003c cycle=3304 insn=02c78063
#1843   pc=0040005c cycle=3310 insn=ffc60613   x12(a2)=10000138
#1844   pc=00400060 cycle=3312 insn=fc0812e3
#1845   pc=00400024 cycle=3318 insn=fff58593   x11(a1)=0000004d
#1846   pc=00400028 cycle=3321 insn=02b05e63
#1847   pc=0040002c cycle=3321 insn=00450793   x15(a5)=10000004
#1848   pc=00400030 cycle=3321 insn=00030813   x16(a6)=00000000
#1849   pc=00400034 cycle=3322 insn=00c0006f
#1850   pc=00400040 cycle=3327 insn=ffc7a683   x13(a3)=000009b0
#1851   pc=00400044 cycle=3328 insn=0007a703   x14(a4)=04c88b1e
#1852   pc=00400048 cycle=3331 insn=fed758e3
#1853   pc=00400038 cycle=3331 insn=00478793   x15(a5)=10000008
#1854   pc=0040003c cycle=3332 insn=02c78063
#1855   pc=00400040 cycle=3334 insn=ffc7a683   x13(a3)=04c88b1e
#1856   pc=00400044 cycle=3337 insn=0007a703   x14(a4)=859babf3
#1857   pc=00400048 cycle=3340 insn=fed758e3
#1858   pc=0040004c cycle=3346 insn=00d7a023
#1859   pc=00400050 cycle=3349 insn=fee7ae23
#1860   pc=00400054 cycle=3349 insn=00088813   x16(a6)=00000001
#1861   pc=00400058 cycle=3349 insn=fe1ff06f
#1862   pc=00400038 cycle=3350 insn=00478793   x15(a5)=1000000c
#1863   pc=0040003c cycle=3353 insn=02c78063
#1864   pc=00400040 cycle=3356 insn=ffc7a683
#1865   pc=00400044 cycle=3357 insn=0007a703
#1866   pc=00400048 cycle=3360 insn=fed758e3
#1867   pc=0040004c cycle=3361 insn=00d7a023
#1868   pc=00400050 cycle=3364 insn=fee7ae23
#1869   pc=00400054 cycle=3364 insn=00088813
#1870   pc=00400058 cycle=3364 insn=fe1ff06f
#1871   pc=00400038 cycle=3364 insn=00478793   x15(a5)=10000010
#1872   pc=0040003c cycle=3368 insn=02c78063
#1873   pc=00400040 cycle=3371 insn=ffc7a683   x13(a3)=859babf3
#1874   pc=00400044 cycle=3372 insn=0007a703
#1875   pc=00400048 cycle=3375 insn=fed758e3
#1876   pc=00400038 cycle=3381 insn=00478793   x15(a5)=10000014
#1877   pc=0040003c cycle=3384 insn=02c78063
#1878   pc=00400040 cycle=3386 insn=ffc7a683
#1879   pc=00400044 cycle=3387 insn=0007a703   x14(a4)=d5f9cbd8
#1880   pc=00400048 cycle=3390 insn=fed758e3
#1881   pc=00400038 cycle=3396 insn=00478793   x15(a5)=10000018
#1882   pc=0040003c cycle=3399 insn=02c78063
#1883   pc=00400040 cycle=3401 insn=ffc7a683   x13(a3)=d5f9cbd8
#1884   pc=00400044 cycle=3402 insn=0007a703   x14(a4)=bd10903a
#1885   pc=00400048 cycle=3405 insn=fed758e3
#1886   pc=0040004c cycle=3411 insn=00d7a023
#1887   pc=00400050 cycle=3414 insn=fee7ae23
#1888   pc=00400054 cycle=3414 insn=00088813
#1889   pc=00400058 cycle=3414 insn=fe1ff06f
#1890   pc=00400038 cycle=3415 insn=00478793   x15(a5)=1000001c
#1891   pc=0040003c cycle=3418 insn=02c78063
#1892   pc=00400040 cycle=3421 insn=ffc7a683
#1893   pc=00400044 cycle=3422 insn=0007a703   x14(a4)=e5ec620a
#1894   pc=00400048 cycle=3425 insn=fed758e3
#1895   pc=00400038 cycle=3431 insn=00478793   x15(a5)=10000020
#1896   pc=0040003c cycle=3434 insn=02c78063
#1897   pc=00400040 cycle=3436 insn=ffc7a683   x13(a3)=e5ec620a
#1898   pc=00400044 cycle=3437 insn=0007a703   x14(a4)=ab08ac74
#1899   pc=00400048 cycle=3440 insn=fed758e3
#1900   pc=0040004c cycle=3446 insn=00d7a023
#1901   pc=00400050 cycle=3449 insn=fee7ae23
#1902   pc=00400054 cycle=3449 insn=00088813
#1903   pc=00400058 cycle=3449 insn=fe1ff06f
#1904   pc=00400038 cycle=3450 insn=00478793   x15(a5)=10000024
#1905   pc=0040003c cycle=3453 insn=02c78063
#1906   pc=00400040 cycle=3456 insn=ffc7a683
#1907   pc=00400044 cycle=3457 insn=0007a703   x14(a4)=31057a21
#1908   pc=00400048 cycle=3460 insn=fed758e3
#1909   pc=00400038 cycle=3466 insn=00478793   x15(a5)=10000028
#1910   pc=0040003c cycle=3469 insn=02c78063
#1911   pc=00400040 cycle=3471 insn=ffc7a683   x13(a3)=31057a21
#1912   pc=00400044 cycle=3472 insn=0007a703   x14(a4)=2eefa321
#1913   pc=00400048 cycle=3475 insn=fed758e3
#1914   pc=0040004c cycle=3481 insn=00d7a023
#1915   pc=00400050 cycle=3484 insn=fee7ae23
#1916   pc=00400054 cycle=3484 insn=00088813
#1917   pc=00400058 cycle=3484 insn=fe1ff06f
#1918   pc=00400038 cycle=3485 insn=00478793   x15(a5)=1000002c
#1919   pc=0040003c cycle=3488 insn=02c78063
#1920   pc=00400040 cycle=3491 insn=ffc7a683
#1921   pc=00400044 cycle=3492 insn=0007a703   x14(a4)=d1909f6a
#1922   pc=00400048 cycle=3495 insn=fed758e3
#1923   pc=0040004c cycle=3496 insn=00d7a023
#1924   pc=00400050 cycle=3499 insn=fee7ae23
#1925   pc=00400054 cycle=3499 insn=00088813
#1926   pc=00400058 cycle=3499 insn=fe1ff06f
#1927   pc=00400038 cycle=3499 insn=00478793   x15(a5)=10000030
#1928   pc=0040003c cycle=3503 insn=02c78063
#1929   pc=00400040 cycle=3506 insn=ffc7a683   x13(a3)=d1909f6a
#1930   pc=00400044 cycle=3507 insn=0007a703
#1931   pc=00400048 cycle=3510 insn=fed758e3
#1932   pc=00400038 cycle=3516 insn=00478793   x15(a5)=10000034
#1933   pc=0040003c cycle=3519 insn=02c78063
#1934   pc=00400040 cycle=3521 insn=ffc7a683
#1935   pc=00400044 cycle=3522 insn=0007a703   x14(a4)=b79b2005
#1936   pc=00400048 cycle=3525 insn=fed758e3
#1937   pc=0040004c cycle=3526 insn=00d7a023
#1938   pc=00400050 cycle=3529 insn=fee7ae23
#1939   pc=00400054 cycle=3529 insn=00088813
#1940   pc=00400058 cycle=3529 insn=fe1ff06f
#1941   pc=00400038 cycle=3529 insn=00478793   x15(a5)=10000038
#1942   pc=0040003c cycle=3533 insn=02c78063
#1943   pc=00400040 cycle=3536 insn=ffc7a683   x13(a3)=b79b2005
#1944   pc=00400044 cycle=3537 insn=0007a703   x14(a4)=9002dc0d
#1945   pc=00400048 cycle=3540 insn=fed758e3
#1946   pc=0040004c cycle=3541 insn=00d7a023
#1947   pc=00400050 cycle=3544 insn=fee7ae23
#1948   pc=00400054 cycle=3544 insn=00088813
#1949   pc=00400058 cycle=3544 insn=fe1ff06f
#1950   pc=00400038 cycle=3544 insn=00478793   x15(a5)=1000003c
#1951   pc=0040003c cycle=3548 insn=02c78063
#1952   pc=00400040 cycle=3551 insn=ffc7a683
#1953   pc=00400044 cycle=3552 insn=0007a703   x14(a4)=b79b2005
#1954   pc=00400048 cycle=3555 insn=fed758e3
#1955   pc=00400038 cycle=3561 insn=00478793   x15(a5)=10000040
#1956   pc=0040003c cycle=3564 insn=02c78063
#1957   pc=00400040 cycle=3566 insn=ffc7a683
#1958   pc=00400044 cycle=3567 insn=0007a703
#1959   pc=00400048 cycle=3570 insn=fed758e3
#1960   pc=00400038 cycle=3576 insn=00478793   x15(a5)=10000044
#1961   pc=0040003c cycle=3579 insn=02c78063
#1962   pc=00400040 cycle=3581 insn=ffc7a683
#1963   pc=00400044 cycle=3582 insn=0007a703   x14(a4)=1840b48b
#1964   pc=00400048 cycle=3585 insn=fed758e3
#1965   pc=00400038 cycle=3585 insn=00478793   x15(a5)=10000048
#1966   pc=0040003c cycle=3586 insn=02c78063
#1967   pc=00400040 cycle=3588 insn=ffc7a683   x13(a3)=1840b48b
#1968   pc=00400044 cycle=3591 insn=0007a703   x14(a4)=5a458b64
#1969   pc=00400048 cycle=3594 insn=fed758e3
#1970   pc=00400038 cycle=3594 insn=00478793   x15(a5)=1000004c
#1971   pc=0040003c cycle=3594 insn=02c78063
#1972   pc=00400040 cycle=3597 insn=ffc7a683   x13(a3)=5a458b64
#1973   pc=00400044 cycle=3600 insn=0007a703   x14(a4)=c5b22a07
#1974   pc=00400048 cycle=3603 insn=fed758e3
#1975   pc=0040004c cycle=3609 insn=00d7a023
#1976   pc=00400050 cycle=3612 insn=fee7ae23
#1977   pc=00400054 cycle=3612 insn=00088813
#1978   pc=00400058 cycle=3612 insn=fe1ff06f
#1979   pc=00400038 cycle=3613 insn=00478793   x15(a5)=10000050
#1980   pc=0040003c cycle=3616 insn=02c78063
#1981   pc=00400040 cycle=3619 insn=ffc7a683
#1982   pc=00400044 cycle=3620 insn=0007a703   x14(a4)=1503e5df
#1983   pc=00400048 cycle=3623 insn=fed758e3
#1984   pc=0040004c cycle=3624 insn=00d7a023
#1985   pc=00400050 cycle=3627 insn=fee7ae23
#1986   pc=00400054 cycle=3627 insn=00088813
#1987   pc=00400058 cycle=3627 insn=fe1ff06f
#1988   pc=00400038 cycle=3627 insn=00478793   x15(a5)=10000054
#1989   pc=0040003c cycle=3631 insn=02c78063
#1990   pc=00400040 cycle=3634 insn=ffc7a683   x13(a3)=1503e5df
#1991   pc=00400044 cycle=3635 insn=0007a703   x14(a4)=f2ef8c66
#1992   pc=00400048 cycle=3638 insn=fed758e3
#1993   pc=0040004c cycle=3639 insn=00d7a023
#1994   pc=00400050 cycle=3642 insn=fee7ae23
#1995   pc=00400054 cycle=3642 insn=00088813
#1996   pc=00400058 cycle=3642 insn=fe1ff06f
#1997   pc=00400038 cycle=3642 insn=00478793   x15(a5)=10000058
#1998   pc=0040003c cycle=3646 insn=02c78063
#1999   pc=00400040 cycle=3649 insn=ffc7a683
#2000   pc=00400044 cycle=3650 insn=0007a703   x14(a4)=c6337fbf
#2001   pc=00400048 cycle=3653 insn=fed758e3
#2002   pc=0040004c cycle=3654 insn=00d7a023
#2003   pc=00400050 cycle=3657 insn=fee7ae23
#2004   pc=00400054 cycle=3657 insn=00088813
#2005   pc=00400058 cycle=3657 insn=fe1ff06f
#2006   pc=00400038 cycle=3657 insn=00478793   x15(a5)=1000005c
#2007   pc=0040003c cycle=3661 insn=02c78063
#2008   pc=00400040 cycle=3664 insn=ffc7a683
#2009   pc=00400044 cycle=3665 insn=0007a703   x14(a4)=bfdfe5b0
#2010   pc=00400048 cycle=3668 insn=fed758e3
#2011   pc=0040004c cycle=3669 insn=00d7a023
#2012   pc=00400050 cycle=3672 insn=fee7ae23
#2013   pc=00400054 cycle=3672 insn=00088813
#2014   pc=00400058 cycle=3672 insn=fe1ff06f
#2015   pc=00400038 cycle=3672 insn=00478793   x15(a5)=10000060
#2016   pc=0040003c cycle=3676 insn=02c78063
#2017   pc=00400040 cycle=3679 insn=ffc7a683
#2018   pc=00400044 cycle=3680 insn=0007a703   x14(a4)=f2d85965
#2019   pc=00400048 cycle=3683 insn=fed758e3
#2020   pc=0040004c cycle=3684 insn=00d7a023
#2021   pc=00400050 cycle=3687 insn=fee7ae23
#2022   pc=00400054 cycle=3687 insn=00088813
#2023   pc=00400058 cycle=3687 insn=fe1ff06f
#2024   pc=00400038 cycle=3687 insn=00478793   x15(a5)=10000064
#2025   pc=0040003c cycle=3691 insn=02c78063
#2026   pc=00400040 cycle=3694 insn=ffc7a683
#2027   pc=00400044 cycle=3695 insn=0007a703   x14(a4)=2cb2ff07
#2028   pc=00400048 cycle=3698 insn=fed758e3
#2029   pc=00400038 cycle=3704 insn=00478793   x15(a5)=10000068
#2030   pc=0040003c cycle=3707 insn=02c78063
#2031   pc=00400040 cycle=3709 insn=ffc7a683   x13(a3)=2cb2ff07
#2032   pc=00400044 cycle=3710 insn=0007a703   x14(a4)=5a458b64
#2033   pc=00400048 cycle=3713 insn=fed758e3
#2034   pc=00400038 cycle=3719 insn=00478793   x15(a5)=1000006c
#2035   pc=0040003c cycle=3722 insn=02c78063
#2036   pc=00400040 cycle=3724 insn=ffc7a683   x13(a3)=5a458b64
#2037   pc=00400044 cycle=3725 insn=0007a703   x14(a4)=c80ab9ec
#2038   pc=00400048 cycle=3728 insn=fed758e3
#2039   pc=0040004c cycle=3734 insn=00d7a023
#2040   pc=00400050 cycle=3737 insn=fee7ae23
#2041   pc=00400054 cycle=3737 insn=00088813
#2042   pc=00400058 cycle=3737 insn=fe1ff06f
#2043   pc=00400038 cycle=3738 insn=00478793   x15(a5)=10000070
#2044   pc=0040003c cycle=3741 insn=02c78063
#2045   pc=00400040 cycle=3744 insn=ffc7a683
#2046   pc=00400044 cycle=3745 insn=0007a703
#2047   pc=00400048 cycle=3748 insn=fed758e3
#2048   pc=0040004c cycle=3749 insn=00d7a023
#2049   pc=00400050 cycle=3752 insn=fee7ae23
#2050   pc=00400054 cycle=3752 insn=00088813
#2051   pc=00400058 cycle=3752 insn=fe1ff06f
#2052   pc=00400038 cycle=3752 insn=00478793   x15(a5)=10000074
#2053   pc=0040003c cycle=3756 insn=02c78063
#2054   pc=00400040 cycle=3759 insn=ffc7a683   x13(a3)=c80ab9ec
#2055   pc=00400044 cycle=3760 insn=0007a703
#2056   pc=00400048 cycle=3763 insn=fed758e3
#2057   pc=00400038 cycle=3769 insn=00478793   x15(a5)=10000078
#2058   pc=0040003c cycle=3772 insn=02c78063
#2059   pc=00400040 cycle=3774 insn=ffc7a683
#2060   pc=00400044 cycle=3775 insn=0007a703   x14(a4)=d5ca1d52
#2061   pc=00400048 cycle=3778 insn=fed758e3
#2062   pc=00400038 cycle=3784 insn=00478793   x15(a5)=1000007c
#2063   pc=0040003c cycle=3787 insn=02c78063
#2064   pc=00400040 cycle=3789 insn=ffc7a683   x13(a3)=d5ca1d52
#2065   pc=00400044 cycle=3790 insn=0007a703   x14(a4)=0ea96f54
#2066   pc=00400048 cycle=3793 insn=fed758e3
#2067   pc=00400038 cycle=3793 insn=00478793   x15(a5)=10000080
#2068   pc=0040003c cycle=3794 insn=02c78063
#2069   pc=00400040 cycle=3796 insn=ffc7a683   x13(a3)=0ea96f54
#2070   pc=00400044 cycle=3799 insn=0007a703   x14(a4)=b7aa02c6
#2071   pc=00400048 cycle=3802 insn=fed758e3
#2072   pc=0040004c cycle=3808 insn=00d7a023
#2073   pc=00400050 cycle=3811 insn=fee7ae23
#2074   pc=00400054 cycle=3811 insn=00088813
#2075   pc=00400058 cycle=3811 insn=fe1ff06f
#2076   pc=00400038 cycle=3812 insn=00478793   x15(a5)=10000084
#2077   pc=0040003c cycle=3815 insn=02c78063
#2078   pc=00400040 cycle=3818 insn=ffc7a683
#2079   pc=00400044 cycle=3819 insn=0007a703   x14(a4)=01635ea6
#2080   pc=00400048 cycle=3822 insn=fed758e3
#2081   pc=0040004c cycle=3823 insn=00d7a023
#2082   pc=00400050 cycle=3826 insn=fee7ae23
#2083   pc=00400054 cycle=3826 insn=00088813
#2084   pc=00400058 cycle=3826 insn=fe1ff06f
#2085   pc=00400038 cycle=3826 insn=00478793   x15(a5)=10000088
#2086   pc=0040003c cycle=3830 insn=02c78063
#2087   pc=00400040 cycle=3833 insn=ffc7a683   x13(a3)=01635ea6
#2088   pc=00400044 cycle=3834 insn=0007a703   x14(a4)=af5305e5
#2089   pc=00400048 cycle=3837 insn=fed758e3
#2090   pc=0040004c cycle=3838 insn=00d7a023
#2091   pc=00400050 cycle=3841 insn=fee7ae23
#2092   pc=00400054 cycle=3841 insn=00088813
#2093   pc=00400058 cycle=3841 insn=fe1ff06f
#2094   pc=00400038 cycle=3841 insn=00478793   x15(a5)=1000008c
#2095   pc=0040003c cycle=3845 insn=02c78063
#2096   pc=00400040 cycle=3848 insn=ffc7a683
#2097   pc=00400044 cycle=3849 insn=0007a703   x14(a4)=82f2d29c
#2098   pc=00400048 cycle=3852 insn=fed758e3
#2099   pc=0040004c cycle=3853 insn=00d7a023
#2100   pc=00400050 cycle=3856 insn=fee7ae23
#2101   pc=00400054 cycle=3856 insn=00088813
#2102   pc=00400058 cycle=3856 insn=fe1ff06f
#2103   pc=00400038 cycle=3856 insn=00478793   x15(a5)=10000090
#2104   pc=0040003c cycle=3860 insn=02c78063
#2105   pc=00400040 cycle=3863 insn=ffc7a683
#2106   pc=00400044 cycle=3864 insn=0007a703   x14(a4)=0ea96f54
#2107   pc=00400048 cycle=3867 insn=fed758e3
#2108   pc=00400038 cycle=3873 insn=00478793   x15(a5)=10000094
#2109   pc=0040003c cycle=3876 insn=02c78063
#2110   pc=00400040 cycle=3878 insn=ffc7a683   x13(a3)=0ea96f54
#2111   pc=00400044 cycle=3879 insn=0007a703   x14(a4)=2237b050
#2112   pc=00400048 cycle=3882 insn=fed758e3
#2113   pc=00400038 cycle=3888 insn=00478793   x15(a5)=10000098
#2114   pc=0040003c cycle=3891 insn=02c78063
#2115   pc=00400040 cycle=3893 insn=ffc7a683   x13(a3)=2237b050
#2116   pc=00400044 cycle=3894 insn=0007a703   x14(a4)=d82815c3
#2117   pc=00400048 cycle=3897 insn=fed758e3
#2118   pc=0040004c cycle=3903 insn=00d7a023
#2119   pc=00400050 cycle=3906 insn=fee7ae23
#2120   pc=00400054 cycle=3906 insn=00088813
#2121   pc=00400058 cycle=3906 insn=fe1ff06f
#2122   pc=00400038 cycle=3907 insn=00478793   x15(a5)=1000009c
#2123   pc=0040003c cycle=3910 insn=02c78063
#2124   pc=00400040 cycle=3913 insn=ffc7a683
#2125   pc=00400044 cycle=3914 insn=0007a703   x14(a4)=0ae1e8ad
#2126   pc=00400048 cycle=3917 insn=fed758e3
#2127   pc=0040004c cycle=3918 insn=00d7a023
#2128   pc=00400050 cycle=3921 insn=fee7ae23
#2129   pc=00400054 cycle=3921 insn=00088813
#2130   pc=00400058 cycle=3921 insn=fe1ff06f
#2131   pc=00400038 cycle=3921 insn=00478793   x15(a5)=100000a0
#2132   pc=0040003c cycle=3925 insn=02c78063
#2133   pc=00400040 cycle=3928 insn=ffc7a683   x13(a3)=0ae1e8ad
#2134   pc=00400044 cycle=3929 insn=0007a703   x14(a4)=f45681ea
#2135   pc=00400048 cycle=3932 insn=fed758e3
#2136   pc=0040004c cycle=3933 insn=00d7a023
#2137   pc=00400050 cycle=3936 insn=fee7ae23
#2138   pc=00400054 cycle=3936 insn=00088813
#2139   pc=00400058 cycle=3936 insn=fe1ff06f
#2140   pc=00400038 cycle=3936 insn=00478793   x15(a5)=100000a4
#2141   pc=0040003c cycle=3940 insn=02c78063
#2142   pc=00400040 cycle=3943 insn=ffc7a683
#2143   pc=00400044 cycle=3944 insn=0007a703   x14(a4)=2237b050
#2144   pc=00400048 cycle=3947 insn=fed758e3
#2145   pc=00400038 cycle=3953 insn=00478793   x15(a5)=100000a8
#2146   pc=0040003c cycle=3956 insn=02c78063
#2147   pc=00400040 cycle=3958 insn=ffc7a683   x13(a3)=2237b050
#2148   pc=00400044 cycle=3959 insn=0007a703   x14(a4)=bf282426
#2149   pc=00400048 cycle=3962 insn=fed758e3
#2150   pc=0040004c cycle=3963 insn=00d7a023
#2151   pc=00400050 cycle=3966 insn=fee7ae23
#2152   pc=00400054 cycle=3966 insn=00088813
#2153   pc=00400058 cycle=3966 insn=fe1ff06f
#2154   pc=00400038 cycle=3966 insn=00478793   x15(a5)=100000ac
#2155   pc=0040003c cycle=3970 insn=02c78063
#2156   pc=00400040 cycle=3973 insn=ffc7a683   x13(a3)=bf282426
#2157   pc=00400044 cycle=3974 insn=0007a703
#2158   pc=00400048 cycle=3977 insn=fed758e3
#2159   pc=00400038 cycle=3983 insn=00478793   x15(a5)=100000b0
#2160   pc=0040003c cycle=3986 insn=02c78063
#2161   pc=00400040 cycle=3988 insn=ffc7a683
#2162   pc=00400044 cycle=3989 insn=0007a703   x14(a4)=add48d17
#2163   pc=00400048 cycle=3992 insn=fed758e3
#2164   pc=0040004c cycle=3993 insn=00d7a023
#2165   pc=00400050 cycle=3996 insn=fee7ae23
#2166   pc=00400054 cycle=3996 insn=00088813
#2167   pc=00400058 cycle=3996 insn=fe1ff06f
#2168   pc=00400038 cycle=3996 insn=00478793   x15(a5)=100000b4
#2169   pc=0040003c cycle=4000 insn=02c78063
#2170   pc=00400040 cycle=4003 insn=ffc7a683   x13(a3)=add48d17
#2171   pc=00400044 cycle=4004 insn=0007a703
#2172   pc=00400048 cycle=4007 insn=fed758e3
#2173   pc=00400038 cycle=4013 insn=00478793   x15(a5)=100000b8
#2174   pc=0040003c cycle=4016 insn=02c78063
#2175   pc=00400040 cycle=4018 insn=ffc7a683
#2176   pc=00400044 cycle=4019 insn=0007a703
#2177   pc=00400048 cycle=4022 insn=fed758e3
#2178   pc=00400038 cycle=4028 insn=00478793   x15(a5)=100000bc
#2179   pc=0040003c cycle=4031 insn=02c78063
#2180   pc=00400040 cycle=4033 insn=ffc7a683
#2181   pc=00400044 cycle=4034 insn=0007a703   x14(a4)=ea8aa0a5
#2182   pc=00400048 cycle=4037 insn=fed758e3
#2183   pc=00400038 cycle=4037 insn=00478793   x15(a5)=100000c0
#2184   pc=0040003c cycle=4038 insn=02c78063
#2185   pc=00400040 cycle=4040 insn=ffc7a683   x13(a3)=ea8aa0a5
#2186   pc=00400044 cycle=4043 insn=0007a703
#2187   pc=00400048 cycle=4046 insn=fed758e3
#2188   pc=00400038 cycle=4046 insn=00478793   x15(a5)=100000c4
#2189   pc=0040003c cycle=4046 insn=02c78063
#2190   pc=00400040 cycle=4049 insn=ffc7a683
#2191   pc=00400044 cycle=4052 insn=0007a703   x14(a4)=15c5be22
#2192   pc=00400048 cycle=4055 insn=fed758e3
#2193   pc=00400038 cycle=4055 insn=00478793   x15(a5)=100000c8
#2194   pc=0040003c cycle=4055 insn=02c78063
#2195   pc=00400040 cycle=4058 insn=ffc7a683   x13(a3)=15c5be22
#2196   pc=00400044 cycle=4061 insn=0007a703   x14(a4)=df110986
#2197   pc=00400048 cycle=4064 insn=fed758e3
#2198   pc=0040004c cycle=4070 insn=00d7a023
#2199   pc=00400050 cycle=4073 insn=fee7ae23
#2200   pc=00400054 cycle=4073 insn=00088813
#2201   pc=00400058 cycle=4073 insn=fe1ff06f
#2202   pc=00400038 cycle=4074 insn=00478793   x15(a5)=100000cc
#2203   pc=0040003c cycle=4077 insn=02c78063
#2204   pc=00400040 cycle=4080 insn=ffc7a683
#2205   pc=00400044 cycle=4081 insn=0007a703   x14(a4)=84c36ccd
#2206   pc=00400048 cycle=4084 insn=fed758e3
#2207   pc=0040004c cycle=4085 insn=00d7a023
#2208   pc=00400050 cycle=4088 insn=fee7ae23
#2209   pc=00400054 cycle=4088 insn=00088813
#2210   pc=00400058 cycle=4088 insn=fe1ff06f
#2211   pc=00400038 cycle=4088 insn=00478793   x15(a5)=100000d0
#2212   pc=0040003c cycle=4092 insn=02c78063
#2213   pc=00400040 cycle=4095 insn=ffc7a683   x13(a3)=84c36ccd
#2214   pc=00400044 cycle=4096 insn=0007a703   x14(a4)=b666c147
#2215   pc=00400048 cycle=4099 insn=fed758e3
#2216   pc=00400038 cycle=4105 insn=00478793   x15(a5)=100000d4
#2217   pc=0040003c cycle=4108 insn=02c78063
#2218   pc=00400040 cycle=4110 insn=ffc7a683   x13(a3)=b666c147
#2219   pc=00400044 cycle=4111 insn=0007a703   x14(a4)=df110986
#2220   pc=00400048 cycle=4114 insn=fed758e3
#2221   pc=00400038 cycle=4114 insn=00478793   x15(a5)=100000d8
#2222   pc=0040003c cycle=4115 insn=02c78063
#2223   pc=00400040 cycle=4117 insn=ffc7a683   x13(a3)=df110986
#2224   pc=00400044 cycle=4120 insn=0007a703
#2225   pc=00400048 cycle=4123 insn=fed758e3
#2226   pc=00400038 cycle=4123 insn=00478793   x15(a5)=100000dc
#2227   pc=0040003c cycle=4123 insn=02c78063
#2228   pc=00400040 cycle=4126 insn=ffc7a683
#2229   pc=00400044 cycle=4129 insn=0007a703   x14(a4)=ec1a32b9
#2230   pc=00400048 cycle=4132 insn=fed758e3
#2231   pc=00400038 cycle=4132 insn=00478793   x15(a5)=100000e0
#2232   pc=0040003c cycle=4132 insn=02c78063
#2233   pc=00400040 cycle=4135 insn=ffc7a683   x13(a3)=ec1a32b9
#2234   pc=00400044 cycle=4138 insn=0007a703
#2235   pc=00400048 cycle=4141 insn=fed758e3
#2236   pc=00400038 cycle=4141 insn=00478793   x15(a5)=100000e4
#2237   pc=0040003c cycle=4141 insn=02c78063
#2238   pc=00400040 cycle=4144 insn=ffc7a683
#2239   pc=00400044 cycle=4147 insn=0007a703   x14(a4)=07023fba
#2240   pc=00400048 cycle=4150 insn=fed758e3
#2241   pc=00400038 cycle=4150 insn=00478793   x15(a5)=100000e8
#2242   pc=0040003c cycle=4150 insn=02c78063
#2243   pc=00400040 cycle=4153 insn=ffc7a683   x13(a3)=07023fba
#2244   pc=00400044 cycle=4156 insn=0007a703   x14(a4)=195cf4c4
#2245   pc=00400048 cycle=4159 insn=fed758e3
#2246   pc=00400038 cycle=4159 insn=00478793   x15(a5)=100000ec
#2247   pc=0040003c cycle=4159 insn=02c78063
#2248   pc=00400040 cycle=4162 insn=ffc7a683   x13(a3)=195cf4c4
#2249   pc=00400044 cycle=4165 insn=0007a703   x14(a4)=80f68da3
#2250   pc=00400048 cycle=4168 insn=fed758e3
#2251   pc=0040004c cycle=4174 insn=00d7a023
#2252   pc=00400050 cycle=4177 insn=fee7ae23
#2253   pc=00400054 cycle=4177 insn=00088813
#2254   pc=00400058 cycle=4177 insn=fe1ff06f
#2255   pc=00400038 cycle=4178 insn=00478793   x15(a5)=100000f0
#2256   pc=0040003c cycle=4181 insn=02c78063
#2257   pc=00400040 cycle=4184 insn=ffc7a683
#2258   pc=00400044 cycle=4185 insn=0007a703   x14(a4)=1fdd01ed
#2259   pc=00400048 cycle=4188 insn=fed758e3
#2260   pc=00400038 cycle=4194 insn=00478793   x15(a5)=100000f4
#2261   pc=0040003c cycle=4197 insn=02c78063
#2262   pc=00400040 cycle=4199 insn=ffc7a683   x13(a3)=1fdd01ed
#2263   pc=00400044 cycle=4200 insn=0007a703   x14(a4)=e12aa167
#2264   pc=00400048 cycle=4203 insn=fed758e3
#2265   pc=0040004c cycle=4209 insn=00d7a023
#2266   pc=00400050 cycle=4212 insn=fee7ae23
#2267   pc=00400054 cycle=4212 insn=00088813
#2268   pc=00400058 cycle=4212 insn=fe1ff06f
#2269   pc=00400038 cycle=4213 insn=00478793   x15(a5)=100000f8
#2270   pc=0040003c cycle=4216 insn=02c78063
#2271   pc=00400040 cycle=4219 insn=ffc7a683
#2272   pc=00400044 cycle=4220 insn=0007a703
#2273   pc=00400048 cycle=4223 insn=fed758e3
#2274   pc=0040004c cycle=4224 insn=00d7a023
#2275   pc=00400050 cycle=4227 insn=fee7ae23
#2276   pc=00400054 cycle=4227 insn=00088813
#2277   pc=00400058 cycle=4227 insn=fe1ff06f
#2278   pc=00400038 cycle=4227 insn=00478793   x15(a5)=100000fc
#2279   pc=0040003c cycle=4231 insn=02c78063
#2280   pc=00400040 cycle=4234 insn=ffc7a683   x13(a3)=e12aa167
#2281   pc=00400044 cycle=4235 insn=0007a703
#2282   pc=00400048 cycle=4238 insn=fed758e3
#2283   pc=00400038 cycle=4244 insn=00478793   x15(a5)=10000100
#2284   pc=0040003c cycle=4247 insn=02c78063
#2285   pc=00400040 cycle=4249 insn=ffc7a683
#2286   pc=00400044 cycle=4250 insn=0007a703   x14(a4)=f8b2a988
#2287   pc=00400048 cycle=4253 insn=fed758e3
#2288   pc=00400038 cycle=4253 insn=00478793   x15(a5)=10000104
#2289   pc=0040003c cycle=4254 insn=02c78063
#2290   pc=00400040 cycle=4256 insn=ffc7a683   x13(a3)=f8b2a988
#2291   pc=00400044 cycle=4259 insn=0007a703
#2292   pc=00400048 cycle=4262 insn=fed758e3
#2293   pc=00400038 cycle=4262 insn=00478793   x15(a5)=10000108
#2294   pc=0040003c cycle=4262 insn=02c78063
#2295   pc=00400040 cycle=4265 insn=ffc7a683
#2296   pc=00400044 cycle=4268 insn=0007a703   x14(a4)=d5f89e0e
#2297   pc=00400048 cycle=4271 insn=fed758e3
#2298   pc=0040004c cycle=4277 insn=00d7a023
#2299   pc=00400050 cycle=4280 insn=fee7ae23
#2300   pc=00400054 cycle=4280 insn=00088813
#2301   pc=00400058 cycle=4280 insn=fe1ff06f
#2302   pc=00400038 cycle=4281 insn=00478793   x15(a5)=1000010c
#2303   pc=0040003c cycle=4284 insn=02c78063
#2304   pc=00400040 cycle=4287 insn=ffc7a683
#2305   pc=00400044 cycle=4288 insn=0007a703   x14(a4)=3ef5abf1
#2306   pc=00400048 cycle=4291 insn=fed758e3
#2307   pc=00400038 cycle=4297 insn=00478793   x15(a5)=10000110
#2308   pc=0040003c cycle=4300 insn=02c78063
#2309   pc=00400040 cycle=4302 insn=ffc7a683   x13(a3)=3ef5abf1
#2310   pc=00400044 cycle=4303 insn=0007a703   x14(a4)=b5d4a6b5
#2311   pc=00400048 cycle=4306 insn=fed758e3
#2312   pc=0040004c cycle=4312 insn=00d7a023
#2313   pc=00400050 cycle=4315 insn=fee7ae23
#2314   pc=00400054 cycle=4315 insn=00088813
#2315   pc=00400058 cycle=4315 insn=fe1ff06f
#2316   pc=00400038 cycle=4316 insn=00478793   x15(a5)=10000114
#2317   pc=0040003c cycle=4319 insn=02c78063
#2318   pc=00400040 cycle=4322 insn=ffc7a683
#2319   pc=00400044 cycle=4323 insn=0007a703
#2320   pc=00400048 cycle=4326 insn=fed758e3
#2321   pc=0040004c cycle=4327 insn=00d7a023
#2322   pc=00400050 cycle=4330 insn=fee7ae23
#2323   pc=00400054 cycle=4330 insn=00088813
#2324   pc=00400058 cycle=4330 insn=fe1ff06f
#2325   pc=00400038 cycle=4330 insn=00478793   x15(a5)=10000118
#2326   pc=0040003c cycle=4334 insn=02c78063
#2327   pc=00400040 cycle=4337 insn=ffc7a683   x13(a3)=b5d4a6b5
#2328   pc=00400044 cycle=4338 insn=0007a703
#2329   pc=00400048 cycle=4341 insn=fed758e3
#2330   pc=00400038 cycle=4347 insn=00478793   x15(a5)=1000011c
#2331   pc=0040003c cycle=4350 insn=02c78063
#2332   pc=00400040 cycle=4352 insn=ffc7a683
#2333   pc=00400044 cycle=4353 insn=0007a703   x14(a4)=535adbfd
#2334   pc=00400048 cycle=4356 insn=fed758e3
#2335   pc=00400038 cycle=4356 insn=00478793   x15(a5)=10000120
#2336   pc=0040003c cycle=4357 insn=02c78063
#2337   pc=00400040 cycle=4359 insn=ffc7a683   x13(a3)=535adbfd
#2338   pc=00400044 cycle=4362 insn=0007a703   x14(a4)=54aab626
#2339   pc=00400048 cycle=4365 insn=fed758e3
#2340   pc=00400038 cycle=4365 insn=00478793   x15(a5)=10000124
#2341   pc=0040003c cycle=4365 insn=02c78063
#2342   pc=00400040 cycle=4368 insn=ffc7a683   x13(a3)=54aab626
#2343   pc=00400044 cycle=4371 insn=0007a703   x14(a4)=9577ad12
#2344   pc=00400048 cycle=4374 insn=fed758e3
#2345   pc=0040004c cycle=4380 insn=00d7a023
#2346   pc=00400050 cycle=4383 insn=fee7ae23
#2347   pc=00400054 cycle=4383 insn=00088813
#2348   pc=00400058 cycle=4383 insn=fe1ff06f
#2349   pc=00400038 cycle=4384 insn=00478793   x15(a5)=10000128
#2350   pc=0040003c cycle=4387 insn=02c78063
#2351   pc=00400040 cycle=4390 insn=ffc7a683
#2352   pc=00400044 cycle=4391 insn=0007a703   x14(a4)=d6894ac7
#2353   pc=00400048 cycle=4394 insn=fed758e3
#2354   pc=0040004c cycle=4395 insn=00d7a023
#2355   pc=00400050 cycle=4398 insn=fee7ae23
#2356   pc=00400054 cycle=4398 insn=00088813
#2357   pc=00400058 cycle=4398 insn=fe1ff06f
#2358   pc=00400038 cycle=4398 insn=00478793   x15(a5)=1000012c
#2359   pc=0040003c cycle=4402 insn=02c78063
#2360   pc=00400040 cycle=4405 insn=ffc7a683   x13(a3)=d6894ac7
#2361   pc=00400044 cycle=4406 insn=0007a703   x14(a4)=a563eb19
#2362   pc=00400048 cycle=4409 insn=fed758e3
#2363   pc=0040004c cycle=4410 insn=00d7a023
#2364   pc=00400050 cycle=4413 insn=fee7ae23
#2365   pc=00400054 cycle=4413 insn=00088813
#2366   pc=00400058 cycle=4413 insn=fe1ff06f
#2367   pc=00400038 cycle=4413 insn=00478793   x15(a5)=10000130
#2368   pc=0040003c cycle=4417 insn=02c78063
#2369   pc=00400040 cycle=4420 insn=ffc7a683
#2370   pc=00400044 cycle=4421 insn=0007a703   x14(a4)=d6894ac7
#2371   pc=00400048 cycle=4424 insn=fed758e3
#2372   pc=00400038 cycle=4430 insn=00478793   x15(a5)=10000134
#2373   pc=0040003c cycle=4433 insn=02c78063
#2374   pc=00400040 cycle=4435 insn=ffc7a683
#2375   pc=00400044 cycle=4436 insn=0007a703   x14(a4)=f58cd28f
#2376   pc=00400048 cycle=4439 insn=fed758e3
#2377   pc=00400038 cycle=4445 insn=00478793   x15(a5)=10000138
#2378   pc=0040003c cycle=4448 insn=02c78063
#2379   pc=0040005c cycle=4454 insn=ffc60613   x12(a2)=10000134
#2380   pc=00400060 cycle=4456 insn=fc0812e3
#2381   pc=00400024 cycle=4458 insn=fff58593   x11(a1)=0000004c
#2382   pc=00400028 cycle=4461 insn=02b05e63
#2383   pc=0040002c cycle=4461 insn=00450793   x15(a5)=10000004
#2384   pc=00400030 cycle=4461 insn=00030813   x16(a6)=00000000
#2385   pc=00400034 cycle=4462 insn=00c0006f
#2386   pc=00400040 cycle=4467 insn=ffc7a683   x13(a3)=000009b0
#2387   pc=00400044 cycle=4468 insn=0007a703   x14(a4)=859babf3
#2388   pc=00400048 cycle=4471 insn=fed758e3
#2389   pc=0040004c cycle=4477 insn=00d7a023
#2390   pc=00400050 cycle=4480 insn=fee7ae23
#2391   pc=00400054 cycle=4480 insn=00088813   x16(a6)=00000001
#2392   pc=00400058 cycle=4480 insn=fe1ff06f
#2393   pc=00400038 cycle=4481 insn=00478793   x15(a5)=10000008
#2394   pc=0040003c cycle=4484 insn=02c78063
#2395   pc=00400040 cycle=4487 insn=ffc7a683
#2396   pc=00400044 cycle=4488 insn=0007a703
#2397   pc=00400048 cycle=4491 insn=fed758e3
#2398   pc=0040004c cycle=4492 insn=00d7a023
#2399   pc=00400050 cycle=4495 insn=fee7ae23
#2400   pc=00400054 cycle=4495 insn=00088813
#2401   pc=00400058 cycle=4495 insn=fe1ff06f
#2402   pc=00400038 cycle=4495 insn=00478793   x15(a5)=1000000c
#2403   pc=0040003c cycle=4499 insn=02c78063
#2404   pc=00400040 cycle=4502 insn=ffc7a683   x13(a3)=859babf3
#2405   pc=00400044 cycle=4503 insn=0007a703
#2406   pc=00400048 cycle=4506 insn=fed758e3
#2407   pc=00400038 cycle=4512 insn=00478793   x15(a5)=10000010
#2408   pc=0040003c cycle=4515 insn=02c78063
#2409   pc=00400040 cycle=4517 insn=ffc7a683
#2410   pc=00400044 cycle=4518 insn=0007a703
#2411   pc=00400048 cycle=4521 insn=fed758e3
#2412   pc=00400038 cycle=4527 insn=00478793   x15(a5)=10000014
#2413   pc=0040003c cycle=4530 insn=02c78063
#2414   pc=00400040 cycle=4532 insn=ffc7a683
#2415   pc=00400044 cycle=4533 insn=0007a703   x14(a4)=bd10903a
#2416   pc=00400048 cycle=4536 insn=fed758e3
#2417   pc=00400038 cycle=4536 insn=00478793   x15(a5)=10000018
#2418   pc=0040003c cycle=4537 insn=02c78063
#2419   pc=00400040 cycle=4539 insn=ffc7a683   x13(a3)=bd10903a
#2420   pc=00400044 cycle=4542 insn=0007a703   x14(a4)=d5f9cbd8
#2421   pc=00400048 cycle=4545 insn=fed758e3
#2422   pc=00400038 cycle=4545 insn=00478793   x15(a5)=1000001c
#2423   pc=0040003c cycle=4545 insn=02c78063
#2424   pc=00400040 cycle=4548 insn=ffc7a683   x13(a3)=d5f9cbd8
#2425   pc=00400044 cycle=4551 insn=0007a703   x14(a4)=ab08ac74
#2426   pc=00400048 cycle=4554 insn=fed758e3
#2427   pc=0040004c cycle=4560 insn=00d7a023
#2428   pc=00400050 cycle=4563 insn=fee7ae23
#2429   pc=00400054 cycle=4563 insn=00088813
#2430   pc=00400058 cycle=4563 insn=fe1ff06f
#2431   pc=00400038 cycle=4564 insn=00478793   x15(a5)=10000020
#2432   pc=0040003c cycle=4567 insn=02c78063
#2433   pc=00400040 cycle=4570 insn=ffc7a683
#2434   pc=00400044 cycle=4571 insn=0007a703   x14(a4)=e5ec620a
#2435   pc=00400048 cycle=4574 insn=fed758e3
#2436   pc=00400038 cycle=4580 insn=00478793   x15(a5)=10000024
#2437   pc=0040003c cycle=4583 insn=02c78063
#2438   pc=00400040 cycle=4585 insn=ffc7a683   x13(a3)=e5ec620a
#2439   pc=00400044 cycle=4586 insn=0007a703   x14(a4)=2eefa321
#2440   pc=00400048 cycle=4589 insn=fed758e3
#2441   pc=00400038 cycle=4589 insn=00478793   x15(a5)=10000028
#2442   pc=0040003c cycle=4590 insn=02c78063
#2443   pc=00400040 cycle=4592 insn=ffc7a683   x13(a3)=2eefa321
#2444   pc=00400044 cycle=4595 insn=0007a703   x14(a4)=d1909f6a
#2445   pc=00400048 cycle=4598 insn=fed758e3
#2446   pc=0040004c cycle=4604 insn=00d7a023
#2447   pc=00400050 cycle=4607 insn=fee7ae23
#2448   pc=00400054 cycle=4607 insn=00088813
#2449   pc=00400058 cycle=4607 insn=fe1ff06f
#2450   pc=00400038 cycle=4608 insn=00478793   x15(a5)=1000002c
#2451   pc=0040003c cycle=4611 insn=02c78063
#2452   pc=00400040 cycle=4614 insn=ffc7a683
#2453   pc=00400044 cycle=4615 insn=0007a703
#2454   pc=00400048 cycle=4618 insn=fed758e3
#2455   pc=0040004c cycle=4619 insn=00d7a023
#2456   pc=00400050 cycle=4622 insn=fee7ae23
#2457   pc=00400054 cycle=4622 insn=00088813
#2458   pc=00400058 cycle=4622 insn=fe1ff06f
#2459   pc=00400038 cycle=4622 insn=00478793   x15(a5)=10000030
#2460   pc=0040003c cycle=4626 insn=02c78063
#2461   pc=00400040 cycle=4629 insn=ffc7a683   x13(a3)=d1909f6a
#2462   pc=00400044 cycle=4630 insn=0007a703   x14(a4)=b79b2005
#2463   pc=00400048 cycle=4633 insn=fed758e3
#2464   pc=0040004c cycle=4634 insn=00d7a023
#2465   pc=00400050 cycle=4637 insn=fee7ae23
#2466   pc=00400054 cycle=4637 insn=00088813
#2467   pc=00400058 cycle=4637 insn=fe1ff06f
#2468   pc=00400038 cycle=4637 insn=00478793   x15(a5)=10000034
#2469   pc=0040003c cycle=4641 insn=02c78063
#2470   pc=00400040 cycle=4644 insn=ffc7a683
#2471   pc=00400044 cycle=4645 insn=0007a703   x14(a4)=9002dc0d
#2472   pc=00400048 cycle=4648 insn=fed758e3
#2473   pc=0040004c cycle=4649 insn=00d7a023
#2474   pc=00400050 cycle=4652 insn=fee7ae23
#2475   pc=00400054 cycle=4652 insn=00088813
#2476   pc=00400058 cycle=4652 insn=fe1ff06f
#2477   pc=00400038 cycle=4652 insn=00478793   x15(a5)=10000038
#2478   pc=0040003c cycle=4656 insn=02c78063
#2479   pc=00400040 cycle=4659 insn=ffc7a683
#2480   pc=00400044 cycle=4660 insn=0007a703   x14(a4)=b79b2005
#2481   pc=00400048 cycle=4663 insn=fed758e3
#2482   pc=0040004c cycle=4664 insn=00d7a023
#2483   pc=00400050 cycle=4667 insn=fee7ae23
#2484   pc=00400054 cycle=4667 insn=00088813
#2485   pc=00400058 cycle=4667 insn=fe1ff06f
#2486   pc=00400038 cycle=4667 insn=00478793   x15(a5)=1000003c
#2487   pc=0040003c cycle=4671 insn=02c78063
#2488   pc=00400040 cycle=4674 insn=ffc7a683
#2489   pc=00400044 cycle=4675 insn=0007a703
#2490   pc=00400048 cycle=4678 insn=fed758e3
#2491   pc=0040004c cycle=4679 insn=00d7a023
#2492   pc=00400050 cycle=4682 insn=fee7ae23
#2493   pc=00400054 cycle=4682 insn=00088813
#2494   pc=00400058 cycle=4682 insn=fe1ff06f
#2495   pc=00400038 cycle=4682 insn=00478793   x15(a5)=10000040
#2496   pc=0040003c cycle=4686 insn=02c78063
#2497   pc=00400040 cycle=4689 insn=ffc7a683
#2498   pc=00400044 cycle=4690 insn=0007a703
#2499   pc=00400048 cycle=4693 insn=fed758e3
#2500   pc=0040004c cycle=4694 insn=00d7a023
#2501   pc=00400050 cycle=4697 insn=fee7ae23
#2502   pc=00400054 cycle=4697 insn=00088813
#2503   pc=00400058 cycle=4697 insn=fe1ff06f
#2504   pc=00400038 cycle=4697 insn=00478793   x15(a5)=10000044
#2505   pc=0040003c cycle=4701 insn=02c78063
#2506   pc=00400040 cycle=4704 insn=ffc7a683
#2507   pc=00400044 cycle=4705 insn=0007a703   x14(a4)=1840b48b
#2508   pc=00400048 cycle=4708 insn=fed758e3
#2509   pc=00400038 cycle=4714 insn=00478793   x15(a5)=10000048
#2510   pc=0040003c cycle=4717 insn=02c78063
#2511   pc=00400040 cycle=4719 insn=ffc7a683   x13(a3)=1840b48b
#2512   pc=00400044 cycle=4720 insn=0007a703   x14(a4)=c5b22a07
#2513   pc=00400048 cycle=4723 insn=fed758e3
#2514   pc=0040004c cycle=4724 insn=00d7a023
#2515   pc=00400050 cycle=4727 insn=fee7ae23
#2516   pc=00400054 cycle=4727 insn=00088813
#2517   pc=00400058 cycle=4727 insn=fe1ff06f
#2518   pc=00400038 cycle=4727 insn=00478793   x15(a5)=1000004c
#2519   pc=0040003c cycle=4731 insn=02c78063
#2520   pc=00400040 cycle=4734 insn=ffc7a683   x13(a3)=c5b22a07
#2521   pc=00400044 cycle=4735 insn=0007a703   x14(a4)=1503e5df
#2522   pc=00400048 cycle=4738 insn=fed758e3
#2523   pc=00400038 cycle=4744 insn=00478793   x15(a5)=10000050
#2524   pc=0040003c cycle=4747 insn=02c78063
#2525   pc=00400040 cycle=4749 insn=ffc7a683   x13(a3)=1503e5df
#2526   pc=00400044 cycle=4750 insn=0007a703   x14(a4)=f2ef8c66
#2527   pc=00400048 cycle=4753 insn=fed758e3
#2528   pc=0040004c cycle=4754 insn=00d7a023
#2529   pc=00400050 cycle=4757 insn=fee7ae23
#2530   pc=00400054 cycle=4757 insn=00088813
#2531   pc=00400058 cycle=4757 insn=fe1ff06f
#2532   pc=00400038 cycle=4757 insn=00478793   x15(a5)=10000054
#2533   pc=0040003c cycle=4761 insn=02c78063
#2534   pc=00400040 cycle=4764 insn=ffc7a683   x13(a3)=f2ef8c66
#2535   pc=00400044 cycle=4765 insn=0007a703   x14(a4)=c6337fbf
#2536   pc=00400048 cycle=4768 insn=fed758e3
#2537   pc=0040004c cycle=4769 insn=00d7a023
#2538   pc=00400050 cycle=4772 insn=fee7ae23
#2539   pc=00400054 cycle=4772 insn=00088813
#2540   pc=00400058 cycle=4772 insn=fe1ff06f
#2541   pc=00400038 cycle=4772 insn=00478793   x15(a5)=10000058
#2542   pc=0040003c cycle=4776 insn=02c78063
#2543   pc=00400040 cycle=4779 insn=ffc7a683
#2544   pc=00400044 cycle=4780 insn=0007a703   x14(a4)=bfdfe5b0
#2545   pc=00400048 cycle=4783 insn=fed758e3
#2546   pc=0040004c cycle=4784 insn=00d7a023
#2547   pc=00400050 cycle=4787 insn=fee7ae23
#2548   pc=00400054 cycle=4787 insn=00088813
#2549   pc=00400058 cycle=4787 insn=fe1ff06f
#2550   pc=00400038 cycle=4787 insn=00478793   x15(a5)=1000005c
#2551   pc=0040003c cycle=4791 insn=02c78063
#2552   pc=00400040 cycle=4794 insn=ffc7a683
#2553   pc=00400044 cycle=4795 insn=0007a703   x14(a4)=f2d85965
#2554   pc=00400048 cycle=4798 insn=fed758e3
#2555   pc=0040004c cycle=4799 insn=00d7a023
#2556   pc=00400050 cycle=4802 insn=fee7ae23
#2557   pc=00400054 cycle=4802 insn=00088813
#2558   pc=00400058 cycle=4802 insn=fe1ff06f
#2559   pc=00400038 cycle=4802 insn=00478793   x15(a5)=10000060
#2560   pc=0040003c cycle=4806 insn=02c78063
#2561   pc=00400040 cycle=4809 insn=ffc7a683
#2562   pc=00400044 cycle=4810 insn=0007a703   x14(a4)=1503e5df
#2563   pc=00400048 cycle=4813 insn=fed758e3
#2564   pc=00400038 cycle=4819 insn=00478793   x15(a5)=10000064
#2565   pc=0040003c cycle=4822 insn=02c78063
#2566   pc=00400040 cycle=4824 insn=ffc7a683   x13(a3)=1503e5df
#2567   pc=00400044 cycle=4825 insn=0007a703   x14(a4)=2cb2ff07
#2568   pc=00400048 cycle=4828 insn=fed758e3
#2569   pc=00400038 cycle=4834 insn=00478793   x15(a5)=10000068
#2570   pc=0040003c cycle=4837 insn=02c78063
#2571   pc=00400040 cycle=4839 insn=ffc7a683   x13(a3)=2cb2ff07
#2572   pc=00400044 cycle=4840 insn=0007a703   x14(a4)=c80ab9ec
#2573   pc=00400048 cycle=4843 insn=fed758e3
#2574   pc=0040004c cycle=4849 insn=00d7a023
#2575   pc=00400050 cycle=4852 insn=fee7ae23
#2576   pc=00400054 cycle=4852 insn=00088813
#2577   pc=00400058 cycle=4852 insn=fe1ff06f
#2578   pc=00400038 cycle=4853 insn=00478793   x15(a5)=1000006c
#2579   pc=0040003c cycle=4856 insn=02c78063
#2580   pc=00400040 cycle=4859 insn=ffc7a683
#2581   pc=00400044 cycle=4860 insn=0007a703
#2582   pc=00400048 cycle=4863 insn=fed758e3
#2583   pc=0040004c cycle=4864 insn=00d7a023
#2584   pc=00400050 cycle=4867 insn=fee7ae23
#2585   pc=00400054 cycle=4867 insn=00088813
#2586   pc=00400058 cycle=4867 insn=fe1ff06f
#2587   pc=00400038 cycle=4867 insn=00478793   x15(a5)=10000070
#2588   pc=0040003c cycle=4871 insn=02c78063
#2589   pc=00400040 cycle=4874 insn=ffc7a683   x13(a3)=c80ab9ec
#2590   pc=00400044 cycle=4875 insn=0007a703
#2591   pc=00400048 cycle=4878 insn=fed758e3
#2592   pc=00400038 cycle=4884 insn=00478793   x15(a5)=10000074
#2593   pc=0040003c cycle=4887 insn=02c78063
#2594   pc=00400040 cycle=4889 insn=ffc7a683
#2595   pc=00400044 cycle=4890 insn=0007a703
#2596   pc=00400048 cycle=4893 insn=fed758e3
#2597   pc=00400038 cycle=4899 insn=00478793   x15(a5)=10000078
#2598   pc=0040003c cycle=4902 insn=02c78063
#2599   pc=00400040 cycle=4904 insn=ffc7a683
#2600   pc=00400044 cycle=4905 insn=0007a703   x14(a4)=d5ca1d52
#2601   pc=00400048 cycle=4908 insn=fed758e3
#2602   pc=00400038 cycle=4908 insn=00478793   x15(a5)=1000007c
#2603   pc=0040003c cycle=4909 insn=02c78063
#2604   pc=00400040 cycle=4911 insn=ffc7a683   x13(a3)=d5ca1d52
#2605   pc=00400044 cycle=4914 insn=0007a703   x14(a4)=b7aa02c6
#2606   pc=00400048 cycle=4917 insn=fed758e3
#2607   pc=0040004c cycle=4923 insn=00d7a023
#2608   pc=00400050 cycle=4926 insn=fee7ae23
#2609   pc=00400054 cycle=4926 insn=00088813
#2610   pc=00400058 cycle=4926 insn=fe1ff06f
#2611   pc=00400038 cycle=4927 insn=00478793   x15(a5)=10000080
#2612   pc=0040003c cycle=4930 insn=02c78063
#2613   pc=00400040 cycle=4933 insn=ffc7a683
#2614   pc=00400044 cycle=4934 insn=0007a703   x14(a4)=01635ea6
#2615   pc=00400048 cycle=4937 insn=fed758e3
#2616   pc=00400038 cycle=4943 insn=00478793   x15(a5)=10000084
#2617   pc=0040003c cycle=4946 insn=02c78063
#2618   pc=00400040 cycle=4948 insn=ffc7a683   x13(a3)=01635ea6
#2619   pc=00400044 cycle=4949 insn=0007a703   x14(a4)=af5305e5
#2620   pc=00400048 cycle=4952 insn=fed758e3
#2621   pc=0040004c cycle=4958 insn=00d7a023
#2622   pc=00400050 cycle=4961 insn=fee7ae23
#2623   pc=00400054 cycle=4961 insn=00088813
#2624   pc=00400058 cycle=4961 insn=fe1ff06f
#2625   pc=00400038 cycle=4962 insn=00478793   x15(a5)=10000088
#2626   pc=0040003c cycle=4965 insn=02c78063
#2627   pc=00400040 cycle=4968 insn=ffc7a683
#2628   pc=00400044 cycle=4969 insn=0007a703   x14(a4)=82f2d29c
#2629   pc=00400048 cycle=4972 insn=fed758e3
#2630   pc=0040004c cycle=4973 insn=00d7a023
#2631   pc=00400050 cycle=4976 insn=fee7ae23
#2632   pc=00400054 cycle=4976 insn=00088813
#2633   pc=00400058 cycle=4976 insn=fe1ff06f
#2634   pc=00400038 cycle=4976 insn=00478793   x15(a5)=1000008c
#2635   pc=0040003c cycle=4980 insn=02c78063
#2636   pc=00400040 cycle=4983 insn=ffc7a683   x13(a3)=82f2d29c
#2637   pc=00400044 cycle=4984 insn=0007a703   x14(a4)=01635ea6
#2638   pc=00400048 cycle=4987 insn=fed758e3
#2639   pc=00400038 cycle=4993 insn=00478793   x15(a5)=10000090
#2640   pc=0040003c cycle=4996 insn=02c78063
#2641   pc=00400040 cycle=4998 insn=ffc7a683   x13(a3)=01635ea6
#2642   pc=00400044 cycle=4999 insn=0007a703   x14(a4)=0ea96f54
#2643   pc=00400048 cycle=5002 insn=fed758e3
#2644   pc=00400038 cycle=5008 insn=00478793   x15(a5)=10000094
#2645   pc=0040003c cycle=5011 insn=02c78063
#2646   pc=00400040 cycle=5013 insn=ffc7a683   x13(a3)=0ea96f54
#2647   pc=00400044 cycle=5014 insn=0007a703   x14(a4)=d82815c3
#2648   pc=00400048 cycle=5017 insn=fed758e3
#2649   pc=0040004c cycle=5023 insn=00d7a023
#2650   pc=00400050 cycle=5026 insn=fee7ae23
#2651   pc=00400054 cycle=5026 insn=00088813
#2652   pc=00400058 cycle=5026 insn=fe1ff06f
#2653   pc=00400038 cycle=5027 insn=00478793   x15(a5)=10000098
#2654   pc=0040003c cycle=5030 insn=02c78063
#2655   pc=00400040 cycle=5033 insn=ffc7a683
#2656   pc=00400044 cycle=5034 insn=0007a703   x14(a4)=0ae1e8ad
#2657   pc=00400048 cycle=5037 insn=fed758e3
#2658   pc=0040004c cycle=5038 insn=00d7a023
#2659   pc=00400050 cycle=5041 insn=fee7ae23
#2660   pc=00400054 cycle=5041 insn=00088813
#2661   pc=00400058 cycle=5041 insn=fe1ff06f
#2662   pc=00400038 cycle=5041 insn=00478793   x15(a5)=1000009c
#2663   pc=0040003c cycle=5045 insn=02c78063
#2664   pc=00400040 cycle=5048 insn=ffc7a683   x13(a3)=0ae1e8ad
#2665   pc=00400044 cycle=5049 insn=0007a703   x14(a4)=f45681ea
#2666   pc=00400048 cycle=5052 insn=fed758e3
#2667   pc=0040004c cycle=5053 insn=00d7a023
#2668   pc=00400050 cycle=5056 insn=fee7ae23
#2669   pc=00400054 cycle=5056 insn=00088813
#2670   pc=00400058 cycle=5056 insn=fe1ff06f
#2671   pc=00400038 cycle=5056 insn=00478793   x15(a5)=100000a0
#2672   pc=0040003c cycle=5060 insn=02c78063
#2673   pc=00400040 cycle=5063 insn=ffc7a683
#2674   pc=00400044 cycle=5064 insn=0007a703   x14(a4)=0ae1e8ad
#2675   pc=00400048 cycle=5067 insn=fed758e3
#2676   pc=00400038 cycle=5073 insn=00478793   x15(a5)=100000a4
#2677   pc=0040003c cycle=5076 insn=02c78063
#2678   pc=00400040 cycle=5078 insn=ffc7a683
#2679   pc=00400044 cycle=5079 insn=0007a703   x14(a4)=bf282426
#2680   pc=00400048 cycle=5082 insn=fed758e3
#2681   pc=0040004c cycle=5083 insn=00d7a023
#2682   pc=00400050 cycle=5086 insn=fee7ae23
#2683   pc=00400054 cycle=5086 insn=00088813
#2684   pc=00400058 cycle=5086 insn=fe1ff06f
#2685   pc=00400038 cycle=5086 insn=00478793   x15(a5)=100000a8
#2686   pc=0040003c cycle=5090 insn=02c78063
#2687   pc=00400040 cycle=5093 insn=ffc7a683   x13(a3)=bf282426
#2688   pc=00400044 cycle=5094 insn=0007a703
#2689   pc=00400048 cycle=5097 insn=fed758e3
#2690   pc=00400038 cycle=5103 insn=00478793   x15(a5)=100000ac
#2691   pc=0040003c cycle=5106 insn=02c78063
#2692   pc=00400040 cycle=5108 insn=ffc7a683
#2693   pc=00400044 cycle=5109 insn=0007a703   x14(a4)=add48d17
#2694   pc=00400048 cycle=5112 insn=fed758e3
#2695   pc=0040004c cycle=5113 insn=00d7a023
#2696   pc=00400050 cycle=5116 insn=fee7ae23
#2697   pc=00400054 cycle=5116 insn=00088813
#2698   pc=00400058 cycle=5116 insn=fe1ff06f
#2699   pc=00400038 cycle=5116 insn=00478793   x15(a5)=100000b0
#2700   pc=0040003c cycle=5120 insn=02c78063
#2701   pc=00400040 cycle=5123 insn=ffc7a683   x13(a3)=add48d17
#2702   pc=00400044 cycle=5124 insn=0007a703
#2703   pc=00400048 cycle=5127 insn=fed758e3
#2704   pc=00400038 cycle=5133 insn=00478793   x15(a5)=100000b4
#2705   pc=0040003c cycle=5136 insn=02c78063
#2706   pc=00400040 cycle=5138 insn=ffc7a683
#2707   pc=00400044 cycle=5139 insn=0007a703
#2708   pc=00400048 cycle=5142 insn=fed758e3
#2709   pc=00400038 cycle=5148 insn=00478793   x15(a5)=100000b8
#2710   pc=0040003c cycle=5151 insn=02c78063
#2711   pc=00400040 cycle=5153 insn=ffc7a683
#2712   pc=00400044 cycle=5154 insn=0007a703
#2713   pc=00400048 cycle=5157 insn=fed758e3
#2714   pc=00400038 cycle=5157 insn=00478793   x15(a5)=100000bc
#2715   pc=0040003c cycle=5158 insn=02c78063
#2716   pc=00400040 cycle=5160 insn=ffc7a683
#2717   pc=00400044 cycle=5163 insn=0007a703   x14(a4)=ea8aa0a5
#2718   pc=00400048 cycle=5166 insn=fed758e3
#2719   pc=00400038 cycle=5166 insn=00478793   x15(a5)=100000c0
#2720   pc=0040003c cycle=5166 insn=02c78063
#2721   pc=00400040 cycle=5169 insn=ffc7a683   x13(a3)=ea8aa0a5
#2722   pc=00400044 cycle=5172 insn=0007a703
#2723   pc=00400048 cycle=5175 insn=fed758e3
#2724   pc=00400038 cycle=5175 insn=00478793   x15(a5)=100000c4
#2725   pc=0040003c cycle=5175 insn=02c78063
#2726   pc=00400040 cycle=5178 insn=ffc7a683
#2727   pc=00400044 cycle=5181 insn=0007a703   x14(a4)=df110986
#2728   pc=00400048 cycle=5184 insn=fed758e3
#2729   pc=0040004c cycle=5190 insn=00d7a023
#2730   pc=00400050 cycle=5193 insn=fee7ae23
#2731   pc=00400054 cycle=5193 insn=00088813
#2732   pc=00400058 cycle=5193 insn=fe1ff06f
#2733   pc=00400038 cycle=5194 insn=00478793   x15(a5)=100000c8
#2734   pc=0040003c cycle=5197 insn=02c78063
#2735   pc=00400040 cycle=5200 insn=ffc7a683
#2736   pc=00400044 cycle=5201 insn=0007a703   x14(a4)=84c36ccd
#2737   pc=00400048 cycle=5204 insn=fed758e3
#2738   pc=0040004c cycle=5205 insn=00d7a023
#2739   pc=00400050 cycle=5208 insn=fee7ae23
#2740   pc=00400054 cycle=5208 insn=00088813
#2741   pc=00400058 cycle=5208 insn=fe1ff06f
#2742   pc=00400038 cycle=5208 insn=00478793   x15(a5)=100000cc
#2743   pc=0040003c cycle=5212 insn=02c78063
#2744   pc=00400040 cycle=5215 insn=ffc7a683   x13(a3)=84c36ccd
#2745   pc=00400044 cycle=5216 insn=0007a703
#2746   pc=00400048 cycle=5219 insn=fed758e3
#2747   pc=00400038 cycle=5225 insn=00478793   x15(a5)=100000d0
#2748   pc=0040003c cycle=5228 insn=02c78063
#2749   pc=00400040 cycle=5230 insn=ffc7a683
#2750   pc=00400044 cycle=5231 insn=0007a703   x14(a4)=b666c147
#2751   pc=00400048 cycle=5234 insn=fed758e3
#2752   pc=00400038 cycle=5234 insn=00478793   x15(a5)=100000d4
#2753   pc=0040003c cycle=5235 insn=02c78063
#2754   pc=00400040 cycle=5237 insn=ffc7a683   x13(a3)=b666c147
#2755   pc=00400044 cycle=5240 insn=0007a703   x14(a4)=df110986
#2756   pc=00400048 cycle=5243 insn=fed758e3
#2757   pc=00400038 cycle=5243 insn=00478793   x15(a5)=100000d8
#2758   pc=0040003c cycle=5243 insn=02c78063
#2759   pc=00400040 cycle=5246 insn=ffc7a683   x13(a3)=df110986
#2760   pc=00400044 cycle=5249 insn=0007a703
#2761   pc=00400048 cycle=5252 insn=fed758e3
#2762   pc=00400038 cycle=5252 insn=00478793   x15(a5)=100000dc
#2763   pc=0040003c cycle=5252 insn=02c78063
#2764   pc=00400040 cycle=5255 insn=ffc7a683
#2765   pc=00400044 cycle=5258 insn=0007a703   x14(a4)=ec1a32b9
#2766   pc=00400048 cycle=5261 insn=fed758e3
#2767   pc=00400038 cycle=5261 insn=00478793   x15(a5)=100000e0
#2768   pc=0040003c cycle=5261 insn=02c78063
#2769   pc=00400040 cycle=5264 insn=ffc7a683   x13(a3)=ec1a32b9
#2770   pc=00400044 cycle=5267 insn=0007a703
#2771   pc=00400048 cycle=5270 insn=fed758e3
#2772   pc=00400038 cycle=5270 insn=00478793   x15(a5)=100000e4
#2773   pc=0040003c cycle=5270 insn=02c78063
#2774   pc=00400040 cycle=5273 insn=ffc7a683
#2775   pc=00400044 cycle=5276 insn=0007a703   x14(a4)=07023fba
#2776   pc=00400048 cycle=5279 insn=fed758e3
#2777   pc=00400038 cycle=5279 insn=00478793   x15(a5)=100000e8
#2778   pc=0040003c cycle=5279 insn=02c78063
#2779   pc=00400040 cycle=5282 insn=ffc7a683   x13(a3)=07023fba
#2780   pc=00400044 cycle=5285 insn=0007a703   x14(a4)=80f68da3
#2781   pc=00400048 cycle=5288 insn=fed758e3
#2782   pc=0040004c cycle=5294 insn=00d7a023
#2783   pc=00400050 cycle=5297 insn=fee7ae23
#2784   pc=00400054 cycle=5297 insn=00088813
#2785   pc=00400058 cycle=5297 insn=fe1ff06f
#2786   pc=00400038 cycle=5298 insn=00478793   x15(a5)=100000ec
#2787   pc=0040003c cycle=5301 insn=02c78063
#2788   pc=00400040 cycle=5304 insn=ffc7a683
#2789   pc=00400044 cycle=5305 insn=0007a703   x14(a4)=195cf4c4
#2790   pc=00400048 cycle=5308 insn=fed758e3
#2791   pc=00400038 cycle=5314 insn=00478793   x15(a5)=100000f0
#2792   pc=0040003c cycle=5317 insn=02c78063
#2793   pc=00400040 cycle=5319 insn=ffc7a683   x13(a3)=195cf4c4
#2794   pc=00400044 cycle=5320 insn=0007a703   x14(a4)=e12aa167
#2795   pc=00400048 cycle=5323 insn=fed758e3
#2796   pc=0040004c cycle=5329 insn=00d7a023
#2797   pc=00400050 cycle=5332 insn=fee7ae23
#2798   pc=00400054 cycle=5332 insn=00088813
#2799   pc=00400058 cycle=5332 insn=fe1ff06f
#2800   pc=00400038 cycle=5333 insn=00478793   x15(a5)=100000f4
#2801   pc=0040003c cycle=5336 insn=02c78063
#2802   pc=00400040 cycle=5339 insn=ffc7a683
#2803   pc=00400044 cycle=5340 insn=0007a703
#2804   pc=00400048 cycle=5343 insn=fed758e3
#2805   pc=0040004c cycle=5344 insn=00d7a023
#2806   pc=00400050 cycle=5347 insn=fee7ae23
#2807   pc=00400054 cycle=5347 insn=00088813
#2808   pc=00400058 cycle=5347 insn=fe1ff06f
#2809   pc=00400038 cycle=5347 insn=00478793   x15(a5)=100000f8
#2810   pc=0040003c cycle=5351 insn=02c78063
#2811   pc=00400040 cycle=5354 insn=ffc7a683   x13(a3)=e12aa167
#2812   pc=00400044 cycle=5355 insn=0007a703
#2813   pc=00400048 cycle=5358 insn=fed758e3
#2814   pc=00400038 cycle=5364 insn=00478793   x15(a5)=100000fc
#2815   pc=0040003c cycle=5367 insn=02c78063
#2816   pc=00400040 cycle=5369 insn=ffc7a683
#2817   pc=00400044 cycle=5370 insn=0007a703
#2818   pc=00400048 cycle=5373 insn=fed758e3
#2819   pc=00400038 cycle=5373 insn=00478793   x15(a5)=10000100
#2820   pc=0040003c cycle=5374 insn=02c78063
#2821   pc=00400040 cycle=5376 insn=ffc7a683
#2822   pc=00400044 cycle=5379 insn=0007a703   x14(a4)=f8b2a988
#2823   pc=00400048 cycle=5382 insn=fed758e3
#2824   pc=00400038 cycle=5382 insn=00478793   x15(a5)=10000104
#2825   pc=0040003c cycle=5382 insn=02c78063
#2826   pc=00400040 cycle=5385 insn=ffc7a683   x13(a3)=f8b2a988
#2827   pc=00400044 cycle=5388 insn=0007a703   x14(a4)=d5f89e0e
#2828   pc=00400048 cycle=5391 insn=fed758e3
#2829   pc=0040004c cycle=5397 insn=00d7a023
#2830   pc=00400050 cycle=5400 insn=fee7ae23
#2831   pc=00400054 cycle=5400 insn=00088813
#2832   pc=00400058 cycle=5400 insn=fe1ff06f
#2833   pc=00400038 cycle=5401 insn=00478793   x15(a5)=10000108
#2834   pc=0040003c cycle=5404 insn=02c78063
#2835   pc=00400040 cycle=5407 insn=ffc7a683
#2836   pc=00400044 cycle=5408 insn=0007a703   x14(a4)=f8b2a988
#2837   pc=00400048 cycle=5411 insn=fed758e3
#2838   pc=00400038 cycle=5417 insn=00478793   x15(a5)=1000010c
#2839   pc=0040003c cycle=5420 insn=02c78063
#2840   pc=00400040 cycle=5422 insn=ffc7a683
#2841   pc=00400044 cycle=5423 insn=0007a703   x14(a4)=b5d4a6b5
#2842   pc=00400048 cycle=5426 insn=fed758e3
#2843   pc=0040004c cycle=5432 insn=00d7a023
#2844   pc=00400050 cycle=5435 insn=fee7ae23
#2845   pc=00400054 cycle=5435 insn=00088813
#2846   pc=00400058 cycle=5435 insn=fe1ff06f
#2847   pc=00400038 cycle=5436 insn=00478793   x15(a5)=10000110
#2848   pc=0040003c cycle=5439 insn=02c78063
#2849   pc=00400040 cycle=5442 insn=ffc7a683
#2850   pc=00400044 cycle=5443 insn=0007a703
#2851   pc=00400048 cycle=5446 insn=fed758e3
#2852   pc=0040004c cycle=5447 insn=00d7a023
#2853   pc=00400050 cycle=5450 insn=fee7ae23
#2854   pc=00400054 cycle=5450 insn=00088813
#2855   pc=00400058 cycle=5450 insn=fe1ff06f
#2856   pc=00400038 cycle=5450 insn=00478793   x15(a5)=10000114
#2857   pc=0040003c cycle=5454 insn=02c78063
#2858   pc=00400040 cycle=5457 insn=ffc7a683   x13(a3)=b5d4a6b5
#2859   pc=00400044 cycle=5458 insn=0007a703
#2860   pc=00400048 cycle=5461 insn=fed758e3
#2861   pc=00400038 cycle=5467 insn=00478793   x15(a5)=10000118
#2862   pc=0040003c cycle=5470 insn=02c78063
#2863   pc=00400040 cycle=5472 insn=ffc7a683
#2864   pc=00400044 cycle=5473 insn=0007a703
#2865   pc=00400048 cycle=5476 insn=fed758e3
#2866   pc=00400038 cycle=5476 insn=00478793   x15(a5)=1000011c
#2867   pc=0040003c cycle=5477 insn=02c78063
#2868   pc=00400040 cycle=5479 insn=ffc7a683
#2869   pc=00400044 cycle=5482 insn=0007a703   x14(a4)=535adbfd
#2870   pc=00400048 cycle=5485 insn=fed758e3
#2871   pc=00400038 cycle=5485 insn=00478793   x15(a5)=10000120
#2872   pc=0040003c cycle=5485 insn=02c78063
#2873   pc=00400040 cycle=5488 insn=ffc7a683   x13(a3)=535adbfd
#2874   pc=00400044 cycle=5491 insn=0007a703   x14(a4)=9577ad12
#2875   pc=00400048 cycle=5494 insn=fed758e3
#2876   pc=0040004c cycle=5500 insn=00d7a023
#2877   pc=00400050 cycle=5503 insn=fee7ae23
#2878   pc=00400054 cycle=5503 insn=00088813
#2879   pc=00400058 cycle=5503 insn=fe1ff06f
#2880   pc=00400038 cycle=5504 insn=00478793   x15(a5)=10000124
#2881   pc=0040003c cycle=5507 insn=02c78063
#2882   pc=00400040 cycle=5510 insn=ffc7a683
#2883   pc=00400044 cycle=5511 insn=0007a703   x14(a4)=d6894ac7
#2884   pc=00400048 cycle=5514 insn=fed758e3
#2885   pc=0040004c cycle=5515 insn=00d7a023
#2886   pc=00400050 cycle=5518 insn=fee7ae23
#2887   pc=00400054 cycle=5518 insn=00088813
#2888   pc=00400058 cycle=5518 insn=fe1ff06f
#2889   pc=00400038 cycle=5518 insn=00478793   x15(a5)=10000128
#2890   pc=0040003c cycle=5522 insn=02c78063
#2891   pc=00400040 cycle=5525 insn=ffc7a683   x13(a3)=d6894ac7
#2892   pc=00400044 cycle=5526 insn=0007a703   x14(a4)=a563eb19
#2893   pc=00400048 cycle=5529 insn=fed758e3
#2894   pc=0040004c cycle=5530 insn=00d7a023
#2895   pc=00400050 cycle=5533 insn=fee7ae23
#2896   pc=00400054 cycle=5533 insn=00088813
#2897   pc=00400058 cycle=5533 insn=fe1ff06f
#2898   pc=00400038 cycle=5533 insn=00478793   x15(a5)=1000012c
#2899   pc=0040003c cycle=5537 insn=02c78063
#2900   pc=00400040 cycle=5540 insn=ffc7a683
#2901   pc=00400044 cycle=5541 insn=0007a703   x14(a4)=d6894ac7
#2902   pc=00400048 cycle=5544 insn=fed758e3
#2903   pc=00400038 cycle=5550 insn=00478793   x15(a5)=10000130
#2904   pc=0040003c cycle=5553 insn=02c78063
#2905   pc=00400040 cycle=5555 insn=ffc7a683
#2906   pc=00400044 cycle=5556 insn=0007a703
#2907   pc=00400048 cycle=5559 insn=fed758e3
#2908   pc=00400038 cycle=5565 insn=00478793   x15(a5)=10000134
#2909   pc=0040003c cycle=5568 insn=02c78063
#2910   pc=0040005c cycle=5574 insn=ffc60613   x12(a2)=10000130
#2911   pc=00400060 cycle=5576 insn=fc0812e3
#2912   pc=00400024 cycle=5578 insn=fff58593   x11(a1)=0000004b
#2913   pc=00400028 cycle=5581 insn=02b05e63
#2914   pc=0040002c cycle=5581 insn=00450793   x15(a5)=10000004
#2915   pc=00400030 cycle=5581 insn=00030813   x16(a6)=00000000
#2916   pc=00400034 cycle=5582 insn=00c0006f
#2917   pc=00400040 cycle=5587 insn=ffc7a683   x13(a3)=859babf3
#2918   pc=00400044 cycle=5588 insn=0007a703   x14(a4)=859babf3
#2919   pc=00400048 cycle=5591 insn=fed758e3
#2920   pc=00400038 cycle=5591 insn=00478793   x15(a5)=10000008
#2921   pc=0040003c cycle=5592 insn=02c78063
#2922   pc=00400040 cycle=5594 insn=ffc7a683
#2923   pc=00400044 cycle=5597 insn=0007a703
#2924   pc=00400048 cycle=5600 insn=fed758e3
#2925   pc=00400038 cycle=5600 insn=00478793   x15(a5)=1000000c
#2926   pc=0040003c cycle=5600 insn=02c78063
#2927   pc=00400040 cycle=5603 insn=ffc7a683
#2928   pc=00400044 cycle=5606 insn=0007a703
#2929   pc=00400048 cycle=5609 insn=fed758e3
#2930   pc=00400038 cycle=5609 insn=00478793   x15(a5)=10000010
#2931   pc=0040003c cycle=5609 insn=02c78063
#2932   pc=00400040 cycle=5612 insn=ffc7a683
#2933   pc=00400044 cycle=5615 insn=0007a703
#2934   pc=00400048 cycle=5618 insn=fed758e3
#2935   pc=00400038 cycle=5618 insn=00478793   x15(a5)=10000014
#2936   pc=0040003c cycle=5618 insn=02c78063
#2937   pc=00400040 cycle=5621 insn=ffc7a683
#2938   pc=00400044 cycle=5624 insn=0007a703   x14(a4)=bd10903a
#2939   pc=00400048 cycle=5627 insn=fed758e3
#2940   pc=00400038 cycle=5627 insn=00478793   x15(a5)=10000018
#2941   pc=0040003c cycle=5627 insn=02c78063
#2942   pc=00400040 cycle=5630 insn=ffc7a683   x13(a3)=bd10903a
#2943   pc=00400044 cycle=5633 insn=0007a703   x14(a4)=ab08ac74
#2944   pc=00400048 cycle=5636 insn=fed758e3
#2945   pc=0040004c cycle=5642 insn=00d7a023
#2946   pc=00400050 cycle=5645 insn=fee7ae23
#2947   pc=00400054 cycle=5645 insn=00088813   x16(a6)=00000001
#2948   pc=00400058 cycle=5645 insn=fe1ff06f
#2949   pc=00400038 cycle=5646 insn=00478793   x15(a5)=1000001c
#2950   pc=0040003c cycle=5649 insn=02c78063
#2951   pc=00400040 cycle=5652 insn=ffc7a683
#2952   pc=00400044 cycle=5653 insn=0007a703   x14(a4)=d5f9cbd8
#2953   pc=00400048 cycle=5656 insn=fed758e3
#2954   pc=00400038 cycle=5662 insn=00478793   x15(a5)=10000020
#2955   pc=0040003c cycle=5665 insn=02c78063
#2956   pc=00400040 cycle=5667 insn=ffc7a683   x13(a3)=d5f9cbd8
#2957   pc=00400044 cycle=5668 insn=0007a703   x14(a4)=e5ec620a
#2958   pc=00400048 cycle=5671 insn=fed758e3
#2959   pc=00400038 cycle=5671 insn=00478793   x15(a5)=10000024
#2960   pc=0040003c cycle=5672 insn=02c78063
#2961   pc=00400040 cycle=5674 insn=ffc7a683   x13(a3)=e5ec620a
#2962   pc=00400044 cycle=5677 insn=0007a703   x14(a4)=d1909f6a
#2963   pc=00400048 cycle=5680 insn=fed758e3
#2964   pc=0040004c cycle=5686 insn=00d7a023
#2965   pc=00400050 cycle=5689 insn=fee7ae23
#2966   pc=00400054 cycle=5689 insn=00088813
#2967   pc=00400058 cycle=5689 insn=fe1ff06f
#2968   pc=00400038 cycle=5690 insn=00478793   x15(a5)=10000028
#2969   pc=0040003c cycle=5693 insn=02c78063
#2970   pc=00400040 cycle=5696 insn=ffc7a683
#2971   pc=00400044 cycle=5697 insn=0007a703
#2972   pc=00400048 cycle=5700 insn=fed758e3
#2973   pc=0040004c cycle=5701 insn=00d7a023
#2974   pc=00400050 cycle=5704 insn=fee7ae23
#2975   pc=00400054 cycle=5704 insn=00088813
#2976   pc=00400058 cycle=5704 insn=fe1ff06f
#2977   pc=00400038 cycle=5704 insn=00478793   x15(a5)=1000002c
#2978   pc=0040003c cycle=5708 insn=02c78063
#2979   pc=00400040 cycle=5711 insn=ffc7a683   x13(a3)=d1909f6a
#2980   pc=00400044 cycle=5712 insn=0007a703   x14(a4)=b79b2005
#2981   pc=00400048 cycle=5715 insn=fed758e3
#2982   pc=0040004c cycle=5716 insn=00d7a023
#2983   pc=00400050 cycle=5719 insn=fee7ae23
#2984   pc=00400054 cycle=5719 insn=00088813
#2985   pc=00400058 cycle=5719 insn=fe1ff06f
#2986   pc=00400038 cycle=5719 insn=00478793   x15(a5)=10000030
#2987   pc=0040003c cycle=5723 insn=02c78063
#2988   pc=00400040 cycle=5726 insn=ffc7a683
#2989   pc=00400044 cycle=5727 insn=0007a703   x14(a4)=9002dc0d
#2990   pc=00400048 cycle=5730 insn=fed758e3
#2991   pc=0040004c cycle=5731 insn=00d7a023
#2992   pc=00400050 cycle=5734 insn=fee7ae23
#2993   pc=00400054 cycle=5734 insn=00088813
#2994   pc=00400058 cycle=5734 insn=fe1ff06f
#2995   pc=00400038 cycle=5734 insn=00478793   x15(a5)=10000034
#2996   pc=0040003c cycle=5738 insn=02c78063
#2997   pc=00400040 cycle=5741 insn=ffc7a683
#2998   pc=00400044 cycle=5742 insn=0007a703   x14(a4)=b79b2005
#2999   pc=00400048 cycle=5745 insn=fed758e3
#3000   pc=0040004c cycle=5746 insn=00d7a023
#3001   pc=00400050 cycle=5749 insn=fee7ae23
#3002   pc=00400054 cycle=5749 insn=00088813
#3003   pc=00400058 cycle=5749 insn=fe1ff06f
#3004   pc=00400038 cycle=5749 insn=00478793   x15(a5)=10000038
#3005   pc=0040003c cycle=5753 insn=02c78063
#3006   pc=00400040 cycle=5756 insn=ffc7a683
#3007   pc=00400044 cycle=5757 insn=0007a703
#3008   pc=00400048 cycle=5760 insn=fed758e3
#3009   pc=0040004c cycle=5761 insn=00d7a023
#3010   pc=00400050 cycle=5764 insn=fee7ae23
#3011   pc=00400054 cycle=5764 insn=00088813
#3012   pc=00400058 cycle=5764 insn=fe1ff06f
#3013   pc=00400038 cycle=5764 insn=00478793   x15(a5)=1000003c
#3014   pc=0040003c cycle=5768 insn=02c78063
#3015   pc=00400040 cycle=5771 insn=ffc7a683
#3016   pc=00400044 cycle=5772 insn=0007a703
#3017   pc=00400048 cycle=5775 insn=fed758e3
#3018   pc=0040004c cycle=5776 insn=00d7a023
#3019   pc=00400050 cycle=5779 insn=fee7ae23
#3020   pc=00400054 cycle=5779 insn=00088813
#3021   pc=00400058 cycle=5779 insn=fe1ff06f
#3022   pc=00400038 cycle=5779 insn=00478793   x15(a5)=10000040
#3023   pc=0040003c cycle=5783 insn=02c78063
#3024   pc=00400040 cycle=5786 insn=ffc7a683
#3025   pc=00400044 cycle=5787 insn=0007a703   x14(a4)=d1909f6a
#3026   pc=00400048 cycle=5790 insn=fed758e3
#3027   pc=00400038 cycle=5796 insn=00478793   x15(a5)=10000044
#3028   pc=0040003c cycle=5799 insn=02c78063
#3029   pc=00400040 cycle=5801 insn=ffc7a683
#3030   pc=00400044 cycle=5802 insn=0007a703   x14(a4)=c5b22a07
#3031   pc=00400048 cycle=5805 insn=fed758e3
#3032   pc=0040004c cycle=5806 insn=00d7a023
#3033   pc=00400050 cycle=5809 insn=fee7ae23
#3034   pc=00400054 cycle=5809 insn=00088813
#3035   pc=00400058 cycle=5809 insn=fe1ff06f
#3036   pc=00400038 cycle=5809 insn=00478793   x15(a5)=10000048
#3037   pc=0040003c cycle=5813 insn=02c78063
#3038   pc=00400040 cycle=5816 insn=ffc7a683   x13(a3)=c5b22a07
#3039   pc=00400044 cycle=5817 insn=0007a703
#3040   pc=00400048 cycle=5820 insn=fed758e3
#3041   pc=00400038 cycle=5826 insn=00478793   x15(a5)=1000004c
#3042   pc=0040003c cycle=5829 insn=02c78063
#3043   pc=00400040 cycle=5831 insn=ffc7a683
#3044   pc=00400044 cycle=5832 insn=0007a703   x14(a4)=f2ef8c66
#3045   pc=00400048 cycle=5835 insn=fed758e3
#3046   pc=00400038 cycle=5841 insn=00478793   x15(a5)=10000050
#3047   pc=0040003c cycle=5844 insn=02c78063
#3048   pc=00400040 cycle=5846 insn=ffc7a683   x13(a3)=f2ef8c66
#3049   pc=00400044 cycle=5847 insn=0007a703   x14(a4)=c6337fbf
#3050   pc=00400048 cycle=5850 insn=fed758e3
#3051   pc=0040004c cycle=5856 insn=00d7a023
#3052   pc=00400050 cycle=5859 insn=fee7ae23
#3053   pc=00400054 cycle=5859 insn=00088813
#3054   pc=00400058 cycle=5859 insn=fe1ff06f
#3055   pc=00400038 cycle=5860 insn=00478793   x15(a5)=10000054
#3056   pc=0040003c cycle=5863 insn=02c78063
#3057   pc=00400040 cycle=5866 insn=ffc7a683
#3058   pc=00400044 cycle=5867 insn=0007a703   x14(a4)=bfdfe5b0
#3059   pc=00400048 cycle=5870 insn=fed758e3
#3060   pc=0040004c cycle=5871 insn=00d7a023
#3061   pc=00400050 cycle=5874 insn=fee7ae23
#3062   pc=00400054 cycle=5874 insn=00088813
#3063   pc=00400058 cycle=5874 insn=fe1ff06f
#3064   pc=00400038 cycle=5874 insn=00478793   x15(a5)=10000058
#3065   pc=0040003c cycle=5878 insn=02c78063
#3066   pc=00400040 cycle=5881 insn=ffc7a683   x13(a3)=bfdfe5b0
#3067   pc=00400044 cycle=5882 insn=0007a703   x14(a4)=f2d85965
#3068   pc=00400048 cycle=5885 insn=fed758e3
#3069   pc=00400038 cycle=5891 insn=00478793   x15(a5)=1000005c
#3070   pc=0040003c cycle=5894 insn=02c78063
#3071   pc=00400040 cycle=5896 insn=ffc7a683   x13(a3)=f2d85965
#3072   pc=00400044 cycle=5897 insn=0007a703   x14(a4)=f2ef8c66
#3073   pc=00400048 cycle=5900 insn=fed758e3
#3074   pc=00400038 cycle=5906 insn=00478793   x15(a5)=10000060
#3075   pc=0040003c cycle=5909 insn=02c78063
#3076   pc=00400040 cycle=5911 insn=ffc7a683   x13(a3)=f2ef8c66
#3077   pc=00400044 cycle=5912 insn=0007a703   x14(a4)=1503e5df
#3078   pc=00400048 cycle=5915 insn=fed758e3
#3079   pc=00400038 cycle=5915 insn=00478793   x15(a5)=10000064
#3080   pc=0040003c cycle=5916 insn=02c78063
#3081   pc=00400040 cycle=5918 insn=ffc7a683   x13(a3)=1503e5df
#3082   pc=00400044 cycle=5921 insn=0007a703   x14(a4)=c80ab9ec
#3083   pc=00400048 cycle=5924 insn=fed758e3
#3084   pc=0040004c cycle=5930 insn=00d7a023
#3085   pc=00400050 cycle=5933 insn=fee7ae23
#3086   pc=00400054 cycle=5933 insn=00088813
#3087   pc=00400058 cycle=5933 insn=fe1ff06f
#3088   pc=00400038 cycle=5934 insn=00478793   x15(a5)=10000068
#3089   pc=0040003c cycle=5937 insn=02c78063
#3090   pc=00400040 cycle=5940 insn=ffc7a683
#3091   pc=00400044 cycle=5941 insn=0007a703
#3092   pc=00400048 cycle=5944 insn=fed758e3
#3093   pc=0040004c cycle=5945 insn=00d7a023
#3094   pc=00400050 cycle=5948 insn=fee7ae23
#3095   pc=00400054 cycle=5948 insn=00088813
#3096   pc=00400058 cycle=5948 insn=fe1ff06f
#3097   pc=00400038 cycle=5948 insn=00478793   x15(a5)=1000006c
#3098   pc=0040003c cycle=5952 insn=02c78063
#3099   pc=00400040 cycle=5955 insn=ffc7a683   x13(a3)=c80ab9ec
#3100   pc=00400044 cycle=5956 insn=0007a703
#3101   pc=00400048 cycle=5959 insn=fed758e3
#3102   pc=00400038 cycle=5965 insn=00478793   x15(a5)=10000070
#3103   pc=0040003c cycle=5968 insn=02c78063
#3104   pc=00400040 cycle=5970 insn=ffc7a683
#3105   pc=00400044 cycle=5971 insn=0007a703
#3106   pc=00400048 cycle=5974 insn=fed758e3
#3107   pc=00400038 cycle=5980 insn=00478793   x15(a5)=10000074
#3108   pc=0040003c cycle=5983 insn=02c78063
#3109   pc=00400040 cycle=5985 insn=ffc7a683
#3110   pc=00400044 cycle=5986 insn=0007a703
#3111   pc=00400048 cycle=5989 insn=fed758e3
#3112   pc=00400038 cycle=5989 insn=00478793   x15(a5)=10000078
#3113   pc=0040003c cycle=5990 insn=02c78063
#3114   pc=00400040 cycle=5992 insn=ffc7a683
#3115   pc=00400044 cycle=5995 insn=0007a703   x14(a4)=b7aa02c6
#3116   pc=00400048 cycle=5998 insn=fed758e3
#3117   pc=0040004c cycle=6004 insn=00d7a023
#3118   pc=00400050 cycle=6007 insn=fee7ae23
#3119   pc=00400054 cycle=6007 insn=00088813
#3120   pc=00400058 cycle=6007 insn=fe1ff06f
#3121   pc=00400038 cycle=6008 insn=00478793   x15(a5)=1000007c
#3122   pc=0040003c cycle=6011 insn=02c78063
#3123   pc=00400040 cycle=6014 insn=ffc7a683
#3124   pc=00400044 cycle=6015 insn=0007a703   x14(a4)=d5ca1d52
#3125   pc=00400048 cycle=6018 insn=fed758e3
#3126   pc=00400038 cycle=6024 insn=00478793   x15(a5)=10000080
#3127   pc=0040003c cycle=6027 insn=02c78063
#3128   pc=00400040 cycle=6029 insn=ffc7a683   x13(a3)=d5ca1d52
#3129   pc=00400044 cycle=6030 insn=0007a703   x14(a4)=af5305e5
#3130   pc=00400048 cycle=6033 insn=fed758e3
#3131   pc=0040004c cycle=6039 insn=00d7a023
#3132   pc=00400050 cycle=6042 insn=fee7ae23
#3133   pc=00400054 cycle=6042 insn=00088813
#3134   pc=00400058 cycle=6042 insn=fe1ff06f
#3135   pc=00400038 cycle=6043 insn=00478793   x15(a5)=10000084
#3136   pc=0040003c cycle=6046 insn=02c78063
#3137   pc=00400040 cycle=6049 insn=ffc7a683
#3138   pc=00400044 cycle=6050 insn=0007a703   x14(a4)=82f2d29c
#3139   pc=00400048 cycle=6053 insn=fed758e3
#3140   pc=0040004c cycle=6054 insn=00d7a023
#3141   pc=00400050 cycle=6057 insn=fee7ae23
#3142   pc=00400054 cycle=6057 insn=00088813
#3143   pc=00400058 cycle=6057 insn=fe1ff06f
#3144   pc=00400038 cycle=6057 insn=00478793   x15(a5)=10000088
#3145   pc=0040003c cycle=6061 insn=02c78063
#3146   pc=00400040 cycle=6064 insn=ffc7a683   x13(a3)=82f2d29c
#3147   pc=00400044 cycle=6065 insn=0007a703
#3148   pc=00400048 cycle=6068 insn=fed758e3
#3149   pc=00400038 cycle=6074 insn=00478793   x15(a5)=1000008c
#3150   pc=0040003c cycle=6077 insn=02c78063
#3151   pc=00400040 cycle=6079 insn=ffc7a683
#3152   pc=00400044 cycle=6080 insn=0007a703   x14(a4)=01635ea6
#3153   pc=00400048 cycle=6083 insn=fed758e3
#3154   pc=00400038 cycle=6089 insn=00478793   x15(a5)=10000090
#3155   pc=0040003c cycle=6092 insn=02c78063
#3156   pc=00400040 cycle=6094 insn=ffc7a683   x13(a3)=01635ea6
#3157   pc=00400044 cycle=6095 insn=0007a703   x14(a4)=d82815c3
#3158   pc=00400048 cycle=6098 insn=fed758e3
#3159   pc=0040004c cycle=6104 insn=00d7a023
#3160   pc=00400050 cycle=6107 insn=fee7ae23
#3161   pc=00400054 cycle=6107 insn=00088813
#3162   pc=00400058 cycle=6107 insn=fe1ff06f
#3163   pc=00400038 cycle=6108 insn=00478793   x15(a5)=10000094
#3164   pc=0040003c cycle=6111 insn=02c78063
#3165   pc=00400040 cycle=6114 insn=ffc7a683
#3166   pc=00400044 cycle=6115 insn=0007a703   x14(a4)=0ae1e8ad
#3167   pc=00400048 cycle=6118 insn=fed758e3
#3168   pc=00400038 cycle=6124 insn=00478793   x15(a5)=10000098
#3169   pc=0040003c cycle=6127 insn=02c78063
#3170   pc=00400040 cycle=6129 insn=ffc7a683   x13(a3)=0ae1e8ad
#3171   pc=00400044 cycle=6130 insn=0007a703   x14(a4)=f45681ea
#3172   pc=00400048 cycle=6133 insn=fed758e3
#3173   pc=0040004c cycle=6139 insn=00d7a023
#3174   pc=00400050 cycle=6142 insn=fee7ae23
#3175   pc=00400054 cycle=6142 insn=00088813
#3176   pc=00400058 cycle=6142 insn=fe1ff06f
#3177   pc=00400038 cycle=6143 insn=00478793   x15(a5)=1000009c
#3178   pc=0040003c cycle=6146 insn=02c78063
#3179   pc=00400040 cycle=6149 insn=ffc7a683
#3180   pc=00400044 cycle=6150 insn=0007a703   x14(a4)=0ae1e8ad
#3181   pc=00400048 cycle=6153 insn=fed758e3
#3182   pc=00400038 cycle=6159 insn=00478793   x15(a5)=100000a0
#3183   pc=0040003c cycle=6162 insn=02c78063
#3184   pc=00400040 cycle=6164 insn=ffc7a683
#3185   pc=00400044 cycle=6165 insn=0007a703   x14(a4)=bf282426
#3186   pc=00400048 cycle=6168 insn=fed758e3
#3187   pc=0040004c cycle=6174 insn=00d7a023
#3188   pc=00400050 cycle=6177 insn=fee7ae23
#3189   pc=00400054 cycle=6177 insn=00088813
#3190   pc=00400058 cycle=6177 insn=fe1ff06f
#3191   pc=00400038 cycle=6178 insn=00478793   x15(a5)=100000a4
#3192   pc=0040003c cycle=6181 insn=02c78063
#3193   pc=00400040 cycle=6184 insn=ffc7a683
#3194   pc=00400044 cycle=6185 insn=0007a703
#3195   pc=00400048 cycle=6188 insn=fed758e3
#3196   pc=0040004c cycle=6189 insn=00d7a023
#3197   pc=00400050 cycle=6192 insn=fee7ae23
#3198   pc=00400054 cycle=6192 insn=00088813
#3199   pc=00400058 cycle=6192 insn=fe1ff06f
#3200   pc=00400038 cycle=6192 insn=00478793   x15(a5)=100000a8
#3201   pc=0040003c cycle=6196 insn=02c78063
#3202   pc=00400040 cycle=6199 insn=ffc7a683   x13(a3)=bf282426
#3203   pc=00400044 cycle=6200 insn=0007a703   x14(a4)=add48d17
#3204   pc=00400048 cycle=6203 insn=fed758e3
#3205   pc=0040004c cycle=6204 insn=00d7a023
#3206   pc=00400050 cycle=6207 insn=fee7ae23
#3207   pc=00400054 cycle=6207 insn=00088813
#3208   pc=00400058 cycle=6207 insn=fe1ff06f
#3209   pc=00400038 cycle=6207 insn=00478793   x15(a5)=100000ac
#3210   pc=0040003c cycle=6211 insn=02c78063
#3211   pc=00400040 cycle=6214 insn=ffc7a683
#3212   pc=00400044 cycle=6215 insn=0007a703
#3213   pc=00400048 cycle=6218 insn=fed758e3
#3214   pc=0040004c cycle=6219 insn=00d7a023
#3215   pc=00400050 cycle=6222 insn=fee7ae23
#3216   pc=00400054 cycle=6222 insn=00088813
#3217   pc=00400058 cycle=6222 insn=fe1ff06f
#3218   pc=00400038 cycle=6222 insn=00478793   x15(a5)=100000b0
#3219   pc=0040003c cycle=6226 insn=02c78063
#3220   pc=00400040 cycle=6229 insn=ffc7a683
#3221   pc=00400044 cycle=6230 insn=0007a703
#3222   pc=00400048 cycle=6233 insn=fed758e3
#3223   pc=0040004c cycle=6234 insn=00d7a023
#3224   pc=00400050 cycle=6237 insn=fee7ae23
#3225   pc=00400054 cycle=6237 insn=00088813
#3226   pc=00400058 cycle=6237 insn=fe1ff06f
#3227   pc=00400038 cycle=6237 insn=00478793   x15(a5)=100000b4
#3228   pc=0040003c cycle=6241 insn=02c78063
#3229   pc=00400040 cycle=6244 insn=ffc7a683
#3230   pc=00400044 cycle=6245 insn=0007a703
#3231   pc=00400048 cycle=6248 insn=fed758e3
#3232   pc=0040004c cycle=6249 insn=00d7a023
#3233   pc=00400050 cycle=6252 insn=fee7ae23
#3234   pc=00400054 cycle=6252 insn=00088813
#3235   pc=00400058 cycle=6252 insn=fe1ff06f
#3236   pc=00400038 cycle=6252 insn=00478793   x15(a5)=100000b8
#3237   pc=0040003c cycle=6256 insn=02c78063
#3238   pc=00400040 cycle=6259 insn=ffc7a683
#3239   pc=00400044 cycle=6260 insn=0007a703
#3240   pc=00400048 cycle=6263 insn=fed758e3
#3241   pc=0040004c cycle=6264 insn=00d7a023
#3242   pc=00400050 cycle=6267 insn=fee7ae23
#3243   pc=00400054 cycle=6267 insn=00088813
#3244   pc=00400058 cycle=6267 insn=fe1ff06f
#3245   pc=00400038 cycle=6267 insn=00478793   x15(a5)=100000bc
#3246   pc=0040003c cycle=6271 insn=02c78063
#3247   pc=00400040 cycle=6274 insn=ffc7a683
#3248   pc=00400044 cycle=6275 insn=0007a703   x14(a4)=ea8aa0a5
#3249   pc=00400048 cycle=6278 insn=fed758e3
#3250   pc=00400038 cycle=6284 insn=00478793   x15(a5)=100000c0
#3251   pc=0040003c cycle=6287 insn=02c78063
#3252   pc=00400040 cycle=6289 insn=ffc7a683   x13(a3)=ea8aa0a5
#3253   pc=00400044 cycle=6290 insn=0007a703   x14(a4)=df110986
#3254   pc=00400048 cycle=6293 insn=fed758e3
#3255   pc=0040004c cycle=6294 insn=00d7a023
#3256   pc=00400050 cycle=6297 insn=fee7ae23
#3257   pc=00400054 cycle=6297 insn=00088813
#3258   pc=00400058 cycle=6297 insn=fe1ff06f
#3259   pc=00400038 cycle=6297 insn=00478793   x15(a5)=100000c4
#3260   pc=0040003c cycle=6301 insn=02c78063
#3261   pc=00400040 cycle=6304 insn=ffc7a683   x13(a3)=df110986
#3262   pc=00400044 cycle=6305 insn=0007a703   x14(a4)=84c36ccd
#3263   pc=00400048 cycle=6308 insn=fed758e3
#3264   pc=0040004c cycle=6309 insn=00d7a023
#3265   pc=00400050 cycle=6312 insn=fee7ae23
#3266   pc=00400054 cycle=6312 insn=00088813
#3267   pc=00400058 cycle=6312 insn=fe1ff06f
#3268   pc=00400038 cycle=6312 insn=00478793   x15(a5)=100000c8
#3269   pc=0040003c cycle=6316 insn=02c78063
#3270   pc=00400040 cycle=6319 insn=ffc7a683
#3271   pc=00400044 cycle=6320 insn=0007a703
#3272   pc=00400048 cycle=6323 insn=fed758e3
#3273   pc=0040004c cycle=6324 insn=00d7a023
#3274   pc=00400050 cycle=6327 insn=fee7ae23
#3275   pc=00400054 cycle=6327 insn=00088813
#3276   pc=00400058 cycle=6327 insn=fe1ff06f
#3277   pc=00400038 cycle=6327 insn=00478793   x15(a5)=100000cc
#3278   pc=0040003c cycle=6331 insn=02c78063
#3279   pc=00400040 cycle=6334 insn=ffc7a683
#3280   pc=00400044 cycle=6335 insn=0007a703
#3281   pc=00400048 cycle=6338 insn=fed758e3
#3282   pc=0040004c cycle=6339 insn=00d7a023
#3283   pc=00400050 cycle=6342 insn=fee7ae23
#3284   pc=00400054 cycle=6342 insn=00088813
#3285   pc=00400058 cycle=6342 insn=fe1ff06f
#3286   pc=00400038 cycle=6342 insn=00478793   x15(a5)=100000d0
#3287   pc=0040003c cycle=6346 insn=02c78063
#3288   pc=00400040 cycle=6349 insn=ffc7a683
#3289   pc=00400044 cycle=6350 insn=0007a703   x14(a4)=b666c147
#3290   pc=00400048 cycle=6353 insn=fed758e3
#3291   pc=0040004c cycle=6354 insn=00d7a023
#3292   pc=00400050 cycle=6357 insn=fee7ae23
#3293   pc=00400054 cycle=6357 insn=00088813
#3294   pc=00400058 cycle=6357 insn=fe1ff06f
#3295   pc=00400038 cycle=6357 insn=00478793   x15(a5)=100000d4
#3296   pc=0040003c cycle=6361 insn=02c78063
#3297   pc=00400040 cycle=6364 insn=ffc7a683
#3298   pc=00400044 cycle=6365 insn=0007a703   x14(a4)=df110986
#3299   pc=00400048 cycle=6368 insn=fed758e3
#3300   pc=00400038 cycle=6374 insn=00478793   x15(a5)=100000d8
#3301   pc=0040003c cycle=6377 insn=02c78063
#3302   pc=00400040 cycle=6379 insn=ffc7a683
#3303   pc=00400044 cycle=6380 insn=0007a703
#3304   pc=00400048 cycle=6383 insn=fed758e3
#3305   pc=00400038 cycle=6389 insn=00478793   x15(a5)=100000dc
#3306   pc=0040003c cycle=6392 insn=02c78063
#3307   pc=00400040 cycle=6394 insn=ffc7a683
#3308   pc=00400044 cycle=6395 insn=0007a703   x14(a4)=ec1a32b9
#3309   pc=00400048 cycle=6398 insn=fed758e3
#3310   pc=00400038 cycle=6398 insn=00478793   x15(a5)=100000e0
#3311   pc=0040003c cycle=6399 insn=02c78063
#3312   pc=00400040 cycle=6401 insn=ffc7a683   x13(a3)=ec1a32b9
#3313   pc=00400044 cycle=6404 insn=0007a703
#3314   pc=00400048 cycle=6407 insn=fed758e3
#3315   pc=00400038 cycle=6407 insn=00478793   x15(a5)=100000e4
#3316   pc=0040003c cycle=6407 insn=02c78063
#3317   pc=00400040 cycle=6410 insn=ffc7a683
#3318   pc=00400044 cycle=6413 insn=0007a703   x14(a4)=80f68da3
#3319   pc=00400048 cycle=6416 insn=fed758e3
#3320   pc=0040004c cycle=6422 insn=00d7a023
#3321   pc=00400050 cycle=6425 insn=fee7ae23
#3322   pc=00400054 cycle=6425 insn=00088813
#3323   pc=00400058 cycle=6425 insn=fe1ff06f
#3324   pc=00400038 cycle=6426 insn=00478793   x15(a5)=100000e8
#3325   pc=0040003c cycle=6429 insn=02c78063
#3326   pc=00400040 cycle=6432 insn=ffc7a683
#3327   pc=00400044 cycle=6433 insn=0007a703   x14(a4)=07023fba
#3328   pc=00400048 cycle=6436 insn=fed758e3
#3329   pc=00400038 cycle=6442 insn=00478793   x15(a5)=100000ec
#3330   pc=0040003c cycle=6445 insn=02c78063
#3331   pc=00400040 cycle=6447 insn=ffc7a683   x13(a3)=07023fba
#3332   pc=00400044 cycle=6448 insn=0007a703   x14(a4)=e12aa167
#3333   pc=00400048 cycle=6451 insn=fed758e3
#3334   pc=0040004c cycle=6457 insn=00d7a023
#3335   pc=00400050 cycle=6460 insn=fee7ae23
#3336   pc=00400054 cycle=6460 insn=00088813
#3337   pc=00400058 cycle=6460 insn=fe1ff06f
#3338   pc=00400038 cycle=6461 insn=00478793   x15(a5)=100000f0
#3339   pc=0040003c cycle=6464 insn=02c78063
#3340   pc=00400040 cycle=6467 insn=ffc7a683
#3341   pc=00400044 cycle=6468 insn=0007a703
#3342   pc=00400048 cycle=6471 insn=fed758e3
#3343   pc=0040004c cycle=6472 insn=00d7a023
#3344   pc=00400050 cycle=6475 insn=fee7ae23
#3345   pc=00400054 cycle=6475 insn=00088813
#3346   pc=00400058 cycle=6475 insn=fe1ff06f
#3347   pc=00400038 cycle=6475 insn=00478793   x15(a5)=100000f4
#3348   pc=0040003c cycle=6479 insn=02c78063
#3349   pc=00400040 cycle=6482 insn=ffc7a683   x13(a3)=e12aa167
#3350   pc=00400044 cycle=6483 insn=0007a703
#3351   pc=00400048 cycle=6486 insn=fed758e3
#3352   pc=00400038 cycle=6492 insn=00478793   x15(a5)=100000f8
#3353   pc=0040003c cycle=6495 insn=02c78063
#3354   pc=00400040 cycle=6497 insn=ffc7a683
#3355   pc=00400044 cycle=6498 insn=0007a703
#3356   pc=00400048 cycle=6501 insn=fed758e3
#3357   pc=00400038 cycle=6501 insn=00478793   x15(a5)=100000fc
#3358   pc=0040003c cycle=6502 insn=02c78063
#3359   pc=00400040 cycle=6504 insn=ffc7a683
#3360   pc=00400044 cycle=6507 insn=0007a703
#3361   pc=00400048 cycle=6510 insn=fed758e3
#3362   pc=00400038 cycle=6510 insn=00478793   x15(a5)=10000100
#3363   pc=0040003c cycle=6510 insn=02c78063
#3364   pc=00400040 cycle=6513 insn=ffc7a683
#3365   pc=00400044 cycle=6516 insn=0007a703   x14(a4)=d5f89e0e
#3366   pc=00400048 cycle=6519 insn=fed758e3
#3367   pc=0040004c cycle=6525 insn=00d7a023
#3368   pc=00400050 cycle=6528 insn=fee7ae23
#3369   pc=00400054 cycle=6528 insn=00088813
#3370   pc=00400058 cycle=6528 insn=fe1ff06f
#3371   pc=00400038 cycle=6529 insn=00478793   x15(a5)=10000104
#3372   pc=0040003c cycle=6532 insn=02c78063
#3373   pc=00400040 cycle=6535 insn=ffc7a683
#3374   pc=00400044 cycle=6536 insn=0007a703   x14(a4)=f8b2a988
#3375   pc=00400048 cycle=6539 insn=fed758e3
#3376   pc=00400038 cycle=6545 insn=00478793   x15(a5)=10000108
#3377   pc=0040003c cycle=6548 insn=02c78063
#3378   pc=00400040 cycle=6550 insn=ffc7a683   x13(a3)=f8b2a988
#3379   pc=00400044 cycle=6551 insn=0007a703   x14(a4)=b5d4a6b5
#3380   pc=00400048 cycle=6554 insn=fed758e3
#3381   pc=0040004c cycle=6560 insn=00d7a023
#3382   pc=00400050 cycle=6563 insn=fee7ae23
#3383   pc=00400054 cycle=6563 insn=00088813
#3384   pc=00400058 cycle=6563 insn=fe1ff06f
#3385   pc=00400038 cycle=6564 insn=00478793   x15(a5)=1000010c
#3386   pc=0040003c cycle=6567 insn=02c78063
#3387   pc=00400040 cycle=6570 insn=ffc7a683
#3388   pc=00400044 cycle=6571 insn=0007a703
#3389   pc=00400048 cycle=6574 insn=fed758e3
#3390   pc=0040004c cycle=6575 insn=00d7a023
#3391   pc=00400050 cycle=6578 insn=fee7ae23
#3392   pc=00400054 cycle=6578 insn=00088813
#3393   pc=00400058 cycle=6578 insn=fe1ff06f
#3394   pc=00400038 cycle=6578 insn=00478793   x15(a5)=10000110
#3395   pc=0040003c cycle=6582 insn=02c78063
#3396   pc=00400040 cycle=6585 insn=ffc7a683   x13(a3)=b5d4a6b5
#3397   pc=00400044 cycle=6586 insn=0007a703
#3398   pc=00400048 cycle=6589 insn=fed758e3
#3399   pc=00400038 cycle=6595 insn=00478793   x15(a5)=10000114
#3400   pc=0040003c cycle=6598 insn=02c78063
#3401   pc=00400040 cycle=6600 insn=ffc7a683
#3402   pc=00400044 cycle=6601 insn=0007a703
#3403   pc=00400048 cycle=6604 insn=fed758e3
#3404   pc=00400038 cycle=6604 insn=00478793   x15(a5)=10000118
#3405   pc=0040003c cycle=6605 insn=02c78063
#3406   pc=00400040 cycle=6607 insn=ffc7a683
#3407   pc=00400044 cycle=6610 insn=0007a703
#3408   pc=00400048 cycle=6613 insn=fed758e3
#3409   pc=00400038 cycle=6613 insn=00478793   x15(a5)=1000011c
#3410   pc=0040003c cycle=6613 insn=02c78063
#3411   pc=00400040 cycle=6616 insn=ffc7a683
#3412   pc=00400044 cycle=6619 insn=0007a703   x14(a4)=9577ad12
#3413   pc=00400048 cycle=6622 insn=fed758e3
#3414   pc=0040004c cycle=6628 insn=00d7a023
#3415   pc=00400050 cycle=6631 insn=fee7ae23
#3416   pc=00400054 cycle=6631 insn=00088813
#3417   pc=00400058 cycle=6631 insn=fe1ff06f
#3418   pc=00400038 cycle=6632 insn=00478793   x15(a5)=10000120
#3419   pc=0040003c cycle=6635 insn=02c78063
#3420   pc=00400040 cycle=6638 insn=ffc7a683
#3421   pc=00400044 cycle=6639 insn=0007a703   x14(a4)=d6894ac7
#3422   pc=00400048 cycle=6642 insn=fed758e3
#3423   pc=00400038 cycle=6648 insn=00478793   x15(a5)=10000124
#3424   pc=0040003c cycle=6651 insn=02c78063
#3425   pc=00400040 cycle=6653 insn=ffc7a683   x13(a3)=d6894ac7
#3426   pc=00400044 cycle=6654 insn=0007a703   x14(a4)=a563eb19
#3427   pc=00400048 cycle=6657 insn=fed758e3
#3428   pc=0040004c cycle=6663 insn=00d7a023
#3429   pc=00400050 cycle=6666 insn=fee7ae23
#3430   pc=00400054 cycle=6666 insn=00088813
#3431   pc=00400058 cycle=6666 insn=fe1ff06f
#3432   pc=00400038 cycle=6667 insn=00478793   x15(a5)=10000128
#3433   pc=0040003c cycle=6670 insn=02c78063
#3434   pc=00400040 cycle=6673 insn=ffc7a683
#3435   pc=00400044 cycle=6674 insn=0007a703   x14(a4)=d6894ac7
#3436   pc=00400048 cycle=6677 insn=fed758e3
#3437   pc=00400038 cycle=6683 insn=00478793   x15(a5)=1000012c
#3438   pc=0040003c cycle=6686 insn=02c78063
#3439   pc=00400040 cycle=6688 insn=ffc7a683
#3440   pc=00400044 cycle=6689 insn=0007a703
#3441   pc=00400048 cycle=6692 insn=fed758e3
#3442   pc=00400038 cycle=6692 insn=00478793   x15(a5)=10000130
#3443   pc=0040003c cycle=6693 insn=02c78063
#3444   pc=0040005c cycle=6699 insn=ffc60613   x12(a2)=1000012c
#3445   pc=00400060 cycle=6701 insn=fc0812e3
#3446   pc=00400024 cycle=6703 insn=fff58593   x11(a1)=0000004a
#3447   pc=00400028 cycle=6706 insn=02b05e63
#3448   pc=0040002c cycle=6706 insn=00450793   x15(a5)=10000004
#3449   pc=00400030 cycle=6706 insn=00030813   x16(a6)=00000000
#3450   pc=00400034 cycle=6707 insn=00c0006f
#3451   pc=00400040 cycle=6712 insn=ffc7a683   x13(a3)=859babf3
#3452   pc=00400044 cycle=6713 insn=0007a703   x14(a4)=859babf3
#3453   pc=00400048 cycle=6716 insn=fed758e3
#3454   pc=00400038 cycle=6716 insn=00478793   x15(a5)=10000008
#3455   pc=0040003c cycle=6717 insn=02c78063
#3456   pc=00400040 cycle=6719 insn=ffc7a683
#3457   pc=00400044 cycle=6722 insn=0007a703
#3458   pc=00400048 cycle=6725 insn=fed758e3
#3459   pc=00400038 cycle=6725 insn=00478793   x15(a5)=1000000c
#3460   pc=0040003c cycle=6725 insn=02c78063
#3461   pc=00400040 cycle=6728 insn=ffc7a683
#3462   pc=00400044 cycle=6731 insn=0007a703
#3463   pc=00400048 cycle=6734 insn=fed758e3
#3464   pc=00400038 cycle=6734 insn=00478793   x15(a5)=10000010
#3465   pc=0040003c cycle=6734 insn=02c78063
#3466   pc=00400040 cycle=6737 insn=ffc7a683
#3467   pc=00400044 cycle=6740 insn=0007a703
#3468   pc=00400048 cycle=6743 insn=fed758e3
#3469   pc=00400038 cycle=6743 insn=00478793   x15(a5)=10000014
#3470   pc=0040003c cycle=6743 insn=02c78063
#3471   pc=00400040 cycle=6746 insn=ffc7a683
#3472   pc=00400044 cycle=6749 insn=0007a703   x14(a4)=ab08ac74
#3473   pc=00400048 cycle=6752 insn=fed758e3
#3474   pc=00400038 cycle=6752 insn=00478793   x15(a5)=10000018
#3475   pc=0040003c cycle=6752 insn=02c78063
#3476   pc=00400040 cycle=6755 insn=ffc7a683   x13(a3)=ab08ac74
#3477   pc=00400044 cycle=6758 insn=0007a703   x14(a4)=bd10903a
#3478   pc=00400048 cycle=6761 insn=fed758e3
#3479   pc=00400038 cycle=6761 insn=00478793   x15(a5)=1000001c
#3480   pc=0040003c cycle=6761 insn=02c78063
#3481   pc=00400040 cycle=6764 insn=ffc7a683   x13(a3)=bd10903a
#3482   pc=00400044 cycle=6767 insn=0007a703   x14(a4)=d5f9cbd8
#3483   pc=00400048 cycle=6770 insn=fed758e3
#3484   pc=00400038 cycle=6770 insn=00478793   x15(a5)=10000020
#3485   pc=0040003c cycle=6770 insn=02c78063
#3486   pc=00400040 cycle=6773 insn=ffc7a683   x13(a3)=d5f9cbd8
#3487   pc=00400044 cycle=6776 insn=0007a703   x14(a4)=d1909f6a
#3488   pc=00400048 cycle=6779 insn=fed758e3
#3489   pc=0040004c cycle=6785 insn=00d7a023
#3490   pc=00400050 cycle=6788 insn=fee7ae23
#3491   pc=00400054 cycle=6788 insn=00088813   x16(a6)=00000001
#3492   pc=00400058 cycle=6788 insn=fe1ff06f
#3493   pc=00400038 cycle=6789 insn=00478793   x15(a5)=10000024
#3494   pc=0040003c cycle=6792 insn=02c78063
#3495   pc=00400040 cycle=6795 insn=ffc7a683
#3496   pc=00400044 cycle=6796 insn=0007a703
#3497   pc=00400048 cycle=6799 insn=fed758e3
#3498   pc=0040004c cycle=6800 insn=00d7a023
#3499   pc=00400050 cycle=6803 insn=fee7ae23
#3500   pc=00400054 cycle=6803 insn=00088813
#3501   pc=00400058 cycle=6803 insn=fe1ff06f
#3502   pc=00400038 cycle=6803 insn=00478793   x15(a5)=10000028
#3503   pc=0040003c cycle=6807 insn=02c78063
#3504   pc=00400040 cycle=6810 insn=ffc7a683   x13(a3)=d1909f6a
#3505   pc=00400044 cycle=6811 insn=0007a703   x14(a4)=b79b2005
#3506   pc=00400048 cycle=6814 insn=fed758e3
#3507   pc=0040004c cycle=6815 insn=00d7a023
#3508   pc=00400050 cycle=6818 insn=fee7ae23
#3509   pc=00400054 cycle=6818 insn=00088813
#3510   pc=00400058 cycle=6818 insn=fe1ff06f
#3511   pc=00400038 cycle=6818 insn=00478793   x15(a5)=1000002c
#3512   pc=0040003c cycle=6822 insn=02c78063
#3513   pc=00400040 cycle=6825 insn=ffc7a683
#3514   pc=00400044 cycle=6826 insn=0007a703   x14(a4)=9002dc0d
#3515   pc=00400048 cycle=6829 insn=fed758e3
#3516   pc=0040004c cycle=6830 insn=00d7a023
#3517   pc=00400050 cycle=6833 insn=fee7ae23
#3518   pc=00400054 cycle=6833 insn=00088813
#3519   pc=00400058 cycle=6833 insn=fe1ff06f
#3520   pc=00400038 cycle=6833 insn=00478793   x15(a5)=10000030
#3521   pc=0040003c cycle=6837 insn=02c78063
#3522   pc=00400040 cycle=6840 insn=ffc7a683
#3523   pc=00400044 cycle=6841 insn=0007a703   x14(a4)=b79b2005
#3524   pc=00400048 cycle=6844 insn=fed758e3
#3525   pc=0040004c cycle=6845 insn=00d7a023
#3526   pc=00400050 cycle=6848 insn=fee7ae23
#3527   pc=00400054 cycle=6848 insn=00088813
#3528   pc=00400058 cycle=6848 insn=fe1ff06f
#3529   pc=00400038 cycle=6848 insn=00478793   x15(a5)=10000034
#3530   pc=0040003c cycle=6852 insn=02c78063
#3531   pc=00400040 cycle=6855 insn=ffc7a683
#3532   pc=00400044 cycle=6856 insn=0007a703
#3533   pc=00400048 cycle=6859 insn=fed758e3
#3534   pc=0040004c cycle=6860 insn=00d7a023
#3535   pc=00400050 cycle=6863 insn=fee7ae23
#3536   pc=00400054 cycle=6863 insn=00088813
#3537   pc=00400058 cycle=6863 insn=fe1ff06f
#3538   pc=00400038 cycle=6863 insn=00478793   x15(a5)=10000038
#3539   pc=0040003c cycle=6867 insn=02c78063
#3540   pc=00400040 cycle=6870 insn=ffc7a683
#3541   pc=00400044 cycle=6871 insn=0007a703
#3542   pc=00400048 cycle=6874 insn=fed758e3
#3543   pc=0040004c cycle=6875 insn=00d7a023
#3544   pc=00400050 cycle=6878 insn=fee7ae23
#3545   pc=00400054 cycle=6878 insn=00088813
#3546   pc=00400058 cycle=6878 insn=fe1ff06f
#3547   pc=00400038 cycle=6878 insn=00478793   x15(a5)=1000003c
#3548   pc=0040003c cycle=6882 insn=02c78063
#3549   pc=00400040 cycle=6885 insn=ffc7a683
#3550   pc=00400044 cycle=6886 insn=0007a703   x14(a4)=d1909f6a
#3551   pc=00400048 cycle=6889 insn=fed758e3
#3552   pc=00400038 cycle=6895 insn=00478793   x15(a5)=10000040
#3553   pc=0040003c cycle=6898 insn=02c78063
#3554   pc=00400040 cycle=6900 insn=ffc7a683
#3555   pc=00400044 cycle=6901 insn=0007a703   x14(a4)=c5b22a07
#3556   pc=00400048 cycle=6904 insn=fed758e3
#3557   pc=0040004c cycle=6905 insn=00d7a023
#3558   pc=00400050 cycle=6908 insn=fee7ae23
#3559   pc=00400054 cycle=6908 insn=00088813
#3560   pc=00400058 cycle=6908 insn=fe1ff06f
#3561   pc=00400038 cycle=6908 insn=00478793   x15(a5)=10000044
#3562   pc=0040003c cycle=6912 insn=02c78063
#3563   pc=00400040 cycle=6915 insn=ffc7a683   x13(a3)=c5b22a07
#3564   pc=00400044 cycle=6916 insn=0007a703
#3565   pc=00400048 cycle=6919 insn=fed758e3
#3566   pc=00400038 cycle=6925 insn=00478793   x15(a5)=10000048
#3567   pc=0040003c cycle=6928 insn=02c78063
#3568   pc=00400040 cycle=6930 insn=ffc7a683
#3569   pc=00400044 cycle=6931 insn=0007a703
#3570   pc=00400048 cycle=6934 insn=fed758e3
#3571   pc=00400038 cycle=6940 insn=00478793   x15(a5)=1000004c
#3572   pc=0040003c cycle=6943 insn=02c78063
#3573   pc=00400040 cycle=6945 insn=ffc7a683
#3574   pc=00400044 cycle=6946 insn=0007a703   x14(a4)=c6337fbf
#3575   pc=00400048 cycle=6949 insn=fed758e3
#3576   pc=00400038 cycle=6949 insn=00478793   x15(a5)=10000050
#3577   pc=0040003c cycle=6950 insn=02c78063
#3578   pc=00400040 cycle=6952 insn=ffc7a683   x13(a3)=c6337fbf
#3579   pc=00400044 cycle=6955 insn=0007a703   x14(a4)=bfdfe5b0
#3580   pc=00400048 cycle=6958 insn=fed758e3
#3581   pc=0040004c cycle=6964 insn=00d7a023
#3582   pc=00400050 cycle=6967 insn=fee7ae23
#3583   pc=00400054 cycle=6967 insn=00088813
#3584   pc=00400058 cycle=6967 insn=fe1ff06f
#3585   pc=00400038 cycle=6968 insn=00478793   x15(a5)=10000054
#3586   pc=0040003c cycle=6971 insn=02c78063
#3587   pc=00400040 cycle=6974 insn=ffc7a683
#3588   pc=00400044 cycle=6975 insn=0007a703
#3589   pc=00400048 cycle=6978 insn=fed758e3
#3590   pc=0040004c cycle=6979 insn=00d7a023
#3591   pc=00400050 cycle=6982 insn=fee7ae23
#3592   pc=00400054 cycle=6982 insn=00088813
#3593   pc=00400058 cycle=6982 insn=fe1ff06f
#3594   pc=00400038 cycle=6982 insn=00478793   x15(a5)=10000058
#3595   pc=0040003c cycle=6986 insn=02c78063
#3596   pc=00400040 cycle=6989 insn=ffc7a683   x13(a3)=bfdfe5b0
#3597   pc=00400044 cycle=6990 insn=0007a703   x14(a4)=f2d85965
#3598   pc=00400048 cycle=6993 insn=fed758e3
#3599   pc=00400038 cycle=6999 insn=00478793   x15(a5)=1000005c
#3600   pc=0040003c cycle=7002 insn=02c78063
#3601   pc=00400040 cycle=7004 insn=ffc7a683   x13(a3)=f2d85965
#3602   pc=00400044 cycle=7005 insn=0007a703   x14(a4)=f2ef8c66
#3603   pc=00400048 cycle=7008 insn=fed758e3
#3604   pc=00400038 cycle=7014 insn=00478793   x15(a5)=10000060
#3605   pc=0040003c cycle=7017 insn=02c78063
#3606   pc=00400040 cycle=7019 insn=ffc7a683   x13(a3)=f2ef8c66
#3607   pc=00400044 cycle=7020 insn=0007a703   x14(a4)=c80ab9ec
#3608   pc=00400048 cycle=7023 insn=fed758e3
#3609   pc=0040004c cycle=7029 insn=00d7a023
#3610   pc=00400050 cycle=7032 insn=fee7ae23
#3611   pc=00400054 cycle=7032 insn=00088813
#3612   pc=00400058 cycle=7032 insn=fe1ff06f
#3613   pc=00400038 cycle=7033 insn=00478793   x15(a5)=10000064
#3614   pc=0040003c cycle=7036 insn=02c78063
#3615   pc=00400040 cycle=7039 insn=ffc7a683
#3616   pc=00400044 cycle=7040 insn=0007a703
#3617   pc=00400048 cycle=7043 insn=fed758e3
#3618   pc=0040004c cycle=7044 insn=00d7a023
#3619   pc=00400050 cycle=7047 insn=fee7ae23
#3620   pc=00400054 cycle=7047 insn=00088813
#3621   pc=00400058 cycle=7047 insn=fe1ff06f
#3622   pc=00400038 cycle=7047 insn=00478793   x15(a5)=10000068
#3623   pc=0040003c cycle=7051 insn=02c78063
#3624   pc=00400040 cycle=7054 insn=ffc7a683   x13(a3)=c80ab9ec
#3625   pc=00400044 cycle=7055 insn=0007a703
#3626   pc=00400048 cycle=7058 insn=fed758e3
#3627   pc=00400038 cycle=7064 insn=00478793   x15(a5)=1000006c
#3628   pc=0040003c cycle=7067 insn=02c78063
#3629   pc=00400040 cycle=7069 insn=ffc7a683
#3630   pc=00400044 cycle=7070 insn=0007a703
#3631   pc=00400048 cycle=7073 insn=fed758e3
#3632   pc=00400038 cycle=7079 insn=00478793   x15(a5)=10000070
#3633   pc=0040003c cycle=7082 insn=02c78063
#3634   pc=00400040 cycle=7084 insn=ffc7a683
#3635   pc=00400044 cycle=7085 insn=0007a703
#3636   pc=00400048 cycle=7088 insn=fed758e3
#3637   pc=00400038 cycle=7088 insn=00478793   x15(a5)=10000074
#3638   pc=0040003c cycle=7089 insn=02c78063
#3639   pc=00400040 cycle=7091 insn=ffc7a683
#3640   pc=00400044 cycle=7094 insn=0007a703   x14(a4)=b7aa02c6
#3641   pc=00400048 cycle=7097 insn=fed758e3
#3642   pc=0040004c cycle=7103 insn=00d7a023
#3643   pc=00400050 cycle=7106 insn=fee7ae23
#3644   pc=00400054 cycle=7106 insn=00088813
#3645   pc=00400058 cycle=7106 insn=fe1ff06f
#3646   pc=00400038 cycle=7107 insn=00478793   x15(a5)=10000078
#3647   pc=0040003c cycle=7110 insn=02c78063
#3648   pc=00400040 cycle=7113 insn=ffc7a683
#3649   pc=00400044 cycle=7114 insn=0007a703   x14(a4)=c80ab9ec
#3650   pc=00400048 cycle=7117 insn=fed758e3
#3651   pc=00400038 cycle=7123 insn=00478793   x15(a5)=1000007c
#3652   pc=0040003c cycle=7126 insn=02c78063
#3653   pc=00400040 cycle=7128 insn=ffc7a683
#3654   pc=00400044 cycle=7129 insn=0007a703   x14(a4)=af5305e5
#3655   pc=00400048 cycle=7132 insn=fed758e3
#3656   pc=0040004c cycle=7138 insn=00d7a023
#3657   pc=00400050 cycle=7141 insn=fee7ae23
#3658   pc=00400054 cycle=7141 insn=00088813
#3659   pc=00400058 cycle=7141 insn=fe1ff06f
#3660   pc=00400038 cycle=7142 insn=00478793   x15(a5)=10000080
#3661   pc=0040003c cycle=7145 insn=02c78063
#3662   pc=00400040 cycle=7148 insn=ffc7a683
#3663   pc=00400044 cycle=7149 insn=0007a703   x14(a4)=82f2d29c
#3664   pc=00400048 cycle=7152 insn=fed758e3
#3665   pc=0040004c cycle=7153 insn=00d7a023
#3666   pc=00400050 cycle=7156 insn=fee7ae23
#3667   pc=00400054 cycle=7156 insn=00088813
#3668   pc=00400058 cycle=7156 insn=fe1ff06f
#3669   pc=00400038 cycle=7156 insn=00478793   x15(a5)=10000084
#3670   pc=0040003c cycle=7160 insn=02c78063
#3671   pc=00400040 cycle=7163 insn=ffc7a683   x13(a3)=82f2d29c
#3672   pc=00400044 cycle=7164 insn=0007a703
#3673   pc=00400048 cycle=7167 insn=fed758e3
#3674   pc=00400038 cycle=7173 insn=00478793   x15(a5)=10000088
#3675   pc=0040003c cycle=7176 insn=02c78063
#3676   pc=00400040 cycle=7178 insn=ffc7a683
#3677   pc=00400044 cycle=7179 insn=0007a703
#3678   pc=00400048 cycle=7182 insn=fed758e3
#3679   pc=00400038 cycle=7188 insn=00478793   x15(a5)=1000008c
#3680   pc=0040003c cycle=7191 insn=02c78063
#3681   pc=00400040 cycle=7193 insn=ffc7a683
#3682   pc=00400044 cycle=7194 insn=0007a703   x14(a4)=d82815c3
#3683   pc=00400048 cycle=7197 insn=fed758e3
#3684   pc=00400038 cycle=7197 insn=00478793   x15(a5)=10000090
#3685   pc=0040003c cycle=7198 insn=02c78063
#3686   pc=00400040 cycle=7200 insn=ffc7a683   x13(a3)=d82815c3
#3687   pc=00400044 cycle=7203 insn=0007a703   x14(a4)=01635ea6
#3688   pc=00400048 cycle=7206 insn=fed758e3
#3689   pc=00400038 cycle=7206 insn=00478793   x15(a5)=10000094
#3690   pc=0040003c cycle=7206 insn=02c78063
#3691   pc=00400040 cycle=7209 insn=ffc7a683   x13(a3)=01635ea6
#3692   pc=00400044 cycle=7212 insn=0007a703   x14(a4)=f45681ea
#3693   pc=00400048 cycle=7215 insn=fed758e3
#3694   pc=0040004c cycle=7221 insn=00d7a023
#3695   pc=00400050 cycle=7224 insn=fee7ae23
#3696   pc=00400054 cycle=7224 insn=00088813
#3697   pc=00400058 cycle=7224 insn=fe1ff06f
#3698   pc=00400038 cycle=7225 insn=00478793   x15(a5)=10000098
#3699   pc=0040003c cycle=7228 insn=02c78063
#3700   pc=00400040 cycle=7231 insn=ffc7a683
#3701   pc=00400044 cycle=7232 insn=0007a703   x14(a4)=0ae1e8ad
#3702   pc=00400048 cycle=7235 insn=fed758e3
#3703   pc=00400038 cycle=7241 insn=00478793   x15(a5)=1000009c
#3704   pc=0040003c cycle=7244 insn=02c78063
#3705   pc=00400040 cycle=7246 insn=ffc7a683   x13(a3)=0ae1e8ad
#3706   pc=00400044 cycle=7247 insn=0007a703   x14(a4)=bf282426
#3707   pc=00400048 cycle=7250 insn=fed758e3
#3708   pc=0040004c cycle=7256 insn=00d7a023
#3709   pc=00400050 cycle=7259 insn=fee7ae23
#3710   pc=00400054 cycle=7259 insn=00088813
#3711   pc=00400058 cycle=7259 insn=fe1ff06f
#3712   pc=00400038 cycle=7260 insn=00478793   x15(a5)=100000a0
#3713   pc=0040003c cycle=7263 insn=02c78063
#3714   pc=00400040 cycle=7266 insn=ffc7a683
#3715   pc=00400044 cycle=7267 insn=0007a703
#3716   pc=00400048 cycle=7270 insn=fed758e3
#3717   pc=0040004c cycle=7271 insn=00d7a023
#3718   pc=00400050 cycle=7274 insn=fee7ae23
#3719   pc=00400054 cycle=7274 insn=00088813
#3720   pc=00400058 cycle=7274 insn=fe1ff06f
#3721   pc=00400038 cycle=7274 insn=00478793   x15(a5)=100000a4
#3722   pc=0040003c cycle=7278 insn=02c78063
#3723   pc=00400040 cycle=7281 insn=ffc7a683   x13(a3)=bf282426
#3724   pc=00400044 cycle=7282 insn=0007a703   x14(a4)=add48d17
#3725   pc=00400048 cycle=7285 insn=fed758e3
#3726   pc=0040004c cycle=7286 insn=00d7a023
#3727   pc=00400050 cycle=7289 insn=fee7ae23
#3728   pc=00400054 cycle=7289 insn=00088813
#3729   pc=00400058 cycle=7289 insn=fe1ff06f
#3730   pc=00400038 cycle=7289 insn=00478793   x15(a5)=100000a8
#3731   pc=0040003c cycle=7293 insn=02c78063
#3732   pc=00400040 cycle=7296 insn=ffc7a683
#3733   pc=00400044 cycle=7297 insn=0007a703
#3734   pc=00400048 cycle=7300 insn=fed758e3
#3735   pc=0040004c cycle=7301 insn=00d7a023
#3736   pc=00400050 cycle=7304 insn=fee7ae23
#3737   pc=00400054 cycle=7304 insn=00088813
#3738   pc=00400058 cycle=7304 insn=fe1ff06f
#3739   pc=00400038 cycle=7304 insn=00478793   x15(a5)=100000ac
#3740   pc=0040003c cycle=7308 insn=02c78063
#3741   pc=00400040 cycle=7311 insn=ffc7a683
#3742   pc=00400044 cycle=7312 insn=0007a703
#3743   pc=00400048 cycle=7315 insn=fed758e3
#3744   pc=0040004c cycle=7316 insn=00d7a023
#3745   pc=00400050 cycle=7319 insn=fee7ae23
#3746   pc=00400054 cycle=7319 insn=00088813
#3747   pc=00400058 cycle=7319 insn=fe1ff06f
#3748   pc=00400038 cycle=7319 insn=00478793   x15(a5)=100000b0
#3749   pc=0040003c cycle=7323 insn=02c78063
#3750   pc=00400040 cycle=7326 insn=ffc7a683
#3751   pc=00400044 cycle=7327 insn=0007a703
#3752   pc=00400048 cycle=7330 insn=fed758e3
#3753   pc=0040004c cycle=7331 insn=00d7a023
#3754   pc=00400050 cycle=7334 insn=fee7ae23
#3755   pc=00400054 cycle=7334 insn=00088813
#3756   pc=00400058 cycle=7334 insn=fe1ff06f
#3757   pc=00400038 cycle=7334 insn=00478793   x15(a5)=100000b4
#3758   pc=0040003c cycle=7338 insn=02c78063
#3759   pc=00400040 cycle=7341 insn=ffc7a683
#3760   pc=00400044 cycle=7342 insn=0007a703
#3761   pc=00400048 cycle=7345 insn=fed758e3
#3762   pc=0040004c cycle=7346 insn=00d7a023
#3763   pc=00400050 cycle=7349 insn=fee7ae23
#3764   pc=00400054 cycle=7349 insn=00088813
#3765   pc=00400058 cycle=7349 insn=fe1ff06f
#3766   pc=00400038 cycle=7349 insn=00478793   x15(a5)=100000b8
#3767   pc=0040003c cycle=7353 insn=02c78063
#3768   pc=00400040 cycle=7356 insn=ffc7a683
#3769   pc=00400044 cycle=7357 insn=0007a703   x14(a4)=bf282426
#3770   pc=00400048 cycle=7360 insn=fed758e3
#3771   pc=00400038 cycle=7366 insn=00478793   x15(a5)=100000bc
#3772   pc=0040003c cycle=7369 insn=02c78063
#3773   pc=00400040 cycle=7371 insn=ffc7a683
#3774   pc=00400044 cycle=7372 insn=0007a703   x14(a4)=df110986
#3775   pc=00400048 cycle=7375 insn=fed758e3
#3776   pc=00400038 cycle=7381 insn=00478793   x15(a5)=100000c0
#3777   pc=0040003c cycle=7384 insn=02c78063
#3778   pc=00400040 cycle=7386 insn=ffc7a683   x13(a3)=df110986
#3779   pc=00400044 cycle=7387 insn=0007a703   x14(a4)=84c36ccd
#3780   pc=00400048 cycle=7390 insn=fed758e3
#3781   pc=0040004c cycle=7396 insn=00d7a023
#3782   pc=00400050 cycle=7399 insn=fee7ae23
#3783   pc=00400054 cycle=7399 insn=00088813
#3784   pc=00400058 cycle=7399 insn=fe1ff06f
#3785   pc=00400038 cycle=7400 insn=00478793   x15(a5)=100000c4
#3786   pc=0040003c cycle=7403 insn=02c78063
#3787   pc=00400040 cycle=7406 insn=ffc7a683
#3788   pc=00400044 cycle=7407 insn=0007a703
#3789   pc=00400048 cycle=7410 insn=fed758e3
#3790   pc=0040004c cycle=7411 insn=00d7a023
#3791   pc=00400050 cycle=7414 insn=fee7ae23
#3792   pc=00400054 cycle=7414 insn=00088813
#3793   pc=00400058 cycle=7414 insn=fe1ff06f
#3794   pc=00400038 cycle=7414 insn=00478793   x15(a5)=100000c8
#3795   pc=0040003c cycle=7418 insn=02c78063
#3796   pc=00400040 cycle=7421 insn=ffc7a683   x13(a3)=84c36ccd
#3797   pc=00400044 cycle=7422 insn=0007a703
#3798   pc=00400048 cycle=7425 insn=fed758e3
#3799   pc=00400038 cycle=7431 insn=00478793   x15(a5)=100000cc
#3800   pc=0040003c cycle=7434 insn=02c78063
#3801   pc=00400040 cycle=7436 insn=ffc7a683
#3802   pc=00400044 cycle=7437 insn=0007a703   x14(a4)=b666c147
#3803   pc=00400048 cycle=7440 insn=fed758e3
#3804   pc=00400038 cycle=7446 insn=00478793   x15(a5)=100000d0
#3805   pc=0040003c cycle=7449 insn=02c78063
#3806   pc=00400040 cycle=7451 insn=ffc7a683   x13(a3)=b666c147
#3807   pc=00400044 cycle=7452 insn=0007a703   x14(a4)=df110986
#3808   pc=00400048 cycle=7455 insn=fed758e3
#3809   pc=00400038 cycle=7455 insn=00478793   x15(a5)=100000d4
#3810   pc=0040003c cycle=7456 insn=02c78063
#3811   pc=00400040 cycle=7458 insn=ffc7a683   x13(a3)=df110986
#3812   pc=00400044 cycle=7461 insn=0007a703
#3813   pc=00400048 cycle=7464 insn=fed758e3
#3814   pc=00400038 cycle=7464 insn=00478793   x15(a5)=100000d8
#3815   pc=0040003c cycle=7464 insn=02c78063
#3816   pc=00400040 cycle=7467 insn=ffc7a683
#3817   pc=00400044 cycle=7470 insn=0007a703
#3818   pc=00400048 cycle=7473 insn=fed758e3
#3819   pc=00400038 cycle=7473 insn=00478793   x15(a5)=100000dc
#3820   pc=0040003c cycle=7473 insn=02c78063
#3821   pc=00400040 cycle=7476 insn=ffc7a683
#3822   pc=00400044 cycle=7479 insn=0007a703   x14(a4)=ec1a32b9
#3823   pc=00400048 cycle=7482 insn=fed758e3
#3824   pc=00400038 cycle=7482 insn=00478793   x15(a5)=100000e0
#3825   pc=0040003c cycle=7482 insn=02c78063
#3826   pc=00400040 cycle=7485 insn=ffc7a683   x13(a3)=ec1a32b9
#3827   pc=00400044 cycle=7488 insn=0007a703   x14(a4)=80f68da3
#3828   pc=00400048 cycle=7491 insn=fed758e3
#3829   pc=0040004c cycle=7497 insn=00d7a023
#3830   pc=00400050 cycle=7500 insn=fee7ae23
#3831   pc=00400054 cycle=7500 insn=00088813
#3832   pc=00400058 cycle=7500 insn=fe1ff06f
#3833   pc=00400038 cycle=7501 insn=00478793   x15(a5)=100000e4
#3834   pc=0040003c cycle=7504 insn=02c78063
#3835   pc=00400040 cycle=7507 insn=ffc7a683
#3836   pc=00400044 cycle=7508 insn=0007a703   x14(a4)=ec1a32b9
#3837   pc=00400048 cycle=7511 insn=fed758e3
#3838   pc=00400038 cycle=7517 insn=00478793   x15(a5)=100000e8
#3839   pc=0040003c cycle=7520 insn=02c78063
#3840   pc=00400040 cycle=7522 insn=ffc7a683
#3841   pc=00400044 cycle=7523 insn=0007a703   x14(a4)=e12aa167
#3842   pc=00400048 cycle=7526 insn=fed758e3
#3843   pc=0040004c cycle=7532 insn=00d7a023
#3844   pc=00400050 cycle=7535 insn=fee7ae23
#3845   pc=00400054 cycle=7535 insn=00088813
#3846   pc=00400058 cycle=7535 insn=fe1ff06f
#3847   pc=00400038 cycle=7536 insn=00478793   x15(a5)=100000ec
#3848   pc=0040003c cycle=7539 insn=02c78063
#3849   pc=00400040 cycle=7542 insn=ffc7a683
#3850   pc=00400044 cycle=7543 insn=0007a703
#3851   pc=00400048 cycle=7546 insn=fed758e3
#3852   pc=0040004c cycle=7547 insn=00d7a023
#3853   pc=00400050 cycle=7550 insn=fee7ae23
#3854   pc=00400054 cycle=7550 insn=00088813
#3855   pc=00400058 cycle=7550 insn=fe1ff06f
#3856   pc=00400038 cycle=7550 insn=00478793   x15(a5)=100000f0
#3857   pc=0040003c cycle=7554 insn=02c78063
#3858   pc=00400040 cycle=7557 insn=ffc7a683   x13(a3)=e12aa167
#3859   pc=00400044 cycle=7558 insn=0007a703
#3860   pc=00400048 cycle=7561 insn=fed758e3
#3861   pc=00400038 cycle=7567 insn=00478793   x15(a5)=100000f4
#3862   pc=0040003c cycle=7570 insn=02c78063
#3863   pc=00400040 cycle=7572 insn=ffc7a683
#3864   pc=00400044 cycle=7573 insn=0007a703
#3865   pc=00400048 cycle=7576 insn=fed758e3
#3866   pc=00400038 cycle=7576 insn=00478793   x15(a5)=100000f8
#3867   pc=0040003c cycle=7577 insn=02c78063
#3868   pc=00400040 cycle=7579 insn=ffc7a683
#3869   pc=00400044 cycle=7582 insn=0007a703
#3870   pc=00400048 cycle=7585 insn=fed758e3
#3871   pc=00400038 cycle=7585 insn=00478793   x15(a5)=100000fc
#3872   pc=0040003c cycle=7585 insn=02c78063
#3873   pc=00400040 cycle=7588 insn=ffc7a683
#3874   pc=00400044 cycle=7591 insn=0007a703   x14(a4)=d5f89e0e
#3875   pc=00400048 cycle=7594 insn=fed758e3
#3876   pc=0040004c cycle=7600 insn=00d7a023
#3877   pc=00400050 cycle=7603 insn=fee7ae23
#3878   pc=00400054 cycle=7603 insn=00088813
#3879   pc=00400058 cycle=7603 insn=fe1ff06f
#3880   pc=00400038 cycle=7604 insn=00478793   x15(a5)=10000100
#3881   pc=0040003c cycle=7607 insn=02c78063
#3882   pc=00400040 cycle=7610 insn=ffc7a683
#3883   pc=00400044 cycle=7611 insn=0007a703   x14(a4)=e12aa167
#3884   pc=00400048 cycle=7614 insn=fed758e3
#3885   pc=00400038 cycle=7620 insn=00478793   x15(a5)=10000104
#3886   pc=0040003c cycle=7623 insn=02c78063
#3887   pc=00400040 cycle=7625 insn=ffc7a683
#3888   pc=00400044 cycle=7626 insn=0007a703   x14(a4)=b5d4a6b5
#3889   pc=00400048 cycle=7629 insn=fed758e3
#3890   pc=0040004c cycle=7635 insn=00d7a023
#3891   pc=00400050 cycle=7638 insn=fee7ae23
#3892   pc=00400054 cycle=7638 insn=00088813
#3893   pc=00400058 cycle=7638 insn=fe1ff06f
#3894   pc=00400038 cycle=7639 insn=00478793   x15(a5)=10000108
#3895   pc=0040003c cycle=7642 insn=02c78063
#3896   pc=00400040 cycle=7645 insn=ffc7a683
#3897   pc=00400044 cycle=7646 insn=0007a703
#3898   pc=00400048 cycle=7649 insn=fed758e3
#3899   pc=0040004c cycle=7650 insn=00d7a023
#3900   pc=00400050 cycle=7653 insn=fee7ae23
#3901   pc=00400054 cycle=7653 insn=00088813
#3902   pc=00400058 cycle=7653 insn=fe1ff06f
#3903   pc=00400038 cycle=7653 insn=00478793   x15(a5)=1000010c
#3904   pc=0040003c cycle=7657 insn=02c78063
#3905   pc=00400040 cycle=7660 insn=ffc7a683   x13(a3)=b5d4a6b5
#3906   pc=00400044 cycle=7661 insn=0007a703
#3907   pc=00400048 cycle=7664 insn=fed758e3
#3908   pc=00400038 cycle=7670 insn=00478793   x15(a5)=10000110
#3909   pc=0040003c cycle=7673 insn=02c78063
#3910   pc=00400040 cycle=7675 insn=ffc7a683
#3911   pc=00400044 cycle=7676 insn=0007a703
#3912   pc=00400048 cycle=7679 insn=fed758e3
#3913   pc=00400038 cycle=7679 insn=00478793   x15(a5)=10000114
#3914   pc=0040003c cycle=7680 insn=02c78063
#3915   pc=00400040 cycle=7682 insn=ffc7a683
#3916   pc=00400044 cycle=7685 insn=0007a703
#3917   pc=00400048 cycle=7688 insn=fed758e3
#3918   pc=00400038 cycle=7688 insn=00478793   x15(a5)=10000118
#3919   pc=0040003c cycle=7688 insn=02c78063
#3920   pc=00400040 cycle=7691 insn=ffc7a683
#3921   pc=00400044 cycle=7694 insn=0007a703   x14(a4)=9577ad12
#3922   pc=00400048 cycle=7697 insn=fed758e3
#3923   pc=0040004c cycle=7703 insn=00d7a023
#3924   pc=00400050 cycle=7706 insn=fee7ae23
#3925   pc=00400054 cycle=7706 insn=00088813
#3926   pc=00400058 cycle=7706 insn=fe1ff06f
#3927   pc=00400038 cycle=7707 insn=00478793   x15(a5)=1000011c
#3928   pc=0040003c cycle=7710 insn=02c78063
#3929   pc=00400040 cycle=7713 insn=ffc7a683
#3930   pc=00400044 cycle=7714 insn=0007a703   x14(a4)=b5d4a6b5
#3931   pc=00400048 cycle=7717 insn=fed758e3
#3932   pc=00400038 cycle=7723 insn=00478793   x15(a5)=10000120
#3933   pc=0040003c cycle=7726 insn=02c78063
#3934   pc=00400040 cycle=7728 insn=ffc7a683
#3935   pc=00400044 cycle=7729 insn=0007a703   x14(a4)=a563eb19
#3936   pc=00400048 cycle=7732 insn=fed758e3
#3937   pc=0040004c cycle=7738 insn=00d7a023
#3938   pc=00400050 cycle=7741 insn=fee7ae23
#3939   pc=00400054 cycle=7741 insn=00088813
#3940   pc=00400058 cycle=7741 insn=fe1ff06f
#3941   pc=00400038 cycle=7742 insn=00478793   x15(a5)=10000124
#3942   pc=0040003c cycle=7745 insn=02c78063
#3943   pc=00400040 cycle=7748 insn=ffc7a683
#3944   pc=00400044 cycle=7749 insn=0007a703   x14(a4)=d6894ac7
#3945   pc=00400048 cycle=7752 insn=fed758e3
#3946   pc=00400038 cycle=7758 insn=00478793   x15(a5)=10000128
#3947   pc=0040003c cycle=7761 insn=02c78063
#3948   pc=00400040 cycle=7763 insn=ffc7a683   x13(a3)=d6894ac7
#3949   pc=00400044 cycle=7764 insn=0007a703
#3950   pc=00400048 cycle=7767 insn=fed758e3
#3951   pc=00400038 cycle=7767 insn=00478793   x15(a5)=1000012c
#3952   pc=0040003c cycle=7768 insn=02c78063
#3953   pc=0040005c cycle=7774 insn=ffc60613   x12(a2)=10000128
#3954   pc=00400060 cycle=7776 insn=fc0812e3
#3955   pc=00400024 cycle=7778 insn=fff58593   x11(a1)=00000049
#3956   pc=00400028 cycle=7781 insn=02b05e63
#3957   pc=0040002c cycle=7781 insn=00450793   x15(a5)=10000004
#3958   pc=00400030 cycle=7781 insn=00030813   x16(a6)=00000000
#3959   pc=00400034 cycle=7782 insn=00c0006f
#3960   pc=00400040 cycle=7787 insn=ffc7a683   x13(a3)=859babf3
#3961   pc=00400044 cycle=7788 insn=0007a703   x14(a4)=859babf3
#3962   pc=00400048 cycle=7791 insn=fed758e3
#3963   pc=00400038 cycle=7791 insn=00478793   x15(a5)=10000008
#3964   pc=0040003c cycle=7792 insn=02c78063
#3965   pc=00400040 cycle=7794 insn=ffc7a683
#3966   pc=00400044 cycle=7797 insn=0007a703
#3967   pc=00400048 cycle=7800 insn=fed758e3
#3968   pc=00400038 cycle=7800 insn=00478793   x15(a5)=1000000c
#3969   pc=0040003c cycle=7800 insn=02c78063
#3970   pc=00400040 cycle=7803 insn=ffc7a683
#3971   pc=00400044 cycle=7806 insn=0007a703
#3972   pc=00400048 cycle=7809 insn=fed758e3
#3973   pc=00400038 cycle=7809 insn=00478793   x15(a5)=10000010
#3974   pc=0040003c cycle=7809 insn=02c78063
#3975   pc=00400040 cycle=7812 insn=ffc7a683
#3976   pc=00400044 cycle=7815 insn=0007a703
#3977   pc=00400048 cycle=7818 insn=fed758e3
#3978   pc=00400038 cycle=7818 insn=00478793   x15(a5)=10000014
#3979   pc=0040003c cycle=7818 insn=02c78063
#3980   pc=00400040 cycle=7821 insn=ffc7a683
#3981   pc=00400044 cycle=7824 insn=0007a703   x14(a4)=ab08ac74
#3982   pc=00400048 cycle=7827 insn=fed758e3
#3983   pc=00400038 cycle=7827 insn=00478793   x15(a5)=10000018
#3984   pc=0040003c cycle=7827 insn=02c78063
#3985   pc=00400040 cycle=7830 insn=ffc7a683   x13(a3)=ab08ac74
#3986   pc=00400044 cycle=7833 insn=0007a703   x14(a4)=bd10903a
#3987   pc=00400048 cycle=7836 insn=fed758e3
#3988   pc=00400038 cycle=7836 insn=00478793   x15(a5)=1000001c
#3989   pc=0040003c cycle=7836 insn=02c78063
#3990   pc=00400040 cycle=7839 insn=ffc7a683   x13(a3)=bd10903a
#3991   pc=00400044 cycle=7842 insn=0007a703   x14(a4)=d1909f6a
#3992   pc=00400048 cycle=7845 insn=fed758e3
#3993   pc=00400038 cycle=7845 insn=00478793   x15(a5)=10000020
#3994   pc=0040003c cycle=7845 insn=02c78063
#3995   pc=00400040 cycle=7848 insn=ffc7a683   x13(a3)=d1909f6a
#3996   pc=00400044 cycle=7851 insn=0007a703
#3997   pc=00400048 cycle=7854 insn=fed758e3
#3998   pc=00400038 cycle=7854 insn=00478793   x15(a5)=10000024
#3999   pc=0040003c cycle=7854 insn=02c78063
#4000   pc=00400040 cycle=7857 insn=ffc7a683
#4001   pc=00400044 cycle=7860 insn=0007a703   x14(a4)=b79b2005
#4002   pc=00400048 cycle=7863 insn=fed758e3
#4003   pc=0040004c cycle=7869 insn=00d7a023
#4004   pc=00400050 cycle=7872 insn=fee7ae23
#4005   pc=00400054 cycle=7872 insn=00088813   x16(a6)=00000001
#4006   pc=00400058 cycle=7872 insn=fe1ff06f
#4007   pc=00400038 cycle=7873 insn=00478793   x15(a5)=10000028
#4008   pc=0040003c cycle=7876 insn=02c78063
#4009   pc=00400040 cycle=7879 insn=ffc7a683
#4010   pc=00400044 cycle=7880 insn=0007a703   x14(a4)=9002dc0d
#4011   pc=00400048 cycle=7883 insn=fed758e3
#4012   pc=0040004c cycle=7884 insn=00d7a023
#4013   pc=00400050 cycle=7887 insn=fee7ae23
#4014   pc=00400054 cycle=7887 insn=00088813
#4015   pc=00400058 cycle=7887 insn=fe1ff06f
#4016   pc=00400038 cycle=7887 insn=00478793   x15(a5)=1000002c
#4017   pc=0040003c cycle=7891 insn=02c78063
#4018   pc=00400040 cycle=7894 insn=ffc7a683   x13(a3)=9002dc0d
#4019   pc=00400044 cycle=7895 insn=0007a703   x14(a4)=b79b2005
#4020   pc=00400048 cycle=7898 insn=fed758e3
#4021   pc=00400038 cycle=7904 insn=00478793   x15(a5)=10000030
#4022   pc=0040003c cycle=7907 insn=02c78063
#4023   pc=00400040 cycle=7909 insn=ffc7a683   x13(a3)=b79b2005
#4024   pc=00400044 cycle=7910 insn=0007a703
#4025   pc=00400048 cycle=7913 insn=fed758e3
#4026   pc=00400038 cycle=7913 insn=00478793   x15(a5)=10000034
#4027   pc=0040003c cycle=7914 insn=02c78063
#4028   pc=00400040 cycle=7916 insn=ffc7a683
#4029   pc=00400044 cycle=7919 insn=0007a703
#4030   pc=00400048 cycle=7922 insn=fed758e3
#4031   pc=00400038 cycle=7922 insn=00478793   x15(a5)=10000038
#4032   pc=0040003c cycle=7922 insn=02c78063
#4033   pc=00400040 cycle=7925 insn=ffc7a683
#4034   pc=00400044 cycle=7928 insn=0007a703   x14(a4)=d1909f6a
#4035   pc=00400048 cycle=7931 insn=fed758e3
#4036   pc=00400038 cycle=7931 insn=00478793   x15(a5)=1000003c
#4037   pc=0040003c cycle=7931 insn=02c78063
#4038   pc=00400040 cycle=7934 insn=ffc7a683   x13(a3)=d1909f6a
#4039   pc=00400044 cycle=7937 insn=0007a703   x14(a4)=c5b22a07
#4040   pc=00400048 cycle=7940 insn=fed758e3
#4041   pc=0040004c cycle=7946 insn=00d7a023
#4042   pc=00400050 cycle=7949 insn=fee7ae23
#4043   pc=00400054 cycle=7949 insn=00088813
#4044   pc=00400058 cycle=7949 insn=fe1ff06f
#4045   pc=00400038 cycle=7950 insn=00478793   x15(a5)=10000040
#4046   pc=0040003c cycle=7953 insn=02c78063
#4047   pc=00400040 cycle=7956 insn=ffc7a683
#4048   pc=00400044 cycle=7957 insn=0007a703
#4049   pc=00400048 cycle=7960 insn=fed758e3
#4050   pc=0040004c cycle=7961 insn=00d7a023
#4051   pc=00400050 cycle=7964 insn=fee7ae23
#4052   pc=00400054 cycle=7964 insn=00088813
#4053   pc=00400058 cycle=7964 insn=fe1ff06f
#4054   pc=00400038 cycle=7964 insn=00478793   x15(a5)=10000044
#4055   pc=0040003c cycle=7968 insn=02c78063
#4056   pc=00400040 cycle=7971 insn=ffc7a683   x13(a3)=c5b22a07
#4057   pc=00400044 cycle=7972 insn=0007a703
#4058   pc=00400048 cycle=7975 insn=fed758e3
#4059   pc=00400038 cycle=7981 insn=00478793   x15(a5)=10000048
#4060   pc=0040003c cycle=7984 insn=02c78063
#4061   pc=00400040 cycle=7986 insn=ffc7a683
#4062   pc=00400044 cycle=7987 insn=0007a703
#4063   pc=00400048 cycle=7990 insn=fed758e3
#4064   pc=00400038 cycle=7990 insn=00478793   x15(a5)=1000004c
#4065   pc=0040003c cycle=7991 insn=02c78063
#4066   pc=00400040 cycle=7993 insn=ffc7a683
#4067   pc=00400044 cycle=7996 insn=0007a703   x14(a4)=bfdfe5b0
#4068   pc=00400048 cycle=7999 insn=fed758e3
#4069   pc=0040004c cycle=8005 insn=00d7a023
#4070   pc=00400050 cycle=8008 insn=fee7ae23
#4071   pc=00400054 cycle=8008 insn=00088813
#4072   pc=00400058 cycle=8008 insn=fe1ff06f
#4073   pc=00400038 cycle=8009 insn=00478793   x15(a5)=10000050
#4074   pc=0040003c cycle=8012 insn=02c78063
#4075   pc=00400040 cycle=8015 insn=ffc7a683
#4076   pc=00400044 cycle=8016 insn=0007a703
#4077   pc=00400048 cycle=8019 insn=fed758e3
#4078   pc=0040004c cycle=8020 insn=00d7a023
#4079   pc=00400050 cycle=8023 insn=fee7ae23
#4080   pc=00400054 cycle=8023 insn=00088813
#4081   pc=00400058 cycle=8023 insn=fe1ff06f
#4082   pc=00400038 cycle=8023 insn=00478793   x15(a5)=10000054
#4083   pc=0040003c cycle=8027 insn=02c78063
#4084   pc=00400040 cycle=8030 insn=ffc7a683   x13(a3)=bfdfe5b0
#4085   pc=00400044 cycle=8031 insn=0007a703
#4086   pc=00400048 cycle=8034 insn=fed758e3
#4087   pc=00400038 cycle=8040 insn=00478793   x15(a5)=10000058
#4088   pc=0040003c cycle=8043 insn=02c78063
#4089   pc=00400040 cycle=8045 insn=ffc7a683
#4090   pc=00400044 cycle=8046 insn=0007a703   x14(a4)=f2d85965
#4091   pc=00400048 cycle=8049 insn=fed758e3
#4092   pc=00400038 cycle=8055 insn=00478793   x15(a5)=1000005c
#4093   pc=0040003c cycle=8058 insn=02c78063
#4094   pc=00400040 cycle=8060 insn=ffc7a683   x13(a3)=f2d85965
#4095   pc=00400044 cycle=8061 insn=0007a703   x14(a4)=c80ab9ec
#4096   pc=00400048 cycle=8064 insn=fed758e3
#4097   pc=0040004c cycle=8070 insn=00d7a023
#4098   pc=00400050 cycle=8073 insn=fee7ae23
#4099   pc=00400054 cycle=8073 insn=00088813
#4100   pc=00400058 cycle=8073 insn=fe1ff06f
#4101   pc=00400038 cycle=8074 insn=00478793   x15(a5)=10000060
#4102   pc=0040003c cycle=8077 insn=02c78063
#4103   pc=00400040 cycle=8080 insn=ffc7a683
#4104   pc=00400044 cycle=8081 insn=0007a703
#4105   pc=00400048 cycle=8084 insn=fed758e3
#4106   pc=0040004c cycle=8085 insn=00d7a023
#4107   pc=00400050 cycle=8088 insn=fee7ae23
#4108   pc=00400054 cycle=8088 insn=00088813
#4109   pc=00400058 cycle=8088 insn=fe1ff06f
#4110   pc=00400038 cycle=8088 insn=00478793   x15(a5)=10000064
#4111   pc=0040003c cycle=8092 insn=02c78063
#4112   pc=00400040 cycle=8095 insn=ffc7a683   x13(a3)=c80ab9ec
#4113   pc=00400044 cycle=8096 insn=0007a703
#4114   pc=00400048 cycle=8099 insn=fed758e3
#4115   pc=00400038 cycle=8105 insn=00478793   x15(a5)=10000068
#4116   pc=0040003c cycle=8108 insn=02c78063
#4117   pc=00400040 cycle=8110 insn=ffc7a683
#4118   pc=00400044 cycle=8111 insn=0007a703
#4119   pc=00400048 cycle=8114 insn=fed758e3
#4120   pc=00400038 cycle=8120 insn=00478793   x15(a5)=1000006c
#4121   pc=0040003c cycle=8123 insn=02c78063
#4122   pc=00400040 cycle=8125 insn=ffc7a683
#4123   pc=00400044 cycle=8126 insn=0007a703
#4124   pc=00400048 cycle=8129 insn=fed758e3
#4125   pc=00400038 cycle=8129 insn=00478793   x15(a5)=10000070
#4126   pc=0040003c cycle=8130 insn=02c78063
#4127   pc=00400040 cycle=8132 insn=ffc7a683
#4128   pc=00400044 cycle=8135 insn=0007a703   x14(a4)=b7aa02c6
#4129   pc=00400048 cycle=8138 insn=fed758e3
#4130   pc=0040004c cycle=8144 insn=00d7a023
#4131   pc=00400050 cycle=8147 insn=fee7ae23
#4132   pc=00400054 cycle=8147 insn=00088813
#4133   pc=00400058 cycle=8147 insn=fe1ff06f
#4134   pc=00400038 cycle=8148 insn=00478793   x15(a5)=10000074
#4135   pc=0040003c cycle=8151 insn=02c78063
#4136   pc=00400040 cycle=8154 insn=ffc7a683
#4137   pc=00400044 cycle=8155 insn=0007a703   x14(a4)=c80ab9ec
#4138   pc=00400048 cycle=8158 insn=fed758e3
#4139   pc=00400038 cycle=8164 insn=00478793   x15(a5)=10000078
#4140   pc=0040003c cycle=8167 insn=02c78063
#4141   pc=00400040 cycle=8169 insn=ffc7a683
#4142   pc=00400044 cycle=8170 insn=0007a703   x14(a4)=af5305e5
#4143   pc=00400048 cycle=8173 insn=fed758e3
#4144   pc=0040004c cycle=8179 insn=00d7a023
#4145   pc=00400050 cycle=8182 insn=fee7ae23
#4146   pc=00400054 cycle=8182 insn=00088813
#4147   pc=00400058 cycle=8182 insn=fe1ff06f
#4148   pc=00400038 cycle=8183 insn=00478793   x15(a5)=1000007c
#4149   pc=0040003c cycle=8186 insn=02c78063
#4150   pc=00400040 cycle=8189 insn=ffc7a683
#4151   pc=00400044 cycle=8190 insn=0007a703   x14(a4)=82f2d29c
#4152   pc=00400048 cycle=8193 insn=fed758e3
#4153   pc=0040004c cycle=8194 insn=00d7a023
#4154   pc=00400050 cycle=8197 insn=fee7ae23
#4155   pc=00400054 cycle=8197 insn=00088813
#4156   pc=00400058 cycle=8197 insn=fe1ff06f
#4157   pc=00400038 cycle=8197 insn=00478793   x15(a5)=10000080
#4158   pc=0040003c cycle=8201 insn=02c78063
#4159   pc=00400040 cycle=8204 insn=ffc7a683   x13(a3)=82f2d29c
#4160   pc=00400044 cycle=8205 insn=0007a703
#4161   pc=00400048 cycle=8208 insn=fed758e3
#4162   pc=00400038 cycle=8214 insn=00478793   x15(a5)=10000084
#4163   pc=0040003c cycle=8217 insn=02c78063
#4164   pc=00400040 cycle=8219 insn=ffc7a683
#4165   pc=00400044 cycle=8220 insn=0007a703
#4166   pc=00400048 cycle=8223 insn=fed758e3
#4167   pc=00400038 cycle=8229 insn=00478793   x15(a5)=10000088
#4168   pc=0040003c cycle=8232 insn=02c78063
#4169   pc=00400040 cycle=8234 insn=ffc7a683
#4170   pc=00400044 cycle=8235 insn=0007a703
#4171   pc=00400048 cycle=8238 insn=fed758e3
#4172   pc=00400038 cycle=8238 insn=00478793   x15(a5)=1000008c
#4173   pc=0040003c cycle=8239 insn=02c78063
#4174   pc=00400040 cycle=8241 insn=ffc7a683
#4175   pc=00400044 cycle=8244 insn=0007a703   x14(a4)=d82815c3
#4176   pc=00400048 cycle=8247 insn=fed758e3
#4177   pc=00400038 cycle=8247 insn=00478793   x15(a5)=10000090
#4178   pc=0040003c cycle=8247 insn=02c78063
#4179   pc=00400040 cycle=8250 insn=ffc7a683   x13(a3)=d82815c3
#4180   pc=00400044 cycle=8253 insn=0007a703   x14(a4)=f45681ea
#4181   pc=00400048 cycle=8256 insn=fed758e3
#4182   pc=00400038 cycle=8256 insn=00478793   x15(a5)=10000094
#4183   pc=0040003c cycle=8256 insn=02c78063
#4184   pc=00400040 cycle=8259 insn=ffc7a683   x13(a3)=f45681ea
#4185   pc=00400044 cycle=8262 insn=0007a703   x14(a4)=01635ea6
#4186   pc=00400048 cycle=8265 insn=fed758e3
#4187   pc=00400038 cycle=8265 insn=00478793   x15(a5)=10000098
#4188   pc=0040003c cycle=8265 insn=02c78063
#4189   pc=00400040 cycle=8268 insn=ffc7a683   x13(a3)=01635ea6
#4190   pc=00400044 cycle=8271 insn=0007a703   x14(a4)=bf282426
#4191   pc=00400048 cycle=8274 insn=fed758e3
#4192   pc=0040004c cycle=8280 insn=00d7a023
#4193   pc=00400050 cycle=8283 insn=fee7ae23
#4194   pc=00400054 cycle=8283 insn=00088813
#4195   pc=00400058 cycle=8283 insn=fe1ff06f
#4196   pc=00400038 cycle=8284 insn=00478793   x15(a5)=1000009c
#4197   pc=0040003c cycle=8287 insn=02c78063
#4198   pc=00400040 cycle=8290 insn=ffc7a683
#4199   pc=00400044 cycle=8291 insn=0007a703
#4200   pc=00400048 cycle=8294 insn=fed758e3
#4201   pc=0040004c cycle=8295 insn=00d7a023
#4202   pc=00400050 cycle=8298 insn=fee7ae23
#4203   pc=00400054 cycle=8298 insn=00088813
#4204   pc=00400058 cycle=8298 insn=fe1ff06f
#4205   pc=00400038 cycle=8298 insn=00478793   x15(a5)=100000a0
#4206   pc=0040003c cycle=8302 insn=02c78063
#4207   pc=00400040 cycle=8305 insn=ffc7a683   x13(a3)=bf282426
#4208   pc=00400044 cycle=8306 insn=0007a703   x14(a4)=add48d17
#4209   pc=00400048 cycle=8309 insn=fed758e3
#4210   pc=0040004c cycle=8310 insn=00d7a023
#4211   pc=00400050 cycle=8313 insn=fee7ae23
#4212   pc=00400054 cycle=8313 insn=00088813
#4213   pc=00400058 cycle=8313 insn=fe1ff06f
#4214   pc=00400038 cycle=8313 insn=00478793   x15(a5)=100000a4
#4215   pc=0040003c cycle=8317 insn=02c78063
#4216   pc=00400040 cycle=8320 insn=ffc7a683
#4217   pc=00400044 cycle=8321 insn=0007a703
#4218   pc=00400048 cycle=8324 insn=fed758e3
#4219   pc=0040004c cycle=8325 insn=00d7a023
#4220   pc=00400050 cycle=8328 insn=fee7ae23
#4221   pc=00400054 cycle=8328 insn=00088813
#4222   pc=00400058 cycle=8328 insn=fe1ff06f
#4223   pc=00400038 cycle=8328 insn=00478793   x15(a5)=100000a8
#4224   pc=0040003c cycle=8332 insn=02c78063
#4225   pc=00400040 cycle=8335 insn=ffc7a683
#4226   pc=00400044 cycle=8336 insn=0007a703
#4227   pc=00400048 cycle=8339 insn=fed758e3
#4228   pc=0040004c cycle=8340 insn=00d7a023
#4229   pc=00400050 cycle=8343 insn=fee7ae23
#4230   pc=00400054 cycle=8343 insn=00088813
#4231   pc=00400058 cycle=8343 insn=fe1ff06f
#4232   pc=00400038 cycle=8343 insn=00478793   x15(a5)=100000ac
#4233   pc=0040003c cycle=8347 insn=02c78063
#4234   pc=00400040 cycle=8350 insn=ffc7a683
#4235   pc=00400044 cycle=8351 insn=0007a703
#4236   pc=00400048 cycle=8354 insn=fed758e3
#4237   pc=0040004c cycle=8355 insn=00d7a023
#4238   pc=00400050 cycle=8358 insn=fee7ae23
#4239   pc=00400054 cycle=8358 insn=00088813
#4240   pc=00400058 cycle=8358 insn=fe1ff06f
#4241   pc=00400038 cycle=8358 insn=00478793   x15(a5)=100000b0
#4242   pc=0040003c cycle=8362 insn=02c78063
#4243   pc=00400040 cycle=8365 insn=ffc7a683
#4244   pc=00400044 cycle=8366 insn=0007a703
#4245   pc=00400048 cycle=8369 insn=fed758e3
#4246   pc=0040004c cycle=8370 insn=00d7a023
#4247   pc=00400050 cycle=8373 insn=fee7ae23
#4248   pc=00400054 cycle=8373 insn=00088813
#4249   pc=00400058 cycle=8373 insn=fe1ff06f
#4250   pc=00400038 cycle=8373 insn=00478793   x15(a5)=100000b4
#4251   pc=0040003c cycle=8377 insn=02c78063
#4252   pc=00400040 cycle=8380 insn=ffc7a683
#4253   pc=00400044 cycle=8381 insn=0007a703   x14(a4)=bf282426
#4254   pc=00400048 cycle=8384 insn=fed758e3
#4255   pc=00400038 cycle=8390 insn=00478793   x15(a5)=100000b8
#4256   pc=0040003c cycle=8393 insn=02c78063
#4257   pc=00400040 cycle=8395 insn=ffc7a683
#4258   pc=00400044 cycle=8396 insn=0007a703
#4259   pc=00400048 cycle=8399 insn=fed758e3
#4260   pc=00400038 cycle=8405 insn=00478793   x15(a5)=100000bc
#4261   pc=0040003c cycle=8408 insn=02c78063
#4262   pc=00400040 cycle=8410 insn=ffc7a683
#4263   pc=00400044 cycle=8411 insn=0007a703   x14(a4)=84c36ccd
#4264   pc=00400048 cycle=8414 insn=fed758e3
#4265   pc=0040004c cycle=8420 insn=00d7a023
#4266   pc=00400050 cycle=8423 insn=fee7ae23
#4267   pc=00400054 cycle=8423 insn=00088813
#4268   pc=00400058 cycle=8423 insn=fe1ff06f
#4269   pc=00400038 cycle=8424 insn=00478793   x15(a5)=100000c0
#4270   pc=0040003c cycle=8427 insn=02c78063
#4271   pc=00400040 cycle=8430 insn=ffc7a683
#4272   pc=00400044 cycle=8431 insn=0007a703
#4273   pc=00400048 cycle=8434 insn=fed758e3
#4274   pc=0040004c cycle=8435 insn=00d7a023
#4275   pc=00400050 cycle=8438 insn=fee7ae23
#4276   pc=00400054 cycle=8438 insn=00088813
#4277   pc=00400058 cycle=8438 insn=fe1ff06f
#4278   pc=00400038 cycle=8438 insn=00478793   x15(a5)=100000c4
#4279   pc=0040003c cycle=8442 insn=02c78063
#4280   pc=00400040 cycle=8445 insn=ffc7a683   x13(a3)=84c36ccd
#4281   pc=00400044 cycle=8446 insn=0007a703
#4282   pc=00400048 cycle=8449 insn=fed758e3
#4283   pc=00400038 cycle=8455 insn=00478793   x15(a5)=100000c8
#4284   pc=0040003c cycle=8458 insn=02c78063
#4285   pc=00400040 cycle=8460 insn=ffc7a683
#4286   pc=00400044 cycle=8461 insn=0007a703
#4287   pc=00400048 cycle=8464 insn=fed758e3
#4288   pc=00400038 cycle=8470 insn=00478793   x15(a5)=100000cc
#4289   pc=0040003c cycle=8473 insn=02c78063
#4290   pc=00400040 cycle=8475 insn=ffc7a683
#4291   pc=00400044 cycle=8476 insn=0007a703   x14(a4)=b666c147
#4292   pc=00400048 cycle=8479 insn=fed758e3
#4293   pc=00400038 cycle=8479 insn=00478793   x15(a5)=100000d0
#4294   pc=0040003c cycle=8480 insn=02c78063
#4295   pc=00400040 cycle=8482 insn=ffc7a683   x13(a3)=b666c147
#4296   pc=00400044 cycle=8485 insn=0007a703   x14(a4)=df110986
#4297   pc=00400048 cycle=8488 insn=fed758e3
#4298   pc=00400038 cycle=8488 insn=00478793   x15(a5)=100000d4
#4299   pc=0040003c cycle=8488 insn=02c78063
#4300   pc=00400040 cycle=8491 insn=ffc7a683   x13(a3)=df110986
#4301   pc=00400044 cycle=8494 insn=0007a703
#4302   pc=00400048 cycle=8497 insn=fed758e3
#4303   pc=00400038 cycle=8497 insn=00478793   x15(a5)=100000d8
#4304   pc=0040003c cycle=8497 insn=02c78063
#4305   pc=00400040 cycle=8500 insn=ffc7a683
#4306   pc=00400044 cycle=8503 insn=0007a703
#4307   pc=00400048 cycle=8506 insn=fed758e3
#4308   pc=00400038 cycle=8506 insn=00478793   x15(a5)=100000dc
#4309   pc=0040003c cycle=8506 insn=02c78063
#4310   pc=00400040 cycle=8509 insn=ffc7a683
#4311   pc=00400044 cycle=8512 insn=0007a703   x14(a4)=80f68da3
#4312   pc=00400048 cycle=8515 insn=fed758e3
#4313   pc=0040004c cycle=8521 insn=00d7a023
#4314   pc=00400050 cycle=8524 insn=fee7ae23
#4315   pc=00400054 cycle=8524 insn=00088813
#4316   pc=00400058 cycle=8524 insn=fe1ff06f
#4317   pc=00400038 cycle=8525 insn=00478793   x15(a5)=100000e0
#4318   pc=0040003c cycle=8528 insn=02c78063
#4319   pc=00400040 cycle=8531 insn=ffc7a683
#4320   pc=00400044 cycle=8532 insn=0007a703   x14(a4)=ec1a32b9
#4321   pc=00400048 cycle=8535 insn=fed758e3
#4322   pc=00400038 cycle=8541 insn=00478793   x15(a5)=100000e4
#4323   pc=0040003c cycle=8544 insn=02c78063
#4324   pc=00400040 cycle=8546 insn=ffc7a683   x13(a3)=ec1a32b9
#4325   pc=00400044 cycle=8547 insn=0007a703   x14(a4)=e12aa167
#4326   pc=00400048 cycle=8550 insn=fed758e3
#4327   pc=0040004c cycle=8556 insn=00d7a023
#4328   pc=00400050 cycle=8559 insn=fee7ae23
#4329   pc=00400054 cycle=8559 insn=00088813
#4330   pc=00400058 cycle=8559 insn=fe1ff06f
#4331   pc=00400038 cycle=8560 insn=00478793   x15(a5)=100000e8
#4332   pc=0040003c cycle=8563 insn=02c78063
#4333   pc=00400040 cycle=8566 insn=ffc7a683
#4334   pc=00400044 cycle=8567 insn=0007a703
#4335   pc=00400048 cycle=8570 insn=fed758e3
#4336   pc=0040004c cycle=8571 insn=00d7a023
#4337   pc=00400050 cycle=8574 insn=fee7ae23
#4338   pc=00400054 cycle=8574 insn=00088813
#4339   pc=00400058 cycle=8574 insn=fe1ff06f
#4340   pc=00400038 cycle=8574 insn=00478793   x15(a5)=100000ec
#4341   pc=0040003c cycle=8578 insn=02c78063
#4342   pc=00400040 cycle=8581 insn=ffc7a683   x13(a3)=e12aa167
#4343   pc=00400044 cycle=8582 insn=0007a703
#4344   pc=00400048 cycle=8585 insn=fed758e3
#4345   pc=00400038 cycle=8591 insn=00478793   x15(a5)=100000f0
#4346   pc=0040003c cycle=8594 insn=02c78063
#4347   pc=00400040 cycle=8596 insn=ffc7a683
#4348   pc=00400044 cycle=8597 insn=0007a703
#4349   pc=00400048 cycle=8600 insn=fed758e3
#4350   pc=00400038 cycle=8600 insn=00478793   x15(a5)=100000f4
#4351   pc=0040003c cycle=8601 insn=02c78063
#4352   pc=00400040 cycle=8603 insn=ffc7a683
#4353   pc=00400044 cycle=8606 insn=0007a703
#4354   pc=00400048 cycle=8609 insn=fed758e3
#4355   pc=00400038 cycle=8609 insn=00478793   x15(a5)=100000f8
#4356   pc=0040003c cycle=8609 insn=02c78063
#4357   pc=00400040 cycle=8612 insn=ffc7a683
#4358   pc=00400044 cycle=8615 insn=0007a703   x14(a4)=d5f89e0e
#4359   pc=00400048 cycle=8618 insn=fed758e3
#4360   pc=0040004c cycle=8624 insn=00d7a023
#4361   pc=00400050 cycle=8627 insn=fee7ae23
#4362   pc=00400054 cycle=8627 insn=00088813
#4363   pc=00400058 cycle=8627 insn=fe1ff06f
#4364   pc=00400038 cycle=8628 insn=00478793   x15(a5)=100000fc
#4365   pc=0040003c cycle=8631 insn=02c78063
#4366   pc=00400040 cycle=8634 insn=ffc7a683
#4367   pc=00400044 cycle=8635 insn=0007a703   x14(a4)=e12aa167
#4368   pc=00400048 cycle=8638 insn=fed758e3
#4369   pc=00400038 cycle=8644 insn=00478793   x15(a5)=10000100
#4370   pc=0040003c cycle=8647 insn=02c78063
#4371   pc=00400040 cycle=8649 insn=ffc7a683
#4372   pc=00400044 cycle=8650 insn=0007a703   x14(a4)=b5d4a6b5
#4373   pc=00400048 cycle=8653 insn=fed758e3
#4374   pc=0040004c cycle=8659 insn=00d7a023
#4375   pc=00400050 cycle=8662 insn=fee7ae23
#4376   pc=00400054 cycle=8662 insn=00088813
#4377   pc=00400058 cycle=8662 insn=fe1ff06f
#4378   pc=00400038 cycle=8663 insn=00478793   x15(a5)=10000104
#4379   pc=0040003c cycle=8666 insn=02c78063
#4380   pc=00400040 cycle=8669 insn=ffc7a683
#4381   pc=00400044 cycle=8670 insn=0007a703
#4382   pc=00400048 cycle=8673 insn=fed758e3
#4383   pc=0040004c cycle=8674 insn=00d7a023
#4384   pc=00400050 cycle=8677 insn=fee7ae23
#4385   pc=00400054 cycle=8677 insn=00088813
#4386   pc=00400058 cycle=8677 insn=fe1ff06f
#4387   pc=00400038 cycle=8677 insn=00478793   x15(a5)=10000108
#4388   pc=0040003c cycle=8681 insn=02c78063
#4389   pc=00400040 cycle=8684 insn=ffc7a683   x13(a3)=b5d4a6b5
#4390   pc=00400044 cycle=8685 insn=0007a703
#4391   pc=00400048 cycle=8688 insn=fed758e3
#4392   pc=00400038 cycle=8694 insn=00478793   x15(a5)=1000010c
#4393   pc=0040003c cycle=8697 insn=02c78063
#4394   pc=00400040 cycle=8699 insn=ffc7a683
#4395   pc=00400044 cycle=8700 insn=0007a703
#4396   pc=00400048 cycle=8703 insn=fed758e3
#4397   pc=00400038 cycle=8703 insn=00478793   x15(a5)=10000110
#4398   pc=0040003c cycle=8704 insn=02c78063
#4399   pc=00400040 cycle=8706 insn=ffc7a683
#4400   pc=00400044 cycle=8709 insn=0007a703
#4401   pc=00400048 cycle=8712 insn=fed758e3
#4402   pc=00400038 cycle=8712 insn=00478793   x15(a5)=10000114
#4403   pc=0040003c cycle=8712 insn=02c78063
#4404   pc=00400040 cycle=8715 insn=ffc7a683
#4405   pc=00400044 cycle=8718 insn=0007a703   x14(a4)=9577ad12
#4406   pc=00400048 cycle=8721 insn=fed758e3
#4407   pc=0040004c cycle=8727 insn=00d7a023
#4408   pc=00400050 cycle=8730 insn=fee7ae23
#4409   pc=00400054 cycle=8730 insn=00088813
#4410   pc=00400058 cycle=8730 insn=fe1ff06f
#4411   pc=00400038 cycle=8731 insn=00478793   x15(a5)=10000118
#4412   pc=0040003c cycle=8734 insn=02c78063
#4413   pc=00400040 cycle=8737 insn=ffc7a683
#4414   pc=00400044 cycle=8738 insn=0007a703   x14(a4)=b5d4a6b5
#4415   pc=00400048 cycle=8741 insn=fed758e3
#4416   pc=00400038 cycle=8747 insn=00478793   x15(a5)=1000011c
#4417   pc=0040003c cycle=8750 insn=02c78063
#4418   pc=00400040 cycle=8752 insn=ffc7a683
#4419   pc=00400044 cycle=8753 insn=0007a703   x14(a4)=a563eb19
#4420   pc=00400048 cycle=8756 insn=fed758e3
#4421   pc=0040004c cycle=8762 insn=00d7a023
#4422   pc=00400050 cycle=8765 insn=fee7ae23
#4423   pc=00400054 cycle=8765 insn=00088813
#4424   pc=00400058 cycle=8765 insn=fe1ff06f
#4425   pc=00400038 cycle=8766 insn=00478793   x15(a5)=10000120
#4426   pc=0040003c cycle=8769 insn=02c78063
#4427   pc=00400040 cycle=8772 insn=ffc7a683
#4428   pc=00400044 cycle=8773 insn=0007a703   x14(a4)=b5d4a6b5
#4429   pc=00400048 cycle=8776 insn=fed758e3
#4430   pc=00400038 cycle=8782 insn=00478793   x15(a5)=10000124
#4431   pc=0040003c cycle=8785 insn=02c78063
#4432   pc=00400040 cycle=8787 insn=ffc7a683
#4433   pc=00400044 cycle=8788 insn=0007a703   x14(a4)=d6894ac7
#4434   pc=00400048 cycle=8791 insn=fed758e3
#4435   pc=00400038 cycle=8791 insn=00478793   x15(a5)=10000128
#4436   pc=0040003c cycle=8792 insn=02c78063
#4437   pc=0040005c cycle=8798 insn=ffc60613   x12(a2)=10000124
#4438   pc=00400060 cycle=8800 insn=fc0812e3
#4439   pc=00400024 cycle=8802 insn=fff58593   x11(a1)=00000048
#4440   pc=00400028 cycle=8805 insn=02b05e63
#4441   pc=0040002c cycle=8805 insn=00450793   x15(a5)=10000004
#4442   pc=00400030 cycle=8805 insn=00030813   x16(a6)=00000000
#4443   pc=00400034 cycle=8806 insn=00c0006f
#4444   pc=00400040 cycle=8811 insn=ffc7a683   x13(a3)=859babf3
#4445   pc=00400044 cycle=8812 insn=0007a703   x14(a4)=859babf3
#4446   pc=00400048 cycle=8815 insn=fed758e3
#4447   pc=00400038 cycle=8815 insn=00478793   x15(a5)=10000008
#4448   pc=0040003c cycle=8816 insn=02c78063
#4449   pc=00400040 cycle=8818 insn=ffc7a683
#4450   pc=00400044 cycle=8821 insn=0007a703
#4451   pc=00400048 cycle=8824 insn=fed758e3
#4452   pc=00400038 cycle=8824 insn=00478793   x15(a5)=1000000c
#4453   pc=0040003c cycle=8824 insn=02c78063
#4454   pc=00400040 cycle=8827 insn=ffc7a683
#4455   pc=00400044 cycle=8830 insn=0007a703
#4456   pc=00400048 cycle=8833 insn=fed758e3
#4457   pc=00400038 cycle=8833 insn=00478793   x15(a5)=10000010
#4458   pc=0040003c cycle=8833 insn=02c78063
#4459   pc=00400040 cycle=8836 insn=ffc7a683
#4460   pc=00400044 cycle=8839 insn=0007a703
#4461   pc=00400048 cycle=8842 insn=fed758e3
#4462   pc=00400038 cycle=8842 insn=00478793   x15(a5)=10000014
#4463   pc=0040003c cycle=8842 insn=02c78063
#4464   pc=00400040 cycle=8845 insn=ffc7a683
#4465   pc=00400044 cycle=8848 insn=0007a703   x14(a4)=ab08ac74
#4466   pc=00400048 cycle=8851 insn=fed758e3
#4467   pc=00400038 cycle=8851 insn=00478793   x15(a5)=10000018
#4468   pc=0040003c cycle=8851 insn=02c78063
#4469   pc=00400040 cycle=8854 insn=ffc7a683   x13(a3)=ab08ac74
#4470   pc=00400044 cycle=8857 insn=0007a703   x14(a4)=bd10903a
#4471   pc=00400048 cycle=8860 insn=fed758e3
#4472   pc=00400038 cycle=8860 insn=00478793   x15(a5)=1000001c
#4473   pc=0040003c cycle=8860 insn=02c78063
#4474   pc=00400040 cycle=8863 insn=ffc7a683   x13(a3)=bd10903a
#4475   pc=00400044 cycle=8866 insn=0007a703   x14(a4)=d1909f6a
#4476   pc=00400048 cycle=8869 insn=fed758e3
#4477   pc=00400038 cycle=8869 insn=00478793   x15(a5)=10000020
#4478   pc=0040003c cycle=8869 insn=02c78063
#4479   pc=00400040 cycle=8872 insn=ffc7a683   x13(a3)=d1909f6a
#4480   pc=00400044 cycle=8875 insn=0007a703   x14(a4)=b79b2005
#4481   pc=00400048 cycle=8878 insn=fed758e3
#4482   pc=0040004c cycle=8884 insn=00d7a023
#4483   pc=00400050 cycle=8887 insn=fee7ae23
#4484   pc=00400054 cycle=8887 insn=00088813   x16(a6)=00000001
#4485   pc=00400058 cycle=8887 insn=fe1ff06f
#4486   pc=00400038 cycle=8888 insn=00478793   x15(a5)=10000024
#4487   pc=0040003c cycle=8891 insn=02c78063
#4488   pc=00400040 cycle=8894 insn=ffc7a683
#4489   pc=00400044 cycle=8895 insn=0007a703   x14(a4)=9002dc0d
#4490   pc=00400048 cycle=8898 insn=fed758e3
#4491   pc=0040004c cycle=8899 insn=00d7a023
#4492   pc=00400050 cycle=8902 insn=fee7ae23
#4493   pc=00400054 cycle=8902 insn=00088813
#4494   pc=00400058 cycle=8902 insn=fe1ff06f
#4495   pc=00400038 cycle=8902 insn=00478793   x15(a5)=10000028
#4496   pc=0040003c cycle=8906 insn=02c78063
#4497   pc=00400040 cycle=8909 insn=ffc7a683   x13(a3)=9002dc0d
#4498   pc=00400044 cycle=8910 insn=0007a703
#4499   pc=00400048 cycle=8913 insn=fed758e3
#4500   pc=00400038 cycle=8919 insn=00478793   x15(a5)=1000002c
#4501   pc=0040003c cycle=8922 insn=02c78063
#4502   pc=00400040 cycle=8924 insn=ffc7a683
#4503   pc=00400044 cycle=8925 insn=0007a703   x14(a4)=b79b2005
#4504   pc=00400048 cycle=8928 insn=fed758e3
#4505   pc=00400038 cycle=8928 insn=00478793   x15(a5)=10000030
#4506   pc=0040003c cycle=8929 insn=02c78063
#4507   pc=00400040 cycle=8931 insn=ffc7a683   x13(a3)=b79b2005
#4508   pc=00400044 cycle=8934 insn=0007a703
#4509   pc=00400048 cycle=8937 insn=fed758e3
#4510   pc=00400038 cycle=8937 insn=00478793   x15(a5)=10000034
#4511   pc=0040003c cycle=8937 insn=02c78063
#4512   pc=00400040 cycle=8940 insn=ffc7a683
#4513   pc=00400044 cycle=8943 insn=0007a703
#4514   pc=00400048 cycle=8946 insn=fed758e3
#4515   pc=00400038 cycle=8946 insn=00478793   x15(a5)=10000038
#4516   pc=0040003c cycle=8946 insn=02c78063
#4517   pc=00400040 cycle=8949 insn=ffc7a683
#4518   pc=00400044 cycle=8952 insn=0007a703   x14(a4)=c5b22a07
#4519   pc=00400048 cycle=8955 insn=fed758e3
#4520   pc=00400038 cycle=8955 insn=00478793   x15(a5)=1000003c
#4521   pc=0040003c cycle=8955 insn=02c78063
#4522   pc=00400040 cycle=8958 insn=ffc7a683   x13(a3)=c5b22a07
#4523   pc=00400044 cycle=8961 insn=0007a703
#4524   pc=00400048 cycle=8964 insn=fed758e3
#4525   pc=00400038 cycle=8964 insn=00478793   x15(a5)=10000040
#4526   pc=0040003c cycle=8964 insn=02c78063
#4527   pc=00400040 cycle=8967 insn=ffc7a683
#4528   pc=00400044 cycle=8970 insn=0007a703
#4529   pc=00400048 cycle=8973 insn=fed758e3
#4530   pc=00400038 cycle=8973 insn=00478793   x15(a5)=10000044
#4531   pc=0040003c cycle=8973 insn=02c78063
#4532   pc=00400040 cycle=8976 insn=ffc7a683
#4533   pc=00400044 cycle=8979 insn=0007a703
#4534   pc=00400048 cycle=8982 insn=fed758e3
#4535   pc=00400038 cycle=8982 insn=00478793   x15(a5)=10000048
#4536   pc=0040003c cycle=8982 insn=02c78063
#4537   pc=00400040 cycle=8985 insn=ffc7a683
#4538   pc=00400044 cycle=8988 insn=0007a703   x14(a4)=bfdfe5b0
#4539   pc=00400048 cycle=8991 insn=fed758e3
#4540   pc=0040004c cycle=8997 insn=00d7a023
#4541   pc=00400050 cycle=9000 insn=fee7ae23
#4542   pc=00400054 cycle=9000 insn=00088813
#4543   pc=00400058 cycle=9000 insn=fe1ff06f
#4544   pc=00400038 cycle=9001 insn=00478793   x15(a5)=1000004c
#4545   pc=0040003c cycle=9004 insn=02c78063
#4546   pc=00400040 cycle=9007 insn=ffc7a683
#4547   pc=00400044 cycle=9008 insn=0007a703
#4548   pc=00400048 cycle=9011 insn=fed758e3
#4549   pc=0040004c cycle=9012 insn=00d7a023
#4550   pc=00400050 cycle=9015 insn=fee7ae23
#4551   pc=00400054 cycle=9015 insn=00088813
#4552   pc=00400058 cycle=9015 insn=fe1ff06f
#4553   pc=00400038 cycle=9015 insn=00478793   x15(a5)=10000050
#4554   pc=0040003c cycle=9019 insn=02c78063
#4555   pc=00400040 cycle=9022 insn=ffc7a683   x13(a3)=bfdfe5b0
#4556   pc=00400044 cycle=9023 insn=0007a703
#4557   pc=00400048 cycle=9026 insn=fed758e3
#4558   pc=00400038 cycle=9032 insn=00478793   x15(a5)=10000054
#4559   pc=0040003c cycle=9035 insn=02c78063
#4560   pc=00400040 cycle=9037 insn=ffc7a683
#4561   pc=00400044 cycle=9038 insn=0007a703
#4562   pc=00400048 cycle=9041 insn=fed758e3
#4563   pc=00400038 cycle=9041 insn=00478793   x15(a5)=10000058
#4564   pc=0040003c cycle=9042 insn=02c78063
#4565   pc=00400040 cycle=9044 insn=ffc7a683
#4566   pc=00400044 cycle=9047 insn=0007a703   x14(a4)=c80ab9ec
#4567   pc=00400048 cycle=9050 insn=fed758e3
#4568   pc=00400038 cycle=9050 insn=00478793   x15(a5)=1000005c
#4569   pc=0040003c cycle=9050 insn=02c78063
#4570   pc=00400040 cycle=9053 insn=ffc7a683   x13(a3)=c80ab9ec
#4571   pc=00400044 cycle=9056 insn=0007a703
#4572   pc=00400048 cycle=9059 insn=fed758e3
#4573   pc=00400038 cycle=9059 insn=00478793   x15(a5)=10000060
#4574   pc=0040003c cycle=9059 insn=02c78063
#4575   pc=00400040 cycle=9062 insn=ffc7a683
#4576   pc=00400044 cycle=9065 insn=0007a703
#4577   pc=00400048 cycle=9068 insn=fed758e3
#4578   pc=00400038 cycle=9068 insn=00478793   x15(a5)=10000064
#4579   pc=0040003c cycle=9068 insn=02c78063
#4580   pc=00400040 cycle=9071 insn=ffc7a683
#4581   pc=00400044 cycle=9074 insn=0007a703
#4582   pc=00400048 cycle=9077 insn=fed758e3
#4583   pc=00400038 cycle=9077 insn=00478793   x15(a5)=10000068
#4584   pc=0040003c cycle=9077 insn=02c78063
#4585   pc=00400040 cycle=9080 insn=ffc7a683
#4586   pc=00400044 cycle=9083 insn=0007a703
#4587   pc=00400048 cycle=9086 insn=fed758e3
#4588   pc=00400038 cycle=9086 insn=00478793   x15(a5)=1000006c
#4589   pc=0040003c cycle=9086 insn=02c78063
#4590   pc=00400040 cycle=9089 insn=ffc7a683
#4591   pc=00400044 cycle=9092 insn=0007a703   x14(a4)=b7aa02c6
#4592   pc=00400048 cycle=9095 insn=fed758e3
#4593   pc=0040004c cycle=9101 insn=00d7a023
#4594   pc=00400050 cycle=9104 insn=fee7ae23
#4595   pc=00400054 cycle=9104 insn=00088813
#4596   pc=00400058 cycle=9104 insn=fe1ff06f
#4597   pc=00400038 cycle=9105 insn=00478793   x15(a5)=10000070
#4598   pc=0040003c cycle=9108 insn=02c78063
#4599   pc=00400040 cycle=9111 insn=ffc7a683
#4600   pc=00400044 cycle=9112 insn=0007a703   x14(a4)=c80ab9ec
#4601   pc=00400048 cycle=9115 insn=fed758e3
#4602   pc=00400038 cycle=9121 insn=00478793   x15(a5)=10000074
#4603   pc=0040003c cycle=9124 insn=02c78063
#4604   pc=00400040 cycle=9126 insn=ffc7a683
#4605   pc=00400044 cycle=9127 insn=0007a703   x14(a4)=af5305e5
#4606   pc=00400048 cycle=9130 insn=fed758e3
#4607   pc=0040004c cycle=9136 insn=00d7a023
#4608   pc=00400050 cycle=9139 insn=fee7ae23
#4609   pc=00400054 cycle=9139 insn=00088813
#4610   pc=00400058 cycle=9139 insn=fe1ff06f
#4611   pc=00400038 cycle=9140 insn=00478793   x15(a5)=10000078
#4612   pc=0040003c cycle=9143 insn=02c78063
#4613   pc=00400040 cycle=9146 insn=ffc7a683
#4614   pc=00400044 cycle=9147 insn=0007a703   x14(a4)=82f2d29c
#4615   pc=00400048 cycle=9150 insn=fed758e3
#4616   pc=0040004c cycle=9151 insn=00d7a023
#4617   pc=00400050 cycle=9154 insn=fee7ae23
#4618   pc=00400054 cycle=9154 insn=00088813
#4619   pc=00400058 cycle=9154 insn=fe1ff06f
#4620   pc=00400038 cycle=9154 insn=00478793   x15(a5)=1000007c
#4621   pc=0040003c cycle=9158 insn=02c78063
#4622   pc=00400040 cycle=9161 insn=ffc7a683   x13(a3)=82f2d29c
#4623   pc=00400044 cycle=9162 insn=0007a703
#4624   pc=00400048 cycle=9165 insn=fed758e3
#4625   pc=00400038 cycle=9171 insn=00478793   x15(a5)=10000080
#4626   pc=0040003c cycle=9174 insn=02c78063
#4627   pc=00400040 cycle=9176 insn=ffc7a683
#4628   pc=00400044 cycle=9177 insn=0007a703
#4629   pc=00400048 cycle=9180 insn=fed758e3
#4630   pc=00400038 cycle=9180 insn=00478793   x15(a5)=10000084
#4631   pc=0040003c cycle=9181 insn=02c78063
#4632   pc=00400040 cycle=9183 insn=ffc7a683
#4633   pc=00400044 cycle=9186 insn=0007a703
#4634   pc=00400048 cycle=9189 insn=fed758e3
#4635   pc=00400038 cycle=9189 insn=00478793   x15(a5)=10000088
#4636   pc=0040003c cycle=9189 insn=02c78063
#4637   pc=00400040 cycle=9192 insn=ffc7a683
#4638   pc=00400044 cycle=9195 insn=0007a703
#4639   pc=00400048 cycle=9198 insn=fed758e3
#4640   pc=00400038 cycle=9198 insn=00478793   x15(a5)=1000008c
#4641   pc=0040003c cycle=9198 insn=02c78063
#4642   pc=00400040 cycle=9201 insn=ffc7a683
#4643   pc=00400044 cycle=9204 insn=0007a703   x14(a4)=d82815c3
#4644   pc=00400048 cycle=9207 insn=fed758e3
#4645   pc=00400038 cycle=9207 insn=00478793   x15(a5)=10000090
#4646   pc=0040003c cycle=9207 insn=02c78063
#4647   pc=00400040 cycle=9210 insn=ffc7a683   x13(a3)=d82815c3
#4648   pc=00400044 cycle=9213 insn=0007a703   x14(a4)=f45681ea
#4649   pc=00400048 cycle=9216 insn=fed758e3
#4650   pc=00400038 cycle=9216 insn=00478793   x15(a5)=10000094
#4651   pc=0040003c cycle=9216 insn=02c78063
#4652   pc=00400040 cycle=9219 insn=ffc7a683   x13(a3)=f45681ea
#4653   pc=00400044 cycle=9222 insn=0007a703   x14(a4)=bf282426
#4654   pc=00400048 cycle=9225 insn=fed758e3
#4655   pc=0040004c cycle=9231 insn=00d7a023
#4656   pc=00400050 cycle=9234 insn=fee7ae23
#4657   pc=00400054 cycle=9234 insn=00088813
#4658   pc=00400058 cycle=9234 insn=fe1ff06f
#4659   pc=00400038 cycle=9235 insn=00478793   x15(a5)=10000098
#4660   pc=0040003c cycle=9238 insn=02c78063
#4661   pc=00400040 cycle=9241 insn=ffc7a683
#4662   pc=00400044 cycle=9242 insn=0007a703
#4663   pc=00400048 cycle=9245 insn=fed758e3
#4664   pc=0040004c cycle=9246 insn=00d7a023
#4665   pc=00400050 cycle=9249 insn=fee7ae23
#4666   pc=00400054 cycle=9249 insn=00088813
#4667   pc=00400058 cycle=9249 insn=fe1ff06f
#4668   pc=00400038 cycle=9249 insn=00478793   x15(a5)=1000009c
#4669   pc=0040003c cycle=9253 insn=02c78063
#4670   pc=00400040 cycle=9256 insn=ffc7a683   x13(a3)=bf282426
#4671   pc=00400044 cycle=9257 insn=0007a703   x14(a4)=add48d17
#4672   pc=00400048 cycle=9260 insn=fed758e3
#4673   pc=0040004c cycle=9261 insn=00d7a023
#4674   pc=00400050 cycle=9264 insn=fee7ae23
#4675   pc=00400054 cycle=9264 insn=00088813
#4676   pc=00400058 cycle=9264 insn=fe1ff06f
#4677   pc=00400038 cycle=9264 insn=00478793   x15(a5)=100000a0
#4678   pc=0040003c cycle=9268 insn=02c78063
#4679   pc=00400040 cycle=9271 insn=ffc7a683
#4680   pc=00400044 cycle=9272 insn=0007a703
#4681   pc=00400048 cycle=9275 insn=fed758e3
#4682   pc=0040004c cycle=9276 insn=00d7a023
#4683   pc=00400050 cycle=9279 insn=fee7ae23
#4684   pc=00400054 cycle=9279 insn=00088813
#4685   pc=00400058 cycle=9279 insn=fe1ff06f
#4686   pc=00400038 cycle=9279 insn=00478793   x15(a5)=100000a4
#4687   pc=0040003c cycle=9283 insn=02c78063
#4688   pc=00400040 cycle=9286 insn=ffc7a683
#4689   pc=00400044 cycle=9287 insn=0007a703
#4690   pc=00400048 cycle=9290 insn=fed758e3
#4691   pc=0040004c cycle=9291 insn=00d7a023
#4692   pc=00400050 cycle=9294 insn=fee7ae23
#4693   pc=00400054 cycle=9294 insn=00088813
#4694   pc=00400058 cycle=9294 insn=fe1ff06f
#4695   pc=00400038 cycle=9294 insn=00478793   x15(a5)=100000a8
#4696   pc=0040003c cycle=9298 insn=02c78063
#4697   pc=00400040 cycle=9301 insn=ffc7a683
#4698   pc=00400044 cycle=9302 insn=0007a703
#4699   pc=00400048 cycle=9305 insn=fed758e3
#4700   pc=0040004c cycle=9306 insn=00d7a023
#4701   pc=00400050 cycle=9309 insn=fee7ae23
#4702   pc=00400054 cycle=9309 insn=00088813
#4703   pc=00400058 cycle=9309 insn=fe1ff06f
#4704   pc=00400038 cycle=9309 insn=00478793   x15(a5)=100000ac
#4705   pc=0040003c cycle=9313 insn=02c78063
#4706   pc=00400040 cycle=9316 insn=ffc7a683
#4707   pc=00400044 cycle=9317 insn=0007a703
#4708   pc=00400048 cycle=9320 insn=fed758e3
#4709   pc=0040004c cycle=9321 insn=00d7a023
#4710   pc=00400050 cycle=9324 insn=fee7ae23
#4711   pc=00400054 cycle=9324 insn=00088813
#4712   pc=00400058 cycle=9324 insn=fe1ff06f
#4713   pc=00400038 cycle=9324 insn=00478793   x15(a5)=100000b0
#4714   pc=0040003c cycle=9328 insn=02c78063
#4715   pc=00400040 cycle=9331 insn=ffc7a683
#4716   pc=00400044 cycle=9332 insn=0007a703   x14(a4)=bf282426
#4717   pc=00400048 cycle=9335 insn=fed758e3
#4718   pc=00400038 cycle=9341 insn=00478793   x15(a5)=100000b4
#4719   pc=0040003c cycle=9344 insn=02c78063
#4720   pc=00400040 cycle=9346 insn=ffc7a683
#4721   pc=00400044 cycle=9347 insn=0007a703
#4722   pc=00400048 cycle=9350 insn=fed758e3
#4723   pc=00400038 cycle=9356 insn=00478793   x15(a5)=100000b8
#4724   pc=0040003c cycle=9359 insn=02c78063
#4725   pc=00400040 cycle=9361 insn=ffc7a683
#4726   pc=00400044 cycle=9362 insn=0007a703   x14(a4)=84c36ccd
#4727   pc=00400048 cycle=9365 insn=fed758e3
#4728   pc=0040004c cycle=9371 insn=00d7a023
#4729   pc=00400050 cycle=9374 insn=fee7ae23
#4730   pc=00400054 cycle=9374 insn=00088813
#4731   pc=00400058 cycle=9374 insn=fe1ff06f
#4732   pc=00400038 cycle=9375 insn=00478793   x15(a5)=100000bc
#4733   pc=0040003c cycle=9378 insn=02c78063
#4734   pc=00400040 cycle=9381 insn=ffc7a683
#4735   pc=00400044 cycle=9382 insn=0007a703
#4736   pc=00400048 cycle=9385 insn=fed758e3
#4737   pc=0040004c cycle=9386 insn=00d7a023
#4738   pc=00400050 cycle=9389 insn=fee7ae23
#4739   pc=00400054 cycle=9389 insn=00088813
#4740   pc=00400058 cycle=9389 insn=fe1ff06f
#4741   pc=00400038 cycle=9389 insn=00478793   x15(a5)=100000c0
#4742   pc=0040003c cycle=9393 insn=02c78063
#4743   pc=00400040 cycle=9396 insn=ffc7a683   x13(a3)=84c36ccd
#4744   pc=00400044 cycle=9397 insn=0007a703
#4745   pc=00400048 cycle=9400 insn=fed758e3
#4746   pc=00400038 cycle=9406 insn=00478793   x15(a5)=100000c4
#4747   pc=0040003c cycle=9409 insn=02c78063
#4748   pc=00400040 cycle=9411 insn=ffc7a683
#4749   pc=00400044 cycle=9412 insn=0007a703
#4750   pc=00400048 cycle=9415 insn=fed758e3
#4751   pc=00400038 cycle=9421 insn=00478793   x15(a5)=100000c8
#4752   pc=0040003c cycle=9424 insn=02c78063
#4753   pc=00400040 cycle=9426 insn=ffc7a683
#4754   pc=00400044 cycle=9427 insn=0007a703
#4755   pc=00400048 cycle=9430 insn=fed758e3
#4756   pc=00400038 cycle=9430 insn=00478793   x15(a5)=100000cc
#4757   pc=0040003c cycle=9431 insn=02c78063
#4758   pc=00400040 cycle=9433 insn=ffc7a683
#4759   pc=00400044 cycle=9436 insn=0007a703   x14(a4)=b666c147
#4760   pc=00400048 cycle=9439 insn=fed758e3
#4761   pc=00400038 cycle=9439 insn=00478793   x15(a5)=100000d0
#4762   pc=0040003c cycle=9439 insn=02c78063
#4763   pc=00400040 cycle=9442 insn=ffc7a683   x13(a3)=b666c147
#4764   pc=00400044 cycle=9445 insn=0007a703   x14(a4)=df110986
#4765   pc=00400048 cycle=9448 insn=fed758e3
#4766   pc=00400038 cycle=9448 insn=00478793   x15(a5)=100000d4
#4767   pc=0040003c cycle=9448 insn=02c78063
#4768   pc=00400040 cycle=9451 insn=ffc7a683   x13(a3)=df110986
#4769   pc=00400044 cycle=9454 insn=0007a703
#4770   pc=00400048 cycle=9457 insn=fed758e3
#4771   pc=00400038 cycle=9457 insn=00478793   x15(a5)=100000d8
#4772   pc=0040003c cycle=9457 insn=02c78063
#4773   pc=00400040 cycle=9460 insn=ffc7a683
#4774   pc=00400044 cycle=9463 insn=0007a703   x14(a4)=80f68da3
#4775   pc=00400048 cycle=9466 insn=fed758e3
#4776   pc=0040004c cycle=9472 insn=00d7a023
#4777   pc=00400050 cycle=9475 insn=fee7ae23
#4778   pc=00400054 cycle=9475 insn=00088813
#4779   pc=00400058 cycle=9475 insn=fe1ff06f
#4780   pc=00400038 cycle=9476 insn=00478793   x15(a5)=100000dc
#4781   pc=0040003c cycle=9479 insn=02c78063
#4782   pc=00400040 cycle=9482 insn=ffc7a683
#4783   pc=00400044 cycle=9483 insn=0007a703   x14(a4)=df110986
#4784   pc=00400048 cycle=9486 insn=fed758e3
#4785   pc=00400038 cycle=9492 insn=00478793   x15(a5)=100000e0
#4786   pc=0040003c cycle=9495 insn=02c78063
#4787   pc=00400040 cycle=9497 insn=ffc7a683
#4788   pc=00400044 cycle=9498 insn=0007a703   x14(a4)=e12aa167
#4789   pc=00400048 cycle=9501 insn=fed758e3
#4790   pc=00400038 cycle=9501 insn=00478793   x15(a5)=100000e4
#4791   pc=0040003c cycle=9502 insn=02c78063
#4792   pc=00400040 cycle=9504 insn=ffc7a683   x13(a3)=e12aa167
#4793   pc=00400044 cycle=9507 insn=0007a703
#4794   pc=00400048 cycle=9510 insn=fed758e3
#4795   pc=00400038 cycle=9510 insn=00478793   x15(a5)=100000e8
#4796   pc=0040003c cycle=9510 insn=02c78063
#4797   pc=00400040 cycle=9513 insn=ffc7a683
#4798   pc=00400044 cycle=9516 insn=0007a703
#4799   pc=00400048 cycle=9519 insn=fed758e3
#4800   pc=00400038 cycle=9519 insn=00478793   x15(a5)=100000ec
#4801   pc=0040003c cycle=9519 insn=02c78063
#4802   pc=00400040 cycle=9522 insn=ffc7a683
#4803   pc=00400044 cycle=9525 insn=0007a703
#4804   pc=00400048 cycle=9528 insn=fed758e3
#4805   pc=00400038 cycle=9528 insn=00478793   x15(a5)=100000f0
#4806   pc=0040003c cycle=9528 insn=02c78063
#4807   pc=00400040 cycle=9531 insn=ffc7a683
#4808   pc=00400044 cycle=9534 insn=0007a703
#4809   pc=00400048 cycle=9537 insn=fed758e3
#4810   pc=00400038 cycle=9537 insn=00478793   x15(a5)=100000f4
#4811   pc=0040003c cycle=9537 insn=02c78063
#4812   pc=00400040 cycle=9540 insn=ffc7a683
#4813   pc=00400044 cycle=9543 insn=0007a703   x14(a4)=d5f89e0e
#4814   pc=00400048 cycle=9546 insn=fed758e3
#4815   pc=0040004c cycle=9552 insn=00d7a023
#4816   pc=00400050 cycle=9555 insn=fee7ae23
#4817   pc=00400054 cycle=9555 insn=00088813
#4818   pc=00400058 cycle=9555 insn=fe1ff06f
#4819   pc=00400038 cycle=9556 insn=00478793   x15(a5)=100000f8
#4820   pc=0040003c cycle=9559 insn=02c78063
#4821   pc=00400040 cycle=9562 insn=ffc7a683
#4822   pc=00400044 cycle=9563 insn=0007a703   x14(a4)=e12aa167
#4823   pc=00400048 cycle=9566 insn=fed758e3
#4824   pc=00400038 cycle=9572 insn=00478793   x15(a5)=100000fc
#4825   pc=0040003c cycle=9575 insn=02c78063
#4826   pc=00400040 cycle=9577 insn=ffc7a683
#4827   pc=00400044 cycle=9578 insn=0007a703   x14(a4)=b5d4a6b5
#4828   pc=00400048 cycle=9581 insn=fed758e3
#4829   pc=0040004c cycle=9587 insn=00d7a023
#4830   pc=00400050 cycle=9590 insn=fee7ae23
#4831   pc=00400054 cycle=9590 insn=00088813
#4832   pc=00400058 cycle=9590 insn=fe1ff06f
#4833   pc=00400038 cycle=9591 insn=00478793   x15(a5)=10000100
#4834   pc=0040003c cycle=9594 insn=02c78063
#4835   pc=00400040 cycle=9597 insn=ffc7a683
#4836   pc=00400044 cycle=9598 insn=0007a703
#4837   pc=00400048 cycle=9601 insn=fed758e3
#4838   pc=0040004c cycle=9602 insn=00d7a023
#4839   pc=00400050 cycle=9605 insn=fee7ae23
#4840   pc=00400054 cycle=9605 insn=00088813
#4841   pc=00400058 cycle=9605 insn=fe1ff06f
#4842   pc=00400038 cycle=9605 insn=00478793   x15(a5)=10000104
#4843   pc=0040003c cycle=9609 insn=02c78063
#4844   pc=00400040 cycle=9612 insn=ffc7a683   x13(a3)=b5d4a6b5
#4845   pc=00400044 cycle=9613 insn=0007a703
#4846   pc=00400048 cycle=9616 insn=fed758e3
#4847   pc=00400038 cycle=9622 insn=00478793   x15(a5)=10000108
#4848   pc=0040003c cycle=9625 insn=02c78063
#4849   pc=00400040 cycle=9627 insn=ffc7a683
#4850   pc=00400044 cycle=9628 insn=0007a703
#4851   pc=00400048 cycle=9631 insn=fed758e3
#4852   pc=00400038 cycle=9631 insn=00478793   x15(a5)=1000010c
#4853   pc=0040003c cycle=9632 insn=02c78063
#4854   pc=00400040 cycle=9634 insn=ffc7a683
#4855   pc=00400044 cycle=9637 insn=0007a703
#4856   pc=00400048 cycle=9640 insn=fed758e3
#4857   pc=00400038 cycle=9640 insn=00478793   x15(a5)=10000110
#4858   pc=0040003c cycle=9640 insn=02c78063
#4859   pc=00400040 cycle=9643 insn=ffc7a683
#4860   pc=00400044 cycle=9646 insn=0007a703   x14(a4)=9577ad12
#4861   pc=00400048 cycle=9649 insn=fed758e3
#4862   pc=0040004c cycle=9655 insn=00d7a023
#4863   pc=00400050 cycle=9658 insn=fee7ae23
#4864   pc=00400054 cycle=9658 insn=00088813
#4865   pc=00400058 cycle=9658 insn=fe1ff06f
#4866   pc=00400038 cycle=9659 insn=00478793   x15(a5)=10000114
#4867   pc=0040003c cycle=9662 insn=02c78063
#4868   pc=00400040 cycle=9665 insn=ffc7a683
#4869   pc=00400044 cycle=9666 insn=0007a703   x14(a4)=b5d4a6b5
#4870   pc=00400048 cycle=9669 insn=fed758e3
#4871   pc=00400038 cycle=9675 insn=00478793   x15(a5)=10000118
#4872   pc=0040003c cycle=9678 insn=02c78063
#4873   pc=00400040 cycle=9680 insn=ffc7a683
#4874   pc=00400044 cycle=9681 insn=0007a703   x14(a4)=a563eb19
#4875   pc=00400048 cycle=9684 insn=fed758e3
#4876   pc=0040004c cycle=9690 insn=00d7a023
#4877   pc=00400050 cycle=9693 insn=fee7ae23
#4878   pc=00400054 cycle=9693 insn=00088813
#4879   pc=00400058 cycle=9693 insn=fe1ff06f
#4880   pc=00400038 cycle=9694 insn=00478793   x15(a5)=1000011c
#4881   pc=0040003c cycle=9697 insn=02c78063
#4882   pc=00400040 cycle=9700 insn=ffc7a683
#4883   pc=00400044 cycle=9701 insn=0007a703   x14(a4)=b5d4a6b5
#4884   pc=00400048 cycle=9704 insn=fed758e3
#4885   pc=00400038 cycle=9710 insn=00478793   x15(a5)=10000120
#4886   pc=0040003c cycle=9713 insn=02c78063
#4887   pc=00400040 cycle=9715 insn=ffc7a683
#4888   pc=00400044 cycle=9716 insn=0007a703
#4889   pc=00400048 cycle=9719 insn=fed758e3
#4890   pc=00400038 cycle=9719 insn=00478793   x15(a5)=10000124
#4891   pc=0040003c cycle=9720 insn=02c78063
#4892   pc=0040005c cycle=9726 insn=ffc60613   x12(a2)=10000120
#4893   pc=00400060 cycle=9728 insn=fc0812e3
#4894   pc=00400024 cycle=9730 insn=fff58593   x11(a1)=00000047
#4895   pc=00400028 cycle=9733 insn=02b05e63
#4896   pc=0040002c cycle=9733 insn=00450793   x15(a5)=10000004
#4897   pc=00400030 cycle=9733 insn=00030813   x16(a6)=00000000
#4898   pc=00400034 cycle=9734 insn=00c0006f
#4899   pc=00400040 cycle=9739 insn=ffc7a683   x13(a3)=859babf3
#4900   pc=00400044 cycle=9740 insn=0007a703   x14(a4)=859babf3
#4901   pc=00400048 cycle=9743 insn=fed758e3
#4902   pc=00400038 cycle=9743 insn=00478793   x15(a5)=10000008
#4903   pc=0040003c cycle=9744 insn=02c78063
#4904   pc=00400040 cycle=9746 insn=ffc7a683
#4905   pc=00400044 cycle=9749 insn=0007a703
#4906   pc=00400048 cycle=9752 insn=fed758e3
#4907   pc=00400038 cycle=9752 insn=00478793   x15(a5)=1000000c
#4908   pc=0040003c cycle=9752 insn=02c78063
#4909   pc=00400040 cycle=9755 insn=ffc7a683
#4910   pc=00400044 cycle=9758 insn=0007a703
#4911   pc=00400048 cycle=9761 insn=fed758e3
#4912   pc=00400038 cycle=9761 insn=00478793   x15(a5)=10000010
#4913   pc=0040003c cycle=9761 insn=02c78063
#4914   pc=00400040 cycle=9764 insn=ffc7a683
#4915   pc=00400044 cycle=9767 insn=0007a703
#4916   pc=00400048 cycle=9770 insn=fed758e3
#4917   pc=00400038 cycle=9770 insn=00478793   x15(a5)=10000014
#4918   pc=0040003c cycle=9770 insn=02c78063
#4919   pc=00400040 cycle=9773 insn=ffc7a683
#4920   pc=00400044 cycle=9776 insn=0007a703   x14(a4)=ab08ac74
#4921   pc=00400048 cycle=9779 insn=fed758e3
#4922   pc=00400038 cycle=9779 insn=00478793   x15(a5)=10000018
#4923   pc=0040003c cycle=9779 insn=02c78063
#4924   pc=00400040 cycle=9782 insn=ffc7a683   x13(a3)=ab08ac74
#4925   pc=00400044 cycle=9785 insn=0007a703   x14(a4)=bd10903a
#4926   pc=00400048 cycle=9788 insn=fed758e3
#4927   pc=00400038 cycle=9788 insn=00478793   x15(a5)=1000001c
#4928   pc=0040003c cycle=9788 insn=02c78063
#4929   pc=00400040 cycle=9791 insn=ffc7a683   x13(a3)=bd10903a
#4930   pc=00400044 cycle=9794 insn=0007a703   x14(a4)=b79b2005
#4931   pc=00400048 cycle=9797 insn=fed758e3
#4932   pc=0040004c cycle=9803 insn=00d7a023
#4933   pc=00400050 cycle=9806 insn=fee7ae23
#4934   pc=00400054 cycle=9806 insn=00088813   x16(a6)=00000001
#4935   pc=00400058 cycle=9806 insn=fe1ff06f
#4936   pc=00400038 cycle=9807 insn=00478793   x15(a5)=10000020
#4937   pc=0040003c cycle=9810 insn=02c78063
#4938   pc=00400040 cycle=9813 insn=ffc7a683
#4939   pc=00400044 cycle=9814 insn=0007a703   x14(a4)=9002dc0d
#4940   pc=00400048 cycle=9817 insn=fed758e3
#4941   pc=0040004c cycle=9818 insn=00d7a023
#4942   pc=00400050 cycle=9821 insn=fee7ae23
#4943   pc=00400054 cycle=9821 insn=00088813
#4944   pc=00400058 cycle=9821 insn=fe1ff06f
#4945   pc=00400038 cycle=9821 insn=00478793   x15(a5)=10000024
#4946   pc=0040003c cycle=9825 insn=02c78063
#4947   pc=00400040 cycle=9828 insn=ffc7a683   x13(a3)=9002dc0d
#4948   pc=00400044 cycle=9829 insn=0007a703
#4949   pc=00400048 cycle=9832 insn=fed758e3
#4950   pc=00400038 cycle=9838 insn=00478793   x15(a5)=10000028
#4951   pc=0040003c cycle=9841 insn=02c78063
#4952   pc=00400040 cycle=9843 insn=ffc7a683
#4953   pc=00400044 cycle=9844 insn=0007a703
#4954   pc=00400048 cycle=9847 insn=fed758e3
#4955   pc=00400038 cycle=9847 insn=00478793   x15(a5)=1000002c
#4956   pc=0040003c cycle=9848 insn=02c78063
#4957   pc=00400040 cycle=9850 insn=ffc7a683
#4958   pc=00400044 cycle=9853 insn=0007a703   x14(a4)=b79b2005
#4959   pc=00400048 cycle=9856 insn=fed758e3
#4960   pc=00400038 cycle=9856 insn=00478793   x15(a5)=10000030
#4961   pc=0040003c cycle=9856 insn=02c78063
#4962   pc=00400040 cycle=9859 insn=ffc7a683   x13(a3)=b79b2005
#4963   pc=00400044 cycle=9862 insn=0007a703
#4964   pc=00400048 cycle=9865 insn=fed758e3
#4965   pc=00400038 cycle=9865 insn=00478793   x15(a5)=10000034
#4966   pc=0040003c cycle=9865 insn=02c78063
#4967   pc=00400040 cycle=9868 insn=ffc7a683
#4968   pc=00400044 cycle=9871 insn=0007a703
#4969   pc=00400048 cycle=9874 insn=fed758e3
#4970   pc=00400038 cycle=9874 insn=00478793   x15(a5)=10000038
#4971   pc=0040003c cycle=9874 insn=02c78063
#4972   pc=00400040 cycle=9877 insn=ffc7a683
#4973   pc=00400044 cycle=9880 insn=0007a703   x14(a4)=c5b22a07
#4974   pc=00400048 cycle=9883 insn=fed758e3
#4975   pc=00400038 cycle=9883 insn=00478793   x15(a5)=1000003c
#4976   pc=0040003c cycle=9883 insn=02c78063
#4977   pc=00400040 cycle=9886 insn=ffc7a683   x13(a3)=c5b22a07
#4978   pc=00400044 cycle=9889 insn=0007a703
#4979   pc=00400048 cycle=9892 insn=fed758e3
#4980   pc=00400038 cycle=9892 insn=00478793   x15(a5)=10000040
#4981   pc=0040003c cycle=9892 insn=02c78063
#4982   pc=00400040 cycle=9895 insn=ffc7a683
#4983   pc=00400044 cycle=9898 insn=0007a703
#4984   pc=00400048 cycle=9901 insn=fed758e3
#4985   pc=00400038 cycle=9901 insn=00478793   x15(a5)=10000044
#4986   pc=0040003c cycle=9901 insn=02c78063
#4987   pc=00400040 cycle=9904 insn=ffc7a683
#4988   pc=00400044 cycle=9907 insn=0007a703   x14(a4)=bfdfe5b0
#4989   pc=00400048 cycle=9910 insn=fed758e3
#4990   pc=0040004c cycle=9916 insn=00d7a023
#4991   pc=00400050 cycle=9919 insn=fee7ae23
#4992   pc=00400054 cycle=9919 insn=00088813
#4993   pc=00400058 cycle=9919 insn=fe1ff06f
#4994   pc=00400038 cycle=9920 insn=00478793   x15(a5)=10000048
#4995   pc=0040003c cycle=9923 insn=02c78063
#4996   pc=00400040 cycle=9926 insn=ffc7a683
#4997   pc=00400044 cycle=9927 insn=0007a703
#4998   pc=00400048 cycle=9930 insn=fed758e3
#4999   pc=0040004c cycle=9931 insn=00d7a023
#5000   pc=00400050 cycle=9934 insn=fee7ae23
#5001   pc=00400054 cycle=9934 insn=00088813
#5002   pc=00400058 cycle=9934 insn=fe1ff06f
#5003   pc=00400038 cycle=9934 insn=00478793   x15(a5)=1000004c
#5004   pc=0040003c cycle=9938 insn=02c78063
#5005   pc=00400040 cycle=9941 insn=ffc7a683   x13(a3)=bfdfe5b0
#5006   pc=00400044 cycle=9942 insn=0007a703
#5007   pc=00400048 cycle=9945 insn=fed758e3
#5008   pc=00400038 cycle=9951 insn=00478793   x15(a5)=10000050
#5009   pc=0040003c cycle=9954 insn=02c78063
#5010   pc=00400040 cycle=9956 insn=ffc7a683
#5011   pc=00400044 cycle=9957 insn=0007a703
#5012   pc=00400048 cycle=9960 insn=fed758e3
#5013   pc=00400038 cycle=9960 insn=00478793   x15(a5)=10000054
#5014   pc=0040003c cycle=9961 insn=02c78063
#5015   pc=00400040 cycle=9963 insn=ffc7a683
#5016   pc=00400044 cycle=9966 insn=0007a703
#5017   pc=00400048 cycle=9969 insn=fed758e3
#5018   pc=00400038 cycle=9969 insn=00478793   x15(a5)=10000058
#5019   pc=0040003c cycle=9969 insn=02c78063
#5020   pc=00400040 cycle=9972 insn=ffc7a683
#5021   pc=00400044 cycle=9975 insn=0007a703   x14(a4)=c80ab9ec
#5022   pc=00400048 cycle=9978 insn=fed758e3
#5023   pc=00400038 cycle=9978 insn=00478793   x15(a5)=1000005c
#5024   pc=0040003c cycle=9978 insn=02c78063
#5025   pc=00400040 cycle=9981 insn=ffc7a683   x13(a3)=c80ab9ec
#5026   pc=00400044 cycle=9984 insn=0007a703
#5027   pc=00400048 cycle=9987 insn=fed758e3
#5028   pc=00400038 cycle=9987 insn=00478793   x15(a5)=10000060
#5029   pc=0040003c cycle=9987 insn=02c78063
#5030   pc=00400040 cycle=9990 insn=ffc7a683
#5031   pc=00400044 cycle=9993 insn=0007a703
#5032   pc=00400048 cycle=9996 insn=fed758e3
#5033   pc=00400038 cycle=9996 insn=00478793   x15(a5)=10000064
#5034   pc=0040003c cycle=9996 insn=02c78063
#5035   pc=00400040 cycle=9999 insn=ffc7a683
#5036   pc=00400044 cycle=10002 insn=0007a703
#5037   pc=00400048 cycle=10005 insn=fed758e3
#5038   pc=00400038 cycle=10005 insn=00478793   x15(a5)=10000068
#5039   pc=0040003c cycle=10005 insn=02c78063
#5040   pc=00400040 cycle=10008 insn=ffc7a683
#5041   pc=00400044 cycle=10011 insn=0007a703   x14(a4)=b7aa02c6
#5042   pc=00400048 cycle=10014 insn=fed758e3
#5043   pc=0040004c cycle=10020 insn=00d7a023
#5044   pc=00400050 cycle=10023 insn=fee7ae23
#5045   pc=00400054 cycle=10023 insn=00088813
#5046   pc=00400058 cycle=10023 insn=fe1ff06f
#5047   pc=00400038 cycle=10024 insn=00478793   x15(a5)=1000006c
#5048   pc=0040003c cycle=10027 insn=02c78063
#5049   pc=00400040 cycle=10030 insn=ffc7a683
#5050   pc=00400044 cycle=10031 insn=0007a703   x14(a4)=c80ab9ec
#5051   pc=00400048 cycle=10034 insn=fed758e3
#5052   pc=00400038 cycle=10040 insn=00478793   x15(a5)=10000070
#5053   pc=0040003c cycle=10043 insn=02c78063
#5054   pc=00400040 cycle=10045 insn=ffc7a683
#5055   pc=00400044 cycle=10046 insn=0007a703   x14(a4)=af5305e5
#5056   pc=00400048 cycle=10049 insn=fed758e3
#5057   pc=0040004c cycle=10055 insn=00d7a023
#5058   pc=00400050 cycle=10058 insn=fee7ae23
#5059   pc=00400054 cycle=10058 insn=00088813
#5060   pc=00400058 cycle=10058 insn=fe1ff06f
#5061   pc=00400038 cycle=10059 insn=00478793   x15(a5)=10000074
#5062   pc=0040003c cycle=10062 insn=02c78063
#5063   pc=00400040 cycle=10065 insn=ffc7a683
#5064   pc=00400044 cycle=10066 insn=0007a703   x14(a4)=82f2d29c
#5065   pc=00400048 cycle=10069 insn=fed758e3
#5066   pc=0040004c cycle=10070 insn=00d7a023
#5067   pc=00400050 cycle=10073 insn=fee7ae23
#5068   pc=00400054 cycle=10073 insn=00088813
#5069   pc=00400058 cycle=10073 insn=fe1ff06f
#5070   pc=00400038 cycle=10073 insn=00478793   x15(a5)=10000078
#5071   pc=0040003c cycle=10077 insn=02c78063
#5072   pc=00400040 cycle=10080 insn=ffc7a683   x13(a3)=82f2d29c
#5073   pc=00400044 cycle=10081 insn=0007a703
#5074   pc=00400048 cycle=10084 insn=fed758e3
#5075   pc=00400038 cycle=10090 insn=00478793   x15(a5)=1000007c
#5076   pc=0040003c cycle=10093 insn=02c78063
#5077   pc=00400040 cycle=10095 insn=ffc7a683
#5078   pc=00400044 cycle=10096 insn=0007a703
#5079   pc=00400048 cycle=10099 insn=fed758e3
#5080   pc=00400038 cycle=10099 insn=00478793   x15(a5)=10000080
#5081   pc=0040003c cycle=10100 insn=02c78063
#5082   pc=00400040 cycle=10102 insn=ffc7a683
#5083   pc=00400044 cycle=10105 insn=0007a703
#5084   pc=00400048 cycle=10108 insn=fed758e3
#5085   pc=00400038 cycle=10108 insn=00478793   x15(a5)=10000084
#5086   pc=0040003c cycle=10108 insn=02c78063
#5087   pc=00400040 cycle=10111 insn=ffc7a683
#5088   pc=00400044 cycle=10114 insn=0007a703
#5089   pc=00400048 cycle=10117 insn=fed758e3
#5090   pc=00400038 cycle=10117 insn=00478793   x15(a5)=10000088
#5091   pc=0040003c cycle=10117 insn=02c78063
#5092   pc=00400040 cycle=10120 insn=ffc7a683
#5093   pc=00400044 cycle=10123 insn=0007a703
#5094   pc=00400048 cycle=10126 insn=fed758e3
#5095   pc=00400038 cycle=10126 insn=00478793   x15(a5)=1000008c
#5096   pc=0040003c cycle=10126 insn=02c78063
#5097   pc=00400040 cycle=10129 insn=ffc7a683
#5098   pc=00400044 cycle=10132 insn=0007a703   x14(a4)=d82815c3
#5099   pc=00400048 cycle=10135 insn=fed758e3
#5100   pc=00400038 cycle=10135 insn=00478793   x15(a5)=10000090
#5101   pc=0040003c cycle=10135 insn=02c78063
#5102   pc=00400040 cycle=10138 insn=ffc7a683   x13(a3)=d82815c3
#5103   pc=00400044 cycle=10141 insn=0007a703   x14(a4)=bf282426
#5104   pc=00400048 cycle=10144 insn=fed758e3
#5105   pc=0040004c cycle=10150 insn=00d7a023
#5106   pc=00400050 cycle=10153 insn=fee7ae23
#5107   pc=00400054 cycle=10153 insn=00088813
#5108   pc=00400058 cycle=10153 insn=fe1ff06f
#5109   pc=00400038 cycle=10154 insn=00478793   x15(a5)=10000094
#5110   pc=0040003c cycle=10157 insn=02c78063
#5111   pc=00400040 cycle=10160 insn=ffc7a683
#5112   pc=00400044 cycle=10161 insn=0007a703
#5113   pc=00400048 cycle=10164 insn=fed758e3
#5114   pc=0040004c cycle=10165 insn=00d7a023
#5115   pc=00400050 cycle=10168 insn=fee7ae23
#5116   pc=00400054 cycle=10168 insn=00088813
#5117   pc=00400058 cycle=10168 insn=fe1ff06f
#5118   pc=00400038 cycle=10168 insn=00478793   x15(a5)=10000098
#5119   pc=0040003c cycle=10172 insn=02c78063
#5120   pc=00400040 cycle=10175 insn=ffc7a683   x13(a3)=bf282426
#5121   pc=00400044 cycle=10176 insn=0007a703   x14(a4)=add48d17
#5122   pc=00400048 cycle=10179 insn=fed758e3
#5123   pc=0040004c cycle=10180 insn=00d7a023
#5124   pc=00400050 cycle=10183 insn=fee7ae23
#5125   pc=00400054 cycle=10183 insn=00088813
#5126   pc=00400058 cycle=10183 insn=fe1ff06f
#5127   pc=00400038 cycle=10183 insn=00478793   x15(a5)=1000009c
#5128   pc=0040003c cycle=10187 insn=02c78063
#5129   pc=00400040 cycle=10190 insn=ffc7a683
#5130   pc=00400044 cycle=10191 insn=0007a703
#5131   pc=00400048 cycle=10194 insn=fed758e3
#5132   pc=0040004c cycle=10195 insn=00d7a023
#5133   pc=00400050 cycle=10198 insn=fee7ae23
#5134   pc=00400054 cycle=10198 insn=00088813
#5135   pc=00400058 cycle=10198 insn=fe1ff06f
#5136   pc=00400038 cycle=10198 insn=00478793   x15(a5)=100000a0
#5137   pc=0040003c cycle=10202 insn=02c78063
#5138   pc=00400040 cycle=10205 insn=ffc7a683
#5139   pc=00400044 cycle=10206 insn=0007a703
#5140   pc=00400048 cycle=10209 insn=fed758e3
#5141   pc=0040004c cycle=10210 insn=00d7a023
#5142   pc=00400050 cycle=10213 insn=fee7ae23
#5143   pc=00400054 cycle=10213 insn=00088813
#5144   pc=00400058 cycle=10213 insn=fe1ff06f
#5145   pc=00400038 cycle=10213 insn=00478793   x15(a5)=100000a4
#5146   pc=0040003c cycle=10217 insn=02c78063
#5147   pc=00400040 cycle=10220 insn=ffc7a683
#5148   pc=00400044 cycle=10221 insn=0007a703
#5149   pc=00400048 cycle=10224 insn=fed758e3
#5150   pc=0040004c cycle=10225 insn=00d7a023
#5151   pc=00400050 cycle=10228 insn=fee7ae23
#5152   pc=00400054 cycle=10228 insn=00088813
#5153   pc=00400058 cycle=10228 insn=fe1ff06f
#5154   pc=00400038 cycle=10228 insn=00478793   x15(a5)=100000a8
#5155   pc=0040003c cycle=10232 insn=02c78063
#5156   pc=00400040 cycle=10235 insn=ffc7a683
#5157   pc=00400044 cycle=10236 insn=0007a703
#5158   pc=00400048 cycle=10239 insn=fed758e3
#5159   pc=0040004c cycle=10240 insn=00d7a023
#5160   pc=00400050 cycle=10243 insn=fee7ae23
#5161   pc=00400054 cycle=10243 insn=00088813
#5162   pc=00400058 cycle=10243 insn=fe1ff06f
#5163   pc=00400038 cycle=10243 insn=00478793   x15(a5)=100000ac
#5164   pc=0040003c cycle=10247 insn=02c78063
#5165   pc=00400040 cycle=10250 insn=ffc7a683
#5166   pc=00400044 cycle=10251 insn=0007a703   x14(a4)=bf282426
#5167   pc=00400048 cycle=10254 insn=fed758e3
#5168   pc=00400038 cycle=10260 insn=00478793   x15(a5)=100000b0
#5169   pc=0040003c cycle=10263 insn=02c78063
#5170   pc=00400040 cycle=10265 insn=ffc7a683
#5171   pc=00400044 cycle=10266 insn=0007a703
#5172   pc=00400048 cycle=10269 insn=fed758e3
#5173   pc=00400038 cycle=10275 insn=00478793   x15(a5)=100000b4
#5174   pc=0040003c cycle=10278 insn=02c78063
#5175   pc=00400040 cycle=10280 insn=ffc7a683
#5176   pc=00400044 cycle=10281 insn=0007a703   x14(a4)=84c36ccd
#5177   pc=00400048 cycle=10284 insn=fed758e3
#5178   pc=0040004c cycle=10290 insn=00d7a023
#5179   pc=00400050 cycle=10293 insn=fee7ae23
#5180   pc=00400054 cycle=10293 insn=00088813
#5181   pc=00400058 cycle=10293 insn=fe1ff06f
#5182   pc=00400038 cycle=10294 insn=00478793   x15(a5)=100000b8
#5183   pc=0040003c cycle=10297 insn=02c78063
#5184   pc=00400040 cycle=10300 insn=ffc7a683
#5185   pc=00400044 cycle=10301 insn=0007a703
#5186   pc=00400048 cycle=10304 insn=fed758e3
#5187   pc=0040004c cycle=10305 insn=00d7a023
#5188   pc=00400050 cycle=10308 insn=fee7ae23
#5189   pc=00400054 cycle=10308 insn=00088813
#5190   pc=00400058 cycle=10308 insn=fe1ff06f
#5191   pc=00400038 cycle=10308 insn=00478793   x15(a5)=100000bc
#5192   pc=0040003c cycle=10312 insn=02c78063
#5193   pc=00400040 cycle=10315 insn=ffc7a683   x13(a3)=84c36ccd
#5194   pc=00400044 cycle=10316 insn=0007a703
#5195   pc=00400048 cycle=10319 insn=fed758e3
#5196   pc=00400038 cycle=10325 insn=00478793   x15(a5)=100000c0
#5197   pc=0040003c cycle=10328 insn=02c78063
#5198   pc=00400040 cycle=10330 insn=ffc7a683
#5199   pc=00400044 cycle=10331 insn=0007a703
#5200   pc=00400048 cycle=10334 insn=fed758e3
#5201   pc=00400038 cycle=10340 insn=00478793   x15(a5)=100000c4
#5202   pc=0040003c cycle=10343 insn=02c78063
#5203   pc=00400040 cycle=10345 insn=ffc7a683
#5204   pc=00400044 cycle=10346 insn=0007a703
#5205   pc=00400048 cycle=10349 insn=fed758e3
#5206   pc=00400038 cycle=10349 insn=00478793   x15(a5)=100000c8
#5207   pc=0040003c cycle=10350 insn=02c78063
#5208   pc=00400040 cycle=10352 insn=ffc7a683
#5209   pc=00400044 cycle=10355 insn=0007a703
#5210   pc=00400048 cycle=10358 insn=fed758e3
#5211   pc=00400038 cycle=10358 insn=00478793   x15(a5)=100000cc
#5212   pc=0040003c cycle=10358 insn=02c78063
#5213   pc=00400040 cycle=10361 insn=ffc7a683
#5214   pc=00400044 cycle=10364 insn=0007a703   x14(a4)=b666c147
#5215   pc=00400048 cycle=10367 insn=fed758e3
#5216   pc=00400038 cycle=10367 insn=00478793   x15(a5)=100000d0
#5217   pc=0040003c cycle=10367 insn=02c78063
#5218   pc=00400040 cycle=10370 insn=ffc7a683   x13(a3)=b666c147
#5219   pc=00400044 cycle=10373 insn=0007a703   x14(a4)=df110986
#5220   pc=00400048 cycle=10376 insn=fed758e3
#5221   pc=00400038 cycle=10376 insn=00478793   x15(a5)=100000d4
#5222   pc=0040003c cycle=10376 insn=02c78063
#5223   pc=00400040 cycle=10379 insn=ffc7a683   x13(a3)=df110986
#5224   pc=00400044 cycle=10382 insn=0007a703   x14(a4)=80f68da3
#5225   pc=00400048 cycle=10385 insn=fed758e3
#5226   pc=0040004c cycle=10391 insn=00d7a023
#5227   pc=00400050 cycle=10394 insn=fee7ae23
#5228   pc=00400054 cycle=10394 insn=00088813
#5229   pc=00400058 cycle=10394 insn=fe1ff06f
#5230   pc=00400038 cycle=10395 insn=00478793   x15(a5)=100000d8
#5231   pc=0040003c cycle=10398 insn=02c78063
#5232   pc=00400040 cycle=10401 insn=ffc7a683
#5233   pc=00400044 cycle=10402 insn=0007a703   x14(a4)=df110986
#5234   pc=00400048 cycle=10405 insn=fed758e3
#5235   pc=00400038 cycle=10411 insn=00478793   x15(a5)=100000dc
#5236   pc=0040003c cycle=10414 insn=02c78063
#5237   pc=00400040 cycle=10416 insn=ffc7a683
#5238   pc=00400044 cycle=10417 insn=0007a703
#5239   pc=00400048 cycle=10420 insn=fed758e3
#5240   pc=00400038 cycle=10420 insn=00478793   x15(a5)=100000e0
#5241   pc=0040003c cycle=10421 insn=02c78063
#5242   pc=00400040 cycle=10423 insn=ffc7a683
#5243   pc=00400044 cycle=10426 insn=0007a703   x14(a4)=e12aa167
#5244   pc=00400048 cycle=10429 insn=fed758e3
#5245   pc=00400038 cycle=10429 insn=00478793   x15(a5)=100000e4
#5246   pc=0040003c cycle=10429 insn=02c78063
#5247   pc=00400040 cycle=10432 insn=ffc7a683   x13(a3)=e12aa167
#5248   pc=00400044 cycle=10435 insn=0007a703
#5249   pc=00400048 cycle=10438 insn=fed758e3
#5250   pc=00400038 cycle=10438 insn=00478793   x15(a5)=100000e8
#5251   pc=0040003c cycle=10438 insn=02c78063
#5252   pc=00400040 cycle=10441 insn=ffc7a683
#5253   pc=00400044 cycle=10444 insn=0007a703
#5254   pc=00400048 cycle=10447 insn=fed758e3
#5255   pc=00400038 cycle=10447 insn=00478793   x15(a5)=100000ec
#5256   pc=0040003c cycle=10447 insn=02c78063
#5257   pc=00400040 cycle=10450 insn=ffc7a683
#5258   pc=00400044 cycle=10453 insn=0007a703
#5259   pc=00400048 cycle=10456 insn=fed758e3
#5260   pc=00400038 cycle=10456 insn=00478793   x15(a5)=100000f0
#5261   pc=0040003c cycle=10456 insn=02c78063
#5262   pc=00400040 cycle=10459 insn=ffc7a683
#5263   pc=00400044 cycle=10462 insn=0007a703   x14(a4)=d5f89e0e
#5264   pc=00400048 cycle=10465 insn=fed758e3
#5265   pc=0040004c cycle=10471 insn=00d7a023
#5266   pc=00400050 cycle=10474 insn=fee7ae23
#5267   pc=00400054 cycle=10474 insn=00088813
#5268   pc=00400058 cycle=10474 insn=fe1ff06f
#5269   pc=00400038 cycle=10475 insn=00478793   x15(a5)=100000f4
#5270   pc=0040003c cycle=10478 insn=02c78063
#5271   pc=00400040 cycle=10481 insn=ffc7a683
#5272   pc=00400044 cycle=10482 insn=0007a703   x14(a4)=e12aa167
#5273   pc=00400048 cycle=10485 insn=fed758e3
#5274   pc=00400038 cycle=10491 insn=00478793   x15(a5)=100000f8
#5275   pc=0040003c cycle=10494 insn=02c78063
#5276   pc=00400040 cycle=10496 insn=ffc7a683
#5277   pc=00400044 cycle=10497 insn=0007a703   x14(a4)=b5d4a6b5
#5278   pc=00400048 cycle=10500 insn=fed758e3
#5279   pc=0040004c cycle=10506 insn=00d7a023
#5280   pc=00400050 cycle=10509 insn=fee7ae23
#5281   pc=00400054 cycle=10509 insn=00088813
#5282   pc=00400058 cycle=10509 insn=fe1ff06f
#5283   pc=00400038 cycle=10510 insn=00478793   x15(a5)=100000fc
#5284   pc=0040003c cycle=10513 insn=02c78063
#5285   pc=00400040 cycle=10516 insn=ffc7a683
#5286   pc=00400044 cycle=10517 insn=0007a703
#5287   pc=00400048 cycle=10520 insn=fed758e3
#5288   pc=0040004c cycle=10521 insn=00d7a023
#5289   pc=00400050 cycle=10524 insn=fee7ae23
#5290   pc=00400054 cycle=10524 insn=00088813
#5291   pc=00400058 cycle=10524 insn=fe1ff06f
#5292   pc=00400038 cycle=10524 insn=00478793   x15(a5)=10000100
#5293   pc=0040003c cycle=10528 insn=02c78063
#5294   pc=00400040 cycle=10531 insn=ffc7a683   x13(a3)=b5d4a6b5
#5295   pc=00400044 cycle=10532 insn=0007a703
#5296   pc=00400048 cycle=10535 insn=fed758e3
#5297   pc=00400038 cycle=10541 insn=00478793   x15(a5)=10000104
#5298   pc=0040003c cycle=10544 insn=02c78063
#5299   pc=00400040 cycle=10546 insn=ffc7a683
#5300   pc=00400044 cycle=10547 insn=0007a703
#5301   pc=00400048 cycle=10550 insn=fed758e3
#5302   pc=00400038 cycle=10550 insn=00478793   x15(a5)=10000108
#5303   pc=0040003c cycle=10551 insn=02c78063
#5304   pc=00400040 cycle=10553 insn=ffc7a683
#5305   pc=00400044 cycle=10556 insn=0007a703
#5306   pc=00400048 cycle=10559 insn=fed758e3
#5307   pc=00400038 cycle=10559 insn=00478793   x15(a5)=1000010c
#5308   pc=0040003c cycle=10559 insn=02c78063
#5309   pc=00400040 cycle=10562 insn=ffc7a683
#5310   pc=00400044 cycle=10565 insn=0007a703   x14(a4)=9577ad12
#5311   pc=00400048 cycle=10568 insn=fed758e3
#5312   pc=0040004c cycle=10574 insn=00d7a023
#5313   pc=00400050 cycle=10577 insn=fee7ae23
#5314   pc=00400054 cycle=10577 insn=00088813
#5315   pc=00400058 cycle=10577 insn=fe1ff06f
#5316   pc=00400038 cycle=10578 insn=00478793   x15(a5)=10000110
#5317   pc=0040003c cycle=10581 insn=02c78063
#5318   pc=00400040 cycle=10584 insn=ffc7a683
#5319   pc=00400044 cycle=10585 insn=0007a703   x14(a4)=b5d4a6b5
#5320   pc=00400048 cycle=10588 insn=fed758e3
#5321   pc=00400038 cycle=10594 insn=00478793   x15(a5)=10000114
#5322   pc=0040003c cycle=10597 insn=02c78063
#5323   pc=00400040 cycle=10599 insn=ffc7a683
#5324   pc=00400044 cycle=10600 insn=0007a703   x14(a4)=a563eb19
#5325   pc=00400048 cycle=10603 insn=fed758e3
#5326   pc=0040004c cycle=10609 insn=00d7a023
#5327   pc=00400050 cycle=10612 insn=fee7ae23
#5328   pc=00400054 cycle=10612 insn=00088813
#5329   pc=00400058 cycle=10612 insn=fe1ff06f
#5330   pc=00400038 cycle=10613 insn=00478793   x15(a5)=10000118
#5331   pc=0040003c cycle=10616 insn=02c78063
#5332   pc=00400040 cycle=10619 insn=ffc7a683
#5333   pc=00400044 cycle=10620 insn=0007a703   x14(a4)=b5d4a6b5
#5334   pc=00400048 cycle=10623 insn=fed758e3
#5335   pc=00400038 cycle=10629 insn=00478793   x15(a5)=1000011c
#5336   pc=0040003c cycle=10632 insn=02c78063
#5337   pc=00400040 cycle=10634 insn=ffc7a683
#5338   pc=00400044 cycle=10635 insn=0007a703
#5339   pc=00400048 cycle=10638 insn=fed758e3
#5340   pc=00400038 cycle=10638 insn=00478793   x15(a5)=10000120
#5341   pc=0040003c cycle=10639 insn=02c78063
#5342   pc=0040005c cycle=10645 insn=ffc60613   x12(a2)=1000011c
#5343   pc=00400060 cycle=10647 insn=fc0812e3
#5344   pc=00400024 cycle=10649 insn=fff58593   x11(a1)=00000046
#5345   pc=00400028 cycle=10652 insn=02b05e63
#5346   pc=0040002c cycle=10652 insn=00450793   x15(a5)=10000004
#5347   pc=00400030 cycle=10652 insn=00030813   x16(a6)=00000000
#5348   pc=00400034 cycle=10653 insn=00c0006f
#5349   pc=00400040 cycle=10658 insn=ffc7a683   x13(a3)=859babf3
#5350   pc=00400044 cycle=10659 insn=0007a703   x14(a4)=859babf3
#5351   pc=00400048 cycle=10662 insn=fed758e3
#5352   pc=00400038 cycle=10662 insn=00478793   x15(a5)=10000008
#5353   pc=0040003c cycle=10663 insn=02c78063
#5354   pc=00400040 cycle=10665 insn=ffc7a683
#5355   pc=00400044 cycle=10668 insn=0007a703
#5356   pc=00400048 cycle=10671 insn=fed758e3
#5357   pc=00400038 cycle=10671 insn=00478793   x15(a5)=1000000c
#5358   pc=0040003c cycle=10671 insn=02c78063
#5359   pc=00400040 cycle=10674 insn=ffc7a683
#5360   pc=00400044 cycle=10677 insn=0007a703
#5361   pc=00400048 cycle=10680 insn=fed758e3
#5362   pc=00400038 cycle=10680 insn=00478793   x15(a5)=10000010
#5363   pc=0040003c cycle=10680 insn=02c78063
#5364   pc=00400040 cycle=10683 insn=ffc7a683
#5365   pc=00400044 cycle=10686 insn=0007a703
#5366   pc=00400048 cycle=10689 insn=fed758e3
#5367   pc=00400038 cycle=10689 insn=00478793   x15(a5)=10000014
#5368   pc=0040003c cycle=10689 insn=02c78063
#5369   pc=00400040 cycle=10692 insn=ffc7a683
#5370   pc=00400044 cycle=10695 insn=0007a703   x14(a4)=ab08ac74
#5371   pc=00400048 cycle=10698 insn=fed758e3
#5372   pc=00400038 cycle=10698 insn=00478793   x15(a5)=10000018
#5373   pc=0040003c cycle=10698 insn=02c78063
#5374   pc=00400040 cycle=10701 insn=ffc7a683   x13(a3)=ab08ac74
#5375   pc=00400044 cycle=10704 insn=0007a703   x14(a4)=b79b2005
#5376   pc=00400048 cycle=10707 insn=fed758e3
#5377   pc=00400038 cycle=10707 insn=00478793   x15(a5)=1000001c
#5378   pc=0040003c cycle=10707 insn=02c78063
#5379   pc=00400040 cycle=10710 insn=ffc7a683   x13(a3)=b79b2005
#5380   pc=00400044 cycle=10713 insn=0007a703   x14(a4)=9002dc0d
#5381   pc=00400048 cycle=10716 insn=fed758e3
#5382   pc=0040004c cycle=10722 insn=00d7a023
#5383   pc=00400050 cycle=10725 insn=fee7ae23
#5384   pc=00400054 cycle=10725 insn=00088813   x16(a6)=00000001
#5385   pc=00400058 cycle=10725 insn=fe1ff06f
#5386   pc=00400038 cycle=10726 insn=00478793   x15(a5)=10000020
#5387   pc=0040003c cycle=10729 insn=02c78063
#5388   pc=00400040 cycle=10732 insn=ffc7a683
#5389   pc=00400044 cycle=10733 insn=0007a703
#5390   pc=00400048 cycle=10736 insn=fed758e3
#5391   pc=0040004c cycle=10737 insn=00d7a023
#5392   pc=00400050 cycle=10740 insn=fee7ae23
#5393   pc=00400054 cycle=10740 insn=00088813
#5394   pc=00400058 cycle=10740 insn=fe1ff06f
#5395   pc=00400038 cycle=10740 insn=00478793   x15(a5)=10000024
#5396   pc=0040003c cycle=10744 insn=02c78063
#5397   pc=00400040 cycle=10747 insn=ffc7a683   x13(a3)=9002dc0d
#5398   pc=00400044 cycle=10748 insn=0007a703
#5399   pc=00400048 cycle=10751 insn=fed758e3
#5400   pc=00400038 cycle=10757 insn=00478793   x15(a5)=10000028
#5401   pc=0040003c cycle=10760 insn=02c78063
#5402   pc=00400040 cycle=10762 insn=ffc7a683
#5403   pc=00400044 cycle=10763 insn=0007a703
#5404   pc=00400048 cycle=10766 insn=fed758e3
#5405   pc=00400038 cycle=10766 insn=00478793   x15(a5)=1000002c
#5406   pc=0040003c cycle=10767 insn=02c78063
#5407   pc=00400040 cycle=10769 insn=ffc7a683
#5408   pc=00400044 cycle=10772 insn=0007a703   x14(a4)=b79b2005
#5409   pc=00400048 cycle=10775 insn=fed758e3
#5410   pc=00400038 cycle=10775 insn=00478793   x15(a5)=10000030
#5411   pc=0040003c cycle=10775 insn=02c78063
#5412   pc=00400040 cycle=10778 insn=ffc7a683   x13(a3)=b79b2005
#5413   pc=00400044 cycle=10781 insn=0007a703
#5414   pc=00400048 cycle=10784 insn=fed758e3
#5415   pc=00400038 cycle=10784 insn=00478793   x15(a5)=10000034
#5416   pc=0040003c cycle=10784 insn=02c78063
#5417   pc=00400040 cycle=10787 insn=ffc7a683
#5418   pc=00400044 cycle=10790 insn=0007a703
#5419   pc=00400048 cycle=10793 insn=fed758e3
#5420   pc=00400038 cycle=10793 insn=00478793   x15(a5)=10000038
#5421   pc=0040003c cycle=10793 insn=02c78063
#5422   pc=00400040 cycle=10796 insn=ffc7a683
#5423   pc=00400044 cycle=10799 insn=0007a703   x14(a4)=c5b22a07
#5424   pc=00400048 cycle=10802 insn=fed758e3
#5425   pc=00400038 cycle=10802 insn=00478793   x15(a5)=1000003c
#5426   pc=0040003c cycle=10802 insn=02c78063
#5427   pc=00400040 cycle=10805 insn=ffc7a683   x13(a3)=c5b22a07
#5428   pc=00400044 cycle=10808 insn=0007a703
#5429   pc=00400048 cycle=10811 insn=fed758e3
#5430   pc=00400038 cycle=10811 insn=00478793   x15(a5)=10000040
#5431   pc=0040003c cycle=10811 insn=02c78063
#5432   pc=00400040 cycle=10814 insn=ffc7a683
#5433   pc=00400044 cycle=10817 insn=0007a703   x14(a4)=bfdfe5b0
#5434   pc=00400048 cycle=10820 insn=fed758e3
#5435   pc=0040004c cycle=10826 insn=00d7a023
#5436   pc=00400050 cycle=10829 insn=fee7ae23
#5437   pc=00400054 cycle=10829 insn=00088813
#5438   pc=00400058 cycle=10829 insn=fe1ff06f
#5439   pc=00400038 cycle=10830 insn=00478793   x15(a5)=10000044
#5440   pc=0040003c cycle=10833 insn=02c78063
#5441   pc=00400040 cycle=10836 insn=ffc7a683
#5442   pc=00400044 cycle=10837 insn=0007a703
#5443   pc=00400048 cycle=10840 insn=fed758e3
#5444   pc=0040004c cycle=10841 insn=00d7a023
#5445   pc=00400050 cycle=10844 insn=fee7ae23
#5446   pc=00400054 cycle=10844 insn=00088813
#5447   pc=00400058 cycle=10844 insn=fe1ff06f
#5448   pc=00400038 cycle=10844 insn=00478793   x15(a5)=10000048
#5449   pc=0040003c cycle=10848 insn=02c78063
#5450   pc=00400040 cycle=10851 insn=ffc7a683   x13(a3)=bfdfe5b0
#5451   pc=00400044 cycle=10852 insn=0007a703
#5452   pc=00400048 cycle=10855 insn=fed758e3
#5453   pc=00400038 cycle=10861 insn=00478793   x15(a5)=1000004c
#5454   pc=0040003c cycle=10864 insn=02c78063
#5455   pc=00400040 cycle=10866 insn=ffc7a683
#5456   pc=00400044 cycle=10867 insn=0007a703
#5457   pc=00400048 cycle=10870 insn=fed758e3
#5458   pc=00400038 cycle=10870 insn=00478793   x15(a5)=10000050
#5459   pc=0040003c cycle=10871 insn=02c78063
#5460   pc=00400040 cycle=10873 insn=ffc7a683
#5461   pc=00400044 cycle=10876 insn=0007a703
#5462   pc=00400048 cycle=10879 insn=fed758e3
#5463   pc=00400038 cycle=10879 insn=00478793   x15(a5)=10000054
#5464   pc=0040003c cycle=10879 insn=02c78063
#5465   pc=00400040 cycle=10882 insn=ffc7a683
#5466   pc=00400044 cycle=10885 insn=0007a703
#5467   pc=00400048 cycle=10888 insn=fed758e3
#5468   pc=00400038 cycle=10888 insn=00478793   x15(a5)=10000058
#5469   pc=0040003c cycle=10888 insn=02c78063
#5470   pc=00400040 cycle=10891 insn=ffc7a683
#5471   pc=00400044 cycle=10894 insn=0007a703   x14(a4)=c80ab9ec
#5472   pc=00400048 cycle=10897 insn=fed758e3
#5473   pc=00400038 cycle=10897 insn=00478793   x15(a5)=1000005c
#5474   pc=0040003c cycle=10897 insn=02c78063
#5475   pc=00400040 cycle=10900 insn=ffc7a683   x13(a3)=c80ab9ec
#5476   pc=00400044 cycle=10903 insn=0007a703
#5477   pc=00400048 cycle=10906 insn=fed758e3
#5478   pc=00400038 cycle=10906 insn=00478793   x15(a5)=10000060
#5479   pc=0040003c cycle=10906 insn=02c78063
#5480   pc=00400040 cycle=10909 insn=ffc7a683
#5481   pc=00400044 cycle=10912 insn=0007a703
#5482   pc=00400048 cycle=10915 insn=fed758e3
#5483   pc=00400038 cycle=10915 insn=00478793   x15(a5)=10000064
#5484   pc=0040003c cycle=10915 insn=02c78063
#5485   pc=00400040 cycle=10918 insn=ffc7a683
#5486   pc=00400044 cycle=10921 insn=0007a703   x14(a4)=b7aa02c6
#5487   pc=00400048 cycle=10924 insn=fed758e3
#5488   pc=0040004c cycle=10930 insn=00d7a023
#5489   pc=00400050 cycle=10933 insn=fee7ae23
#5490   pc=00400054 cycle=10933 insn=00088813
#5491   pc=00400058 cycle=10933 insn=fe1ff06f
#5492   pc=00400038 cycle=10934 insn=00478793   x15(a5)=10000068
#5493   pc=0040003c cycle=10937 insn=02c78063
#5494   pc=00400040 cycle=10940 insn=ffc7a683
#5495   pc=00400044 cycle=10941 insn=0007a703   x14(a4)=c80ab9ec
#5496   pc=00400048 cycle=10944 insn=fed758e3
#5497   pc=00400038 cycle=10950 insn=00478793   x15(a5)=1000006c
#5498   pc=0040003c cycle=10953 insn=02c78063
#5499   pc=00400040 cycle=10955 insn=ffc7a683
#5500   pc=00400044 cycle=10956 insn=0007a703   x14(a4)=af5305e5
#5501   pc=00400048 cycle=10959 insn=fed758e3
#5502   pc=0040004c cycle=10965 insn=00d7a023
#5503   pc=00400050 cycle=10968 insn=fee7ae23
#5504   pc=00400054 cycle=10968 insn=00088813
#5505   pc=00400058 cycle=10968 insn=fe1ff06f
#5506   pc=00400038 cycle=10969 insn=00478793   x15(a5)=10000070
#5507   pc=0040003c cycle=10972 insn=02c78063
#5508   pc=00400040 cycle=10975 insn=ffc7a683
#5509   pc=00400044 cycle=10976 insn=0007a703   x14(a4)=82f2d29c
#5510   pc=00400048 cycle=10979 insn=fed758e3
#5511   pc=0040004c cycle=10980 insn=00d7a023
#5512   pc=00400050 cycle=10983 insn=fee7ae23
#5513   pc=00400054 cycle=10983 insn=00088813
#5514   pc=00400058 cycle=10983 insn=fe1ff06f
#5515   pc=00400038 cycle=10983 insn=00478793   x15(a5)=10000074
#5516   pc=0040003c cycle=10987 insn=02c78063
#5517   pc=00400040 cycle=10990 insn=ffc7a683   x13(a3)=82f2d29c
#5518   pc=00400044 cycle=10991 insn=0007a703
#5519   pc=00400048 cycle=10994 insn=fed758e3
#5520   pc=00400038 cycle=11000 insn=00478793   x15(a5)=10000078
#5521   pc=0040003c cycle=11003 insn=02c78063
#5522   pc=00400040 cycle=11005 insn=ffc7a683
#5523   pc=00400044 cycle=11006 insn=0007a703
#5524   pc=00400048 cycle=11009 insn=fed758e3
#5525   pc=00400038 cycle=11009 insn=00478793   x15(a5)=1000007c
#5526   pc=0040003c cycle=11010 insn=02c78063
#5527   pc=00400040 cycle=11012 insn=ffc7a683
#5528   pc=00400044 cycle=11015 insn=0007a703
#5529   pc=00400048 cycle=11018 insn=fed758e3
#5530   pc=00400038 cycle=11018 insn=00478793   x15(a5)=10000080
#5531   pc=0040003c cycle=11018 insn=02c78063
#5532   pc=00400040 cycle=11021 insn=ffc7a683
#5533   pc=00400044 cycle=11024 insn=0007a703
#5534   pc=00400048 cycle=11027 insn=fed758e3
#5535   pc=00400038 cycle=11027 insn=00478793   x15(a5)=10000084
#5536   pc=0040003c cycle=11027 insn=02c78063
#5537   pc=00400040 cycle=11030 insn=ffc7a683
#5538   pc=00400044 cycle=11033 insn=0007a703
#5539   pc=00400048 cycle=11036 insn=fed758e3
#5540   pc=00400038 cycle=11036 insn=00478793   x15(a5)=10000088
#5541   pc=0040003c cycle=11036 insn=02c78063
#5542   pc=00400040 cycle=11039 insn=ffc7a683
#5543   pc=00400044 cycle=11042 insn=0007a703
#5544   pc=00400048 cycle=11045 insn=fed758e3
#5545   pc=00400038 cycle=11045 insn=00478793   x15(a5)=1000008c
#5546   pc=0040003c cycle=11045 insn=02c78063
#5547   pc=00400040 cycle=11048 insn=ffc7a683
#5548   pc=00400044 cycle=11051 insn=0007a703   x14(a4)=bf282426
#5549   pc=00400048 cycle=11054 insn=fed758e3
#5550   pc=00400038 cycle=11054 insn=00478793   x15(a5)=10000090
#5551   pc=0040003c cycle=11054 insn=02c78063
#5552   pc=00400040 cycle=11057 insn=ffc7a683   x13(a3)=bf282426
#5553   pc=00400044 cycle=11060 insn=0007a703
#5554   pc=00400048 cycle=11063 insn=fed758e3
#5555   pc=00400038 cycle=11063 insn=00478793   x15(a5)=10000094
#5556   pc=0040003c cycle=11063 insn=02c78063
#5557   pc=00400040 cycle=11066 insn=ffc7a683
#5558   pc=00400044 cycle=11069 insn=0007a703   x14(a4)=add48d17
#5559   pc=00400048 cycle=11072 insn=fed758e3
#5560   pc=0040004c cycle=11078 insn=00d7a023
#5561   pc=00400050 cycle=11081 insn=fee7ae23
#5562   pc=00400054 cycle=11081 insn=00088813
#5563   pc=00400058 cycle=11081 insn=fe1ff06f
#5564   pc=00400038 cycle=11082 insn=00478793   x15(a5)=10000098
#5565   pc=0040003c cycle=11085 insn=02c78063
#5566   pc=00400040 cycle=11088 insn=ffc7a683
#5567   pc=00400044 cycle=11089 insn=0007a703
#5568   pc=00400048 cycle=11092 insn=fed758e3
#5569   pc=0040004c cycle=11093 insn=00d7a023
#5570   pc=00400050 cycle=11096 insn=fee7ae23
#5571   pc=00400054 cycle=11096 insn=00088813
#5572   pc=00400058 cycle=11096 insn=fe1ff06f
#5573   pc=00400038 cycle=11096 insn=00478793   x15(a5)=1000009c
#5574   pc=0040003c cycle=11100 insn=02c78063
#5575   pc=00400040 cycle=11103 insn=ffc7a683   x13(a3)=add48d17
#5576   pc=00400044 cycle=11104 insn=0007a703
#5577   pc=00400048 cycle=11107 insn=fed758e3
#5578   pc=00400038 cycle=11113 insn=00478793   x15(a5)=100000a0
#5579   pc=0040003c cycle=11116 insn=02c78063
#5580   pc=00400040 cycle=11118 insn=ffc7a683
#5581   pc=00400044 cycle=11119 insn=0007a703
#5582   pc=00400048 cycle=11122 insn=fed758e3
#5583   pc=00400038 cycle=11122 insn=00478793   x15(a5)=100000a4
#5584   pc=0040003c cycle=11123 insn=02c78063
#5585   pc=00400040 cycle=11125 insn=ffc7a683
#5586   pc=00400044 cycle=11128 insn=0007a703
#5587   pc=00400048 cycle=11131 insn=fed758e3
#5588   pc=00400038 cycle=11131 insn=00478793   x15(a5)=100000a8
#5589   pc=0040003c cycle=11131 insn=02c78063
#5590   pc=00400040 cycle=11134 insn=ffc7a683
#5591   pc=00400044 cycle=11137 insn=0007a703   x14(a4)=bf282426
#5592   pc=00400048 cycle=11140 insn=fed758e3
#5593   pc=00400038 cycle=11140 insn=00478793   x15(a5)=100000ac
#5594   pc=0040003c cycle=11140 insn=02c78063
#5595   pc=00400040 cycle=11143 insn=ffc7a683   x13(a3)=bf282426
#5596   pc=00400044 cycle=11146 insn=0007a703
#5597   pc=00400048 cycle=11149 insn=fed758e3
#5598   pc=00400038 cycle=11149 insn=00478793   x15(a5)=100000b0
#5599   pc=0040003c cycle=11149 insn=02c78063
#5600   pc=00400040 cycle=11152 insn=ffc7a683
#5601   pc=00400044 cycle=11155 insn=0007a703   x14(a4)=84c36ccd
#5602   pc=00400048 cycle=11158 insn=fed758e3
#5603   pc=0040004c cycle=11164 insn=00d7a023
#5604   pc=00400050 cycle=11167 insn=fee7ae23
#5605   pc=00400054 cycle=11167 insn=00088813
#5606   pc=00400058 cycle=11167 insn=fe1ff06f
#5607   pc=00400038 cycle=11168 insn=00478793   x15(a5)=100000b4
#5608   pc=0040003c cycle=11171 insn=02c78063
#5609   pc=00400040 cycle=11174 insn=ffc7a683
#5610   pc=00400044 cycle=11175 insn=0007a703
#5611   pc=00400048 cycle=11178 insn=fed758e3
#5612   pc=0040004c cycle=11179 insn=00d7a023
#5613   pc=00400050 cycle=11182 insn=fee7ae23
#5614   pc=00400054 cycle=11182 insn=00088813
#5615   pc=00400058 cycle=11182 insn=fe1ff06f
#5616   pc=00400038 cycle=11182 insn=00478793   x15(a5)=100000b8
#5617   pc=0040003c cycle=11186 insn=02c78063
#5618   pc=00400040 cycle=11189 insn=ffc7a683   x13(a3)=84c36ccd
#5619   pc=00400044 cycle=11190 insn=0007a703
#5620   pc=00400048 cycle=11193 insn=fed758e3
#5621   pc=00400038 cycle=11199 insn=00478793   x15(a5)=100000bc
#5622   pc=0040003c cycle=11202 insn=02c78063
#5623   pc=00400040 cycle=11204 insn=ffc7a683
#5624   pc=00400044 cycle=11205 insn=0007a703
#5625   pc=00400048 cycle=11208 insn=fed758e3
#5626   pc=00400038 cycle=11208 insn=00478793   x15(a5)=100000c0
#5627   pc=0040003c cycle=11209 insn=02c78063
#5628   pc=00400040 cycle=11211 insn=ffc7a683
#5629   pc=00400044 cycle=11214 insn=0007a703
#5630   pc=00400048 cycle=11217 insn=fed758e3
#5631   pc=00400038 cycle=11217 insn=00478793   x15(a5)=100000c4
#5632   pc=0040003c cycle=11217 insn=02c78063
#5633   pc=00400040 cycle=11220 insn=ffc7a683
#5634   pc=00400044 cycle=11223 insn=0007a703
#5635   pc=00400048 cycle=11226 insn=fed758e3
#5636   pc=00400038 cycle=11226 insn=00478793   x15(a5)=100000c8
#5637   pc=0040003c cycle=11226 insn=02c78063
#5638   pc=00400040 cycle=11229 insn=ffc7a683
#5639   pc=00400044 cycle=11232 insn=0007a703
#5640   pc=00400048 cycle=11235 insn=fed758e3
#5641   pc=00400038 cycle=11235 insn=00478793   x15(a5)=100000cc
#5642   pc=0040003c cycle=11235 insn=02c78063
#5643   pc=00400040 cycle=11238 insn=ffc7a683
#5644   pc=00400044 cycle=11241 insn=0007a703   x14(a4)=b666c147
#5645   pc=00400048 cycle=11244 insn=fed758e3
#5646   pc=00400038 cycle=11244 insn=00478793   x15(a5)=100000d0
#5647   pc=0040003c cycle=11244 insn=02c78063
#5648   pc=00400040 cycle=11247 insn=ffc7a683   x13(a3)=b666c147
#5649   pc=00400044 cycle=11250 insn=0007a703   x14(a4)=80f68da3
#5650   pc=00400048 cycle=11253 insn=fed758e3
#5651   pc=0040004c cycle=11259 insn=00d7a023
#5652   pc=00400050 cycle=11262 insn=fee7ae23
#5653   pc=00400054 cycle=11262 insn=00088813
#5654   pc=00400058 cycle=11262 insn=fe1ff06f
#5655   pc=00400038 cycle=11263 insn=00478793   x15(a5)=100000d4
#5656   pc=0040003c cycle=11266 insn=02c78063
#5657   pc=00400040 cycle=11269 insn=ffc7a683
#5658   pc=00400044 cycle=11270 insn=0007a703   x14(a4)=df110986
#5659   pc=00400048 cycle=11273 insn=fed758e3
#5660   pc=00400038 cycle=11279 insn=00478793   x15(a5)=100000d8
#5661   pc=0040003c cycle=11282 insn=02c78063
#5662   pc=00400040 cycle=11284 insn=ffc7a683   x13(a3)=df110986
#5663   pc=00400044 cycle=11285 insn=0007a703
#5664   pc=00400048 cycle=11288 insn=fed758e3
#5665   pc=00400038 cycle=11288 insn=00478793   x15(a5)=100000dc
#5666   pc=0040003c cycle=11289 insn=02c78063
#5667   pc=00400040 cycle=11291 insn=ffc7a683
#5668   pc=00400044 cycle=11294 insn=0007a703
#5669   pc=00400048 cycle=11297 insn=fed758e3
#5670   pc=00400038 cycle=11297 insn=00478793   x15(a5)=100000e0
#5671   pc=0040003c cycle=11297 insn=02c78063
#5672   pc=00400040 cycle=11300 insn=ffc7a683
#5673   pc=00400044 cycle=11303 insn=0007a703   x14(a4)=e12aa167
#5674   pc=00400048 cycle=11306 insn=fed758e3
#5675   pc=00400038 cycle=11306 insn=00478793   x15(a5)=100000e4
#5676   pc=0040003c cycle=11306 insn=02c78063
#5677   pc=00400040 cycle=11309 insn=ffc7a683   x13(a3)=e12aa167
#5678   pc=00400044 cycle=11312 insn=0007a703
#5679   pc=00400048 cycle=11315 insn=fed758e3
#5680   pc=00400038 cycle=11315 insn=00478793   x15(a5)=100000e8
#5681   pc=0040003c cycle=11315 insn=02c78063
#5682   pc=00400040 cycle=11318 insn=ffc7a683
#5683   pc=00400044 cycle=11321 insn=0007a703
#5684   pc=00400048 cycle=11324 insn=fed758e3
#5685   pc=00400038 cycle=11324 insn=00478793   x15(a5)=100000ec
#5686   pc=0040003c cycle=11324 insn=02c78063
#5687   pc=00400040 cycle=11327 insn=ffc7a683
#5688   pc=00400044 cycle=11330 insn=0007a703   x14(a4)=d5f89e0e
#5689   pc=00400048 cycle=11333 insn=fed758e3
#5690   pc=0040004c cycle=11339 insn=00d7a023
#5691   pc=00400050 cycle=11342 insn=fee7ae23
#5692   pc=00400054 cycle=11342 insn=00088813
#5693   pc=00400058 cycle=11342 insn=fe1ff06f
#5694   pc=00400038 cycle=11343 insn=00478793   x15(a5)=100000f0
#5695   pc=0040003c cycle=11346 insn=02c78063
#5696   pc=00400040 cycle=11349 insn=ffc7a683
#5697   pc=00400044 cycle=11350 insn=0007a703   x14(a4)=e12aa167
#5698   pc=00400048 cycle=11353 insn=fed758e3
#5699   pc=00400038 cycle=11359 insn=00478793   x15(a5)=100000f4
#5700   pc=0040003c cycle=11362 insn=02c78063
#5701   pc=00400040 cycle=11364 insn=ffc7a683
#5702   pc=00400044 cycle=11365 insn=0007a703   x14(a4)=b5d4a6b5
#5703   pc=00400048 cycle=11368 insn=fed758e3
#5704   pc=0040004c cycle=11374 insn=00d7a023
#5705   pc=00400050 cycle=11377 insn=fee7ae23
#5706   pc=00400054 cycle=11377 insn=00088813
#5707   pc=00400058 cycle=11377 insn=fe1ff06f
#5708   pc=00400038 cycle=11378 insn=00478793   x15(a5)=100000f8
#5709   pc=0040003c cycle=11381 insn=02c78063
#5710   pc=00400040 cycle=11384 insn=ffc7a683
#5711   pc=00400044 cycle=11385 insn=0007a703
#5712   pc=00400048 cycle=11388 insn=fed758e3
#5713   pc=0040004c cycle=11389 insn=00d7a023
#5714   pc=00400050 cycle=11392 insn=fee7ae23
#5715   pc=00400054 cycle=11392 insn=00088813
#5716   pc=00400058 cycle=11392 insn=fe1ff06f
#5717   pc=00400038 cycle=11392 insn=00478793   x15(a5)=100000fc
#5718   pc=0040003c cycle=11396 insn=02c78063
#5719   pc=00400040 cycle=11399 insn=ffc7a683   x13(a3)=b5d4a6b5
#5720   pc=00400044 cycle=11400 insn=0007a703
#5721   pc=00400048 cycle=11403 insn=fed758e3
#5722   pc=00400038 cycle=11409 insn=00478793   x15(a5)=10000100
#5723   pc=0040003c cycle=11412 insn=02c78063
#5724   pc=00400040 cycle=11414 insn=ffc7a683
#5725   pc=00400044 cycle=11415 insn=0007a703
#5726   pc=00400048 cycle=11418 insn=fed758e3
#5727   pc=00400038 cycle=11418 insn=00478793   x15(a5)=10000104
#5728   pc=0040003c cycle=11419 insn=02c78063
#5729   pc=00400040 cycle=11421 insn=ffc7a683
#5730   pc=00400044 cycle=11424 insn=0007a703
#5731   pc=00400048 cycle=11427 insn=fed758e3
#5732   pc=00400038 cycle=11427 insn=00478793   x15(a5)=10000108
#5733   pc=0040003c cycle=11427 insn=02c78063
#5734   pc=00400040 cycle=11430 insn=ffc7a683
#5735   pc=00400044 cycle=11433 insn=0007a703   x14(a4)=9577ad12
#5736   pc=00400048 cycle=11436 insn=fed758e3
#5737   pc=0040004c cycle=11442 insn=00d7a023
#5738   pc=00400050 cycle=11445 insn=fee7ae23
#5739   pc=00400054 cycle=11445 insn=00088813
#5740   pc=00400058 cycle=11445 insn=fe1ff06f
#5741   pc=00400038 cycle=11446 insn=00478793   x15(a5)=1000010c
#5742   pc=0040003c cycle=11449 insn=02c78063
#5743   pc=00400040 cycle=11452 insn=ffc7a683
#5744   pc=00400044 cycle=11453 insn=0007a703   x14(a4)=b5d4a6b5
#5745   pc=00400048 cycle=11456 insn=fed758e3
#5746   pc=00400038 cycle=11462 insn=00478793   x15(a5)=10000110
#5747   pc=0040003c cycle=11465 insn=02c78063
#5748   pc=00400040 cycle=11467 insn=ffc7a683
#5749   pc=00400044 cycle=11468 insn=0007a703   x14(a4)=a563eb19
#5750   pc=00400048 cycle=11471 insn=fed758e3
#5751   pc=0040004c cycle=11477 insn=00d7a023
#5752   pc=00400050 cycle=11480 insn=fee7ae23
#5753   pc=00400054 cycle=11480 insn=00088813
#5754   pc=00400058 cycle=11480 insn=fe1ff06f
#5755   pc=00400038 cycle=11481 insn=00478793   x15(a5)=10000114
#5756   pc=0040003c cycle=11484 insn=02c78063
#5757   pc=00400040 cycle=11487 insn=ffc7a683
#5758   pc=00400044 cycle=11488 insn=0007a703   x14(a4)=b5d4a6b5
#5759   pc=00400048 cycle=11491 insn=fed758e3
#5760   pc=00400038 cycle=11497 insn=00478793   x15(a5)=10000118
#5761   pc=0040003c cycle=11500 insn=02c78063
#5762   pc=00400040 cycle=11502 insn=ffc7a683
#5763   pc=00400044 cycle=11503 insn=0007a703
#5764   pc=00400048 cycle=11506 insn=fed758e3
#5765   pc=00400038 cycle=11506 insn=00478793   x15(a5)=1000011c
#5766   pc=0040003c cycle=11507 insn=02c78063
#5767   pc=0040005c cycle=11513 insn=ffc60613   x12(a2)=10000118
#5768   pc=00400060 cycle=11515 insn=fc0812e3
#5769   pc=00400024 cycle=11517 insn=fff58593   x11(a1)=00000045
#5770   pc=00400028 cycle=11520 insn=02b05e63
#5771   pc=0040002c cycle=11520 insn=00450793   x15(a5)=10000004
#5772   pc=00400030 cycle=11520 insn=00030813   x16(a6)=00000000
#5773   pc=00400034 cycle=11521 insn=00c0006f
#5774   pc=00400040 cycle=11526 insn=ffc7a683   x13(a3)=859babf3
#5775   pc=00400044 cycle=11527 insn=0007a703   x14(a4)=859babf3
#5776   pc=00400048 cycle=11530 insn=fed758e3
#5777   pc=00400038 cycle=11530 insn=00478793   x15(a5)=10000008
#5778   pc=0040003c cycle=11531 insn=02c78063
#5779   pc=00400040 cycle=11533 insn=ffc7a683
#5780   pc=00400044 cycle=11536 insn=0007a703
#5781   pc=00400048 cycle=11539 insn=fed758e3
#5782   pc=00400038 cycle=11539 insn=00478793   x15(a5)=1000000c
#5783   pc=0040003c cycle=11539 insn=02c78063
#5784   pc=00400040 cycle=11542 insn=ffc7a683
#5785   pc=00400044 cycle=11545 insn=0007a703
#5786   pc=00400048 cycle=11548 insn=fed758e3
#5787   pc=00400038 cycle=11548 insn=00478793   x15(a5)=10000010
#5788   pc=0040003c cycle=11548 insn=02c78063
#5789   pc=00400040 cycle=11551 insn=ffc7a683
#5790   pc=00400044 cycle=11554 insn=0007a703
#5791   pc=00400048 cycle=11557 insn=fed758e3
#5792   pc=00400038 cycle=11557 insn=00478793   x15(a5)=10000014
#5793   pc=0040003c cycle=11557 insn=02c78063
#5794   pc=00400040 cycle=11560 insn=ffc7a683
#5795   pc=00400044 cycle=11563 insn=0007a703   x14(a4)=ab08ac74
#5796   pc=00400048 cycle=11566 insn=fed758e3
#5797   pc=00400038 cycle=11566 insn=00478793   x15(a5)=10000018
#5798   pc=0040003c cycle=11566 insn=02c78063
#5799   pc=00400040 cycle=11569 insn=ffc7a683   x13(a3)=ab08ac74
#5800   pc=00400044 cycle=11572 insn=0007a703   x14(a4)=9002dc0d
#5801   pc=00400048 cycle=11575 insn=fed758e3
#5802   pc=0040004c cycle=11581 insn=00d7a023
#5803   pc=00400050 cycle=11584 insn=fee7ae23
#5804   pc=00400054 cycle=11584 insn=00088813   x16(a6)=00000001
#5805   pc=00400058 cycle=11584 insn=fe1ff06f
#5806   pc=00400038 cycle=11585 insn=00478793   x15(a5)=1000001c
#5807   pc=0040003c cycle=11588 insn=02c78063
#5808   pc=00400040 cycle=11591 insn=ffc7a683
#5809   pc=00400044 cycle=11592 insn=0007a703
#5810   pc=00400048 cycle=11595 insn=fed758e3
#5811   pc=0040004c cycle=11596 insn=00d7a023
#5812   pc=00400050 cycle=11599 insn=fee7ae23
#5813   pc=00400054 cycle=11599 insn=00088813
#5814   pc=00400058 cycle=11599 insn=fe1ff06f
#5815   pc=00400038 cycle=11599 insn=00478793   x15(a5)=10000020
#5816   pc=0040003c cycle=11603 insn=02c78063
#5817   pc=00400040 cycle=11606 insn=ffc7a683   x13(a3)=9002dc0d
#5818   pc=00400044 cycle=11607 insn=0007a703
#5819   pc=00400048 cycle=11610 insn=fed758e3
#5820   pc=00400038 cycle=11616 insn=00478793   x15(a5)=10000024
#5821   pc=0040003c cycle=11619 insn=02c78063
#5822   pc=00400040 cycle=11621 insn=ffc7a683
#5823   pc=00400044 cycle=11622 insn=0007a703
#5824   pc=00400048 cycle=11625 insn=fed758e3
#5825   pc=00400038 cycle=11625 insn=00478793   x15(a5)=10000028
#5826   pc=0040003c cycle=11626 insn=02c78063
#5827   pc=00400040 cycle=11628 insn=ffc7a683
#5828   pc=00400044 cycle=11631 insn=0007a703
#5829   pc=00400048 cycle=11634 insn=fed758e3
#5830   pc=00400038 cycle=11634 insn=00478793   x15(a5)=1000002c
#5831   pc=0040003c cycle=11634 insn=02c78063
#5832   pc=00400040 cycle=11637 insn=ffc7a683
#5833   pc=00400044 cycle=11640 insn=0007a703   x14(a4)=b79b2005
#5834   pc=00400048 cycle=11643 insn=fed758e3
#5835   pc=00400038 cycle=11643 insn=00478793   x15(a5)=10000030
#5836   pc=0040003c cycle=11643 insn=02c78063
#5837   pc=00400040 cycle=11646 insn=ffc7a683   x13(a3)=b79b2005
#5838   pc=00400044 cycle=11649 insn=0007a703
#5839   pc=00400048 cycle=11652 insn=fed758e3
#5840   pc=00400038 cycle=11652 insn=00478793   x15(a5)=10000034
#5841   pc=0040003c cycle=11652 insn=02c78063
#5842   pc=00400040 cycle=11655 insn=ffc7a683
#5843   pc=00400044 cycle=11658 insn=0007a703
#5844   pc=00400048 cycle=11661 insn=fed758e3
#5845   pc=00400038 cycle=11661 insn=00478793   x15(a5)=10000038
#5846   pc=0040003c cycle=11661 insn=02c78063
#5847   pc=00400040 cycle=11664 insn=ffc7a683
#5848   pc=00400044 cycle=11667 insn=0007a703   x14(a4)=c5b22a07
#5849   pc=00400048 cycle=11670 insn=fed758e3
#5850   pc=00400038 cycle=11670 insn=00478793   x15(a5)=1000003c
#5851   pc=0040003c cycle=11670 insn=02c78063
#5852   pc=00400040 cycle=11673 insn=ffc7a683   x13(a3)=c5b22a07
#5853   pc=00400044 cycle=11676 insn=0007a703   x14(a4)=bfdfe5b0
#5854   pc=00400048 cycle=11679 insn=fed758e3
#5855   pc=0040004c cycle=11685 insn=00d7a023
#5856   pc=00400050 cycle=11688 insn=fee7ae23
#5857   pc=00400054 cycle=11688 insn=00088813
#5858   pc=00400058 cycle=11688 insn=fe1ff06f
#5859   pc=00400038 cycle=11689 insn=00478793   x15(a5)=10000040
#5860   pc=0040003c cycle=11692 insn=02c78063
#5861   pc=00400040 cycle=11695 insn=ffc7a683
#5862   pc=00400044 cycle=11696 insn=0007a703
#5863   pc=00400048 cycle=11699 insn=fed758e3
#5864   pc=0040004c cycle=11700 insn=00d7a023
#5865   pc=00400050 cycle=11703 insn=fee7ae23
#5866   pc=00400054 cycle=11703 insn=00088813
#5867   pc=00400058 cycle=11703 insn=fe1ff06f
#5868   pc=00400038 cycle=11703 insn=00478793   x15(a5)=10000044
#5869   pc=0040003c cycle=11707 insn=02c78063
#5870   pc=00400040 cycle=11710 insn=ffc7a683   x13(a3)=bfdfe5b0
#5871   pc=00400044 cycle=11711 insn=0007a703
#5872   pc=00400048 cycle=11714 insn=fed758e3
#5873   pc=00400038 cycle=11720 insn=00478793   x15(a5)=10000048
#5874   pc=0040003c cycle=11723 insn=02c78063
#5875   pc=00400040 cycle=11725 insn=ffc7a683
#5876   pc=00400044 cycle=11726 insn=0007a703
#5877   pc=00400048 cycle=11729 insn=fed758e3
#5878   pc=00400038 cycle=11729 insn=00478793   x15(a5)=1000004c
#5879   pc=0040003c cycle=11730 insn=02c78063
#5880   pc=00400040 cycle=11732 insn=ffc7a683
#5881   pc=00400044 cycle=11735 insn=0007a703
#5882   pc=00400048 cycle=11738 insn=fed758e3
#5883   pc=00400038 cycle=11738 insn=00478793   x15(a5)=10000050
#5884   pc=0040003c cycle=11738 insn=02c78063
#5885   pc=00400040 cycle=11741 insn=ffc7a683
#5886   pc=00400044 cycle=11744 insn=0007a703
#5887   pc=00400048 cycle=11747 insn=fed758e3
#5888   pc=00400038 cycle=11747 insn=00478793   x15(a5)=10000054
#5889   pc=0040003c cycle=11747 insn=02c78063
#5890   pc=00400040 cycle=11750 insn=ffc7a683
#5891   pc=00400044 cycle=11753 insn=0007a703
#5892   pc=00400048 cycle=11756 insn=fed758e3
#5893   pc=00400038 cycle=11756 insn=00478793   x15(a5)=10000058
#5894   pc=0040003c cycle=11756 insn=02c78063
#5895   pc=00400040 cycle=11759 insn=ffc7a683
#5896   pc=00400044 cycle=11762 insn=0007a703   x14(a4)=c80ab9ec
#5897   pc=00400048 cycle=11765 insn=fed758e3
#5898   pc=00400038 cycle=11765 insn=00478793   x15(a5)=1000005c
#5899   pc=0040003c cycle=11765 insn=02c78063
#5900   pc=00400040 cycle=11768 insn=ffc7a683   x13(a3)=c80ab9ec
#5901   pc=00400044 cycle=11771 insn=0007a703
#5902   pc=00400048 cycle=11774 insn=fed758e3
#5903   pc=00400038 cycle=11774 insn=00478793   x15(a5)=10000060
#5904   pc=0040003c cycle=11774 insn=02c78063
#5905   pc=00400040 cycle=11777 insn=ffc7a683
#5906   pc=00400044 cycle=11780 insn=0007a703   x14(a4)=b7aa02c6
#5907   pc=00400048 cycle=11783 insn=fed758e3
#5908   pc=0040004c cycle=11789 insn=00d7a023
#5909   pc=00400050 cycle=11792 insn=fee7ae23
#5910   pc=00400054 cycle=11792 insn=00088813
#5911   pc=00400058 cycle=11792 insn=fe1ff06f
#5912   pc=00400038 cycle=11793 insn=00478793   x15(a5)=10000064
#5913   pc=0040003c cycle=11796 insn=02c78063
#5914   pc=00400040 cycle=11799 insn=ffc7a683
#5915   pc=00400044 cycle=11800 insn=0007a703   x14(a4)=c80ab9ec
#5916   pc=00400048 cycle=11803 insn=fed758e3
#5917   pc=00400038 cycle=11809 insn=00478793   x15(a5)=10000068
#5918   pc=0040003c cycle=11812 insn=02c78063
#5919   pc=00400040 cycle=11814 insn=ffc7a683
#5920   pc=00400044 cycle=11815 insn=0007a703   x14(a4)=af5305e5
#5921   pc=00400048 cycle=11818 insn=fed758e3
#5922   pc=0040004c cycle=11824 insn=00d7a023
#5923   pc=00400050 cycle=11827 insn=fee7ae23
#5924   pc=00400054 cycle=11827 insn=00088813
#5925   pc=00400058 cycle=11827 insn=fe1ff06f
#5926   pc=00400038 cycle=11828 insn=00478793   x15(a5)=1000006c
#5927   pc=0040003c cycle=11831 insn=02c78063
#5928   pc=00400040 cycle=11834 insn=ffc7a683
#5929   pc=00400044 cycle=11835 insn=0007a703   x14(a4)=82f2d29c
#5930   pc=00400048 cycle=11838 insn=fed758e3
#5931   pc=0040004c cycle=11839 insn=00d7a023
#5932   pc=00400050 cycle=11842 insn=fee7ae23
#5933   pc=00400054 cycle=11842 insn=00088813
#5934   pc=00400058 cycle=11842 insn=fe1ff06f
#5935   pc=00400038 cycle=11842 insn=00478793   x15(a5)=10000070
#5936   pc=0040003c cycle=11846 insn=02c78063
#5937   pc=00400040 cycle=11849 insn=ffc7a683   x13(a3)=82f2d29c
#5938   pc=00400044 cycle=11850 insn=0007a703
#5939   pc=00400048 cycle=11853 insn=fed758e3
#5940   pc=00400038 cycle=11859 insn=00478793   x15(a5)=10000074
#5941   pc=0040003c cycle=11862 insn=02c78063
#5942   pc=00400040 cycle=11864 insn=ffc7a683
#5943   pc=00400044 cycle=11865 insn=0007a703
#5944   pc=00400048 cycle=11868 insn=fed758e3
#5945   pc=00400038 cycle=11868 insn=00478793   x15(a5)=10000078
#5946   pc=0040003c cycle=11869 insn=02c78063
#5947   pc=00400040 cycle=11871 insn=ffc7a683
#5948   pc=00400044 cycle=11874 insn=0007a703
#5949   pc=00400048 cycle=11877 insn=fed758e3
#5950   pc=00400038 cycle=11877 insn=00478793   x15(a5)=1000007c
#5951   pc=0040003c cycle=11877 insn=02c78063
#5952   pc=00400040 cycle=11880 insn=ffc7a683
#5953   pc=00400044 cycle=11883 insn=0007a703
#5954   pc=00400048 cycle=11886 insn=fed758e3
#5955   pc=00400038 cycle=11886 insn=00478793   x15(a5)=10000080
#5956   pc=0040003c cycle=11886 insn=02c78063
#5957   pc=00400040 cycle=11889 insn=ffc7a683
#5958   pc=00400044 cycle=11892 insn=0007a703
#5959   pc=00400048 cycle=11895 insn=fed758e3
#5960   pc=00400038 cycle=11895 insn=00478793   x15(a5)=10000084
#5961   pc=0040003c cycle=11895 insn=02c78063
#5962   pc=00400040 cycle=11898 insn=ffc7a683
#5963   pc=00400044 cycle=11901 insn=0007a703
#5964   pc=00400048 cycle=11904 insn=fed758e3
#5965   pc=00400038 cycle=11904 insn=00478793   x15(a5)=10000088
#5966   pc=0040003c cycle=11904 insn=02c78063
#5967   pc=00400040 cycle=11907 insn=ffc7a683
#5968   pc=00400044 cycle=11910 insn=0007a703
#5969   pc=00400048 cycle=11913 insn=fed758e3
#5970   pc=00400038 cycle=11913 insn=00478793   x15(a5)=1000008c
#5971   pc=0040003c cycle=11913 insn=02c78063
#5972   pc=00400040 cycle=11916 insn=ffc7a683
#5973   pc=00400044 cycle=11919 insn=0007a703   x14(a4)=bf282426
#5974   pc=00400048 cycle=11922 insn=fed758e3
#5975   pc=00400038 cycle=11922 insn=00478793   x15(a5)=10000090
#5976   pc=0040003c cycle=11922 insn=02c78063
#5977   pc=00400040 cycle=11925 insn=ffc7a683   x13(a3)=bf282426
#5978   pc=00400044 cycle=11928 insn=0007a703   x14(a4)=add48d17
#5979   pc=00400048 cycle=11931 insn=fed758e3
#5980   pc=0040004c cycle=11937 insn=00d7a023
#5981   pc=00400050 cycle=11940 insn=fee7ae23
#5982   pc=00400054 cycle=11940 insn=00088813
#5983   pc=00400058 cycle=11940 insn=fe1ff06f
#5984   pc=00400038 cycle=11941 insn=00478793   x15(a5)=10000094
#5985   pc=0040003c cycle=11944 insn=02c78063
#5986   pc=00400040 cycle=11947 insn=ffc7a683
#5987   pc=00400044 cycle=11948 insn=0007a703
#5988   pc=00400048 cycle=11951 insn=fed758e3
#5989   pc=0040004c cycle=11952 insn=00d7a023
#5990   pc=00400050 cycle=11955 insn=fee7ae23
#5991   pc=00400054 cycle=11955 insn=00088813
#5992   pc=00400058 cycle=11955 insn=fe1ff06f
#5993   pc=00400038 cycle=11955 insn=00478793   x15(a5)=10000098
#5994   pc=0040003c cycle=11959 insn=02c78063
#5995   pc=00400040 cycle=11962 insn=ffc7a683   x13(a3)=add48d17
#5996   pc=00400044 cycle=11963 insn=0007a703
#5997   pc=00400048 cycle=11966 insn=fed758e3
#5998   pc=00400038 cycle=11972 insn=00478793   x15(a5)=1000009c
#5999   pc=0040003c cycle=11975 insn=02c78063
#6000   pc=00400040 cycle=11977 insn=ffc7a683
#6001   pc=00400044 cycle=11978 insn=0007a703
#6002   pc=00400048 cycle=11981 insn=fed758e3
#6003   pc=00400038 cycle=11981 insn=00478793   x15(a5)=100000a0
#6004   pc=0040003c cycle=11982 insn=02c78063
#6005   pc=00400040 cycle=11984 insn=ffc7a683
#6006   pc=00400044 cycle=11987 insn=0007a703
#6007   pc=00400048 cycle=11990 insn=fed758e3
#6008   pc=00400038 cycle=11990 insn=00478793   x15(a5)=100000a4
#6009   pc=0040003c cycle=11990 insn=02c78063
#6010   pc=00400040 cycle=11993 insn=ffc7a683
#6011   pc=00400044 cycle=11996 insn=0007a703
#6012   pc=00400048 cycle=11999 insn=fed758e3
#6013   pc=00400038 cycle=11999 insn=00478793   x15(a5)=100000a8
#6014   pc=0040003c cycle=11999 insn=02c78063
#6015   pc=00400040 cycle=12002 insn=ffc7a683
#6016   pc=00400044 cycle=12005 insn=0007a703   x14(a4)=bf282426
#6017   pc=00400048 cycle=12008 insn=fed758e3
#6018   pc=00400038 cycle=12008 insn=00478793   x15(a5)=100000ac
#6019   pc=0040003c cycle=12008 insn=02c78063
#6020   pc=00400040 cycle=12011 insn=ffc7a683   x13(a3)=bf282426
#6021   pc=00400044 cycle=12014 insn=0007a703   x14(a4)=84c36ccd
#6022   pc=00400048 cycle=12017 insn=fed758e3
#6023   pc=0040004c cycle=12023 insn=00d7a023
#6024   pc=00400050 cycle=12026 insn=fee7ae23
#6025   pc=00400054 cycle=12026 insn=00088813
#6026   pc=00400058 cycle=12026 insn=fe1ff06f
#6027   pc=00400038 cycle=12027 insn=00478793   x15(a5)=100000b0
#6028   pc=0040003c cycle=12030 insn=02c78063
#6029   pc=00400040 cycle=12033 insn=ffc7a683
#6030   pc=00400044 cycle=12034 insn=0007a703
#6031   pc=00400048 cycle=12037 insn=fed758e3
#6032   pc=0040004c cycle=12038 insn=00d7a023
#6033   pc=00400050 cycle=12041 insn=fee7ae23
#6034   pc=00400054 cycle=12041 insn=00088813
#6035   pc=00400058 cycle=12041 insn=fe1ff06f
#6036   pc=00400038 cycle=12041 insn=00478793   x15(a5)=100000b4
#6037   pc=0040003c cycle=12045 insn=02c78063
#6038   pc=00400040 cycle=12048 insn=ffc7a683   x13(a3)=84c36ccd
#6039   pc=00400044 cycle=12049 insn=0007a703
#6040   pc=00400048 cycle=12052 insn=fed758e3
#6041   pc=00400038 cycle=12058 insn=00478793   x15(a5)=100000b8
#6042   pc=0040003c cycle=12061 insn=02c78063
#6043   pc=00400040 cycle=12063 insn=ffc7a683
#6044   pc=00400044 cycle=12064 insn=0007a703
#6045   pc=00400048 cycle=12067 insn=fed758e3
#6046   pc=00400038 cycle=12067 insn=00478793   x15(a5)=100000bc
#6047   pc=0040003c cycle=12068 insn=02c78063
#6048   pc=00400040 cycle=12070 insn=ffc7a683
#6049   pc=00400044 cycle=12073 insn=0007a703
#6050   pc=00400048 cycle=12076 insn=fed758e3
#6051   pc=00400038 cycle=12076 insn=00478793   x15(a5)=100000c0
#6052   pc=0040003c cycle=12076 insn=02c78063
#6053   pc=00400040 cycle=12079 insn=ffc7a683
#6054   pc=00400044 cycle=12082 insn=0007a703
#6055   pc=00400048 cycle=12085 insn=fed758e3
#6056   pc=00400038 cycle=12085 insn=00478793   x15(a5)=100000c4
#6057   pc=0040003c cycle=12085 insn=02c78063
#6058   pc=00400040 cycle=12088 insn=ffc7a683
#6059   pc=00400044 cycle=12091 insn=0007a703
#6060   pc=00400048 cycle=12094 insn=fed758e3
#6061   pc=00400038 cycle=12094 insn=00478793   x15(a5)=100000c8
#6062   pc=0040003c cycle=12094 insn=02c78063
#6063   pc=00400040 cycle=12097 insn=ffc7a683
#6064   pc=00400044 cycle=12100 insn=0007a703
#6065   pc=00400048 cycle=12103 insn=fed758e3
#6066   pc=00400038 cycle=12103 insn=00478793   x15(a5)=100000cc
#6067   pc=0040003c cycle=12103 insn=02c78063
#6068   pc=00400040 cycle=12106 insn=ffc7a683
#6069   pc=00400044 cycle=12109 insn=0007a703   x14(a4)=80f68da3
#6070   pc=00400048 cycle=12112 insn=fed758e3
#6071   pc=0040004c cycle=12118 insn=00d7a023
#6072   pc=00400050 cycle=12121 insn=fee7ae23
#6073   pc=00400054 cycle=12121 insn=00088813
#6074   pc=00400058 cycle=12121 insn=fe1ff06f
#6075   pc=00400038 cycle=12122 insn=00478793   x15(a5)=100000d0
#6076   pc=0040003c cycle=12125 insn=02c78063
#6077   pc=00400040 cycle=12128 insn=ffc7a683
#6078   pc=00400044 cycle=12129 insn=0007a703   x14(a4)=b666c147
#6079   pc=00400048 cycle=12132 insn=fed758e3
#6080   pc=00400038 cycle=12138 insn=00478793   x15(a5)=100000d4
#6081   pc=0040003c cycle=12141 insn=02c78063
#6082   pc=00400040 cycle=12143 insn=ffc7a683   x13(a3)=b666c147
#6083   pc=00400044 cycle=12144 insn=0007a703   x14(a4)=df110986
#6084   pc=00400048 cycle=12147 insn=fed758e3
#6085   pc=00400038 cycle=12147 insn=00478793   x15(a5)=100000d8
#6086   pc=0040003c cycle=12148 insn=02c78063
#6087   pc=00400040 cycle=12150 insn=ffc7a683   x13(a3)=df110986
#6088   pc=00400044 cycle=12153 insn=0007a703
#6089   pc=00400048 cycle=12156 insn=fed758e3
#6090   pc=00400038 cycle=12156 insn=00478793   x15(a5)=100000dc
#6091   pc=0040003c cycle=12156 insn=02c78063
#6092   pc=00400040 cycle=12159 insn=ffc7a683
#6093   pc=00400044 cycle=12162 insn=0007a703
#6094   pc=00400048 cycle=12165 insn=fed758e3
#6095   pc=00400038 cycle=12165 insn=00478793   x15(a5)=100000e0
#6096   pc=0040003c cycle=12165 insn=02c78063
#6097   pc=00400040 cycle=12168 insn=ffc7a683
#6098   pc=00400044 cycle=12171 insn=0007a703   x14(a4)=e12aa167
#6099   pc=00400048 cycle=12174 insn=fed758e3
#6100   pc=00400038 cycle=12174 insn=00478793   x15(a5)=100000e4
#6101   pc=0040003c cycle=12174 insn=02c78063
#6102   pc=00400040 cycle=12177 insn=ffc7a683   x13(a3)=e12aa167
#6103   pc=00400044 cycle=12180 insn=0007a703
#6104   pc=00400048 cycle=12183 insn=fed758e3
#6105   pc=00400038 cycle=12183 insn=00478793   x15(a5)=100000e8
#6106   pc=0040003c cycle=12183 insn=02c78063
#6107   pc=00400040 cycle=12186 insn=ffc7a683
#6108   pc=00400044 cycle=12189 insn=0007a703   x14(a4)=d5f89e0e
#6109   pc=00400048 cycle=12192 insn=fed758e3
#6110   pc=0040004c cycle=12198 insn=00d7a023
#6111   pc=00400050 cycle=12201 insn=fee7ae23
#6112   pc=00400054 cycle=12201 insn=00088813
#6113   pc=00400058 cycle=12201 insn=fe1ff06f
#6114   pc=00400038 cycle=12202 insn=00478793   x15(a5)=100000ec
#6115   pc=0040003c cycle=12205 insn=02c78063
#6116   pc=00400040 cycle=12208 insn=ffc7a683
#6117   pc=00400044 cycle=12209 insn=0007a703   x14(a4)=e12aa167
#6118   pc=00400048 cycle=12212 insn=fed758e3
#6119   pc=00400038 cycle=12218 insn=00478793   x15(a5)=100000f0
#6120   pc=0040003c cycle=12221 insn=02c78063
#6121   pc=00400040 cycle=12223 insn=ffc7a683
#6122   pc=00400044 cycle=12224 insn=0007a703   x14(a4)=b5d4a6b5
#6123   pc=00400048 cycle=12227 insn=fed758e3
#6124   pc=0040004c cycle=12233 insn=00d7a023
#6125   pc=00400050 cycle=12236 insn=fee7ae23
#6126   pc=00400054 cycle=12236 insn=00088813
#6127   pc=00400058 cycle=12236 insn=fe1ff06f
#6128   pc=00400038 cycle=12237 insn=00478793   x15(a5)=100000f4
#6129   pc=0040003c cycle=12240 insn=02c78063
#6130   pc=00400040 cycle=12243 insn=ffc7a683
#6131   pc=00400044 cycle=12244 insn=0007a703
#6132   pc=00400048 cycle=12247 insn=fed758e3
#6133   pc=0040004c cycle=12248 insn=00d7a023
#6134   pc=00400050 cycle=12251 insn=fee7ae23
#6135   pc=00400054 cycle=12251 insn=00088813
#6136   pc=00400058 cycle=12251 insn=fe1ff06f
#6137   pc=00400038 cycle=12251 insn=00478793   x15(a5)=100000f8
#6138   pc=0040003c cycle=12255 insn=02c78063
#6139   pc=00400040 cycle=12258 insn=ffc7a683   x13(a3)=b5d4a6b5
#6140   pc=00400044 cycle=12259 insn=0007a703
#6141   pc=00400048 cycle=12262 insn=fed758e3
#6142   pc=00400038 cycle=12268 insn=00478793   x15(a5)=100000fc
#6143   pc=0040003c cycle=12271 insn=02c78063
#6144   pc=00400040 cycle=12273 insn=ffc7a683
#6145   pc=00400044 cycle=12274 insn=0007a703
#6146   pc=00400048 cycle=12277 insn=fed758e3
#6147   pc=00400038 cycle=12277 insn=00478793   x15(a5)=10000100
#6148   pc=0040003c cycle=12278 insn=02c78063
#6149   pc=00400040 cycle=12280 insn=ffc7a683
#6150   pc=00400044 cycle=12283 insn=0007a703
#6151   pc=00400048 cycle=12286 insn=fed758e3
#6152   pc=00400038 cycle=12286 insn=00478793   x15(a5)=10000104
#6153   pc=0040003c cycle=12286 insn=02c78063
#6154   pc=00400040 cycle=12289 insn=ffc7a683
#6155   pc=00400044 cycle=12292 insn=0007a703   x14(a4)=9577ad12
#6156   pc=00400048 cycle=12295 insn=fed758e3
#6157   pc=0040004c cycle=12301 insn=00d7a023
#6158   pc=00400050 cycle=12304 insn=fee7ae23
#6159   pc=00400054 cycle=12304 insn=00088813
#6160   pc=00400058 cycle=12304 insn=fe1ff06f
#6161   pc=00400038 cycle=12305 insn=00478793   x15(a5)=10000108
#6162   pc=0040003c cycle=12308 insn=02c78063
#6163   pc=00400040 cycle=12311 insn=ffc7a683
#6164   pc=00400044 cycle=12312 insn=0007a703   x14(a4)=b5d4a6b5
#6165   pc=00400048 cycle=12315 insn=fed758e3
#6166   pc=00400038 cycle=12321 insn=00478793   x15(a5)=1000010c
#6167   pc=0040003c cycle=12324 insn=02c78063
#6168   pc=00400040 cycle=12326 insn=ffc7a683
#6169   pc=00400044 cycle=12327 insn=0007a703   x14(a4)=a563eb19
#6170   pc=00400048 cycle=12330 insn=fed758e3
#6171   pc=0040004c cycle=12336 insn=00d7a023
#6172   pc=00400050 cycle=12339 insn=fee7ae23
#6173   pc=00400054 cycle=12339 insn=00088813
#6174   pc=00400058 cycle=12339 insn=fe1ff06f
#6175   pc=00400038 cycle=12340 insn=00478793   x15(a5)=10000110
#6176   pc=0040003c cycle=12343 insn=02c78063
#6177   pc=00400040 cycle=12346 insn=ffc7a683
#6178   pc=00400044 cycle=12347 insn=0007a703   x14(a4)=b5d4a6b5
#6179   pc=00400048 cycle=12350 insn=fed758e3
#6180   pc=00400038 cycle=12356 insn=00478793   x15(a5)=10000114
#6181   pc=0040003c cycle=12359 insn=02c78063
#6182   pc=00400040 cycle=12361 insn=ffc7a683
#6183   pc=00400044 cycle=12362 insn=0007a703
#6184   pc=00400048 cycle=12365 insn=fed758e3
#6185   pc=00400038 cycle=12365 insn=00478793   x15(a5)=10000118
#6186   pc=0040003c cycle=12366 insn=02c78063
#6187   pc=0040005c cycle=12372 insn=ffc60613   x12(a2)=10000114
#6188   pc=00400060 cycle=12374 insn=fc0812e3
#6189   pc=00400024 cycle=12376 insn=fff58593   x11(a1)=00000044
#6190   pc=00400028 cycle=12379 insn=02b05e63
#6191   pc=0040002c cycle=12379 insn=00450793   x15(a5)=10000004
#6192   pc=00400030 cycle=12379 insn=00030813   x16(a6)=00000000
#6193   pc=00400034 cycle=12380 insn=00c0006f
#6194   pc=00400040 cycle=12385 insn=ffc7a683   x13(a3)=859babf3
#6195   pc=00400044 cycle=12386 insn=0007a703   x14(a4)=859babf3
#6196   pc=00400048 cycle=12389 insn=fed758e3
#6197   pc=00400038 cycle=12389 insn=00478793   x15(a5)=10000008
#6198   pc=0040003c cycle=12390 insn=02c78063
#6199   pc=00400040 cycle=12392 insn=ffc7a683
#6200   pc=00400044 cycle=12395 insn=0007a703
#6201   pc=00400048 cycle=12398 insn=fed758e3
#6202   pc=00400038 cycle=12398 insn=00478793   x15(a5)=1000000c
#6203   pc=0040003c cycle=12398 insn=02c78063
#6204   pc=00400040 cycle=12401 insn=ffc7a683
#6205   pc=00400044 cycle=12404 insn=0007a703
#6206   pc=00400048 cycle=12407 insn=fed758e3
#6207   pc=00400038 cycle=12407 insn=00478793   x15(a5)=10000010
#6208   pc=0040003c cycle=12407 insn=02c78063
#6209   pc=00400040 cycle=12410 insn=ffc7a683
#6210   pc=00400044 cycle=12413 insn=0007a703
#6211   pc=00400048 cycle=12416 insn=fed758e3
#6212   pc=00400038 cycle=12416 insn=00478793   x15(a5)=10000014
#6213   pc=0040003c cycle=12416 insn=02c78063
#6214   pc=00400040 cycle=12419 insn=ffc7a683
#6215   pc=00400044 cycle=12422 insn=0007a703   x14(a4)=9002dc0d
#6216   pc=00400048 cycle=12425 insn=fed758e3
#6217   pc=00400038 cycle=12425 insn=00478793   x15(a5)=10000018
#6218   pc=0040003c cycle=12425 insn=02c78063
#6219   pc=00400040 cycle=12428 insn=ffc7a683   x13(a3)=9002dc0d
#6220   pc=00400044 cycle=12431 insn=0007a703
#6221   pc=00400048 cycle=12434 insn=fed758e3
#6222   pc=00400038 cycle=12434 insn=00478793   x15(a5)=1000001c
#6223   pc=0040003c cycle=12434 insn=02c78063
#6224   pc=00400040 cycle=12437 insn=ffc7a683
#6225   pc=00400044 cycle=12440 insn=0007a703
#6226   pc=00400048 cycle=12443 insn=fed758e3
#6227   pc=00400038 cycle=12443 insn=00478793   x15(a5)=10000020
#6228   pc=0040003c cycle=12443 insn=02c78063
#6229   pc=00400040 cycle=12446 insn=ffc7a683
#6230   pc=00400044 cycle=12449 insn=0007a703
#6231   pc=00400048 cycle=12452 insn=fed758e3
#6232   pc=00400038 cycle=12452 insn=00478793   x15(a5)=10000024
#6233   pc=0040003c cycle=12452 insn=02c78063
#6234   pc=00400040 cycle=12455 insn=ffc7a683
#6235   pc=00400044 cycle=12458 insn=0007a703
#6236   pc=00400048 cycle=12461 insn=fed758e3
#6237   pc=00400038 cycle=12461 insn=00478793   x15(a5)=10000028
#6238   pc=0040003c cycle=12461 insn=02c78063
#6239   pc=00400040 cycle=12464 insn=ffc7a683
#6240   pc=00400044 cycle=12467 insn=0007a703
#6241   pc=00400048 cycle=12470 insn=fed758e3
#6242   pc=00400038 cycle=12470 insn=00478793   x15(a5)=1000002c
#6243   pc=0040003c cycle=12470 insn=02c78063
#6244   pc=00400040 cycle=12473 insn=ffc7a683
#6245   pc=00400044 cycle=12476 insn=0007a703   x14(a4)=b79b2005
#6246   pc=00400048 cycle=12479 insn=fed758e3
#6247   pc=00400038 cycle=12479 insn=00478793   x15(a5)=10000030
#6248   pc=0040003c cycle=12479 insn=02c78063
#6249   pc=00400040 cycle=12482 insn=ffc7a683   x13(a3)=b79b2005
#6250   pc=00400044 cycle=12485 insn=0007a703
#6251   pc=00400048 cycle=12488 insn=fed758e3
#6252   pc=00400038 cycle=12488 insn=00478793   x15(a5)=10000034
#6253   pc=0040003c cycle=12488 insn=02c78063
#6254   pc=00400040 cycle=12491 insn=ffc7a683
#6255   pc=00400044 cycle=12494 insn=0007a703
#6256   pc=00400048 cycle=12497 insn=fed758e3
#6257   pc=00400038 cycle=12497 insn=00478793   x15(a5)=10000038
#6258   pc=0040003c cycle=12497 insn=02c78063
#6259   pc=00400040 cycle=12500 insn=ffc7a683
#6260   pc=00400044 cycle=12503 insn=0007a703   x14(a4)=bfdfe5b0
#6261   pc=00400048 cycle=12506 insn=fed758e3
#6262   pc=00400038 cycle=12506 insn=00478793   x15(a5)=1000003c
#6263   pc=0040003c cycle=12506 insn=02c78063
#6264   pc=00400040 cycle=12509 insn=ffc7a683   x13(a3)=bfdfe5b0
#6265   pc=00400044 cycle=12512 insn=0007a703
#6266   pc=00400048 cycle=12515 insn=fed758e3
#6267   pc=00400038 cycle=12515 insn=00478793   x15(a5)=10000040
#6268   pc=0040003c cycle=12515 insn=02c78063
#6269   pc=00400040 cycle=12518 insn=ffc7a683
#6270   pc=00400044 cycle=12521 insn=0007a703
#6271   pc=00400048 cycle=12524 insn=fed758e3
#6272   pc=00400038 cycle=12524 insn=00478793   x15(a5)=10000044
#6273   pc=0040003c cycle=12524 insn=02c78063
#6274   pc=00400040 cycle=12527 insn=ffc7a683
#6275   pc=00400044 cycle=12530 insn=0007a703
#6276   pc=00400048 cycle=12533 insn=fed758e3
#6277   pc=00400038 cycle=12533 insn=00478793   x15(a5)=10000048
#6278   pc=0040003c cycle=12533 insn=02c78063
#6279   pc=00400040 cycle=12536 insn=ffc7a683
#6280   pc=00400044 cycle=12539 insn=0007a703
#6281   pc=00400048 cycle=12542 insn=fed758e3
#6282   pc=00400038 cycle=12542 insn=00478793   x15(a5)=1000004c
#6283   pc=0040003c cycle=12542 insn=02c78063
#6284   pc=00400040 cycle=12545 insn=ffc7a683
#6285   pc=00400044 cycle=12548 insn=0007a703
#6286   pc=00400048 cycle=12551 insn=fed758e3
#6287   pc=00400038 cycle=12551 insn=00478793   x15(a5)=10000050
#6288   pc=0040003c cycle=12551 insn=02c78063
#6289   pc=00400040 cycle=12554 insn=ffc7a683
#6290   pc=00400044 cycle=12557 insn=0007a703
#6291   pc=00400048 cycle=12560 insn=fed758e3
#6292   pc=00400038 cycle=12560 insn=00478793   x15(a5)=10000054
#6293   pc=0040003c cycle=12560 insn=02c78063
#6294   pc=00400040 cycle=12563 insn=ffc7a683
#6295   pc=00400044 cycle=12566 insn=0007a703
#6296   pc=00400048 cycle=12569 insn=fed758e3
#6297   pc=00400038 cycle=12569 insn=00478793   x15(a5)=10000058
#6298   pc=0040003c cycle=12569 insn=02c78063
#6299   pc=00400040 cycle=12572 insn=ffc7a683
#6300   pc=00400044 cycle=12575 insn=0007a703   x14(a4)=c80ab9ec
#6301   pc=00400048 cycle=12578 insn=fed758e3
#6302   pc=00400038 cycle=12578 insn=00478793   x15(a5)=1000005c
#6303   pc=0040003c cycle=12578 insn=02c78063
#6304   pc=00400040 cycle=12581 insn=ffc7a683   x13(a3)=c80ab9ec
#6305   pc=00400044 cycle=12584 insn=0007a703   x14(a4)=b7aa02c6
#6306   pc=00400048 cycle=12587 insn=fed758e3
#6307   pc=0040004c cycle=12593 insn=00d7a023
#6308   pc=00400050 cycle=12596 insn=fee7ae23
#6309   pc=00400054 cycle=12596 insn=00088813   x16(a6)=00000001
#6310   pc=00400058 cycle=12596 insn=fe1ff06f
#6311   pc=00400038 cycle=12597 insn=00478793   x15(a5)=10000060
#6312   pc=0040003c cycle=12600 insn=02c78063
#6313   pc=00400040 cycle=12603 insn=ffc7a683
#6314   pc=00400044 cycle=12604 insn=0007a703   x14(a4)=c80ab9ec
#6315   pc=00400048 cycle=12607 insn=fed758e3
#6316   pc=00400038 cycle=12613 insn=00478793   x15(a5)=10000064
#6317   pc=0040003c cycle=12616 insn=02c78063
#6318   pc=00400040 cycle=12618 insn=ffc7a683
#6319   pc=00400044 cycle=12619 insn=0007a703   x14(a4)=af5305e5
#6320   pc=00400048 cycle=12622 insn=fed758e3
#6321   pc=0040004c cycle=12628 insn=00d7a023
#6322   pc=00400050 cycle=12631 insn=fee7ae23
#6323   pc=00400054 cycle=12631 insn=00088813
#6324   pc=00400058 cycle=12631 insn=fe1ff06f
#6325   pc=00400038 cycle=12632 insn=00478793   x15(a5)=10000068
#6326   pc=0040003c cycle=12635 insn=02c78063
#6327   pc=00400040 cycle=12638 insn=ffc7a683
#6328   pc=00400044 cycle=12639 insn=0007a703   x14(a4)=82f2d29c
#6329   pc=00400048 cycle=12642 insn=fed758e3
#6330   pc=0040004c cycle=12643 insn=00d7a023
#6331   pc=00400050 cycle=12646 insn=fee7ae23
#6332   pc=00400054 cycle=12646 insn=00088813
#6333   pc=00400058 cycle=12646 insn=fe1ff06f
#6334   pc=00400038 cycle=12646 insn=00478793   x15(a5)=1000006c
#6335   pc=0040003c cycle=12650 insn=02c78063
#6336   pc=00400040 cycle=12653 insn=ffc7a683   x13(a3)=82f2d29c
#6337   pc=00400044 cycle=12654 insn=0007a703
#6338   pc=00400048 cycle=12657 insn=fed758e3
#6339   pc=00400038 cycle=12663 insn=00478793   x15(a5)=10000070
#6340   pc=0040003c cycle=12666 insn=02c78063
#6341   pc=00400040 cycle=12668 insn=ffc7a683
#6342   pc=00400044 cycle=12669 insn=0007a703
#6343   pc=00400048 cycle=12672 insn=fed758e3
#6344   pc=00400038 cycle=12672 insn=00478793   x15(a5)=10000074
#6345   pc=0040003c cycle=12673 insn=02c78063
#6346   pc=00400040 cycle=12675 insn=ffc7a683
#6347   pc=00400044 cycle=12678 insn=0007a703
#6348   pc=00400048 cycle=12681 insn=fed758e3
#6349   pc=00400038 cycle=12681 insn=00478793   x15(a5)=10000078
#6350   pc=0040003c cycle=12681 insn=02c78063
#6351   pc=00400040 cycle=12684 insn=ffc7a683
#6352   pc=00400044 cycle=12687 insn=0007a703
#6353   pc=00400048 cycle=12690 insn=fed758e3
#6354   pc=00400038 cycle=12690 insn=00478793   x15(a5)=1000007c
#6355   pc=0040003c cycle=12690 insn=02c78063
#6356   pc=00400040 cycle=12693 insn=ffc7a683
#6357   pc=00400044 cycle=12696 insn=0007a703
#6358   pc=00400048 cycle=12699 insn=fed758e3
#6359   pc=00400038 cycle=12699 insn=00478793   x15(a5)=10000080
#6360   pc=0040003c cycle=12699 insn=02c78063
#6361   pc=00400040 cycle=12702 insn=ffc7a683
#6362   pc=00400044 cycle=12705 insn=0007a703
#6363   pc=00400048 cycle=12708 insn=fed758e3
#6364   pc=00400038 cycle=12708 insn=00478793   x15(a5)=10000084
#6365   pc=0040003c cycle=12708 insn=02c78063
#6366   pc=00400040 cycle=12711 insn=ffc7a683
#6367   pc=00400044 cycle=12714 insn=0007a703
#6368   pc=00400048 cycle=12717 insn=fed758e3
#6369   pc=00400038 cycle=12717 insn=00478793   x15(a5)=10000088
#6370   pc=0040003c cycle=12717 insn=02c78063
#6371   pc=00400040 cycle=12720 insn=ffc7a683
#6372   pc=00400044 cycle=12723 insn=0007a703
#6373   pc=00400048 cycle=12726 insn=fed758e3
#6374   pc=00400038 cycle=12726 insn=00478793   x15(a5)=1000008c
#6375   pc=0040003c cycle=12726 insn=02c78063
#6376   pc=00400040 cycle=12729 insn=ffc7a683
#6377   pc=00400044 cycle=12732 insn=0007a703   x14(a4)=add48d17
#6378   pc=00400048 cycle=12735 insn=fed758e3
#6379   pc=00400038 cycle=12735 insn=00478793   x15(a5)=10000090
#6380   pc=0040003c cycle=12735 insn=02c78063
#6381   pc=00400040 cycle=12738 insn=ffc7a683   x13(a3)=add48d17
#6382   pc=00400044 cycle=12741 insn=0007a703
#6383   pc=00400048 cycle=12744 insn=fed758e3
#6384   pc=00400038 cycle=12744 insn=00478793   x15(a5)=10000094
#6385   pc=0040003c cycle=12744 insn=02c78063
#6386   pc=00400040 cycle=12747 insn=ffc7a683
#6387   pc=00400044 cycle=12750 insn=0007a703
#6388   pc=00400048 cycle=12753 insn=fed758e3
#6389   pc=00400038 cycle=12753 insn=00478793   x15(a5)=10000098
#6390   pc=0040003c cycle=12753 insn=02c78063
#6391   pc=00400040 cycle=12756 insn=ffc7a683
#6392   pc=00400044 cycle=12759 insn=0007a703
#6393   pc=00400048 cycle=12762 insn=fed758e3
#6394   pc=00400038 cycle=12762 insn=00478793   x15(a5)=1000009c
#6395   pc=0040003c cycle=12762 insn=02c78063
#6396   pc=00400040 cycle=12765 insn=ffc7a683
#6397   pc=00400044 cycle=12768 insn=0007a703
#6398   pc=00400048 cycle=12771 insn=fed758e3
#6399   pc=00400038 cycle=12771 insn=00478793   x15(a5)=100000a0
#6400   pc=0040003c cycle=12771 insn=02c78063
#6401   pc=00400040 cycle=12774 insn=ffc7a683
#6402   pc=00400044 cycle=12777 insn=0007a703
#6403   pc=00400048 cycle=12780 insn=fed758e3
#6404   pc=00400038 cycle=12780 insn=00478793   x15(a5)=100000a4
#6405   pc=0040003c cycle=12780 insn=02c78063
#6406   pc=00400040 cycle=12783 insn=ffc7a683
#6407   pc=00400044 cycle=12786 insn=0007a703
#6408   pc=00400048 cycle=12789 insn=fed758e3
#6409   pc=00400038 cycle=12789 insn=00478793   x15(a5)=100000a8
#6410   pc=0040003c cycle=12789 insn=02c78063
#6411   pc=00400040 cycle=12792 insn=ffc7a683
#6412   pc=00400044 cycle=12795 insn=0007a703   x14(a4)=84c36ccd
#6413   pc=00400048 cycle=12798 insn=fed758e3
#6414   pc=0040004c cycle=12804 insn=00d7a023
#6415   pc=00400050 cycle=12807 insn=fee7ae23
#6416   pc=00400054 cycle=12807 insn=00088813
#6417   pc=00400058 cycle=12807 insn=fe1ff06f
#6418   pc=00400038 cycle=12808 insn=00478793   x15(a5)=100000ac
#6419   pc=0040003c cycle=12811 insn=02c78063
#6420   pc=00400040 cycle=12814 insn=ffc7a683
#6421   pc=00400044 cycle=12815 insn=0007a703
#6422   pc=00400048 cycle=12818 insn=fed758e3
#6423   pc=0040004c cycle=12819 insn=00d7a023
#6424   pc=00400050 cycle=12822 insn=fee7ae23
#6425   pc=00400054 cycle=12822 insn=00088813
#6426   pc=00400058 cycle=12822 insn=fe1ff06f
#6427   pc=00400038 cycle=12822 insn=00478793   x15(a5)=100000b0
#6428   pc=0040003c cycle=12826 insn=02c78063
#6429   pc=00400040 cycle=12829 insn=ffc7a683   x13(a3)=84c36ccd
#6430   pc=00400044 cycle=12830 insn=0007a703
#6431   pc=00400048 cycle=12833 insn=fed758e3
#6432   pc=00400038 cycle=12839 insn=00478793   x15(a5)=100000b4
#6433   pc=0040003c cycle=12842 insn=02c78063
#6434   pc=00400040 cycle=12844 insn=ffc7a683
#6435   pc=00400044 cycle=12845 insn=0007a703
#6436   pc=00400048 cycle=12848 insn=fed758e3
#6437   pc=00400038 cycle=12848 insn=00478793   x15(a5)=100000b8
#6438   pc=0040003c cycle=12849 insn=02c78063
#6439   pc=00400040 cycle=12851 insn=ffc7a683
#6440   pc=00400044 cycle=12854 insn=0007a703
#6441   pc=00400048 cycle=12857 insn=fed758e3
#6442   pc=00400038 cycle=12857 insn=00478793   x15(a5)=100000bc
#6443   pc=0040003c cycle=12857 insn=02c78063
#6444   pc=00400040 cycle=12860 insn=ffc7a683
#6445   pc=00400044 cycle=12863 insn=0007a703
#6446   pc=00400048 cycle=12866 insn=fed758e3
#6447   pc=00400038 cycle=12866 insn=00478793   x15(a5)=100000c0
#6448   pc=0040003c cycle=12866 insn=02c78063
#6449   pc=00400040 cycle=12869 insn=ffc7a683
#6450   pc=00400044 cycle=12872 insn=0007a703
#6451   pc=00400048 cycle=12875 insn=fed758e3
#6452   pc=00400038 cycle=12875 insn=00478793   x15(a5)=100000c4
#6453   pc=0040003c cycle=12875 insn=02c78063
#6454   pc=00400040 cycle=12878 insn=ffc7a683
#6455   pc=00400044 cycle=12881 insn=0007a703
#6456   pc=00400048 cycle=12884 insn=fed758e3
#6457   pc=00400038 cycle=12884 insn=00478793   x15(a5)=100000c8
#6458   pc=0040003c cycle=12884 insn=02c78063
#6459   pc=00400040 cycle=12887 insn=ffc7a683
#6460   pc=00400044 cycle=12890 insn=0007a703   x14(a4)=80f68da3
#6461   pc=00400048 cycle=12893 insn=fed758e3
#6462   pc=0040004c cycle=12899 insn=00d7a023
#6463   pc=00400050 cycle=12902 insn=fee7ae23
#6464   pc=00400054 cycle=12902 insn=00088813
#6465   pc=00400058 cycle=12902 insn=fe1ff06f
#6466   pc=00400038 cycle=12903 insn=00478793   x15(a5)=100000cc
#6467   pc=0040003c cycle=12906 insn=02c78063
#6468   pc=00400040 cycle=12909 insn=ffc7a683
#6469   pc=00400044 cycle=12910 insn=0007a703   x14(a4)=84c36ccd
#6470   pc=00400048 cycle=12913 insn=fed758e3
#6471   pc=00400038 cycle=12919 insn=00478793   x15(a5)=100000d0
#6472   pc=0040003c cycle=12922 insn=02c78063
#6473   pc=00400040 cycle=12924 insn=ffc7a683
#6474   pc=00400044 cycle=12925 insn=0007a703   x14(a4)=b666c147
#6475   pc=00400048 cycle=12928 insn=fed758e3
#6476   pc=00400038 cycle=12928 insn=00478793   x15(a5)=100000d4
#6477   pc=0040003c cycle=12929 insn=02c78063
#6478   pc=00400040 cycle=12931 insn=ffc7a683   x13(a3)=b666c147
#6479   pc=00400044 cycle=12934 insn=0007a703   x14(a4)=df110986
#6480   pc=00400048 cycle=12937 insn=fed758e3
#6481   pc=00400038 cycle=12937 insn=00478793   x15(a5)=100000d8
#6482   pc=0040003c cycle=12937 insn=02c78063
#6483   pc=00400040 cycle=12940 insn=ffc7a683   x13(a3)=df110986
#6484   pc=00400044 cycle=12943 insn=0007a703
#6485   pc=00400048 cycle=12946 insn=fed758e3
#6486   pc=00400038 cycle=12946 insn=00478793   x15(a5)=100000dc
#6487   pc=0040003c cycle=12946 insn=02c78063
#6488   pc=00400040 cycle=12949 insn=ffc7a683
#6489   pc=00400044 cycle=12952 insn=0007a703
#6490   pc=00400048 cycle=12955 insn=fed758e3
#6491   pc=00400038 cycle=12955 insn=00478793   x15(a5)=100000e0
#6492   pc=0040003c cycle=12955 insn=02c78063
#6493   pc=00400040 cycle=12958 insn=ffc7a683
#6494   pc=00400044 cycle=12961 insn=0007a703   x14(a4)=e12aa167
#6495   pc=00400048 cycle=12964 insn=fed758e3
#6496   pc=00400038 cycle=12964 insn=00478793   x15(a5)=100000e4
#6497   pc=0040003c cycle=12964 insn=02c78063
#6498   pc=00400040 cycle=12967 insn=ffc7a683   x13(a3)=e12aa167
#6499   pc=00400044 cycle=12970 insn=0007a703   x14(a4)=d5f89e0e
#6500   pc=00400048 cycle=12973 insn=fed758e3
#6501   pc=0040004c cycle=12979 insn=00d7a023
#6502   pc=00400050 cycle=12982 insn=fee7ae23
#6503   pc=00400054 cycle=12982 insn=00088813
#6504   pc=00400058 cycle=12982 insn=fe1ff06f
#6505   pc=00400038 cycle=12983 insn=00478793   x15(a5)=100000e8
#6506   pc=0040003c cycle=12986 insn=02c78063
#6507   pc=00400040 cycle=12989 insn=ffc7a683
#6508   pc=00400044 cycle=12990 insn=0007a703   x14(a4)=e12aa167
#6509   pc=00400048 cycle=12993 insn=fed758e3
#6510   pc=00400038 cycle=12999 insn=00478793   x15(a5)=100000ec
#6511   pc=0040003c cycle=13002 insn=02c78063
#6512   pc=00400040 cycle=13004 insn=ffc7a683
#6513   pc=00400044 cycle=13005 insn=0007a703   x14(a4)=b5d4a6b5
#6514   pc=00400048 cycle=13008 insn=fed758e3
#6515   pc=0040004c cycle=13014 insn=00d7a023
#6516   pc=00400050 cycle=13017 insn=fee7ae23
#6517   pc=00400054 cycle=13017 insn=00088813
#6518   pc=00400058 cycle=13017 insn=fe1ff06f
#6519   pc=00400038 cycle=13018 insn=00478793   x15(a5)=100000f0
#6520   pc=0040003c cycle=13021 insn=02c78063
#6521   pc=00400040 cycle=13024 insn=ffc7a683
#6522   pc=00400044 cycle=13025 insn=0007a703
#6523   pc=00400048 cycle=13028 insn=fed758e3
#6524   pc=0040004c cycle=13029 insn=00d7a023
#6525   pc=00400050 cycle=13032 insn=fee7ae23
#6526   pc=00400054 cycle=13032 insn=00088813
#6527   pc=00400058 cycle=13032 insn=fe1ff06f
#6528   pc=00400038 cycle=13032 insn=00478793   x15(a5)=100000f4
#6529   pc=0040003c cycle=13036 insn=02c78063
#6530   pc=00400040 cycle=13039 insn=ffc7a683   x13(a3)=b5d4a6b5
#6531   pc=00400044 cycle=13040 insn=0007a703
#6532   pc=00400048 cycle=13043 insn=fed758e3
#6533   pc=00400038 cycle=13049 insn=00478793   x15(a5)=100000f8
#6534   pc=0040003c cycle=13052 insn=02c78063
#6535   pc=00400040 cycle=13054 insn=ffc7a683
#6536   pc=00400044 cycle=13055 insn=0007a703
#6537   pc=00400048 cycle=13058 insn=fed758e3
#6538   pc=00400038 cycle=13058 insn=00478793   x15(a5)=100000fc
#6539   pc=0040003c cycle=13059 insn=02c78063
#6540   pc=00400040 cycle=13061 insn=ffc7a683
#6541   pc=00400044 cycle=13064 insn=0007a703
#6542   pc=00400048 cycle=13067 insn=fed758e3
#6543   pc=00400038 cycle=13067 insn=00478793   x15(a5)=10000100
#6544   pc=0040003c cycle=13067 insn=02c78063
#6545   pc=00400040 cycle=13070 insn=ffc7a683
#6546   pc=00400044 cycle=13073 insn=0007a703   x14(a4)=9577ad12
#6547   pc=00400048 cycle=13076 insn=fed758e3
#6548   pc=0040004c cycle=13082 insn=00d7a023
#6549   pc=00400050 cycle=13085 insn=fee7ae23
#6550   pc=00400054 cycle=13085 insn=00088813
#6551   pc=00400058 cycle=13085 insn=fe1ff06f
#6552   pc=00400038 cycle=13086 insn=00478793   x15(a5)=10000104
#6553   pc=0040003c cycle=13089 insn=02c78063
#6554   pc=00400040 cycle=13092 insn=ffc7a683
#6555   pc=00400044 cycle=13093 insn=0007a703   x14(a4)=b5d4a6b5
#6556   pc=00400048 cycle=13096 insn=fed758e3
#6557   pc=00400038 cycle=13102 insn=00478793   x15(a5)=10000108
#6558   pc=0040003c cycle=13105 insn=02c78063
#6559   pc=00400040 cycle=13107 insn=ffc7a683
#6560   pc=00400044 cycle=13108 insn=0007a703   x14(a4)=a563eb19
#6561   pc=00400048 cycle=13111 insn=fed758e3
#6562   pc=0040004c cycle=13117 insn=00d7a023
#6563   pc=00400050 cycle=13120 insn=fee7ae23
#6564   pc=00400054 cycle=13120 insn=00088813
#6565   pc=00400058 cycle=13120 insn=fe1ff06f
#6566   pc=00400038 cycle=13121 insn=00478793   x15(a5)=1000010c
#6567   pc=0040003c cycle=13124 insn=02c78063
#6568   pc=00400040 cycle=13127 insn=ffc7a683
#6569   pc=00400044 cycle=13128 insn=0007a703   x14(a4)=b5d4a6b5
#6570   pc=00400048 cycle=13131 insn=fed758e3
#6571   pc=00400038 cycle=13137 insn=00478793   x15(a5)=10000110
#6572   pc=0040003c cycle=13140 insn=02c78063
#6573   pc=00400040 cycle=13142 insn=ffc7a683
#6574   pc=00400044 cycle=13143 insn=0007a703
#6575   pc=00400048 cycle=13146 insn=fed758e3
#6576   pc=00400038 cycle=13146 insn=00478793   x15(a5)=10000114
#6577   pc=0040003c cycle=13147 insn=02c78063
#6578   pc=0040005c cycle=13153 insn=ffc60613   x12(a2)=10000110
#6579   pc=00400060 cycle=13155 insn=fc0812e3
#6580   pc=00400024 cycle=13157 insn=fff58593   x11(a1)=00000043
#6581   pc=00400028 cycle=13160 insn=02b05e63
#6582   pc=0040002c cycle=13160 insn=00450793   x15(a5)=10000004
#6583   pc=00400030 cycle=13160 insn=00030813   x16(a6)=00000000
#6584   pc=00400034 cycle=13161 insn=00c0006f
#6585   pc=00400040 cycle=13166 insn=ffc7a683   x13(a3)=859babf3
#6586   pc=00400044 cycle=13167 insn=0007a703   x14(a4)=859babf3
#6587   pc=00400048 cycle=13170 insn=fed758e3
#6588   pc=00400038 cycle=13170 insn=00478793   x15(a5)=10000008
#6589   pc=0040003c cycle=13171 insn=02c78063
#6590   pc=00400040 cycle=13173 insn=ffc7a683
#6591   pc=00400044 cycle=13176 insn=0007a703
#6592   pc=00400048 cycle=13179 insn=fed758e3
#6593   pc=00400038 cycle=13179 insn=00478793   x15(a5)=1000000c
#6594   pc=0040003c cycle=13179 insn=02c78063
#6595   pc=00400040 cycle=13182 insn=ffc7a683
#6596   pc=00400044 cycle=13185 insn=0007a703
#6597   pc=00400048 cycle=13188 insn=fed758e3
#6598   pc=00400038 cycle=13188 insn=00478793   x15(a5)=10000010
#6599   pc=0040003c cycle=13188 insn=02c78063
#6600   pc=00400040 cycle=13191 insn=ffc7a683
#6601   pc=00400044 cycle=13194 insn=0007a703
#6602   pc=00400048 cycle=13197 insn=fed758e3
#6603   pc=00400038 cycle=13197 insn=00478793   x15(a5)=10000014
#6604   pc=0040003c cycle=13197 insn=02c78063
#6605   pc=00400040 cycle=13200 insn=ffc7a683
#6606   pc=00400044 cycle=13203 insn=0007a703   x14(a4)=9002dc0d
#6607   pc=00400048 cycle=13206 insn=fed758e3
#6608   pc=00400038 cycle=13206 insn=00478793   x15(a5)=10000018
#6609   pc=0040003c cycle=13206 insn=02c78063
#6610   pc=00400040 cycle=13209 insn=ffc7a683   x13(a3)=9002dc0d
#6611   pc=00400044 cycle=13212 insn=0007a703
#6612   pc=00400048 cycle=13215 insn=fed758e3
#6613   pc=00400038 cycle=13215 insn=00478793   x15(a5)=1000001c
#6614   pc=0040003c cycle=13215 insn=02c78063
#6615   pc=00400040 cycle=13218 insn=ffc7a683
#6616   pc=00400044 cycle=13221 insn=0007a703
#6617   pc=00400048 cycle=13224 insn=fed758e3
#6618   pc=00400038 cycle=13224 insn=00478793   x15(a5)=10000020
#6619   pc=0040003c cycle=13224 insn=02c78063
#6620   pc=00400040 cycle=13227 insn=ffc7a683
#6621   pc=00400044 cycle=13230 insn=0007a703
#6622   pc=00400048 cycle=13233 insn=fed758e3
#6623   pc=00400038 cycle=13233 insn=00478793   x15(a5)=10000024
#6624   pc=0040003c cycle=13233 insn=02c78063
#6625   pc=00400040 cycle=13236 insn=ffc7a683
#6626   pc=00400044 cycle=13239 insn=0007a703
#6627   pc=00400048 cycle=13242 insn=fed758e3
#6628   pc=00400038 cycle=13242 insn=00478793   x15(a5)=10000028
#6629   pc=0040003c cycle=13242 insn=02c78063
#6630   pc=00400040 cycle=13245 insn=ffc7a683
#6631   pc=00400044 cycle=13248 insn=0007a703
#6632   pc=00400048 cycle=13251 insn=fed758e3
#6633   pc=00400038 cycle=13251 insn=00478793   x15(a5)=1000002c
#6634   pc=0040003c cycle=13251 insn=02c78063
#6635   pc=00400040 cycle=13254 insn=ffc7a683
#6636   pc=00400044 cycle=13257 insn=0007a703   x14(a4)=b79b2005
#6637   pc=00400048 cycle=13260 insn=fed758e3
#6638   pc=00400038 cycle=13260 insn=00478793   x15(a5)=10000030
#6639   pc=0040003c cycle=13260 insn=02c78063
#6640   pc=00400040 cycle=13263 insn=ffc7a683   x13(a3)=b79b2005
#6641   pc=00400044 cycle=13266 insn=0007a703
#6642   pc=00400048 cycle=13269 insn=fed758e3
#6643   pc=00400038 cycle=13269 insn=00478793   x15(a5)=10000034
#6644   pc=0040003c cycle=13269 insn=02c78063
#6645   pc=00400040 cycle=13272 insn=ffc7a683
#6646   pc=00400044 cycle=13275 insn=0007a703
#6647   pc=00400048 cycle=13278 insn=fed758e3
#6648   pc=00400038 cycle=13278 insn=00478793   x15(a5)=10000038
#6649   pc=0040003c cycle=13278 insn=02c78063
#6650   pc=00400040 cycle=13281 insn=ffc7a683
#6651   pc=00400044 cycle=13284 insn=0007a703   x14(a4)=bfdfe5b0
#6652   pc=00400048 cycle=13287 insn=fed758e3
#6653   pc=00400038 cycle=13287 insn=00478793   x15(a5)=1000003c
#6654   pc=0040003c cycle=13287 insn=02c78063
#6655   pc=00400040 cycle=13290 insn=ffc7a683   x13(a3)=bfdfe5b0
#6656   pc=00400044 cycle=13293 insn=0007a703
#6657   pc=00400048 cycle=13296 insn=fed758e3
#6658   pc=00400038 cycle=13296 insn=00478793   x15(a5)=10000040
#6659   pc=0040003c cycle=13296 insn=02c78063
#6660   pc=00400040 cycle=13299 insn=ffc7a683
#6661   pc=00400044 cycle=13302 insn=0007a703
#6662   pc=00400048 cycle=13305 insn=fed758e3
#6663   pc=00400038 cycle=13305 insn=00478793   x15(a5)=10000044
#6664   pc=0040003c cycle=13305 insn=02c78063
#6665   pc=00400040 cycle=13308 insn=ffc7a683
#6666   pc=00400044 cycle=13311 insn=0007a703
#6667   pc=00400048 cycle=13314 insn=fed758e3
#6668   pc=00400038 cycle=13314 insn=00478793   x15(a5)=10000048
#6669   pc=0040003c cycle=13314 insn=02c78063
#6670   pc=00400040 cycle=13317 insn=ffc7a683
#6671   pc=00400044 cycle=13320 insn=0007a703
#6672   pc=00400048 cycle=13323 insn=fed758e3
#6673   pc=00400038 cycle=13323 insn=00478793   x15(a5)=1000004c
#6674   pc=0040003c cycle=13323 insn=02c78063
#6675   pc=00400040 cycle=13326 insn=ffc7a683
#6676   pc=00400044 cycle=13329 insn=0007a703
#6677   pc=00400048 cycle=13332 insn=fed758e3
#6678   pc=00400038 cycle=13332 insn=00478793   x15(a5)=10000050
#6679   pc=0040003c cycle=13332 insn=02c78063
#6680   pc=00400040 cycle=13335 insn=ffc7a683
#6681   pc=00400044 cycle=13338 insn=0007a703
#6682   pc=00400048 cycle=13341 insn=fed758e3
#6683   pc=00400038 cycle=13341 insn=00478793   x15(a5)=10000054
#6684   pc=0040003c cycle=13341 insn=02c78063
#6685   pc=00400040 cycle=13344 insn=ffc7a683
#6686   pc=00400044 cycle=13347 insn=0007a703
#6687   pc=00400048 cycle=13350 insn=fed758e3
#6688   pc=00400038 cycle=13350 insn=00478793   x15(a5)=10000058
#6689   pc=0040003c cycle=13350 insn=02c78063
#6690   pc=00400040 cycle=13353 insn=ffc7a683
#6691   pc=00400044 cycle=13356 insn=0007a703   x14(a4)=b7aa02c6
#6692   pc=00400048 cycle=13359 insn=fed758e3
#6693   pc=0040004c cycle=13365 insn=00d7a023
#6694   pc=00400050 cycle=13368 insn=fee7ae23
#6695   pc=00400054 cycle=13368 insn=00088813   x16(a6)=00000001
#6696   pc=00400058 cycle=13368 insn=fe1ff06f
#6697   pc=00400038 cycle=13369 insn=00478793   x15(a5)=1000005c
#6698   pc=0040003c cycle=13372 insn=02c78063
#6699   pc=00400040 cycle=13375 insn=ffc7a683
#6700   pc=00400044 cycle=13376 insn=0007a703   x14(a4)=c80ab9ec
#6701   pc=00400048 cycle=13379 insn=fed758e3
#6702   pc=00400038 cycle=13385 insn=00478793   x15(a5)=10000060
#6703   pc=0040003c cycle=13388 insn=02c78063
#6704   pc=00400040 cycle=13390 insn=ffc7a683   x13(a3)=c80ab9ec
#6705   pc=00400044 cycle=13391 insn=0007a703   x14(a4)=af5305e5
#6706   pc=00400048 cycle=13394 insn=fed758e3
#6707   pc=0040004c cycle=13400 insn=00d7a023
#6708   pc=00400050 cycle=13403 insn=fee7ae23
#6709   pc=00400054 cycle=13403 insn=00088813
#6710   pc=00400058 cycle=13403 insn=fe1ff06f
#6711   pc=00400038 cycle=13404 insn=00478793   x15(a5)=10000064
#6712   pc=0040003c cycle=13407 insn=02c78063
#6713   pc=00400040 cycle=13410 insn=ffc7a683
#6714   pc=00400044 cycle=13411 insn=0007a703   x14(a4)=82f2d29c
#6715   pc=00400048 cycle=13414 insn=fed758e3
#6716   pc=0040004c cycle=13415 insn=00d7a023
#6717   pc=00400050 cycle=13418 insn=fee7ae23
#6718   pc=00400054 cycle=13418 insn=00088813
#6719   pc=00400058 cycle=13418 insn=fe1ff06f
#6720   pc=00400038 cycle=13418 insn=00478793   x15(a5)=10000068
#6721   pc=0040003c cycle=13422 insn=02c78063
#6722   pc=00400040 cycle=13425 insn=ffc7a683   x13(a3)=82f2d29c
#6723   pc=00400044 cycle=13426 insn=0007a703
#6724   pc=00400048 cycle=13429 insn=fed758e3
#6725   pc=00400038 cycle=13435 insn=00478793   x15(a5)=1000006c
#6726   pc=0040003c cycle=13438 insn=02c78063
#6727   pc=00400040 cycle=13440 insn=ffc7a683
#6728   pc=00400044 cycle=13441 insn=0007a703
#6729   pc=00400048 cycle=13444 insn=fed758e3
#6730   pc=00400038 cycle=13444 insn=00478793   x15(a5)=10000070
#6731   pc=0040003c cycle=13445 insn=02c78063
#6732   pc=00400040 cycle=13447 insn=ffc7a683
#6733   pc=00400044 cycle=13450 insn=0007a703
#6734   pc=00400048 cycle=13453 insn=fed758e3
#6735   pc=00400038 cycle=13453 insn=00478793   x15(a5)=10000074
#6736   pc=0040003c cycle=13453 insn=02c78063
#6737   pc=00400040 cycle=13456 insn=ffc7a683
#6738   pc=00400044 cycle=13459 insn=0007a703
#6739   pc=00400048 cycle=13462 insn=fed758e3
#6740   pc=00400038 cycle=13462 insn=00478793   x15(a5)=10000078
#6741   pc=0040003c cycle=13462 insn=02c78063
#6742   pc=00400040 cycle=13465 insn=ffc7a683
#6743   pc=00400044 cycle=13468 insn=0007a703
#6744   pc=00400048 cycle=13471 insn=fed758e3
#6745   pc=00400038 cycle=13471 insn=00478793   x15(a5)=1000007c
#6746   pc=0040003c cycle=13471 insn=02c78063
#6747   pc=00400040 cycle=13474 insn=ffc7a683
#6748   pc=00400044 cycle=13477 insn=0007a703
#6749   pc=00400048 cycle=13480 insn=fed758e3
#6750   pc=00400038 cycle=13480 insn=00478793   x15(a5)=10000080
#6751   pc=0040003c cycle=13480 insn=02c78063
#6752   pc=00400040 cycle=13483 insn=ffc7a683
#6753   pc=00400044 cycle=13486 insn=0007a703
#6754   pc=00400048 cycle=13489 insn=fed758e3
#6755   pc=00400038 cycle=13489 insn=00478793   x15(a5)=10000084
#6756   pc=0040003c cycle=13489 insn=02c78063
#6757   pc=00400040 cycle=13492 insn=ffc7a683
#6758   pc=00400044 cycle=13495 insn=0007a703
#6759   pc=00400048 cycle=13498 insn=fed758e3
#6760   pc=00400038 cycle=13498 insn=00478793   x15(a5)=10000088
#6761   pc=0040003c cycle=13498 insn=02c78063
#6762   pc=00400040 cycle=13501 insn=ffc7a683
#6763   pc=00400044 cycle=13504 insn=0007a703
#6764   pc=00400048 cycle=13507 insn=fed758e3
#6765   pc=00400038 cycle=13507 insn=00478793   x15(a5)=1000008c
#6766   pc=0040003c cycle=13507 insn=02c78063
#6767   pc=00400040 cycle=13510 insn=ffc7a683
#6768   pc=00400044 cycle=13513 insn=0007a703   x14(a4)=add48d17
#6769   pc=00400048 cycle=13516 insn=fed758e3
#6770   pc=00400038 cycle=13516 insn=00478793   x15(a5)=10000090
#6771   pc=0040003c cycle=13516 insn=02c78063
#6772   pc=00400040 cycle=13519 insn=ffc7a683   x13(a3)=add48d17
#6773   pc=00400044 cycle=13522 insn=0007a703
#6774   pc=00400048 cycle=13525 insn=fed758e3
#6775   pc=00400038 cycle=13525 insn=00478793   x15(a5)=10000094
#6776   pc=0040003c cycle=13525 insn=02c78063
#6777   pc=00400040 cycle=13528 insn=ffc7a683
#6778   pc=00400044 cycle=13531 insn=0007a703
#6779   pc=00400048 cycle=13534 insn=fed758e3
#6780   pc=00400038 cycle=13534 insn=00478793   x15(a5)=10000098
#6781   pc=0040003c cycle=13534 insn=02c78063
#6782   pc=00400040 cycle=13537 insn=ffc7a683
#6783   pc=00400044 cycle=13540 insn=0007a703
#6784   pc=00400048 cycle=13543 insn=fed758e3
#6785   pc=00400038 cycle=13543 insn=00478793   x15(a5)=1000009c
#6786   pc=0040003c cycle=13543 insn=02c78063
#6787   pc=00400040 cycle=13546 insn=ffc7a683
#6788   pc=00400044 cycle=13549 insn=0007a703
#6789   pc=00400048 cycle=13552 insn=fed758e3
#6790   pc=00400038 cycle=13552 insn=00478793   x15(a5)=100000a0
#6791   pc=0040003c cycle=13552 insn=02c78063
#6792   pc=00400040 cycle=13555 insn=ffc7a683
#6793   pc=00400044 cycle=13558 insn=0007a703
#6794   pc=00400048 cycle=13561 insn=fed758e3
#6795   pc=00400038 cycle=13561 insn=00478793   x15(a5)=100000a4
#6796   pc=0040003c cycle=13561 insn=02c78063
#6797   pc=00400040 cycle=13564 insn=ffc7a683
#6798   pc=00400044 cycle=13567 insn=0007a703   x14(a4)=84c36ccd
#6799   pc=00400048 cycle=13570 insn=fed758e3
#6800   pc=0040004c cycle=13576 insn=00d7a023
#6801   pc=00400050 cycle=13579 insn=fee7ae23
#6802   pc=00400054 cycle=13579 insn=00088813
#6803   pc=00400058 cycle=13579 insn=fe1ff06f
#6804   pc=00400038 cycle=13580 insn=00478793   x15(a5)=100000a8
#6805   pc=0040003c cycle=13583 insn=02c78063
#6806   pc=00400040 cycle=13586 insn=ffc7a683
#6807   pc=00400044 cycle=13587 insn=0007a703
#6808   pc=00400048 cycle=13590 insn=fed758e3
#6809   pc=0040004c cycle=13591 insn=00d7a023
#6810   pc=00400050 cycle=13594 insn=fee7ae23
#6811   pc=00400054 cycle=13594 insn=00088813
#6812   pc=00400058 cycle=13594 insn=fe1ff06f
#6813   pc=00400038 cycle=13594 insn=00478793   x15(a5)=100000ac
#6814   pc=0040003c cycle=13598 insn=02c78063
#6815   pc=00400040 cycle=13601 insn=ffc7a683   x13(a3)=84c36ccd
#6816   pc=00400044 cycle=13602 insn=0007a703
#6817   pc=00400048 cycle=13605 insn=fed758e3
#6818   pc=00400038 cycle=13611 insn=00478793   x15(a5)=100000b0
#6819   pc=0040003c cycle=13614 insn=02c78063
#6820   pc=00400040 cycle=13616 insn=ffc7a683
#6821   pc=00400044 cycle=13617 insn=0007a703
#6822   pc=00400048 cycle=13620 insn=fed758e3
#6823   pc=00400038 cycle=13620 insn=00478793   x15(a5)=100000b4
#6824   pc=0040003c cycle=13621 insn=02c78063
#6825   pc=00400040 cycle=13623 insn=ffc7a683
#6826   pc=00400044 cycle=13626 insn=0007a703
#6827   pc=00400048 cycle=13629 insn=fed758e3
#6828   pc=00400038 cycle=13629 insn=00478793   x15(a5)=100000b8
#6829   pc=0040003c cycle=13629 insn=02c78063
#6830   pc=00400040 cycle=13632 insn=ffc7a683
#6831   pc=00400044 cycle=13635 insn=0007a703
#6832   pc=00400048 cycle=13638 insn=fed758e3
#6833   pc=00400038 cycle=13638 insn=00478793   x15(a5)=100000bc
#6834   pc=0040003c cycle=13638 insn=02c78063
#6835   pc=00400040 cycle=13641 insn=ffc7a683
#6836   pc=00400044 cycle=13644 insn=0007a703
#6837   pc=00400048 cycle=13647 insn=fed758e3
#6838   pc=00400038 cycle=13647 insn=00478793   x15(a5)=100000c0
#6839   pc=0040003c cycle=13647 insn=02c78063
#6840   pc=00400040 cycle=13650 insn=ffc7a683
#6841   pc=00400044 cycle=13653 insn=0007a703
#6842   pc=00400048 cycle=13656 insn=fed758e3
#6843   pc=00400038 cycle=13656 insn=00478793   x15(a5)=100000c4
#6844   pc=0040003c cycle=13656 insn=02c78063
#6845   pc=00400040 cycle=13659 insn=ffc7a683
#6846   pc=00400044 cycle=13662 insn=0007a703   x14(a4)=80f68da3
#6847   pc=00400048 cycle=13665 insn=fed758e3
#6848   pc=0040004c cycle=13671 insn=00d7a023
#6849   pc=00400050 cycle=13674 insn=fee7ae23
#6850   pc=00400054 cycle=13674 insn=00088813
#6851   pc=00400058 cycle=13674 insn=fe1ff06f
#6852   pc=00400038 cycle=13675 insn=00478793   x15(a5)=100000c8
#6853   pc=0040003c cycle=13678 insn=02c78063
#6854   pc=00400040 cycle=13681 insn=ffc7a683
#6855   pc=00400044 cycle=13682 insn=0007a703   x14(a4)=84c36ccd
#6856   pc=00400048 cycle=13685 insn=fed758e3
#6857   pc=00400038 cycle=13691 insn=00478793   x15(a5)=100000cc
#6858   pc=0040003c cycle=13694 insn=02c78063
#6859   pc=00400040 cycle=13696 insn=ffc7a683
#6860   pc=00400044 cycle=13697 insn=0007a703
#6861   pc=00400048 cycle=13700 insn=fed758e3
#6862   pc=00400038 cycle=13700 insn=00478793   x15(a5)=100000d0
#6863   pc=0040003c cycle=13701 insn=02c78063
#6864   pc=00400040 cycle=13703 insn=ffc7a683
#6865   pc=00400044 cycle=13706 insn=0007a703   x14(a4)=b666c147
#6866   pc=00400048 cycle=13709 insn=fed758e3
#6867   pc=00400038 cycle=13709 insn=00478793   x15(a5)=100000d4
#6868   pc=0040003c cycle=13709 insn=02c78063
#6869   pc=00400040 cycle=13712 insn=ffc7a683   x13(a3)=b666c147
#6870   pc=00400044 cycle=13715 insn=0007a703   x14(a4)=df110986
#6871   pc=00400048 cycle=13718 insn=fed758e3
#6872   pc=00400038 cycle=13718 insn=00478793   x15(a5)=100000d8
#6873   pc=0040003c cycle=13718 insn=02c78063
#6874   pc=00400040 cycle=13721 insn=ffc7a683   x13(a3)=df110986
#6875   pc=00400044 cycle=13724 insn=0007a703
#6876   pc=00400048 cycle=13727 insn=fed758e3
#6877   pc=00400038 cycle=13727 insn=00478793   x15(a5)=100000dc
#6878   pc=0040003c cycle=13727 insn=02c78063
#6879   pc=00400040 cycle=13730 insn=ffc7a683
#6880   pc=00400044 cycle=13733 insn=0007a703
#6881   pc=00400048 cycle=13736 insn=fed758e3
#6882   pc=00400038 cycle=13736 insn=00478793   x15(a5)=100000e0
#6883   pc=0040003c cycle=13736 insn=02c78063
#6884   pc=00400040 cycle=13739 insn=ffc7a683
#6885   pc=00400044 cycle=13742 insn=0007a703   x14(a4)=d5f89e0e
#6886   pc=00400048 cycle=13745 insn=fed758e3
#6887   pc=0040004c cycle=13751 insn=00d7a023
#6888   pc=00400050 cycle=13754 insn=fee7ae23
#6889   pc=00400054 cycle=13754 insn=00088813
#6890   pc=00400058 cycle=13754 insn=fe1ff06f
#6891   pc=00400038 cycle=13755 insn=00478793   x15(a5)=100000e4
#6892   pc=0040003c cycle=13758 insn=02c78063
#6893   pc=00400040 cycle=13761 insn=ffc7a683
#6894   pc=00400044 cycle=13762 insn=0007a703   x14(a4)=e12aa167
#6895   pc=00400048 cycle=13765 insn=fed758e3
#6896   pc=00400038 cycle=13771 insn=00478793   x15(a5)=100000e8
#6897   pc=0040003c cycle=13774 insn=02c78063
#6898   pc=00400040 cycle=13776 insn=ffc7a683   x13(a3)=e12aa167
#6899   pc=00400044 cycle=13777 insn=0007a703   x14(a4)=b5d4a6b5
#6900   pc=00400048 cycle=13780 insn=fed758e3
#6901   pc=0040004c cycle=13786 insn=00d7a023
#6902   pc=00400050 cycle=13789 insn=fee7ae23
#6903   pc=00400054 cycle=13789 insn=00088813
#6904   pc=00400058 cycle=13789 insn=fe1ff06f
#6905   pc=00400038 cycle=13790 insn=00478793   x15(a5)=100000ec
#6906   pc=0040003c cycle=13793 insn=02c78063
#6907   pc=00400040 cycle=13796 insn=ffc7a683
#6908   pc=00400044 cycle=13797 insn=0007a703
#6909   pc=00400048 cycle=13800 insn=fed758e3
#6910   pc=0040004c cycle=13801 insn=00d7a023
#6911   pc=00400050 cycle=13804 insn=fee7ae23
#6912   pc=00400054 cycle=13804 insn=00088813
#6913   pc=00400058 cycle=13804 insn=fe1ff06f
#6914   pc=00400038 cycle=13804 insn=00478793   x15(a5)=100000f0
#6915   pc=0040003c cycle=13808 insn=02c78063
#6916   pc=00400040 cycle=13811 insn=ffc7a683   x13(a3)=b5d4a6b5
#6917   pc=00400044 cycle=13812 insn=0007a703
#6918   pc=00400048 cycle=13815 insn=fed758e3
#6919   pc=00400038 cycle=13821 insn=00478793   x15(a5)=100000f4
#6920   pc=0040003c cycle=13824 insn=02c78063
#6921   pc=00400040 cycle=13826 insn=ffc7a683
#6922   pc=00400044 cycle=13827 insn=0007a703
#6923   pc=00400048 cycle=13830 insn=fed758e3
#6924   pc=00400038 cycle=13830 insn=00478793   x15(a5)=100000f8
#6925   pc=0040003c cycle=13831 insn=02c78063
#6926   pc=00400040 cycle=13833 insn=ffc7a683
#6927   pc=00400044 cycle=13836 insn=0007a703
#6928   pc=00400048 cycle=13839 insn=fed758e3
#6929   pc=00400038 cycle=13839 insn=00478793   x15(a5)=100000fc
#6930   pc=0040003c cycle=13839 insn=02c78063
#6931   pc=00400040 cycle=13842 insn=ffc7a683
#6932   pc=00400044 cycle=13845 insn=0007a703   x14(a4)=9577ad12
#6933   pc=00400048 cycle=13848 insn=fed758e3
#6934   pc=0040004c cycle=13854 insn=00d7a023
#6935   pc=00400050 cycle=13857 insn=fee7ae23
#6936   pc=00400054 cycle=13857 insn=00088813
#6937   pc=00400058 cycle=13857 insn=fe1ff06f
#6938   pc=00400038 cycle=13858 insn=00478793   x15(a5)=10000100
#6939   pc=0040003c cycle=13861 insn=02c78063
#6940   pc=00400040 cycle=13864 insn=ffc7a683
#6941   pc=00400044 cycle=13865 insn=0007a703   x14(a4)=b5d4a6b5
#6942   pc=00400048 cycle=13868 insn=fed758e3
#6943   pc=00400038 cycle=13874 insn=00478793   x15(a5)=10000104
#6944   pc=0040003c cycle=13877 insn=02c78063
#6945   pc=00400040 cycle=13879 insn=ffc7a683
#6946   pc=00400044 cycle=13880 insn=0007a703   x14(a4)=a563eb19
#6947   pc=00400048 cycle=13883 insn=fed758e3
#6948   pc=0040004c cycle=13889 insn=00d7a023
#6949   pc=00400050 cycle=13892 insn=fee7ae23
#6950   pc=00400054 cycle=13892 insn=00088813
#6951   pc=00400058 cycle=13892 insn=fe1ff06f
#6952   pc=00400038 cycle=13893 insn=00478793   x15(a5)=10000108
#6953   pc=0040003c cycle=13896 insn=02c78063
#6954   pc=00400040 cycle=13899 insn=ffc7a683
#6955   pc=00400044 cycle=13900 insn=0007a703   x14(a4)=b5d4a6b5
#6956   pc=00400048 cycle=13903 insn=fed758e3
#6957   pc=00400038 cycle=13909 insn=00478793   x15(a5)=1000010c
#6958   pc=0040003c cycle=13912 insn=02c78063
#6959   pc=00400040 cycle=13914 insn=ffc7a683
#6960   pc=00400044 cycle=13915 insn=0007a703
#6961   pc=00400048 cycle=13918 insn=fed758e3
#6962   pc=00400038 cycle=13918 insn=00478793   x15(a5)=10000110
#6963   pc=0040003c cycle=13919 insn=02c78063
#6964   pc=0040005c cycle=13925 insn=ffc60613   x12(a2)=1000010c
#6965   pc=00400060 cycle=13927 insn=fc0812e3
#6966   pc=00400024 cycle=13929 insn=fff58593   x11(a1)=00000042
#6967   pc=00400028 cycle=13932 insn=02b05e63
#6968   pc=0040002c cycle=13932 insn=00450793   x15(a5)=10000004
#6969   pc=00400030 cycle=13932 insn=00030813   x16(a6)=00000000
#6970   pc=00400034 cycle=13933 insn=00c0006f
#6971   pc=00400040 cycle=13938 insn=ffc7a683   x13(a3)=859babf3
#6972   pc=00400044 cycle=13939 insn=0007a703   x14(a4)=859babf3
#6973   pc=00400048 cycle=13942 insn=fed758e3
#6974   pc=00400038 cycle=13942 insn=00478793   x15(a5)=10000008
#6975   pc=0040003c cycle=13943 insn=02c78063
#6976   pc=00400040 cycle=13945 insn=ffc7a683
#6977   pc=00400044 cycle=13948 insn=0007a703
#6978   pc=00400048 cycle=13951 insn=fed758e3
#6979   pc=00400038 cycle=13951 insn=00478793   x15(a5)=1000000c
#6980   pc=0040003c cycle=13951 insn=02c78063
#6981   pc=00400040 cycle=13954 insn=ffc7a683
#6982   pc=00400044 cycle=13957 insn=0007a703
#6983   pc=00400048 cycle=13960 insn=fed758e3
#6984   pc=00400038 cycle=13960 insn=00478793   x15(a5)=10000010
#6985   pc=0040003c cycle=13960 insn=02c78063
#6986   pc=00400040 cycle=13963 insn=ffc7a683
#6987   pc=00400044 cycle=13966 insn=0007a703
#6988   pc=00400048 cycle=13969 insn=fed758e3
#6989   pc=00400038 cycle=13969 insn=00478793   x15(a5)=10000014
#6990   pc=0040003c cycle=13969 insn=02c78063
#6991   pc=00400040 cycle=13972 insn=ffc7a683
#6992   pc=00400044 cycle=13975 insn=0007a703   x14(a4)=9002dc0d
#6993   pc=00400048 cycle=13978 insn=fed758e3
#6994   pc=00400038 cycle=13978 insn=00478793   x15(a5)=10000018
#6995   pc=0040003c cycle=13978 insn=02c78063
#6996   pc=00400040 cycle=13981 insn=ffc7a683   x13(a3)=9002dc0d
#6997   pc=00400044 cycle=13984 insn=0007a703
#6998   pc=00400048 cycle=13987 insn=fed758e3
#6999   pc=00400038 cycle=13987 insn=00478793   x15(a5)=1000001c
#7000   pc=0040003c cycle=13987 insn=02c78063
#7001   pc=00400040 cycle=13990 insn=ffc7a683
#7002   pc=00400044 cycle=13993 insn=0007a703
#7003   pc=00400048 cycle=13996 insn=fed758e3
#7004   pc=00400038 cycle=13996 insn=00478793   x15(a5)=10000020
#7005   pc=0040003c cycle=13996 insn=02c78063
#7006   pc=00400040 cycle=13999 insn=ffc7a683
#7007   pc=00400044 cycle=14002 insn=0007a703
#7008   pc=00400048 cycle=14005 insn=fed758e3
#7009   pc=00400038 cycle=14005 insn=00478793   x15(a5)=10000024
#7010   pc=0040003c cycle=14005 insn=02c78063
#7011   pc=00400040 cycle=14008 insn=ffc7a683
#7012   pc=00400044 cycle=14011 insn=0007a703
#7013   pc=00400048 cycle=14014 insn=fed758e3
#7014   pc=00400038 cycle=14014 insn=00478793   x15(a5)=10000028
#7015   pc=0040003c cycle=14014 insn=02c78063
#7016   pc=00400040 cycle=14017 insn=ffc7a683
#7017   pc=00400044 cycle=14020 insn=0007a703
#7018   pc=00400048 cycle=14023 insn=fed758e3
#7019   pc=00400038 cycle=14023 insn=00478793   x15(a5)=1000002c
#7020   pc=0040003c cycle=14023 insn=02c78063
#7021   pc=00400040 cycle=14026 insn=ffc7a683
#7022   pc=00400044 cycle=14029 insn=0007a703   x14(a4)=b79b2005
#7023   pc=00400048 cycle=14032 insn=fed758e3
#7024   pc=00400038 cycle=14032 insn=00478793   x15(a5)=10000030
#7025   pc=0040003c cycle=14032 insn=02c78063
#7026   pc=00400040 cycle=14035 insn=ffc7a683   x13(a3)=b79b2005
#7027   pc=00400044 cycle=14038 insn=0007a703
#7028   pc=00400048 cycle=14041 insn=fed758e3
#7029   pc=00400038 cycle=14041 insn=00478793   x15(a5)=10000034
#7030   pc=0040003c cycle=14041 insn=02c78063
#7031   pc=00400040 cycle=14044 insn=ffc7a683
#7032   pc=00400044 cycle=14047 insn=0007a703
#7033   pc=00400048 cycle=14050 insn=fed758e3
#7034   pc=00400038 cycle=14050 insn=00478793   x15(a5)=10000038
#7035   pc=0040003c cycle=14050 insn=02c78063
#7036   pc=00400040 cycle=14053 insn=ffc7a683
#7037   pc=00400044 cycle=14056 insn=0007a703   x14(a4)=bfdfe5b0
#7038   pc=00400048 cycle=14059 insn=fed758e3
#7039   pc=00400038 cycle=14059 insn=00478793   x15(a5)=1000003c
#7040   pc=0040003c cycle=14059 insn=02c78063
#7041   pc=00400040 cycle=14062 insn=ffc7a683   x13(a3)=bfdfe5b0
#7042   pc=00400044 cycle=14065 insn=0007a703
#7043   pc=00400048 cycle=14068 insn=fed758e3
#7044   pc=00400038 cycle=14068 insn=00478793   x15(a5)=10000040
#7045   pc=0040003c cycle=14068 insn=02c78063
#7046   pc=00400040 cycle=14071 insn=ffc7a683
#7047   pc=00400044 cycle=14074 insn=0007a703
#7048   pc=00400048 cycle=14077 insn=fed758e3
#7049   pc=00400038 cycle=14077 insn=00478793   x15(a5)=10000044
#7050   pc=0040003c cycle=14077 insn=02c78063
#7051   pc=00400040 cycle=14080 insn=ffc7a683
#7052   pc=00400044 cycle=14083 insn=0007a703
#7053   pc=00400048 cycle=14086 insn=fed758e3
#7054   pc=00400038 cycle=14086 insn=00478793   x15(a5)=10000048
#7055   pc=0040003c cycle=14086 insn=02c78063
#7056   pc=00400040 cycle=14089 insn=ffc7a683
#7057   pc=00400044 cycle=14092 insn=0007a703
#7058   pc=00400048 cycle=14095 insn=fed758e3
#7059   pc=00400038 cycle=14095 insn=00478793   x15(a5)=1000004c
#7060   pc=0040003c cycle=14095 insn=02c78063
#7061   pc=00400040 cycle=14098 insn=ffc7a683
#7062   pc=00400044 cycle=14101 insn=0007a703
#7063   pc=00400048 cycle=14104 insn=fed758e3
#7064   pc=00400038 cycle=14104 insn=00478793   x15(a5)=10000050
#7065   pc=0040003c cycle=14104 insn=02c78063
#7066   pc=00400040 cycle=14107 insn=ffc7a683
#7067   pc=00400044 cycle=14110 insn=0007a703
#7068   pc=00400048 cycle=14113 insn=fed758e3
#7069   pc=00400038 cycle=14113 insn=00478793   x15(a5)=10000054
#7070   pc=0040003c cycle=14113 insn=02c78063
#7071   pc=00400040 cycle=14116 insn=ffc7a683
#7072   pc=00400044 cycle=14119 insn=0007a703   x14(a4)=b7aa02c6
#7073   pc=00400048 cycle=14122 insn=fed758e3
#7074   pc=0040004c cycle=14128 insn=00d7a023
#7075   pc=00400050 cycle=14131 insn=fee7ae23
#7076   pc=00400054 cycle=14131 insn=00088813   x16(a6)=00000001
#7077   pc=00400058 cycle=14131 insn=fe1ff06f
#7078   pc=00400038 cycle=14132 insn=00478793   x15(a5)=10000058
#7079   pc=0040003c cycle=14135 insn=02c78063
#7080   pc=00400040 cycle=14138 insn=ffc7a683
#7081   pc=00400044 cycle=14139 insn=0007a703   x14(a4)=bfdfe5b0
#7082   pc=00400048 cycle=14142 insn=fed758e3
#7083   pc=00400038 cycle=14148 insn=00478793   x15(a5)=1000005c
#7084   pc=0040003c cycle=14151 insn=02c78063
#7085   pc=00400040 cycle=14153 insn=ffc7a683
#7086   pc=00400044 cycle=14154 insn=0007a703   x14(a4)=af5305e5
#7087   pc=00400048 cycle=14157 insn=fed758e3
#7088   pc=0040004c cycle=14163 insn=00d7a023
#7089   pc=00400050 cycle=14166 insn=fee7ae23
#7090   pc=00400054 cycle=14166 insn=00088813
#7091   pc=00400058 cycle=14166 insn=fe1ff06f
#7092   pc=00400038 cycle=14167 insn=00478793   x15(a5)=10000060
#7093   pc=0040003c cycle=14170 insn=02c78063
#7094   pc=00400040 cycle=14173 insn=ffc7a683
#7095   pc=00400044 cycle=14174 insn=0007a703   x14(a4)=82f2d29c
#7096   pc=00400048 cycle=14177 insn=fed758e3
#7097   pc=0040004c cycle=14178 insn=00d7a023
#7098   pc=00400050 cycle=14181 insn=fee7ae23
#7099   pc=00400054 cycle=14181 insn=00088813
#7100   pc=00400058 cycle=14181 insn=fe1ff06f
#7101   pc=00400038 cycle=14181 insn=00478793   x15(a5)=10000064
#7102   pc=0040003c cycle=14185 insn=02c78063
#7103   pc=00400040 cycle=14188 insn=ffc7a683   x13(a3)=82f2d29c
#7104   pc=00400044 cycle=14189 insn=0007a703
#7105   pc=00400048 cycle=14192 insn=fed758e3
#7106   pc=00400038 cycle=14198 insn=00478793   x15(a5)=10000068
#7107   pc=0040003c cycle=14201 insn=02c78063
#7108   pc=00400040 cycle=14203 insn=ffc7a683
#7109   pc=00400044 cycle=14204 insn=0007a703
#7110   pc=00400048 cycle=14207 insn=fed758e3
#7111   pc=00400038 cycle=14207 insn=00478793   x15(a5)=1000006c
#7112   pc=0040003c cycle=14208 insn=02c78063
#7113   pc=00400040 cycle=14210 insn=ffc7a683
#7114   pc=00400044 cycle=14213 insn=0007a703
#7115   pc=00400048 cycle=14216 insn=fed758e3
#7116   pc=00400038 cycle=14216 insn=00478793   x15(a5)=10000070
#7117   pc=0040003c cycle=14216 insn=02c78063
#7118   pc=00400040 cycle=14219 insn=ffc7a683
#7119   pc=00400044 cycle=14222 insn=0007a703
#7120   pc=00400048 cycle=14225 insn=fed758e3
#7121   pc=00400038 cycle=14225 insn=00478793   x15(a5)=10000074
#7122   pc=0040003c cycle=14225 insn=02c78063
#7123   pc=00400040 cycle=14228 insn=ffc7a683
#7124   pc=00400044 cycle=14231 insn=0007a703
#7125   pc=00400048 cycle=14234 insn=fed758e3
#7126   pc=00400038 cycle=14234 insn=00478793   x15(a5)=10000078
#7127   pc=0040003c cycle=14234 insn=02c78063
#7128   pc=00400040 cycle=14237 insn=ffc7a683
#7129   pc=00400044 cycle=14240 insn=0007a703
#7130   pc=00400048 cycle=14243 insn=fed758e3
#7131   pc=00400038 cycle=14243 insn=00478793   x15(a5)=1000007c
#7132   pc=0040003c cycle=14243 insn=02c78063
#7133   pc=00400040 cycle=14246 insn=ffc7a683
#7134   pc=00400044 cycle=14249 insn=0007a703
#7135   pc=00400048 cycle=14252 insn=fed758e3
#7136   pc=00400038 cycle=14252 insn=00478793   x15(a5)=10000080
#7137   pc=0040003c cycle=14252 insn=02c78063
#7138   pc=00400040 cycle=14255 insn=ffc7a683
#7139   pc=00400044 cycle=14258 insn=0007a703
#7140   pc=00400048 cycle=14261 insn=fed758e3
#7141   pc=00400038 cycle=14261 insn=00478793   x15(a5)=10000084
#7142   pc=0040003c cycle=14261 insn=02c78063
#7143   pc=00400040 cycle=14264 insn=ffc7a683
#7144   pc=00400044 cycle=14267 insn=0007a703
#7145   pc=00400048 cycle=14270 insn=fed758e3
#7146   pc=00400038 cycle=14270 insn=00478793   x15(a5)=10000088
#7147   pc=0040003c cycle=14270 insn=02c78063
#7148   pc=00400040 cycle=14273 insn=ffc7a683
#7149   pc=00400044 cycle=14276 insn=0007a703
#7150   pc=00400048 cycle=14279 insn=fed758e3
#7151   pc=00400038 cycle=14279 insn=00478793   x15(a5)=1000008c
#7152   pc=0040003c cycle=14279 insn=02c78063
#7153   pc=00400040 cycle=14282 insn=ffc7a683
#7154   pc=00400044 cycle=14285 insn=0007a703   x14(a4)=add48d17
#7155   pc=00400048 cycle=14288 insn=fed758e3
#7156   pc=00400038 cycle=14288 insn=00478793   x15(a5)=10000090
#7157   pc=0040003c cycle=14288 insn=02c78063
#7158   pc=00400040 cycle=14291 insn=ffc7a683   x13(a3)=add48d17
#7159   pc=00400044 cycle=14294 insn=0007a703
#7160   pc=00400048 cycle=14297 insn=fed758e3
#7161   pc=00400038 cycle=14297 insn=00478793   x15(a5)=10000094
#7162   pc=0040003c cycle=14297 insn=02c78063
#7163   pc=00400040 cycle=14300 insn=ffc7a683
#7164   pc=00400044 cycle=14303 insn=0007a703
#7165   pc=00400048 cycle=14306 insn=fed758e3
#7166   pc=00400038 cycle=14306 insn=00478793   x15(a5)=10000098
#7167   pc=0040003c cycle=14306 insn=02c78063
#7168   pc=00400040 cycle=14309 insn=ffc7a683
#7169   pc=00400044 cycle=14312 insn=0007a703
#7170   pc=00400048 cycle=14315 insn=fed758e3
#7171   pc=00400038 cycle=14315 insn=00478793   x15(a5)=1000009c
#7172   pc=0040003c cycle=14315 insn=02c78063
#7173   pc=00400040 cycle=14318 insn=ffc7a683
#7174   pc=00400044 cycle=14321 insn=0007a703
#7175   pc=00400048 cycle=14324 insn=fed758e3
#7176   pc=00400038 cycle=14324 insn=00478793   x15(a5)=100000a0
#7177   pc=0040003c cycle=14324 insn=02c78063
#7178   pc=00400040 cycle=14327 insn=ffc7a683
#7179   pc=00400044 cycle=14330 insn=0007a703   x14(a4)=84c36ccd
#7180   pc=00400048 cycle=14333 insn=fed758e3
#7181   pc=0040004c cycle=14339 insn=00d7a023
#7182   pc=00400050 cycle=14342 insn=fee7ae23
#7183   pc=00400054 cycle=14342 insn=00088813
#7184   pc=00400058 cycle=14342 insn=fe1ff06f
#7185   pc=00400038 cycle=14343 insn=00478793   x15(a5)=100000a4
#7186   pc=0040003c cycle=14346 insn=02c78063
#7187   pc=00400040 cycle=14349 insn=ffc7a683
#7188   pc=00400044 cycle=14350 insn=0007a703
#7189   pc=00400048 cycle=14353 insn=fed758e3
#7190   pc=0040004c cycle=14354 insn=00d7a023
#7191   pc=00400050 cycle=14357 insn=fee7ae23
#7192   pc=00400054 cycle=14357 insn=00088813
#7193   pc=00400058 cycle=14357 insn=fe1ff06f
#7194   pc=00400038 cycle=14357 insn=00478793   x15(a5)=100000a8
#7195   pc=0040003c cycle=14361 insn=02c78063
#7196   pc=00400040 cycle=14364 insn=ffc7a683   x13(a3)=84c36ccd
#7197   pc=00400044 cycle=14365 insn=0007a703
#7198   pc=00400048 cycle=14368 insn=fed758e3
#7199   pc=00400038 cycle=14374 insn=00478793   x15(a5)=100000ac
#7200   pc=0040003c cycle=14377 insn=02c78063
#7201   pc=00400040 cycle=14379 insn=ffc7a683
#7202   pc=00400044 cycle=14380 insn=0007a703
#7203   pc=00400048 cycle=14383 insn=fed758e3
#7204   pc=00400038 cycle=14383 insn=00478793   x15(a5)=100000b0
#7205   pc=0040003c cycle=14384 insn=02c78063
#7206   pc=00400040 cycle=14386 insn=ffc7a683
#7207   pc=00400044 cycle=14389 insn=0007a703
#7208   pc=00400048 cycle=14392 insn=fed758e3
#7209   pc=00400038 cycle=14392 insn=00478793   x15(a5)=100000b4
#7210   pc=0040003c cycle=14392 insn=02c78063
#7211   pc=00400040 cycle=14395 insn=ffc7a683
#7212   pc=00400044 cycle=14398 insn=0007a703
#7213   pc=00400048 cycle=14401 insn=fed758e3
#7214   pc=00400038 cycle=14401 insn=00478793   x15(a5)=100000b8
#7215   pc=0040003c cycle=14401 insn=02c78063
#7216   pc=00400040 cycle=14404 insn=ffc7a683
#7217   pc=00400044 cycle=14407 insn=0007a703
#7218   pc=00400048 cycle=14410 insn=fed758e3
#7219   pc=00400038 cycle=14410 insn=00478793   x15(a5)=100000bc
#7220   pc=0040003c cycle=14410 insn=02c78063
#7221   pc=00400040 cycle=14413 insn=ffc7a683
#7222   pc=00400044 cycle=14416 insn=0007a703
#7223   pc=00400048 cycle=14419 insn=fed758e3
#7224   pc=00400038 cycle=14419 insn=00478793   x15(a5)=100000c0
#7225   pc=0040003c cycle=14419 insn=02c78063
#7226   pc=00400040 cycle=14422 insn=ffc7a683
#7227   pc=00400044 cycle=14425 insn=0007a703   x14(a4)=80f68da3
#7228   pc=00400048 cycle=14428 insn=fed758e3
#7229   pc=0040004c cycle=14434 insn=00d7a023
#7230   pc=00400050 cycle=14437 insn=fee7ae23
#7231   pc=00400054 cycle=14437 insn=00088813
#7232   pc=00400058 cycle=14437 insn=fe1ff06f
#7233   pc=00400038 cycle=14438 insn=00478793   x15(a5)=100000c4
#7234   pc=0040003c cycle=14441 insn=02c78063
#7235   pc=00400040 cycle=14444 insn=ffc7a683
#7236   pc=00400044 cycle=14445 insn=0007a703   x14(a4)=84c36ccd
#7237   pc=00400048 cycle=14448 insn=fed758e3
#7238   pc=00400038 cycle=14454 insn=00478793   x15(a5)=100000c8
#7239   pc=0040003c cycle=14457 insn=02c78063
#7240   pc=00400040 cycle=14459 insn=ffc7a683
#7241   pc=00400044 cycle=14460 insn=0007a703
#7242   pc=00400048 cycle=14463 insn=fed758e3
#7243   pc=00400038 cycle=14463 insn=00478793   x15(a5)=100000cc
#7244   pc=0040003c cycle=14464 insn=02c78063
#7245   pc=00400040 cycle=14466 insn=ffc7a683
#7246   pc=00400044 cycle=14469 insn=0007a703
#7247   pc=00400048 cycle=14472 insn=fed758e3
#7248   pc=00400038 cycle=14472 insn=00478793   x15(a5)=100000d0
#7249   pc=0040003c cycle=14472 insn=02c78063
#7250   pc=00400040 cycle=14475 insn=ffc7a683
#7251   pc=00400044 cycle=14478 insn=0007a703   x14(a4)=b666c147
#7252   pc=00400048 cycle=14481 insn=fed758e3
#7253   pc=00400038 cycle=14481 insn=00478793   x15(a5)=100000d4
#7254   pc=0040003c cycle=14481 insn=02c78063
#7255   pc=00400040 cycle=14484 insn=ffc7a683   x13(a3)=b666c147
#7256   pc=00400044 cycle=14487 insn=0007a703   x14(a4)=df110986
#7257   pc=00400048 cycle=14490 insn=fed758e3
#7258   pc=00400038 cycle=14490 insn=00478793   x15(a5)=100000d8
#7259   pc=0040003c cycle=14490 insn=02c78063
#7260   pc=00400040 cycle=14493 insn=ffc7a683   x13(a3)=df110986
#7261   pc=00400044 cycle=14496 insn=0007a703
#7262   pc=00400048 cycle=14499 insn=fed758e3
#7263   pc=00400038 cycle=14499 insn=00478793   x15(a5)=100000dc
#7264   pc=0040003c cycle=14499 insn=02c78063
#7265   pc=00400040 cycle=14502 insn=ffc7a683
#7266   pc=00400044 cycle=14505 insn=0007a703   x14(a4)=d5f89e0e
#7267   pc=00400048 cycle=14508 insn=fed758e3
#7268   pc=0040004c cycle=14514 insn=00d7a023
#7269   pc=00400050 cycle=14517 insn=fee7ae23
#7270   pc=00400054 cycle=14517 insn=00088813
#7271   pc=00400058 cycle=14517 insn=fe1ff06f
#7272   pc=00400038 cycle=14518 insn=00478793   x15(a5)=100000e0
#7273   pc=0040003c cycle=14521 insn=02c78063
#7274   pc=00400040 cycle=14524 insn=ffc7a683
#7275   pc=00400044 cycle=14525 insn=0007a703   x14(a4)=df110986
#7276   pc=00400048 cycle=14528 insn=fed758e3
#7277   pc=00400038 cycle=14534 insn=00478793   x15(a5)=100000e4
#7278   pc=0040003c cycle=14537 insn=02c78063
#7279   pc=00400040 cycle=14539 insn=ffc7a683
#7280   pc=00400044 cycle=14540 insn=0007a703   x14(a4)=b5d4a6b5
#7281   pc=00400048 cycle=14543 insn=fed758e3
#7282   pc=0040004c cycle=14549 insn=00d7a023
#7283   pc=00400050 cycle=14552 insn=fee7ae23
#7284   pc=00400054 cycle=14552 insn=00088813
#7285   pc=00400058 cycle=14552 insn=fe1ff06f
#7286   pc=00400038 cycle=14553 insn=00478793   x15(a5)=100000e8
#7287   pc=0040003c cycle=14556 insn=02c78063
#7288   pc=00400040 cycle=14559 insn=ffc7a683
#7289   pc=00400044 cycle=14560 insn=0007a703
#7290   pc=00400048 cycle=14563 insn=fed758e3
#7291   pc=0040004c cycle=14564 insn=00d7a023
#7292   pc=00400050 cycle=14567 insn=fee7ae23
#7293   pc=00400054 cycle=14567 insn=00088813
#7294   pc=00400058 cycle=14567 insn=fe1ff06f
#7295   pc=00400038 cycle=14567 insn=00478793   x15(a5)=100000ec
#7296   pc=0040003c cycle=14571 insn=02c78063
#7297   pc=00400040 cycle=14574 insn=ffc7a683   x13(a3)=b5d4a6b5
#7298   pc=00400044 cycle=14575 insn=0007a703
#7299   pc=00400048 cycle=14578 insn=fed758e3
#7300   pc=00400038 cycle=14584 insn=00478793   x15(a5)=100000f0
#7301   pc=0040003c cycle=14587 insn=02c78063
#7302   pc=00400040 cycle=14589 insn=ffc7a683
#7303   pc=00400044 cycle=14590 insn=0007a703
#7304   pc=00400048 cycle=14593 insn=fed758e3
#7305   pc=00400038 cycle=14593 insn=00478793   x15(a5)=100000f4
#7306   pc=0040003c cycle=14594 insn=02c78063
#7307   pc=00400040 cycle=14596 insn=ffc7a683
#7308   pc=00400044 cycle=14599 insn=0007a703
#7309   pc=00400048 cycle=14602 insn=fed758e3
#7310   pc=00400038 cycle=14602 insn=00478793   x15(a5)=100000f8
#7311   pc=0040003c cycle=14602 insn=02c78063
#7312   pc=00400040 cycle=14605 insn=ffc7a683
#7313   pc=00400044 cycle=14608 insn=0007a703   x14(a4)=9577ad12
#7314   pc=00400048 cycle=14611 insn=fed758e3
#7315   pc=0040004c cycle=14617 insn=00d7a023
#7316   pc=00400050 cycle=14620 insn=fee7ae23
#7317   pc=00400054 cycle=14620 insn=00088813
#7318   pc=00400058 cycle=14620 insn=fe1ff06f
#7319   pc=00400038 cycle=14621 insn=00478793   x15(a5)=100000fc
#7320   pc=0040003c cycle=14624 insn=02c78063
#7321   pc=00400040 cycle=14627 insn=ffc7a683
#7322   pc=00400044 cycle=14628 insn=0007a703   x14(a4)=b5d4a6b5
#7323   pc=00400048 cycle=14631 insn=fed758e3
#7324   pc=00400038 cycle=14637 insn=00478793   x15(a5)=10000100
#7325   pc=0040003c cycle=14640 insn=02c78063
#7326   pc=00400040 cycle=14642 insn=ffc7a683
#7327   pc=00400044 cycle=14643 insn=0007a703   x14(a4)=a563eb19
#7328   pc=00400048 cycle=14646 insn=fed758e3
#7329   pc=0040004c cycle=14652 insn=00d7a023
#7330   pc=00400050 cycle=14655 insn=fee7ae23
#7331   pc=00400054 cycle=14655 insn=00088813
#7332   pc=00400058 cycle=14655 insn=fe1ff06f
#7333   pc=00400038 cycle=14656 insn=00478793   x15(a5)=10000104
#7334   pc=0040003c cycle=14659 insn=02c78063
#7335   pc=00400040 cycle=14662 insn=ffc7a683
#7336   pc=00400044 cycle=14663 insn=0007a703   x14(a4)=b5d4a6b5
#7337   pc=00400048 cycle=14666 insn=fed758e3
#7338   pc=00400038 cycle=14672 insn=00478793   x15(a5)=10000108
#7339   pc=0040003c cycle=14675 insn=02c78063
#7340   pc=00400040 cycle=14677 insn=ffc7a683
#7341   pc=00400044 cycle=14678 insn=0007a703
#7342   pc=00400048 cycle=14681 insn=fed758e3
#7343   pc=00400038 cycle=14681 insn=00478793   x15(a5)=1000010c
#7344   pc=0040003c cycle=14682 insn=02c78063
#7345   pc=0040005c cycle=14688 insn=ffc60613   x12(a2)=10000108
#7346   pc=00400060 cycle=14690 insn=fc0812e3
#7347   pc=00400024 cycle=14692 insn=fff58593   x11(a1)=00000041
#7348   pc=00400028 cycle=14695 insn=02b05e63
#7349   pc=0040002c cycle=14695 insn=00450793   x15(a5)=10000004
#7350   pc=00400030 cycle=14695 insn=00030813   x16(a6)=00000000
#7351   pc=00400034 cycle=14696 insn=00c0006f
#7352   pc=00400040 cycle=14701 insn=ffc7a683   x13(a3)=859babf3
#7353   pc=00400044 cycle=14702 insn=0007a703   x14(a4)=859babf3
#7354   pc=00400048 cycle=14705 insn=fed758e3
#7355   pc=00400038 cycle=14705 insn=00478793   x15(a5)=10000008
#7356   pc=0040003c cycle=14706 insn=02c78063
#7357   pc=00400040 cycle=14708 insn=ffc7a683
#7358   pc=00400044 cycle=14711 insn=0007a703
#7359   pc=00400048 cycle=14714 insn=fed758e3
#7360   pc=00400038 cycle=14714 insn=00478793   x15(a5)=1000000c
#7361   pc=0040003c cycle=14714 insn=02c78063
#7362   pc=00400040 cycle=14717 insn=ffc7a683
#7363   pc=00400044 cycle=14720 insn=0007a703
#7364   pc=00400048 cycle=14723 insn=fed758e3
#7365   pc=00400038 cycle=14723 insn=00478793   x15(a5)=10000010
#7366   pc=0040003c cycle=14723 insn=02c78063
#7367   pc=00400040 cycle=14726 insn=ffc7a683
#7368   pc=00400044 cycle=14729 insn=0007a703
#7369   pc=00400048 cycle=14732 insn=fed758e3
#7370   pc=00400038 cycle=14732 insn=00478793   x15(a5)=10000014
#7371   pc=0040003c cycle=14732 insn=02c78063
#7372   pc=00400040 cycle=14735 insn=ffc7a683
#7373   pc=00400044 cycle=14738 insn=0007a703   x14(a4)=9002dc0d
#7374   pc=00400048 cycle=14741 insn=fed758e3
#7375   pc=00400038 cycle=14741 insn=00478793   x15(a5)=10000018
#7376   pc=0040003c cycle=14741 insn=02c78063
#7377   pc=00400040 cycle=14744 insn=ffc7a683   x13(a3)=9002dc0d
#7378   pc=00400044 cycle=14747 insn=0007a703
#7379   pc=00400048 cycle=14750 insn=fed758e3
#7380   pc=00400038 cycle=14750 insn=00478793   x15(a5)=1000001c
#7381   pc=0040003c cycle=14750 insn=02c78063
#7382   pc=00400040 cycle=14753 insn=ffc7a683
#7383   pc=00400044 cycle=14756 insn=0007a703
#7384   pc=00400048 cycle=14759 insn=fed758e3
#7385   pc=00400038 cycle=14759 insn=00478793   x15(a5)=10000020
#7386   pc=0040003c cycle=14759 insn=02c78063
#7387   pc=00400040 cycle=14762 insn=ffc7a683
#7388   pc=00400044 cycle=14765 insn=0007a703
#7389   pc=00400048 cycle=14768 insn=fed758e3
#7390   pc=00400038 cycle=14768 insn=00478793   x15(a5)=10000024
#7391   pc=0040003c cycle=14768 insn=02c78063
#7392   pc=00400040 cycle=14771 insn=ffc7a683
#7393   pc=00400044 cycle=14774 insn=0007a703
#7394   pc=00400048 cycle=14777 insn=fed758e3
#7395   pc=00400038 cycle=14777 insn=00478793   x15(a5)=10000028
#7396   pc=0040003c cycle=14777 insn=02c78063
#7397   pc=00400040 cycle=14780 insn=ffc7a683
#7398   pc=00400044 cycle=14783 insn=0007a703
#7399   pc=00400048 cycle=14786 insn=fed758e3
#7400   pc=00400038 cycle=14786 insn=00478793   x15(a5)=1000002c
#7401   pc=0040003c cycle=14786 insn=02c78063
#7402   pc=00400040 cycle=14789 insn=ffc7a683
#7403   pc=00400044 cycle=14792 insn=0007a703   x14(a4)=b79b2005
#7404   pc=00400048 cycle=14795 insn=fed758e3
#7405   pc=00400038 cycle=14795 insn=00478793   x15(a5)=10000030
#7406   pc=0040003c cycle=14795 insn=02c78063
#7407   pc=00400040 cycle=14798 insn=ffc7a683   x13(a3)=b79b2005
#7408   pc=00400044 cycle=14801 insn=0007a703
#7409   pc=00400048 cycle=14804 insn=fed758e3
#7410   pc=00400038 cycle=14804 insn=00478793   x15(a5)=10000034
#7411   pc=0040003c cycle=14804 insn=02c78063
#7412   pc=00400040 cycle=14807 insn=ffc7a683
#7413   pc=00400044 cycle=14810 insn=0007a703
#7414   pc=00400048 cycle=14813 insn=fed758e3
#7415   pc=00400038 cycle=14813 insn=00478793   x15(a5)=10000038
#7416   pc=0040003c cycle=14813 insn=02c78063
#7417   pc=00400040 cycle=14816 insn=ffc7a683
#7418   pc=00400044 cycle=14819 insn=0007a703   x14(a4)=bfdfe5b0
#7419   pc=00400048 cycle=14822 insn=fed758e3
#7420   pc=00400038 cycle=14822 insn=00478793   x15(a5)=1000003c
#7421   pc=0040003c cycle=14822 insn=02c78063
#7422   pc=00400040 cycle=14825 insn=ffc7a683   x13(a3)=bfdfe5b0
#7423   pc=00400044 cycle=14828 insn=0007a703
#7424   pc=00400048 cycle=14831 insn=fed758e3
#7425   pc=00400038 cycle=14831 insn=00478793   x15(a5)=10000040
#7426   pc=0040003c cycle=14831 insn=02c78063
#7427   pc=00400040 cycle=14834 insn=ffc7a683
#7428   pc=00400044 cycle=14837 insn=0007a703
#7429   pc=00400048 cycle=14840 insn=fed758e3
#7430   pc=00400038 cycle=14840 insn=00478793   x15(a5)=10000044
#7431   pc=0040003c cycle=14840 insn=02c78063
#7432   pc=00400040 cycle=14843 insn=ffc7a683
#7433   pc=00400044 cycle=14846 insn=0007a703
#7434   pc=00400048 cycle=14849 insn=fed758e3
#7435   pc=00400038 cycle=14849 insn=00478793   x15(a5)=10000048
#7436   pc=0040003c cycle=14849 insn=02c78063
#7437   pc=00400040 cycle=14852 insn=ffc7a683
#7438   pc=00400044 cycle=14855 insn=0007a703
#7439   pc=00400048 cycle=14858 insn=fed758e3
#7440   pc=00400038 cycle=14858 insn=00478793   x15(a5)=1000004c
#7441   pc=0040003c cycle=14858 insn=02c78063
#7442   pc=00400040 cycle=14861 insn=ffc7a683
#7443   pc=00400044 cycle=14864 insn=0007a703
#7444   pc=00400048 cycle=14867 insn=fed758e3
#7445   pc=00400038 cycle=14867 insn=00478793   x15(a5)=10000050
#7446   pc=0040003c cycle=14867 insn=02c78063
#7447   pc=00400040 cycle=14870 insn=ffc7a683
#7448   pc=00400044 cycle=14873 insn=0007a703   x14(a4)=b7aa02c6
#7449   pc=00400048 cycle=14876 insn=fed758e3
#7450   pc=0040004c cycle=14882 insn=00d7a023
#7451   pc=00400050 cycle=14885 insn=fee7ae23
#7452   pc=00400054 cycle=14885 insn=00088813   x16(a6)=00000001
#7453   pc=00400058 cycle=14885 insn=fe1ff06f
#7454   pc=00400038 cycle=14886 insn=00478793   x15(a5)=10000054
#7455   pc=0040003c cycle=14889 insn=02c78063
#7456   pc=00400040 cycle=14892 insn=ffc7a683
#7457   pc=00400044 cycle=14893 insn=0007a703   x14(a4)=bfdfe5b0
#7458   pc=00400048 cycle=14896 insn=fed758e3
#7459   pc=00400038 cycle=14902 insn=00478793   x15(a5)=10000058
#7460   pc=0040003c cycle=14905 insn=02c78063
#7461   pc=00400040 cycle=14907 insn=ffc7a683
#7462   pc=00400044 cycle=14908 insn=0007a703   x14(a4)=af5305e5
#7463   pc=00400048 cycle=14911 insn=fed758e3
#7464   pc=0040004c cycle=14917 insn=00d7a023
#7465   pc=00400050 cycle=14920 insn=fee7ae23
#7466   pc=00400054 cycle=14920 insn=00088813
#7467   pc=00400058 cycle=14920 insn=fe1ff06f
#7468   pc=00400038 cycle=14921 insn=00478793   x15(a5)=1000005c
#7469   pc=0040003c cycle=14924 insn=02c78063
#7470   pc=00400040 cycle=14927 insn=ffc7a683
#7471   pc=00400044 cycle=14928 insn=0007a703   x14(a4)=82f2d29c
#7472   pc=00400048 cycle=14931 insn=fed758e3
#7473   pc=0040004c cycle=14932 insn=00d7a023
#7474   pc=00400050 cycle=14935 insn=fee7ae23
#7475   pc=00400054 cycle=14935 insn=00088813
#7476   pc=00400058 cycle=14935 insn=fe1ff06f
#7477   pc=00400038 cycle=14935 insn=00478793   x15(a5)=10000060
#7478   pc=0040003c cycle=14939 insn=02c78063
#7479   pc=00400040 cycle=14942 insn=ffc7a683   x13(a3)=82f2d29c
#7480   pc=00400044 cycle=14943 insn=0007a703
#7481   pc=00400048 cycle=14946 insn=fed758e3
#7482   pc=00400038 cycle=14952 insn=00478793   x15(a5)=10000064
#7483   pc=0040003c cycle=14955 insn=02c78063
#7484   pc=00400040 cycle=14957 insn=ffc7a683
#7485   pc=00400044 cycle=14958 insn=0007a703
#7486   pc=00400048 cycle=14961 insn=fed758e3
#7487   pc=00400038 cycle=14961 insn=00478793   x15(a5)=10000068
#7488   pc=0040003c cycle=14962 insn=02c78063
#7489   pc=00400040 cycle=14964 insn=ffc7a683
#7490   pc=00400044 cycle=14967 insn=0007a703
#7491   pc=00400048 cycle=14970 insn=fed758e3
#7492   pc=00400038 cycle=14970 insn=00478793   x15(a5)=1000006c
#7493   pc=0040003c cycle=14970 insn=02c78063
#7494   pc=00400040 cycle=14973 insn=ffc7a683
#7495   pc=00400044 cycle=14976 insn=0007a703
#7496   pc=00400048 cycle=14979 insn=fed758e3
#7497   pc=00400038 cycle=14979 insn=00478793   x15(a5)=10000070
#7498   pc=0040003c cycle=14979 insn=02c78063
#7499   pc=00400040 cycle=14982 insn=ffc7a683
#7500   pc=00400044 cycle=14985 insn=0007a703
#7501   pc=00400048 cycle=14988 insn=fed758e3
#7502   pc=00400038 cycle=14988 insn=00478793   x15(a5)=10000074
#7503   pc=0040003c cycle=14988 insn=02c78063
#7504   pc=00400040 cycle=14991 insn=ffc7a683
#7505   pc=00400044 cycle=14994 insn=0007a703
#7506   pc=00400048 cycle=14997 insn=fed758e3
#7507   pc=00400038 cycle=14997 insn=00478793   x15(a5)=10000078
#7508   pc=0040003c cycle=14997 insn=02c78063
#7509   pc=00400040 cycle=15000 insn=ffc7a683
#7510   pc=00400044 cycle=15003 insn=0007a703
#7511   pc=00400048 cycle=15006 insn=fed758e3
#7512   pc=00400038 cycle=15006 insn=00478793   x15(a5)=1000007c
#7513   pc=0040003c cycle=15006 insn=02c78063
#7514   pc=00400040 cycle=15009 insn=ffc7a683
#7515   pc=00400044 cycle=15012 insn=0007a703
#7516   pc=00400048 cycle=15015 insn=fed758e3
#7517   pc=00400038 cycle=15015 insn=00478793   x15(a5)=10000080
#7518   pc=0040003c cycle=15015 insn=02c78063
#7519   pc=00400040 cycle=15018 insn=ffc7a683
#7520   pc=00400044 cycle=15021 insn=0007a703
#7521   pc=00400048 cycle=15024 insn=fed758e3
#7522   pc=00400038 cycle=15024 insn=00478793   x15(a5)=10000084
#7523   pc=0040003c cycle=15024 insn=02c78063
#7524   pc=00400040 cycle=15027 insn=ffc7a683
#7525   pc=00400044 cycle=15030 insn=0007a703
#7526   pc=00400048 cycle=15033 insn=fed758e3
#7527   pc=00400038 cycle=15033 insn=00478793   x15(a5)=10000088
#7528   pc=0040003c cycle=15033 insn=02c78063
#7529   pc=00400040 cycle=15036 insn=ffc7a683
#7530   pc=00400044 cycle=15039 insn=0007a703
#7531   pc=00400048 cycle=15042 insn=fed758e3
#7532   pc=00400038 cycle=15042 insn=00478793   x15(a5)=1000008c
#7533   pc=0040003c cycle=15042 insn=02c78063
#7534   pc=00400040 cycle=15045 insn=ffc7a683
#7535   pc=00400044 cycle=15048 insn=0007a703   x14(a4)=add48d17
#7536   pc=00400048 cycle=15051 insn=fed758e3
#7537   pc=00400038 cycle=15051 insn=00478793   x15(a5)=10000090
#7538   pc=0040003c cycle=15051 insn=02c78063
#7539   pc=00400040 cycle=15054 insn=ffc7a683   x13(a3)=add48d17
#7540   pc=00400044 cycle=15057 insn=0007a703
#7541   pc=00400048 cycle=15060 insn=fed758e3
#7542   pc=00400038 cycle=15060 insn=00478793   x15(a5)=10000094
#7543   pc=0040003c cycle=15060 insn=02c78063
#7544   pc=00400040 cycle=15063 insn=ffc7a683
#7545   pc=00400044 cycle=15066 insn=0007a703
#7546   pc=00400048 cycle=15069 insn=fed758e3
#7547   pc=00400038 cycle=15069 insn=00478793   x15(a5)=10000098
#7548   pc=0040003c cycle=15069 insn=02c78063
#7549   pc=00400040 cycle=15072 insn=ffc7a683
#7550   pc=00400044 cycle=15075 insn=0007a703
#7551   pc=00400048 cycle=15078 insn=fed758e3
#7552   pc=00400038 cycle=15078 insn=00478793   x15(a5)=1000009c
#7553   pc=0040003c cycle=15078 insn=02c78063
#7554   pc=00400040 cycle=15081 insn=ffc7a683
#7555   pc=00400044 cycle=15084 insn=0007a703   x14(a4)=84c36ccd
#7556   pc=00400048 cycle=15087 insn=fed758e3
#7557   pc=0040004c cycle=15093 insn=00d7a023
#7558   pc=00400050 cycle=15096 insn=fee7ae23
#7559   pc=00400054 cycle=15096 insn=00088813
#7560   pc=00400058 cycle=15096 insn=fe1ff06f
#7561   pc=00400038 cycle=15097 insn=00478793   x15(a5)=100000a0
#7562   pc=0040003c cycle=15100 insn=02c78063
#7563   pc=00400040 cycle=15103 insn=ffc7a683
#7564   pc=00400044 cycle=15104 insn=0007a703
#7565   pc=00400048 cycle=15107 insn=fed758e3
#7566   pc=0040004c cycle=15108 insn=00d7a023
#7567   pc=00400050 cycle=15111 insn=fee7ae23
#7568   pc=00400054 cycle=15111 insn=00088813
#7569   pc=00400058 cycle=15111 insn=fe1ff06f
#7570   pc=00400038 cycle=15111 insn=00478793   x15(a5)=100000a4
#7571   pc=0040003c cycle=15115 insn=02c78063
#7572   pc=00400040 cycle=15118 insn=ffc7a683   x13(a3)=84c36ccd
#7573   pc=00400044 cycle=15119 insn=0007a703
#7574   pc=00400048 cycle=15122 insn=fed758e3
#7575   pc=00400038 cycle=15128 insn=00478793   x15(a5)=100000a8
#7576   pc=0040003c cycle=15131 insn=02c78063
#7577   pc=00400040 cycle=15133 insn=ffc7a683
#7578   pc=00400044 cycle=15134 insn=0007a703
#7579   pc=00400048 cycle=15137 insn=fed758e3
#7580   pc=00400038 cycle=15137 insn=00478793   x15(a5)=100000ac
#7581   pc=0040003c cycle=15138 insn=02c78063
#7582   pc=00400040 cycle=15140 insn=ffc7a683
#7583   pc=00400044 cycle=15143 insn=0007a703
#7584   pc=00400048 cycle=15146 insn=fed758e3
#7585   pc=00400038 cycle=15146 insn=00478793   x15(a5)=100000b0
#7586   pc=0040003c cycle=15146 insn=02c78063
#7587   pc=00400040 cycle=15149 insn=ffc7a683
#7588   pc=00400044 cycle=15152 insn=0007a703
#7589   pc=00400048 cycle=15155 insn=fed758e3
#7590   pc=00400038 cycle=15155 insn=00478793   x15(a5)=100000b4
#7591   pc=0040003c cycle=15155 insn=02c78063
#7592   pc=00400040 cycle=15158 insn=ffc7a683
#7593   pc=00400044 cycle=15161 insn=0007a703
#7594   pc=00400048 cycle=15164 insn=fed758e3
#7595   pc=00400038 cycle=15164 insn=00478793   x15(a5)=100000b8
#7596   pc=0040003c cycle=15164 insn=02c78063
#7597   pc=00400040 cycle=15167 insn=ffc7a683
#7598   pc=00400044 cycle=15170 insn=0007a703
#7599   pc=00400048 cycle=15173 insn=fed758e3
#7600   pc=00400038 cycle=15173 insn=00478793   x15(a5)=100000bc
#7601   pc=0040003c cycle=15173 insn=02c78063
#7602   pc=00400040 cycle=15176 insn=ffc7a683
#7603   pc=00400044 cycle=15179 insn=0007a703   x14(a4)=80f68da3
#7604   pc=00400048 cycle=15182 insn=fed758e3
#7605   pc=0040004c cycle=15188 insn=00d7a023
#7606   pc=00400050 cycle=15191 insn=fee7ae23
#7607   pc=00400054 cycle=15191 insn=00088813
#7608   pc=00400058 cycle=15191 insn=fe1ff06f
#7609   pc=00400038 cycle=15192 insn=00478793   x15(a5)=100000c0
#7610   pc=0040003c cycle=15195 insn=02c78063
#7611   pc=00400040 cycle=15198 insn=ffc7a683
#7612   pc=00400044 cycle=15199 insn=0007a703   x14(a4)=84c36ccd
#7613   pc=00400048 cycle=15202 insn=fed758e3
#7614   pc=00400038 cycle=15208 insn=00478793   x15(a5)=100000c4
#7615   pc=0040003c cycle=15211 insn=02c78063
#7616   pc=00400040 cycle=15213 insn=ffc7a683
#7617   pc=00400044 cycle=15214 insn=0007a703
#7618   pc=00400048 cycle=15217 insn=fed758e3
#7619   pc=00400038 cycle=15217 insn=00478793   x15(a5)=100000c8
#7620   pc=0040003c cycle=15218 insn=02c78063
#7621   pc=00400040 cycle=15220 insn=ffc7a683
#7622   pc=00400044 cycle=15223 insn=0007a703
#7623   pc=00400048 cycle=15226 insn=fed758e3
#7624   pc=00400038 cycle=15226 insn=00478793   x15(a5)=100000cc
#7625   pc=0040003c cycle=15226 insn=02c78063
#7626   pc=00400040 cycle=15229 insn=ffc7a683
#7627   pc=00400044 cycle=15232 insn=0007a703
#7628   pc=00400048 cycle=15235 insn=fed758e3
#7629   pc=00400038 cycle=15235 insn=00478793   x15(a5)=100000d0
#7630   pc=0040003c cycle=15235 insn=02c78063
#7631   pc=00400040 cycle=15238 insn=ffc7a683
#7632   pc=00400044 cycle=15241 insn=0007a703   x14(a4)=b666c147
#7633   pc=00400048 cycle=15244 insn=fed758e3
#7634   pc=00400038 cycle=15244 insn=00478793   x15(a5)=100000d4
#7635   pc=0040003c cycle=15244 insn=02c78063
#7636   pc=00400040 cycle=15247 insn=ffc7a683   x13(a3)=b666c147
#7637   pc=00400044 cycle=15250 insn=0007a703   x14(a4)=df110986
#7638   pc=00400048 cycle=15253 insn=fed758e3
#7639   pc=00400038 cycle=15253 insn=00478793   x15(a5)=100000d8
#7640   pc=0040003c cycle=15253 insn=02c78063
#7641   pc=00400040 cycle=15256 insn=ffc7a683   x13(a3)=df110986
#7642   pc=00400044 cycle=15259 insn=0007a703   x14(a4)=d5f89e0e
#7643   pc=00400048 cycle=15262 insn=fed758e3
#7644   pc=0040004c cycle=15268 insn=00d7a023
#7645   pc=00400050 cycle=15271 insn=fee7ae23
#7646   pc=00400054 cycle=15271 insn=00088813
#7647   pc=00400058 cycle=15271 insn=fe1ff06f
#7648   pc=00400038 cycle=15272 insn=00478793   x15(a5)=100000dc
#7649   pc=0040003c cycle=15275 insn=02c78063
#7650   pc=00400040 cycle=15278 insn=ffc7a683
#7651   pc=00400044 cycle=15279 insn=0007a703   x14(a4)=df110986
#7652   pc=00400048 cycle=15282 insn=fed758e3
#7653   pc=00400038 cycle=15288 insn=00478793   x15(a5)=100000e0
#7654   pc=0040003c cycle=15291 insn=02c78063
#7655   pc=00400040 cycle=15293 insn=ffc7a683
#7656   pc=00400044 cycle=15294 insn=0007a703   x14(a4)=b5d4a6b5
#7657   pc=00400048 cycle=15297 insn=fed758e3
#7658   pc=0040004c cycle=15303 insn=00d7a023
#7659   pc=00400050 cycle=15306 insn=fee7ae23
#7660   pc=00400054 cycle=15306 insn=00088813
#7661   pc=00400058 cycle=15306 insn=fe1ff06f
#7662   pc=00400038 cycle=15307 insn=00478793   x15(a5)=100000e4
#7663   pc=0040003c cycle=15310 insn=02c78063
#7664   pc=00400040 cycle=15313 insn=ffc7a683
#7665   pc=00400044 cycle=15314 insn=0007a703
#7666   pc=00400048 cycle=15317 insn=fed758e3
#7667   pc=0040004c cycle=15318 insn=00d7a023
#7668   pc=00400050 cycle=15321 insn=fee7ae23
#7669   pc=00400054 cycle=15321 insn=00088813
#7670   pc=00400058 cycle=15321 insn=fe1ff06f
#7671   pc=00400038 cycle=15321 insn=00478793   x15(a5)=100000e8
#7672   pc=0040003c cycle=15325 insn=02c78063
#7673   pc=00400040 cycle=15328 insn=ffc7a683   x13(a3)=b5d4a6b5
#7674   pc=00400044 cycle=15329 insn=0007a703
#7675   pc=00400048 cycle=15332 insn=fed758e3
#7676   pc=00400038 cycle=15338 insn=00478793   x15(a5)=100000ec
#7677   pc=0040003c cycle=15341 insn=02c78063
#7678   pc=00400040 cycle=15343 insn=ffc7a683
#7679   pc=00400044 cycle=15344 insn=0007a703
#7680   pc=00400048 cycle=15347 insn=fed758e3
#7681   pc=00400038 cycle=15347 insn=00478793   x15(a5)=100000f0
#7682   pc=0040003c cycle=15348 insn=02c78063
#7683   pc=00400040 cycle=15350 insn=ffc7a683
#7684   pc=00400044 cycle=15353 insn=0007a703
#7685   pc=00400048 cycle=15356 insn=fed758e3
#7686   pc=00400038 cycle=15356 insn=00478793   x15(a5)=100000f4
#7687   pc=0040003c cycle=15356 insn=02c78063
#7688   pc=00400040 cycle=15359 insn=ffc7a683
#7689   pc=00400044 cycle=15362 insn=0007a703   x14(a4)=9577ad12
#7690   pc=00400048 cycle=15365 insn=fed758e3
#7691   pc=0040004c cycle=15371 insn=00d7a023
#7692   pc=00400050 cycle=15374 insn=fee7ae23
#7693   pc=00400054 cycle=15374 insn=00088813
#7694   pc=00400058 cycle=15374 insn=fe1ff06f
#7695   pc=00400038 cycle=15375 insn=00478793   x15(a5)=100000f8
#7696   pc=0040003c cycle=15378 insn=02c78063
#7697   pc=00400040 cycle=15381 insn=ffc7a683
#7698   pc=00400044 cycle=15382 insn=0007a703   x14(a4)=b5d4a6b5
#7699   pc=00400048 cycle=15385 insn=fed758e3
#7700   pc=00400038 cycle=15391 insn=00478793   x15(a5)=100000fc
#7701   pc=0040003c cycle=15394 insn=02c78063
#7702   pc=00400040 cycle=15396 insn=ffc7a683
#7703   pc=00400044 cycle=15397 insn=0007a703   x14(a4)=a563eb19
#7704   pc=00400048 cycle=15400 insn=fed758e3
#7705   pc=0040004c cycle=15406 insn=00d7a023
#7706   pc=00400050 cycle=15409 insn=fee7ae23
#7707   pc=00400054 cycle=15409 insn=00088813
#7708   pc=00400058 cycle=15409 insn=fe1ff06f
#7709   pc=00400038 cycle=15410 insn=00478793   x15(a5)=10000100
#7710   pc=0040003c cycle=15413 insn=02c78063
#7711   pc=00400040 cycle=15416 insn=ffc7a683
#7712   pc=00400044 cycle=15417 insn=0007a703   x14(a4)=b5d4a6b5
#7713   pc=00400048 cycle=15420 insn=fed758e3
#7714   pc=00400038 cycle=15426 insn=00478793   x15(a5)=10000104
#7715   pc=0040003c cycle=15429 insn=02c78063
#7716   pc=00400040 cycle=15431 insn=ffc7a683
#7717   pc=00400044 cycle=15432 insn=0007a703
#7718   pc=00400048 cycle=15435 insn=fed758e3
#7719   pc=00400038 cycle=15435 insn=00478793   x15(a5)=10000108
#7720   pc=0040003c cycle=15436 insn=02c78063
#7721   pc=0040005c cycle=15442 insn=ffc60613   x12(a2)=10000104
#7722   pc=00400060 cycle=15444 insn=fc0812e3
#7723   pc=00400024 cycle=15446 insn=fff58593   x11(a1)=00000040
#7724   pc=00400028 cycle=15449 insn=02b05e63
#7725   pc=0040002c cycle=15449 insn=00450793   x15(a5)=10000004
#7726   pc=00400030 cycle=15449 insn=00030813   x16(a6)=00000000
#7727   pc=00400034 cycle=15450 insn=00c0006f
#7728   pc=00400040 cycle=15455 insn=ffc7a683   x13(a3)=859babf3
#7729   pc=00400044 cycle=15456 insn=0007a703   x14(a4)=859babf3
#7730   pc=00400048 cycle=15459 insn=fed758e3
#7731   pc=00400038 cycle=15459 insn=00478793   x15(a5)=10000008
#7732   pc=0040003c cycle=15460 insn=02c78063
#7733   pc=00400040 cycle=15462 insn=ffc7a683
#7734   pc=00400044 cycle=15465 insn=0007a703
#7735   pc=00400048 cycle=15468 insn=fed758e3
#7736   pc=00400038 cycle=15468 insn=00478793   x15(a5)=1000000c
#7737   pc=0040003c cycle=15468 insn=02c78063
#7738   pc=00400040 cycle=15471 insn=ffc7a683
#7739   pc=00400044 cycle=15474 insn=0007a703
#7740   pc=00400048 cycle=15477 insn=fed758e3
#7741   pc=00400038 cycle=15477 insn=00478793   x15(a5)=10000010
#7742   pc=0040003c cycle=15477 insn=02c78063
#7743   pc=00400040 cycle=15480 insn=ffc7a683
#7744   pc=00400044 cycle=15483 insn=0007a703
#7745   pc=00400048 cycle=15486 insn=fed758e3
#7746   pc=00400038 cycle=15486 insn=00478793   x15(a5)=10000014
#7747   pc=0040003c cycle=15486 insn=02c78063
#7748   pc=00400040 cycle=15489 insn=ffc7a683
#7749   pc=00400044 cycle=15492 insn=0007a703   x14(a4)=9002dc0d
#7750   pc=00400048 cycle=15495 insn=fed758e3
#7751   pc=00400038 cycle=15495 insn=00478793   x15(a5)=10000018
#7752   pc=0040003c cycle=15495 insn=02c78063
#7753   pc=00400040 cycle=15498 insn=ffc7a683   x13(a3)=9002dc0d
#7754   pc=00400044 cycle=15501 insn=0007a703
#7755   pc=00400048 cycle=15504 insn=fed758e3
#7756   pc=00400038 cycle=15504 insn=00478793   x15(a5)=1000001c
#7757   pc=0040003c cycle=15504 insn=02c78063
#7758   pc=00400040 cycle=15507 insn=ffc7a683
#7759   pc=00400044 cycle=15510 insn=0007a703
#7760   pc=00400048 cycle=15513 insn=fed758e3
#7761   pc=00400038 cycle=15513 insn=00478793   x15(a5)=10000020
#7762   pc=0040003c cycle=15513 insn=02c78063
#7763   pc=00400040 cycle=15516 insn=ffc7a683
#7764   pc=00400044 cycle=15519 insn=0007a703
#7765   pc=00400048 cycle=15522 insn=fed758e3
#7766   pc=00400038 cycle=15522 insn=00478793   x15(a5)=10000024
#7767   pc=0040003c cycle=15522 insn=02c78063
#7768   pc=00400040 cycle=15525 insn=ffc7a683
#7769   pc=00400044 cycle=15528 insn=0007a703
#7770   pc=00400048 cycle=15531 insn=fed758e3
#7771   pc=00400038 cycle=15531 insn=00478793   x15(a5)=10000028
#7772   pc=0040003c cycle=15531 insn=02c78063
#7773   pc=00400040 cycle=15534 insn=ffc7a683
#7774   pc=00400044 cycle=15537 insn=0007a703
#7775   pc=00400048 cycle=15540 insn=fed758e3
#7776   pc=00400038 cycle=15540 insn=00478793   x15(a5)=1000002c
#7777   pc=0040003c cycle=15540 insn=02c78063
#7778   pc=00400040 cycle=15543 insn=ffc7a683
#7779   pc=00400044 cycle=15546 insn=0007a703   x14(a4)=b79b2005
#7780   pc=00400048 cycle=15549 insn=fed758e3
#7781   pc=00400038 cycle=15549 insn=00478793   x15(a5)=10000030
#7782   pc=0040003c cycle=15549 insn=02c78063
#7783   pc=00400040 cycle=15552 insn=ffc7a683   x13(a3)=b79b2005
#7784   pc=00400044 cycle=15555 insn=0007a703
#7785   pc=00400048 cycle=15558 insn=fed758e3
#7786   pc=00400038 cycle=15558 insn=00478793   x15(a5)=10000034
#7787   pc=0040003c cycle=15558 insn=02c78063
#7788   pc=00400040 cycle=15561 insn=ffc7a683
#7789   pc=00400044 cycle=15564 insn=0007a703
#7790   pc=00400048 cycle=15567 insn=fed758e3
#7791   pc=00400038 cycle=15567 insn=00478793   x15(a5)=10000038
#7792   pc=0040003c cycle=15567 insn=02c78063
#7793   pc=00400040 cycle=15570 insn=ffc7a683
#7794   pc=00400044 cycle=15573 insn=0007a703   x14(a4)=bfdfe5b0
#7795   pc=00400048 cycle=15576 insn=fed758e3
#7796   pc=00400038 cycle=15576 insn=00478793   x15(a5)=1000003c
#7797   pc=0040003c cycle=15576 insn=02c78063
#7798   pc=00400040 cycle=15579 insn=ffc7a683   x13(a3)=bfdfe5b0
#7799   pc=00400044 cycle=15582 insn=0007a703
#7800   pc=00400048 cycle=15585 insn=fed758e3
#7801   pc=00400038 cycle=15585 insn=00478793   x15(a5)=10000040
#7802   pc=0040003c cycle=15585 insn=02c78063
#7803   pc=00400040 cycle=15588 insn=ffc7a683
#7804   pc=00400044 cycle=15591 insn=0007a703
#7805   pc=00400048 cycle=15594 insn=fed758e3
#7806   pc=00400038 cycle=15594 insn=00478793   x15(a5)=10000044
#7807   pc=0040003c cycle=15594 insn=02c78063
#7808   pc=00400040 cycle=15597 insn=ffc7a683
#7809   pc=00400044 cycle=15600 insn=0007a703
#7810   pc=00400048 cycle=15603 insn=fed758e3
#7811   pc=00400038 cycle=15603 insn=00478793   x15(a5)=10000048
#7812   pc=0040003c cycle=15603 insn=02c78063
#7813   pc=00400040 cycle=15606 insn=ffc7a683
#7814   pc=00400044 cycle=15609 insn=0007a703
#7815   pc=00400048 cycle=15612 insn=fed758e3
#7816   pc=00400038 cycle=15612 insn=00478793   x15(a5)=1000004c
#7817   pc=0040003c cycle=15612 insn=02c78063
#7818   pc=00400040 cycle=15615 insn=ffc7a683
#7819   pc=00400044 cycle=15618 insn=0007a703   x14(a4)=b7aa02c6
#7820   pc=00400048 cycle=15621 insn=fed758e3
#7821   pc=0040004c cycle=15627 insn=00d7a023
#7822   pc=00400050 cycle=15630 insn=fee7ae23
#7823   pc=00400054 cycle=15630 insn=00088813   x16(a6)=00000001
#7824   pc=00400058 cycle=15630 insn=fe1ff06f
#7825   pc=00400038 cycle=15631 insn=00478793   x15(a5)=10000050
#7826   pc=0040003c cycle=15634 insn=02c78063
#7827   pc=00400040 cycle=15637 insn=ffc7a683
#7828   pc=00400044 cycle=15638 insn=0007a703   x14(a4)=bfdfe5b0
#7829   pc=00400048 cycle=15641 insn=fed758e3
#7830   pc=00400038 cycle=15647 insn=00478793   x15(a5)=10000054
#7831   pc=0040003c cycle=15650 insn=02c78063
#7832   pc=00400040 cycle=15652 insn=ffc7a683
#7833   pc=00400044 cycle=15653 insn=0007a703   x14(a4)=af5305e5
#7834   pc=00400048 cycle=15656 insn=fed758e3
#7835   pc=0040004c cycle=15662 insn=00d7a023
#7836   pc=00400050 cycle=15665 insn=fee7ae23
#7837   pc=00400054 cycle=15665 insn=00088813
#7838   pc=00400058 cycle=15665 insn=fe1ff06f
#7839   pc=00400038 cycle=15666 insn=00478793   x15(a5)=10000058
#7840   pc=0040003c cycle=15669 insn=02c78063
#7841   pc=00400040 cycle=15672 insn=ffc7a683
#7842   pc=00400044 cycle=15673 insn=0007a703   x14(a4)=82f2d29c
#7843   pc=00400048 cycle=15676 insn=fed758e3
#7844   pc=0040004c cycle=15677 insn=00d7a023
#7845   pc=00400050 cycle=15680 insn=fee7ae23
#7846   pc=00400054 cycle=15680 insn=00088813
#7847   pc=00400058 cycle=15680 insn=fe1ff06f
#7848   pc=00400038 cycle=15680 insn=00478793   x15(a5)=1000005c
#7849   pc=0040003c cycle=15684 insn=02c78063
#7850   pc=00400040 cycle=15687 insn=ffc7a683   x13(a3)=82f2d29c
#7851   pc=00400044 cycle=15688 insn=0007a703
#7852   pc=00400048 cycle=15691 insn=fed758e3
#7853   pc=00400038 cycle=15697 insn=00478793   x15(a5)=10000060
#7854   pc=0040003c cycle=15700 insn=02c78063
#7855   pc=00400040 cycle=15702 insn=ffc7a683
#7856   pc=00400044 cycle=15703 insn=0007a703
#7857   pc=00400048 cycle=15706 insn=fed758e3
#7858   pc=00400038 cycle=15706 insn=00478793   x15(a5)=10000064
#7859   pc=0040003c cycle=15707 insn=02c78063
#7860   pc=00400040 cycle=15709 insn=ffc7a683
#7861   pc=00400044 cycle=15712 insn=0007a703
#7862   pc=00400048 cycle=15715 insn=fed758e3
#7863   pc=00400038 cycle=15715 insn=00478793   x15(a5)=10000068
#7864   pc=0040003c cycle=15715 insn=02c78063
#7865   pc=00400040 cycle=15718 insn=ffc7a683
#7866   pc=00400044 cycle=15721 insn=0007a703
#7867   pc=00400048 cycle=15724 insn=fed758e3
#7868   pc=00400038 cycle=15724 insn=00478793   x15(a5)=1000006c
#7869   pc=0040003c cycle=15724 insn=02c78063
#7870   pc=00400040 cycle=15727 insn=ffc7a683
#7871   pc=00400044 cycle=15730 insn=0007a703
#7872   pc=00400048 cycle=15733 insn=fed758e3
#7873   pc=00400038 cycle=15733 insn=00478793   x15(a5)=10000070
#7874   pc=0040003c cycle=15733 insn=02c78063
#7875   pc=00400040 cycle=15736 insn=ffc7a683
#7876   pc=00400044 cycle=15739 insn=0007a703
#7877   pc=00400048 cycle=15742 insn=fed758e3
#7878   pc=00400038 cycle=15742 insn=00478793   x15(a5)=10000074
#7879   pc=0040003c cycle=15742 insn=02c78063
#7880   pc=00400040 cycle=15745 insn=ffc7a683
#7881   pc=00400044 cycle=15748 insn=0007a703
#7882   pc=00400048 cycle=15751 insn=fed758e3
#7883   pc=00400038 cycle=15751 insn=00478793   x15(a5)=10000078
#7884   pc=0040003c cycle=15751 insn=02c78063
#7885   pc=00400040 cycle=15754 insn=ffc7a683
#7886   pc=00400044 cycle=15757 insn=0007a703
#7887   pc=00400048 cycle=15760 insn=fed758e3
#7888   pc=00400038 cycle=15760 insn=00478793   x15(a5)=1000007c
#7889   pc=0040003c cycle=15760 insn=02c78063
#7890   pc=00400040 cycle=15763 insn=ffc7a683
#7891   pc=00400044 cycle=15766 insn=0007a703
#7892   pc=00400048 cycle=15769 insn=fed758e3
#7893   pc=00400038 cycle=15769 insn=00478793   x15(a5)=10000080
#7894   pc=0040003c cycle=15769 insn=02c78063
#7895   pc=00400040 cycle=15772 insn=ffc7a683
#7896   pc=00400044 cycle=15775 insn=0007a703
#7897   pc=00400048 cycle=15778 insn=fed758e3
#7898   pc=00400038 cycle=15778 insn=00478793   x15(a5)=10000084
#7899   pc=0040003c cycle=15778 insn=02c78063
#7900   pc=00400040 cycle=15781 insn=ffc7a683
#7901   pc=00400044 cycle=15784 insn=0007a703
#7902   pc=00400048 cycle=15787 insn=fed758e3
#7903   pc=00400038 cycle=15787 insn=00478793   x15(a5)=10000088
#7904   pc=0040003c cycle=15787 insn=02c78063
#7905   pc=00400040 cycle=15790 insn=ffc7a683
#7906   pc=00400044 cycle=15793 insn=0007a703
#7907   pc=00400048 cycle=15796 insn=fed758e3
#7908   pc=00400038 cycle=15796 insn=00478793   x15(a5)=1000008c
#7909   pc=0040003c cycle=15796 insn=02c78063
#7910   pc=00400040 cycle=15799 insn=ffc7a683
#7911   pc=00400044 cycle=15802 insn=0007a703   x14(a4)=add48d17
#7912   pc=00400048 cycle=15805 insn=fed758e3
#7913   pc=00400038 cycle=15805 insn=00478793   x15(a5)=10000090
#7914   pc=0040003c cycle=15805 insn=02c78063
#7915   pc=00400040 cycle=15808 insn=ffc7a683   x13(a3)=add48d17
#7916   pc=00400044 cycle=15811 insn=0007a703
#7917   pc=00400048 cycle=15814 insn=fed758e3
#7918   pc=00400038 cycle=15814 insn=00478793   x15(a5)=10000094
#7919   pc=0040003c cycle=15814 insn=02c78063
#7920   pc=00400040 cycle=15817 insn=ffc7a683
#7921   pc=00400044 cycle=15820 insn=0007a703
#7922   pc=00400048 cycle=15823 insn=fed758e3
#7923   pc=00400038 cycle=15823 insn=00478793   x15(a5)=10000098
#7924   pc=0040003c cycle=15823 insn=02c78063
#7925   pc=00400040 cycle=15826 insn=ffc7a683
#7926   pc=00400044 cycle=15829 insn=0007a703   x14(a4)=84c36ccd
#7927   pc=00400048 cycle=15832 insn=fed758e3
#7928   pc=0040004c cycle=15838 insn=00d7a023
#7929   pc=00400050 cycle=15841 insn=fee7ae23
#7930   pc=00400054 cycle=15841 insn=00088813
#7931   pc=00400058 cycle=15841 insn=fe1ff06f
#7932   pc=00400038 cycle=15842 insn=00478793   x15(a5)=1000009c
#7933   pc=0040003c cycle=15845 insn=02c78063
#7934   pc=00400040 cycle=15848 insn=ffc7a683
#7935   pc=00400044 cycle=15849 insn=0007a703
#7936   pc=00400048 cycle=15852 insn=fed758e3
#7937   pc=0040004c cycle=15853 insn=00d7a023
#7938   pc=00400050 cycle=15856 insn=fee7ae23
#7939   pc=00400054 cycle=15856 insn=00088813
#7940   pc=00400058 cycle=15856 insn=fe1ff06f
#7941   pc=00400038 cycle=15856 insn=00478793   x15(a5)=100000a0
#7942   pc=0040003c cycle=15860 insn=02c78063
#7943   pc=00400040 cycle=15863 insn=ffc7a683   x13(a3)=84c36ccd
#7944   pc=00400044 cycle=15864 insn=0007a703
#7945   pc=00400048 cycle=15867 insn=fed758e3
#7946   pc=00400038 cycle=15873 insn=00478793   x15(a5)=100000a4
#7947   pc=0040003c cycle=15876 insn=02c78063
#7948   pc=00400040 cycle=15878 insn=ffc7a683
#7949   pc=00400044 cycle=15879 insn=0007a703
#7950   pc=00400048 cycle=15882 insn=fed758e3
#7951   pc=00400038 cycle=15882 insn=00478793   x15(a5)=100000a8
#7952   pc=0040003c cycle=15883 insn=02c78063
#7953   pc=00400040 cycle=15885 insn=ffc7a683
#7954   pc=00400044 cycle=15888 insn=0007a703
#7955   pc=00400048 cycle=15891 insn=fed758e3
#7956   pc=00400038 cycle=15891 insn=00478793   x15(a5)=100000ac
#7957   pc=0040003c cycle=15891 insn=02c78063
#7958   pc=00400040 cycle=15894 insn=ffc7a683
#7959   pc=00400044 cycle=15897 insn=0007a703
#7960   pc=00400048 cycle=15900 insn=fed758e3
#7961   pc=00400038 cycle=15900 insn=00478793   x15(a5)=100000b0
#7962   pc=0040003c cycle=15900 insn=02c78063
#7963   pc=00400040 cycle=15903 insn=ffc7a683
#7964   pc=00400044 cycle=15906 insn=0007a703
#7965   pc=00400048 cycle=15909 insn=fed758e3
#7966   pc=00400038 cycle=15909 insn=00478793   x15(a5)=100000b4
#7967   pc=0040003c cycle=15909 insn=02c78063
#7968   pc=00400040 cycle=15912 insn=ffc7a683
#7969   pc=00400044 cycle=15915 insn=0007a703
#7970   pc=00400048 cycle=15918 insn=fed758e3
#7971   pc=00400038 cycle=15918 insn=00478793   x15(a5)=100000b8
#7972   pc=0040003c cycle=15918 insn=02c78063
#7973   pc=00400040 cycle=15921 insn=ffc7a683
#7974   pc=00400044 cycle=15924 insn=0007a703   x14(a4)=80f68da3
#7975   pc=00400048 cycle=15927 insn=fed758e3
#7976   pc=0040004c cycle=15933 insn=00d7a023
#7977   pc=00400050 cycle=15936 insn=fee7ae23
#7978   pc=00400054 cycle=15936 insn=00088813
#7979   pc=00400058 cycle=15936 insn=fe1ff06f
#7980   pc=00400038 cycle=15937 insn=00478793   x15(a5)=100000bc
#7981   pc=0040003c cycle=15940 insn=02c78063
#7982   pc=00400040 cycle=15943 insn=ffc7a683
#7983   pc=00400044 cycle=15944 insn=0007a703   x14(a4)=84c36ccd
#7984   pc=00400048 cycle=15947 insn=fed758e3
#7985   pc=00400038 cycle=15953 insn=00478793   x15(a5)=100000c0
#7986   pc=0040003c cycle=15956 insn=02c78063
#7987   pc=00400040 cycle=15958 insn=ffc7a683
#7988   pc=00400044 cycle=15959 insn=0007a703
#7989   pc=00400048 cycle=15962 insn=fed758e3
#7990   pc=00400038 cycle=15962 insn=00478793   x15(a5)=100000c4
#7991   pc=0040003c cycle=15963 insn=02c78063
#7992   pc=00400040 cycle=15965 insn=ffc7a683
#7993   pc=00400044 cycle=15968 insn=0007a703
#7994   pc=00400048 cycle=15971 insn=fed758e3
#7995   pc=00400038 cycle=15971 insn=00478793   x15(a5)=100000c8
#7996   pc=0040003c cycle=15971 insn=02c78063
#7997   pc=00400040 cycle=15974 insn=ffc7a683
#7998   pc=00400044 cycle=15977 insn=0007a703
#7999   pc=00400048 cycle=15980 insn=fed758e3
#8000   pc=00400038 cycle=15980 insn=00478793   x15(a5)=100000cc
#8001   pc=0040003c cycle=15980 insn=02c78063
#8002   pc=00400040 cycle=15983 insn=ffc7a683
#8003   pc=00400044 cycle=15986 insn=0007a703
#8004   pc=00400048 cycle=15989 insn=fed758e3
#8005   pc=00400038 cycle=15989 insn=00478793   x15(a5)=100000d0
#8006   pc=0040003c cycle=15989 insn=02c78063
#8007   pc=00400040 cycle=15992 insn=ffc7a683
#8008   pc=00400044 cycle=15995 insn=0007a703   x14(a4)=b666c147
#8009   pc=00400048 cycle=15998 insn=fed758e3
#8010   pc=00400038 cycle=15998 insn=00478793   x15(a5)=100000d4
#8011   pc=0040003c cycle=15998 insn=02c78063
#8012   pc=00400040 cycle=16001 insn=ffc7a683   x13(a3)=b666c147
#8013   pc=00400044 cycle=16004 insn=0007a703   x14(a4)=d5f89e0e
#8014   pc=00400048 cycle=16007 insn=fed758e3
#8015   pc=00400038 cycle=16007 insn=00478793   x15(a5)=100000d8
#8016   pc=0040003c cycle=16007 insn=02c78063
#8017   pc=00400040 cycle=16010 insn=ffc7a683   x13(a3)=d5f89e0e
#8018   pc=00400044 cycle=16013 insn=0007a703   x14(a4)=df110986
#8019   pc=00400048 cycle=16016 insn=fed758e3
#8020   pc=00400038 cycle=16016 insn=00478793   x15(a5)=100000dc
#8021   pc=0040003c cycle=16016 insn=02c78063
#8022   pc=00400040 cycle=16019 insn=ffc7a683   x13(a3)=df110986
#8023   pc=00400044 cycle=16022 insn=0007a703   x14(a4)=b5d4a6b5
#8024   pc=00400048 cycle=16025 insn=fed758e3
#8025   pc=0040004c cycle=16031 insn=00d7a023
#8026   pc=00400050 cycle=16034 insn=fee7ae23
#8027   pc=00400054 cycle=16034 insn=00088813
#8028   pc=00400058 cycle=16034 insn=fe1ff06f
#8029   pc=00400038 cycle=16035 insn=00478793   x15(a5)=100000e0
#8030   pc=0040003c cycle=16038 insn=02c78063
#8031   pc=00400040 cycle=16041 insn=ffc7a683
#8032   pc=00400044 cycle=16042 insn=0007a703
#8033   pc=00400048 cycle=16045 insn=fed758e3
#8034   pc=0040004c cycle=16046 insn=00d7a023
#8035   pc=00400050 cycle=16049 insn=fee7ae23
#8036   pc=00400054 cycle=16049 insn=00088813
#8037   pc=00400058 cycle=16049 insn=fe1ff06f
#8038   pc=00400038 cycle=16049 insn=00478793   x15(a5)=100000e4
#8039   pc=0040003c cycle=16053 insn=02c78063
#8040   pc=00400040 cycle=16056 insn=ffc7a683   x13(a3)=b5d4a6b5
#8041   pc=00400044 cycle=16057 insn=0007a703
#8042   pc=00400048 cycle=16060 insn=fed758e3
#8043   pc=00400038 cycle=16066 insn=00478793   x15(a5)=100000e8
#8044   pc=0040003c cycle=16069 insn=02c78063
#8045   pc=00400040 cycle=16071 insn=ffc7a683
#8046   pc=00400044 cycle=16072 insn=0007a703
#8047   pc=00400048 cycle=16075 insn=fed758e3
#8048   pc=00400038 cycle=16075 insn=00478793   x15(a5)=100000ec
#8049   pc=0040003c cycle=16076 insn=02c78063
#8050   pc=00400040 cycle=16078 insn=ffc7a683
#8051   pc=00400044 cycle=16081 insn=0007a703
#8052   pc=00400048 cycle=16084 insn=fed758e3
#8053   pc=00400038 cycle=16084 insn=00478793   x15(a5)=100000f0
#8054   pc=0040003c cycle=16084 insn=02c78063
#8055   pc=00400040 cycle=16087 insn=ffc7a683
#8056   pc=00400044 cycle=16090 insn=0007a703   x14(a4)=9577ad12
#8057   pc=00400048 cycle=16093 insn=fed758e3
#8058   pc=0040004c cycle=16099 insn=00d7a023
#8059   pc=00400050 cycle=16102 insn=fee7ae23
#8060   pc=00400054 cycle=16102 insn=00088813
#8061   pc=00400058 cycle=16102 insn=fe1ff06f
#8062   pc=00400038 cycle=16103 insn=00478793   x15(a5)=100000f4
#8063   pc=0040003c cycle=16106 insn=02c78063
#8064   pc=00400040 cycle=16109 insn=ffc7a683
#8065   pc=00400044 cycle=16110 insn=0007a703   x14(a4)=b5d4a6b5
#8066   pc=00400048 cycle=16113 insn=fed758e3
#8067   pc=00400038 cycle=16119 insn=00478793   x15(a5)=100000f8
#8068   pc=0040003c cycle=16122 insn=02c78063
#8069   pc=00400040 cycle=16124 insn=ffc7a683
#8070   pc=00400044 cycle=16125 insn=0007a703   x14(a4)=a563eb19
#8071   pc=00400048 cycle=16128 insn=fed758e3
#8072   pc=0040004c cycle=16134 insn=00d7a023
#8073   pc=00400050 cycle=16137 insn=fee7ae23
#8074   pc=00400054 cycle=16137 insn=00088813
#8075   pc=00400058 cycle=16137 insn=fe1ff06f
#8076   pc=00400038 cycle=16138 insn=00478793   x15(a5)=100000fc
#8077   pc=0040003c cycle=16141 insn=02c78063
#8078   pc=00400040 cycle=16144 insn=ffc7a683
#8079   pc=00400044 cycle=16145 insn=0007a703   x14(a4)=b5d4a6b5
#8080   pc=00400048 cycle=16148 insn=fed758e3
#8081   pc=00400038 cycle=16154 insn=00478793   x15(a5)=10000100
#8082   pc=0040003c cycle=16157 insn=02c78063
#8083   pc=00400040 cycle=16159 insn=ffc7a683
#8084   pc=00400044 cycle=16160 insn=0007a703
#8085   pc=00400048 cycle=16163 insn=fed758e3
#8086   pc=00400038 cycle=16163 insn=00478793   x15(a5)=10000104
#8087   pc=0040003c cycle=16164 insn=02c78063
#8088   pc=0040005c cycle=16170 insn=ffc60613   x12(a2)=10000100
#8089   pc=00400060 cycle=16172 insn=fc0812e3
#8090   pc=00400024 cycle=16174 insn=fff58593   x11(a1)=0000003f
#8091   pc=00400028 cycle=16177 insn=02b05e63
#8092   pc=0040002c cycle=16177 insn=00450793   x15(a5)=10000004
#8093   pc=00400030 cycle=16177 insn=00030813   x16(a6)=00000000
#8094   pc=00400034 cycle=16178 insn=00c0006f
#8095   pc=00400040 cycle=16183 insn=ffc7a683   x13(a3)=859babf3
#8096   pc=00400044 cycle=16184 insn=0007a703   x14(a4)=859babf3
#8097   pc=00400048 cycle=16187 insn=fed758e3
#8098   pc=00400038 cycle=16187 insn=00478793   x15(a5)=10000008
#8099   pc=0040003c cycle=16188 insn=02c78063
#8100   pc=00400040 cycle=16190 insn=ffc7a683
#8101   pc=00400044 cycle=16193 insn=0007a703
#8102   pc=00400048 cycle=16196 insn=fed758e3
#8103   pc=00400038 cycle=16196 insn=00478793   x15(a5)=1000000c
#8104   pc=0040003c cycle=16196 insn=02c78063
#8105   pc=00400040 cycle=16199 insn=ffc7a683
#8106   pc=00400044 cycle=16202 insn=0007a703
#8107   pc=00400048 cycle=16205 insn=fed758e3
#8108   pc=00400038 cycle=16205 insn=00478793   x15(a5)=10000010
#8109   pc=0040003c cycle=16205 insn=02c78063
#8110   pc=00400040 cycle=16208 insn=ffc7a683
#8111   pc=00400044 cycle=16211 insn=0007a703
#8112   pc=00400048 cycle=16214 insn=fed758e3
#8113   pc=00400038 cycle=16214 insn=00478793   x15(a5)=10000014
#8114   pc=0040003c cycle=16214 insn=02c78063
#8115   pc=00400040 cycle=16217 insn=ffc7a683
#8116   pc=00400044 cycle=16220 insn=0007a703   x14(a4)=9002dc0d
#8117   pc=00400048 cycle=16223 insn=fed758e3
#8118   pc=00400038 cycle=16223 insn=00478793   x15(a5)=10000018
#8119   pc=0040003c cycle=16223 insn=02c78063
#8120   pc=00400040 cycle=16226 insn=ffc7a683   x13(a3)=9002dc0d
#8121   pc=00400044 cycle=16229 insn=0007a703
#8122   pc=00400048 cycle=16232 insn=fed758e3
#8123   pc=00400038 cycle=16232 insn=00478793   x15(a5)=1000001c
#8124   pc=0040003c cycle=16232 insn=02c78063
#8125   pc=00400040 cycle=16235 insn=ffc7a683
#8126   pc=00400044 cycle=16238 insn=0007a703
#8127   pc=00400048 cycle=16241 insn=fed758e3
#8128   pc=00400038 cycle=16241 insn=00478793   x15(a5)=10000020
#8129   pc=0040003c cycle=16241 insn=02c78063
#8130   pc=00400040 cycle=16244 insn=ffc7a683
#8131   pc=00400044 cycle=16247 insn=0007a703
#8132   pc=00400048 cycle=16250 insn=fed758e3
#8133   pc=00400038 cycle=16250 insn=00478793   x15(a5)=10000024
#8134   pc=0040003c cycle=16250 insn=02c78063
#8135   pc=00400040 cycle=16253 insn=ffc7a683
#8136   pc=00400044 cycle=16256 insn=0007a703
#8137   pc=00400048 cycle=16259 insn=fed758e3
#8138   pc=00400038 cycle=16259 insn=00478793   x15(a5)=10000028
#8139   pc=0040003c cycle=16259 insn=02c78063
#8140   pc=00400040 cycle=16262 insn=ffc7a683
#8141   pc=00400044 cycle=16265 insn=0007a703
#8142   pc=00400048 cycle=16268 insn=fed758e3
#8143   pc=00400038 cycle=16268 insn=00478793   x15(a5)=1000002c
#8144   pc=0040003c cycle=16268 insn=02c78063
#8145   pc=00400040 cycle=16271 insn=ffc7a683
#8146   pc=00400044 cycle=16274 insn=0007a703   x14(a4)=b79b2005
#8147   pc=00400048 cycle=16277 insn=fed758e3
#8148   pc=00400038 cycle=16277 insn=00478793   x15(a5)=10000030
#8149   pc=0040003c cycle=16277 insn=02c78063
#8150   pc=00400040 cycle=16280 insn=ffc7a683   x13(a3)=b79b2005
#8151   pc=00400044 cycle=16283 insn=0007a703
#8152   pc=00400048 cycle=16286 insn=fed758e3
#8153   pc=00400038 cycle=16286 insn=00478793   x15(a5)=10000034
#8154   pc=0040003c cycle=16286 insn=02c78063
#8155   pc=00400040 cycle=16289 insn=ffc7a683
#8156   pc=00400044 cycle=16292 insn=0007a703
#8157   pc=00400048 cycle=16295 insn=fed758e3
#8158   pc=00400038 cycle=16295 insn=00478793   x15(a5)=10000038
#8159   pc=0040003c cycle=16295 insn=02c78063
#8160   pc=00400040 cycle=16298 insn=ffc7a683
#8161   pc=00400044 cycle=16301 insn=0007a703   x14(a4)=bfdfe5b0
#8162   pc=00400048 cycle=16304 insn=fed758e3
#8163   pc=00400038 cycle=16304 insn=00478793   x15(a5)=1000003c
#8164   pc=0040003c cycle=16304 insn=02c78063
#8165   pc=00400040 cycle=16307 insn=ffc7a683   x13(a3)=bfdfe5b0
#8166   pc=00400044 cycle=16310 insn=0007a703
#8167   pc=00400048 cycle=16313 insn=fed758e3
#8168   pc=00400038 cycle=16313 insn=00478793   x15(a5)=10000040
#8169   pc=0040003c cycle=16313 insn=02c78063
#8170   pc=00400040 cycle=16316 insn=ffc7a683
#8171   pc=00400044 cycle=16319 insn=0007a703
#8172   pc=00400048 cycle=16322 insn=fed758e3
#8173   pc=00400038 cycle=16322 insn=00478793   x15(a5)=10000044
#8174   pc=0040003c cycle=16322 insn=02c78063
#8175   pc=00400040 cycle=16325 insn=ffc7a683
#8176   pc=00400044 cycle=16328 insn=0007a703
#8177   pc=00400048 cycle=16331 insn=fed758e3
#8178   pc=00400038 cycle=16331 insn=00478793   x15(a5)=10000048
#8179   pc=0040003c cycle=16331 insn=02c78063
#8180   pc=00400040 cycle=16334 insn=ffc7a683
#8181   pc=00400044 cycle=16337 insn=0007a703   x14(a4)=b7aa02c6
#8182   pc=00400048 cycle=16340 insn=fed758e3
#8183   pc=0040004c cycle=16346 insn=00d7a023
#8184   pc=00400050 cycle=16349 insn=fee7ae23
#8185   pc=00400054 cycle=16349 insn=00088813   x16(a6)=00000001
#8186   pc=00400058 cycle=16349 insn=fe1ff06f
#8187   pc=00400038 cycle=16350 insn=00478793   x15(a5)=1000004c
#8188   pc=0040003c cycle=16353 insn=02c78063
#8189   pc=00400040 cycle=16356 insn=ffc7a683
#8190   pc=00400044 cycle=16357 insn=0007a703   x14(a4)=bfdfe5b0
#8191   pc=00400048 cycle=16360 insn=fed758e3
#8192   pc=00400038 cycle=16366 insn=00478793   x15(a5)=10000050
#8193   pc=0040003c cycle=16369 insn=02c78063
#8194   pc=00400040 cycle=16371 insn=ffc7a683
#8195   pc=00400044 cycle=16372 insn=0007a703   x14(a4)=af5305e5
#8196   pc=00400048 cycle=16375 insn=fed758e3
#8197   pc=0040004c cycle=16381 insn=00d7a023
#8198   pc=00400050 cycle=16384 insn=fee7ae23
#8199   pc=00400054 cycle=16384 insn=00088813
#8200   pc=00400058 cycle=16384 insn=fe1ff06f
#8201   pc=00400038 cycle=16385 insn=00478793   x15(a5)=10000054
#8202   pc=0040003c cycle=16388 insn=02c78063
#8203   pc=00400040 cycle=16391 insn=ffc7a683
#8204   pc=00400044 cycle=16392 insn=0007a703   x14(a4)=82f2d29c
#8205   pc=00400048 cycle=16395 insn=fed758e3
#8206   pc=0040004c cycle=16396 insn=00d7a023
#8207   pc=00400050 cycle=16399 insn=fee7ae23
#8208   pc=00400054 cycle=16399 insn=00088813
#8209   pc=00400058 cycle=16399 insn=fe1ff06f
#8210   pc=00400038 cycle=16399 insn=00478793   x15(a5)=10000058
#8211   pc=0040003c cycle=16403 insn=02c78063
#8212   pc=00400040 cycle=16406 insn=ffc7a683   x13(a3)=82f2d29c
#8213   pc=00400044 cycle=16407 insn=0007a703
#8214   pc=00400048 cycle=16410 insn=fed758e3
#8215   pc=00400038 cycle=16416 insn=00478793   x15(a5)=1000005c
#8216   pc=0040003c cycle=16419 insn=02c78063
#8217   pc=00400040 cycle=16421 insn=ffc7a683
#8218   pc=00400044 cycle=16422 insn=0007a703
#8219   pc=00400048 cycle=16425 insn=fed758e3
#8220   pc=00400038 cycle=16425 insn=00478793   x15(a5)=10000060
#8221   pc=0040003c cycle=16426 insn=02c78063
#8222   pc=00400040 cycle=16428 insn=ffc7a683
#8223   pc=00400044 cycle=16431 insn=0007a703
#8224   pc=00400048 cycle=16434 insn=fed758e3
#8225   pc=00400038 cycle=16434 insn=00478793   x15(a5)=10000064
#8226   pc=0040003c cycle=16434 insn=02c78063
#8227   pc=00400040 cycle=16437 insn=ffc7a683
#8228   pc=00400044 cycle=16440 insn=0007a703
#8229   pc=00400048 cycle=16443 insn=fed758e3
#8230   pc=00400038 cycle=16443 insn=00478793   x15(a5)=10000068
#8231   pc=0040003c cycle=16443 insn=02c78063
#8232   pc=00400040 cycle=16446 insn=ffc7a683
#8233   pc=00400044 cycle=16449 insn=0007a703
#8234   pc=00400048 cycle=16452 insn=fed758e3
#8235   pc=00400038 cycle=16452 insn=00478793   x15(a5)=1000006c
#8236   pc=0040003c cycle=16452 insn=02c78063
#8237   pc=00400040 cycle=16455 insn=ffc7a683
#8238   pc=00400044 cycle=16458 insn=0007a703
#8239   pc=00400048 cycle=16461 insn=fed758e3
#8240   pc=00400038 cycle=16461 insn=00478793   x15(a5)=10000070
#8241   pc=0040003c cycle=16461 insn=02c78063
#8242   pc=00400040 cycle=16464 insn=ffc7a683
#8243   pc=00400044 cycle=16467 insn=0007a703
#8244   pc=00400048 cycle=16470 insn=fed758e3
#8245   pc=00400038 cycle=16470 insn=00478793   x15(a5)=10000074
#8246   pc=0040003c cycle=16470 insn=02c78063
#8247   pc=00400040 cycle=16473 insn=ffc7a683
#8248   pc=00400044 cycle=16476 insn=0007a703
#8249   pc=00400048 cycle=16479 insn=fed758e3
#8250   pc=00400038 cycle=16479 insn=00478793   x15(a5)=10000078
#8251   pc=0040003c cycle=16479 insn=02c78063
#8252   pc=00400040 cycle=16482 insn=ffc7a683
#8253   pc=00400044 cycle=16485 insn=0007a703
#8254   pc=00400048 cycle=16488 insn=fed758e3
#8255   pc=00400038 cycle=16488 insn=00478793   x15(a5)=1000007c
#8256   pc=0040003c cycle=16488 insn=02c78063
#8257   pc=00400040 cycle=16491 insn=ffc7a683
#8258   pc=00400044 cycle=16494 insn=0007a703
#8259   pc=00400048 cycle=16497 insn=fed758e3
#8260   pc=00400038 cycle=16497 insn=00478793   x15(a5)=10000080
#8261   pc=0040003c cycle=16497 insn=02c78063
#8262   pc=00400040 cycle=16500 insn=ffc7a683
#8263   pc=00400044 cycle=16503 insn=0007a703
#8264   pc=00400048 cycle=16506 insn=fed758e3
#8265   pc=00400038 cycle=16506 insn=00478793   x15(a5)=10000084
#8266   pc=0040003c cycle=16506 insn=02c78063
#8267   pc=00400040 cycle=16509 insn=ffc7a683
#8268   pc=00400044 cycle=16512 insn=0007a703
#8269   pc=00400048 cycle=16515 insn=fed758e3
#8270   pc=00400038 cycle=16515 insn=00478793   x15(a5)=10000088
#8271   pc=0040003c cycle=16515 insn=02c78063
#8272   pc=00400040 cycle=16518 insn=ffc7a683
#8273   pc=00400044 cycle=16521 insn=0007a703
#8274   pc=00400048 cycle=16524 insn=fed758e3
#8275   pc=00400038 cycle=16524 insn=00478793   x15(a5)=1000008c
#8276   pc=0040003c cycle=16524 insn=02c78063
#8277   pc=00400040 cycle=16527 insn=ffc7a683
#8278   pc=00400044 cycle=16530 insn=0007a703   x14(a4)=add48d17
#8279   pc=00400048 cycle=16533 insn=fed758e3
#8280   pc=00400038 cycle=16533 insn=00478793   x15(a5)=10000090
#8281   pc=0040003c cycle=16533 insn=02c78063
#8282   pc=00400040 cycle=16536 insn=ffc7a683   x13(a3)=add48d17
#8283   pc=00400044 cycle=16539 insn=0007a703
#8284   pc=00400048 cycle=16542 insn=fed758e3
#8285   pc=00400038 cycle=16542 insn=00478793   x15(a5)=10000094
#8286   pc=0040003c cycle=16542 insn=02c78063
#8287   pc=00400040 cycle=16545 insn=ffc7a683
#8288   pc=00400044 cycle=16548 insn=0007a703   x14(a4)=84c36ccd
#8289   pc=00400048 cycle=16551 insn=fed758e3
#8290   pc=0040004c cycle=16557 insn=00d7a023
#8291   pc=00400050 cycle=16560 insn=fee7ae23
#8292   pc=00400054 cycle=16560 insn=00088813
#8293   pc=00400058 cycle=16560 insn=fe1ff06f
#8294   pc=00400038 cycle=16561 insn=00478793   x15(a5)=10000098
#8295   pc=0040003c cycle=16564 insn=02c78063
#8296   pc=00400040 cycle=16567 insn=ffc7a683
#8297   pc=00400044 cycle=16568 insn=0007a703
#8298   pc=00400048 cycle=16571 insn=fed758e3
#8299   pc=0040004c cycle=16572 insn=00d7a023
#8300   pc=00400050 cycle=16575 insn=fee7ae23
#8301   pc=00400054 cycle=16575 insn=00088813
#8302   pc=00400058 cycle=16575 insn=fe1ff06f
#8303   pc=00400038 cycle=16575 insn=00478793   x15(a5)=1000009c
#8304   pc=0040003c cycle=16579 insn=02c78063
#8305   pc=00400040 cycle=16582 insn=ffc7a683   x13(a3)=84c36ccd
#8306   pc=00400044 cycle=16583 insn=0007a703
#8307   pc=00400048 cycle=16586 insn=fed758e3
#8308   pc=00400038 cycle=16592 insn=00478793   x15(a5)=100000a0
#8309   pc=0040003c cycle=16595 insn=02c78063
#8310   pc=00400040 cycle=16597 insn=ffc7a683
#8311   pc=00400044 cycle=16598 insn=0007a703
#8312   pc=00400048 cycle=16601 insn=fed758e3
#8313   pc=00400038 cycle=16601 insn=00478793   x15(a5)=100000a4
#8314   pc=0040003c cycle=16602 insn=02c78063
#8315   pc=00400040 cycle=16604 insn=ffc7a683
#8316   pc=00400044 cycle=16607 insn=0007a703
#8317   pc=00400048 cycle=16610 insn=fed758e3
#8318   pc=00400038 cycle=16610 insn=00478793   x15(a5)=100000a8
#8319   pc=0040003c cycle=16610 insn=02c78063
#8320   pc=00400040 cycle=16613 insn=ffc7a683
#8321   pc=00400044 cycle=16616 insn=0007a703
#8322   pc=00400048 cycle=16619 insn=fed758e3
#8323   pc=00400038 cycle=16619 insn=00478793   x15(a5)=100000ac
#8324   pc=0040003c cycle=16619 insn=02c78063
#8325   pc=00400040 cycle=16622 insn=ffc7a683
#8326   pc=00400044 cycle=16625 insn=0007a703
#8327   pc=00400048 cycle=16628 insn=fed758e3
#8328   pc=00400038 cycle=16628 insn=00478793   x15(a5)=100000b0
#8329   pc=0040003c cycle=16628 insn=02c78063
#8330   pc=00400040 cycle=16631 insn=ffc7a683
#8331   pc=00400044 cycle=16634 insn=0007a703
#8332   pc=00400048 cycle=16637 insn=fed758e3
#8333   pc=00400038 cycle=16637 insn=00478793   x15(a5)=100000b4
#8334   pc=0040003c cycle=16637 insn=02c78063
#8335   pc=00400040 cycle=16640 insn=ffc7a683
#8336   pc=00400044 cycle=16643 insn=0007a703   x14(a4)=80f68da3
#8337   pc=00400048 cycle=16646 insn=fed758e3
#8338   pc=0040004c cycle=16652 insn=00d7a023
#8339   pc=00400050 cycle=16655 insn=fee7ae23
#8340   pc=00400054 cycle=16655 insn=00088813
#8341   pc=00400058 cycle=16655 insn=fe1ff06f
#8342   pc=00400038 cycle=16656 insn=00478793   x15(a5)=100000b8
#8343   pc=0040003c cycle=16659 insn=02c78063
#8344   pc=00400040 cycle=16662 insn=ffc7a683
#8345   pc=00400044 cycle=16663 insn=0007a703   x14(a4)=84c36ccd
#8346   pc=00400048 cycle=16666 insn=fed758e3
#8347   pc=00400038 cycle=16672 insn=00478793   x15(a5)=100000bc
#8348   pc=0040003c cycle=16675 insn=02c78063
#8349   pc=00400040 cycle=16677 insn=ffc7a683
#8350   pc=00400044 cycle=16678 insn=0007a703
#8351   pc=00400048 cycle=16681 insn=fed758e3
#8352   pc=00400038 cycle=16681 insn=00478793   x15(a5)=100000c0
#8353   pc=0040003c cycle=16682 insn=02c78063
#8354   pc=00400040 cycle=16684 insn=ffc7a683
#8355   pc=00400044 cycle=16687 insn=0007a703
#8356   pc=00400048 cycle=16690 insn=fed758e3
#8357   pc=00400038 cycle=16690 insn=00478793   x15(a5)=100000c4
#8358   pc=0040003c cycle=16690 insn=02c78063
#8359   pc=00400040 cycle=16693 insn=ffc7a683
#8360   pc=00400044 cycle=16696 insn=0007a703
#8361   pc=00400048 cycle=16699 insn=fed758e3
#8362   pc=00400038 cycle=16699 insn=00478793   x15(a5)=100000c8
#8363   pc=0040003c cycle=16699 insn=02c78063
#8364   pc=00400040 cycle=16702 insn=ffc7a683
#8365   pc=00400044 cycle=16705 insn=0007a703
#8366   pc=00400048 cycle=16708 insn=fed758e3
#8367   pc=00400038 cycle=16708 insn=00478793   x15(a5)=100000cc
#8368   pc=0040003c cycle=16708 insn=02c78063
#8369   pc=00400040 cycle=16711 insn=ffc7a683
#8370   pc=00400044 cycle=16714 insn=0007a703
#8371   pc=00400048 cycle=16717 insn=fed758e3
#8372   pc=00400038 cycle=16717 insn=00478793   x15(a5)=100000d0
#8373   pc=0040003c cycle=16717 insn=02c78063
#8374   pc=00400040 cycle=16720 insn=ffc7a683
#8375   pc=00400044 cycle=16723 insn=0007a703   x14(a4)=b666c147
#8376   pc=00400048 cycle=16726 insn=fed758e3
#8377   pc=00400038 cycle=16726 insn=00478793   x15(a5)=100000d4
#8378   pc=0040003c cycle=16726 insn=02c78063
#8379   pc=00400040 cycle=16729 insn=ffc7a683   x13(a3)=b666c147
#8380   pc=00400044 cycle=16732 insn=0007a703   x14(a4)=d5f89e0e
#8381   pc=00400048 cycle=16735 insn=fed758e3
#8382   pc=00400038 cycle=16735 insn=00478793   x15(a5)=100000d8
#8383   pc=0040003c cycle=16735 insn=02c78063
#8384   pc=00400040 cycle=16738 insn=ffc7a683   x13(a3)=d5f89e0e
#8385   pc=00400044 cycle=16741 insn=0007a703   x14(a4)=b5d4a6b5
#8386   pc=00400048 cycle=16744 insn=fed758e3
#8387   pc=0040004c cycle=16750 insn=00d7a023
#8388   pc=00400050 cycle=16753 insn=fee7ae23
#8389   pc=00400054 cycle=16753 insn=00088813
#8390   pc=00400058 cycle=16753 insn=fe1ff06f
#8391   pc=00400038 cycle=16754 insn=00478793   x15(a5)=100000dc
#8392   pc=0040003c cycle=16757 insn=02c78063
#8393   pc=00400040 cycle=16760 insn=ffc7a683
#8394   pc=00400044 cycle=16761 insn=0007a703
#8395   pc=00400048 cycle=16764 insn=fed758e3
#8396   pc=0040004c cycle=16765 insn=00d7a023
#8397   pc=00400050 cycle=16768 insn=fee7ae23
#8398   pc=00400054 cycle=16768 insn=00088813
#8399   pc=00400058 cycle=16768 insn=fe1ff06f
#8400   pc=00400038 cycle=16768 insn=00478793   x15(a5)=100000e0
#8401   pc=0040003c cycle=16772 insn=02c78063
#8402   pc=00400040 cycle=16775 insn=ffc7a683   x13(a3)=b5d4a6b5
#8403   pc=00400044 cycle=16776 insn=0007a703
#8404   pc=00400048 cycle=16779 insn=fed758e3
#8405   pc=00400038 cycle=16785 insn=00478793   x15(a5)=100000e4
#8406   pc=0040003c cycle=16788 insn=02c78063
#8407   pc=00400040 cycle=16790 insn=ffc7a683
#8408   pc=00400044 cycle=16791 insn=0007a703
#8409   pc=00400048 cycle=16794 insn=fed758e3
#8410   pc=00400038 cycle=16794 insn=00478793   x15(a5)=100000e8
#8411   pc=0040003c cycle=16795 insn=02c78063
#8412   pc=00400040 cycle=16797 insn=ffc7a683
#8413   pc=00400044 cycle=16800 insn=0007a703
#8414   pc=00400048 cycle=16803 insn=fed758e3
#8415   pc=00400038 cycle=16803 insn=00478793   x15(a5)=100000ec
#8416   pc=0040003c cycle=16803 insn=02c78063
#8417   pc=00400040 cycle=16806 insn=ffc7a683
#8418   pc=00400044 cycle=16809 insn=0007a703   x14(a4)=9577ad12
#8419   pc=00400048 cycle=16812 insn=fed758e3
#8420   pc=0040004c cycle=16818 insn=00d7a023
#8421   pc=00400050 cycle=16821 insn=fee7ae23
#8422   pc=00400054 cycle=16821 insn=00088813
#8423   pc=00400058 cycle=16821 insn=fe1ff06f
#8424   pc=00400038 cycle=16822 insn=00478793   x15(a5)=100000f0
#8425   pc=0040003c cycle=16825 insn=02c78063
#8426   pc=00400040 cycle=16828 insn=ffc7a683
#8427   pc=00400044 cycle=16829 insn=0007a703   x14(a4)=b5d4a6b5
#8428   pc=00400048 cycle=16832 insn=fed758e3
#8429   pc=00400038 cycle=16838 insn=00478793   x15(a5)=100000f4
#8430   pc=0040003c cycle=16841 insn=02c78063
#8431   pc=00400040 cycle=16843 insn=ffc7a683
#8432   pc=00400044 cycle=16844 insn=0007a703   x14(a4)=a563eb19
#8433   pc=00400048 cycle=16847 insn=fed758e3
#8434   pc=0040004c cycle=16853 insn=00d7a023
#8435   pc=00400050 cycle=16856 insn=fee7ae23
#8436   pc=00400054 cycle=16856 insn=00088813
#8437   pc=00400058 cycle=16856 insn=fe1ff06f
#8438   pc=00400038 cycle=16857 insn=00478793   x15(a5)=100000f8
#8439   pc=0040003c cycle=16860 insn=02c78063
#8440   pc=00400040 cycle=16863 insn=ffc7a683
#8441   pc=00400044 cycle=16864 insn=0007a703   x14(a4)=b5d4a6b5
#8442   pc=00400048 cycle=16867 insn=fed758e3
#8443   pc=00400038 cycle=16873 insn=00478793   x15(a5)=100000fc
#8444   pc=0040003c cycle=16876 insn=02c78063
#8445   pc=00400040 cycle=16878 insn=ffc7a683
#8446   pc=00400044 cycle=16879 insn=0007a703
#8447   pc=00400048 cycle=16882 insn=fed758e3
#8448   pc=00400038 cycle=16882 insn=00478793   x15(a5)=10000100
#8449   pc=0040003c cycle=16883 insn=02c78063
#8450   pc=0040005c cycle=16889 insn=ffc60613   x12(a2)=100000fc
#8451   pc=00400060 cycle=16891 insn=fc0812e3
#8452   pc=00400024 cycle=16893 insn=fff58593   x11(a1)=0000003e
#8453   pc=00400028 cycle=16896 insn=02b05e63
#8454   pc=0040002c cycle=16896 insn=00450793   x15(a5)=10000004
#8455   pc=00400030 cycle=16896 insn=00030813   x16(a6)=00000000
#8456   pc=00400034 cycle=16897 insn=00c0006f
#8457   pc=00400040 cycle=16902 insn=ffc7a683   x13(a3)=859babf3
#8458   pc=00400044 cycle=16903 insn=0007a703   x14(a4)=859babf3
#8459   pc=00400048 cycle=16906 insn=fed758e3
#8460   pc=00400038 cycle=16906 insn=00478793   x15(a5)=10000008
#8461   pc=0040003c cycle=16907 insn=02c78063
#8462   pc=00400040 cycle=16909 insn=ffc7a683
#8463   pc=00400044 cycle=16912 insn=0007a703
#8464   pc=00400048 cycle=16915 insn=fed758e3
#8465   pc=00400038 cycle=16915 insn=00478793   x15(a5)=1000000c
#8466   pc=0040003c cycle=16915 insn=02c78063
#8467   pc=00400040 cycle=16918 insn=ffc7a683
#8468   pc=00400044 cycle=16921 insn=0007a703
#8469   pc=00400048 cycle=16924 insn=fed758e3
#8470   pc=00400038 cycle=16924 insn=00478793   x15(a5)=10000010
#8471   pc=0040003c cycle=16924 insn=02c78063
#8472   pc=00400040 cycle=16927 insn=ffc7a683
#8473   pc=00400044 cycle=16930 insn=0007a703
#8474   pc=00400048 cycle=16933 insn=fed758e3
#8475   pc=00400038 cycle=16933 insn=00478793   x15(a5)=10000014
#8476   pc=0040003c cycle=16933 insn=02c78063
#8477   pc=00400040 cycle=16936 insn=ffc7a683
#8478   pc=00400044 cycle=16939 insn=0007a703   x14(a4)=9002dc0d
#8479   pc=00400048 cycle=16942 insn=fed758e3
#8480   pc=00400038 cycle=16942 insn=00478793   x15(a5)=10000018
#8481   pc=0040003c cycle=16942 insn=02c78063
#8482   pc=00400040 cycle=16945 insn=ffc7a683   x13(a3)=9002dc0d
#8483   pc=00400044 cycle=16948 insn=0007a703
#8484   pc=00400048 cycle=16951 insn=fed758e3
#8485   pc=00400038 cycle=16951 insn=00478793   x15(a5)=1000001c
#8486   pc=0040003c cycle=16951 insn=02c78063
#8487   pc=00400040 cycle=16954 insn=ffc7a683
#8488   pc=00400044 cycle=16957 insn=0007a703
#8489   pc=00400048 cycle=16960 insn=fed758e3
#8490   pc=00400038 cycle=16960 insn=00478793   x15(a5)=10000020
#8491   pc=0040003c cycle=16960 insn=02c78063
#8492   pc=00400040 cycle=16963 insn=ffc7a683
#8493   pc=00400044 cycle=16966 insn=0007a703
#8494   pc=00400048 cycle=16969 insn=fed758e3
#8495   pc=00400038 cycle=16969 insn=00478793   x15(a5)=10000024
#8496   pc=0040003c cycle=16969 insn=02c78063
#8497   pc=00400040 cycle=16972 insn=ffc7a683
#8498   pc=00400044 cycle=16975 insn=0007a703
#8499   pc=00400048 cycle=16978 insn=fed758e3
#8500   pc=00400038 cycle=16978 insn=00478793   x15(a5)=10000028
#8501   pc=0040003c cycle=16978 insn=02c78063
#8502   pc=00400040 cycle=16981 insn=ffc7a683
#8503   pc=00400044 cycle=16984 insn=0007a703
#8504   pc=00400048 cycle=16987 insn=fed758e3
#8505   pc=00400038 cycle=16987 insn=00478793   x15(a5)=1000002c
#8506   pc=0040003c cycle=16987 insn=02c78063
#8507   pc=00400040 cycle=16990 insn=ffc7a683
#8508   pc=00400044 cycle=16993 insn=0007a703   x14(a4)=b79b2005
#8509   pc=00400048 cycle=16996 insn=fed758e3
#8510   pc=00400038 cycle=16996 insn=00478793   x15(a5)=10000030
#8511   pc=0040003c cycle=16996 insn=02c78063
#8512   pc=00400040 cycle=16999 insn=ffc7a683   x13(a3)=b79b2005
#8513   pc=00400044 cycle=17002 insn=0007a703
#8514   pc=00400048 cycle=17005 insn=fed758e3
#8515   pc=00400038 cycle=17005 insn=00478793   x15(a5)=10000034
#8516   pc=0040003c cycle=17005 insn=02c78063
#8517   pc=00400040 cycle=17008 insn=ffc7a683
#8518   pc=00400044 cycle=17011 insn=0007a703
#8519   pc=00400048 cycle=17014 insn=fed758e3
#8520   pc=00400038 cycle=17014 insn=00478793   x15(a5)=10000038
#8521   pc=0040003c cycle=17014 insn=02c78063
#8522   pc=00400040 cycle=17017 insn=ffc7a683
#8523   pc=00400044 cycle=17020 insn=0007a703   x14(a4)=bfdfe5b0
#8524   pc=00400048 cycle=17023 insn=fed758e3
#8525   pc=00400038 cycle=17023 insn=00478793   x15(a5)=1000003c
#8526   pc=0040003c cycle=17023 insn=02c78063
#8527   pc=00400040 cycle=17026 insn=ffc7a683   x13(a3)=bfdfe5b0
#8528   pc=00400044 cycle=17029 insn=0007a703
#8529   pc=00400048 cycle=17032 insn=fed758e3
#8530   pc=00400038 cycle=17032 insn=00478793   x15(a5)=10000040
#8531   pc=0040003c cycle=17032 insn=02c78063
#8532   pc=00400040 cycle=17035 insn=ffc7a683
#8533   pc=00400044 cycle=17038 insn=0007a703
#8534   pc=00400048 cycle=17041 insn=fed758e3
#8535   pc=00400038 cycle=17041 insn=00478793   x15(a5)=10000044
#8536   pc=0040003c cycle=17041 insn=02c78063
#8537   pc=00400040 cycle=17044 insn=ffc7a683
#8538   pc=00400044 cycle=17047 insn=0007a703   x14(a4)=b7aa02c6
#8539   pc=00400048 cycle=17050 insn=fed758e3
#8540   pc=0040004c cycle=17056 insn=00d7a023
#8541   pc=00400050 cycle=17059 insn=fee7ae23
#8542   pc=00400054 cycle=17059 insn=00088813   x16(a6)=00000001
#8543   pc=00400058 cycle=17059 insn=fe1ff06f
#8544   pc=00400038 cycle=17060 insn=00478793   x15(a5)=10000048
#8545   pc=0040003c cycle=17063 insn=02c78063
#8546   pc=00400040 cycle=17066 insn=ffc7a683
#8547   pc=00400044 cycle=17067 insn=0007a703   x14(a4)=bfdfe5b0
#8548   pc=00400048 cycle=17070 insn=fed758e3
#8549   pc=00400038 cycle=17076 insn=00478793   x15(a5)=1000004c
#8550   pc=0040003c cycle=17079 insn=02c78063
#8551   pc=00400040 cycle=17081 insn=ffc7a683
#8552   pc=00400044 cycle=17082 insn=0007a703   x14(a4)=af5305e5
#8553   pc=00400048 cycle=17085 insn=fed758e3
#8554   pc=0040004c cycle=17091 insn=00d7a023
#8555   pc=00400050 cycle=17094 insn=fee7ae23
#8556   pc=00400054 cycle=17094 insn=00088813
#8557   pc=00400058 cycle=17094 insn=fe1ff06f
#8558   pc=00400038 cycle=17095 insn=00478793   x15(a5)=10000050
#8559   pc=0040003c cycle=17098 insn=02c78063
#8560   pc=00400040 cycle=17101 insn=ffc7a683
#8561   pc=00400044 cycle=17102 insn=0007a703   x14(a4)=82f2d29c
#8562   pc=00400048 cycle=17105 insn=fed758e3
#8563   pc=0040004c cycle=17106 insn=00d7a023
#8564   pc=00400050 cycle=17109 insn=fee7ae23
#8565   pc=00400054 cycle=17109 insn=00088813
#8566   pc=00400058 cycle=17109 insn=fe1ff06f
#8567   pc=00400038 cycle=17109 insn=00478793   x15(a5)=10000054
#8568   pc=0040003c cycle=17113 insn=02c78063
#8569   pc=00400040 cycle=17116 insn=ffc7a683   x13(a3)=82f2d29c
#8570   pc=00400044 cycle=17117 insn=0007a703
#8571   pc=00400048 cycle=17120 insn=fed758e3
#8572   pc=00400038 cycle=17126 insn=00478793   x15(a5)=10000058
#8573   pc=0040003c cycle=17129 insn=02c78063
#8574   pc=00400040 cycle=17131 insn=ffc7a683
#8575   pc=00400044 cycle=17132 insn=0007a703
#8576   pc=00400048 cycle=17135 insn=fed758e3
#8577   pc=00400038 cycle=17135 insn=00478793   x15(a5)=1000005c
#8578   pc=0040003c cycle=17136 insn=02c78063
#8579   pc=00400040 cycle=17138 insn=ffc7a683
#8580   pc=00400044 cycle=17141 insn=0007a703
#8581   pc=00400048 cycle=17144 insn=fed758e3
#8582   pc=00400038 cycle=17144 insn=00478793   x15(a5)=10000060
#8583   pc=0040003c cycle=17144 insn=02c78063
#8584   pc=00400040 cycle=17147 insn=ffc7a683
#8585   pc=00400044 cycle=17150 insn=0007a703
#8586   pc=00400048 cycle=17153 insn=fed758e3
#8587   pc=00400038 cycle=17153 insn=00478793   x15(a5)=10000064
#8588   pc=0040003c cycle=17153 insn=02c78063
#8589   pc=00400040 cycle=17156 insn=ffc7a683
#8590   pc=00400044 cycle=17159 insn=0007a703
#8591   pc=00400048 cycle=17162 insn=fed758e3
#8592   pc=00400038 cycle=17162 insn=00478793   x15(a5)=10000068
#8593   pc=0040003c cycle=17162 insn=02c78063
#8594   pc=00400040 cycle=17165 insn=ffc7a683
#8595   pc=00400044 cycle=17168 insn=0007a703
#8596   pc=00400048 cycle=17171 insn=fed758e3
#8597   pc=00400038 cycle=17171 insn=00478793   x15(a5)=1000006c
#8598   pc=0040003c cycle=17171 insn=02c78063
#8599   pc=00400040 cycle=17174 insn=ffc7a683
#8600   pc=00400044 cycle=17177 insn=0007a703
#8601   pc=00400048 cycle=17180 insn=fed758e3
#8602   pc=00400038 cycle=17180 insn=00478793   x15(a5)=10000070
#8603   pc=0040003c cycle=17180 insn=02c78063
#8604   pc=00400040 cycle=17183 insn=ffc7a683
#8605   pc=00400044 cycle=17186 insn=0007a703
#8606   pc=00400048 cycle=17189 insn=fed758e3
#8607   pc=00400038 cycle=17189 insn=00478793   x15(a5)=10000074
#8608   pc=0040003c cycle=17189 insn=02c78063
#8609   pc=00400040 cycle=17192 insn=ffc7a683
#8610   pc=00400044 cycle=17195 insn=0007a703
#8611   pc=00400048 cycle=17198 insn=fed758e3
#8612   pc=00400038 cycle=17198 insn=00478793   x15(a5)=10000078
#8613   pc=0040003c cycle=17198 insn=02c78063
#8614   pc=00400040 cycle=17201 insn=ffc7a683
#8615   pc=00400044 cycle=17204 insn=0007a703
#8616   pc=00400048 cycle=17207 insn=fed758e3
#8617   pc=00400038 cycle=17207 insn=00478793   x15(a5)=1000007c
#8618   pc=0040003c cycle=17207 insn=02c78063
#8619   pc=00400040 cycle=17210 insn=ffc7a683
#8620   pc=00400044 cycle=17213 insn=0007a703
#8621   pc=00400048 cycle=17216 insn=fed758e3
#8622   pc=00400038 cycle=17216 insn=00478793   x15(a5)=10000080
#8623   pc=0040003c cycle=17216 insn=02c78063
#8624   pc=00400040 cycle=17219 insn=ffc7a683
#8625   pc=00400044 cycle=17222 insn=0007a703
#8626   pc=00400048 cycle=17225 insn=fed758e3
#8627   pc=00400038 cycle=17225 insn=00478793   x15(a5)=10000084
#8628   pc=0040003c cycle=17225 insn=02c78063
#8629   pc=00400040 cycle=17228 insn=ffc7a683
#8630   pc=00400044 cycle=17231 insn=0007a703
#8631   pc=00400048 cycle=17234 insn=fed758e3
#8632   pc=00400038 cycle=17234 insn=00478793   x15(a5)=10000088
#8633   pc=0040003c cycle=17234 insn=02c78063
#8634   pc=00400040 cycle=17237 insn=ffc7a683
#8635   pc=00400044 cycle=17240 insn=0007a703
#8636   pc=00400048 cycle=17243 insn=fed758e3
#8637   pc=00400038 cycle=17243 insn=00478793   x15(a5)=1000008c
#8638   pc=0040003c cycle=17243 insn=02c78063
#8639   pc=00400040 cycle=17246 insn=ffc7a683
#8640   pc=00400044 cycle=17249 insn=0007a703   x14(a4)=add48d17
#8641   pc=00400048 cycle=17252 insn=fed758e3
#8642   pc=00400038 cycle=17252 insn=00478793   x15(a5)=10000090
#8643   pc=0040003c cycle=17252 insn=02c78063
#8644   pc=00400040 cycle=17255 insn=ffc7a683   x13(a3)=add48d17
#8645   pc=00400044 cycle=17258 insn=0007a703   x14(a4)=84c36ccd
#8646   pc=00400048 cycle=17261 insn=fed758e3
#8647   pc=0040004c cycle=17267 insn=00d7a023
#8648   pc=00400050 cycle=17270 insn=fee7ae23
#8649   pc=00400054 cycle=17270 insn=00088813
#8650   pc=00400058 cycle=17270 insn=fe1ff06f
#8651   pc=00400038 cycle=17271 insn=00478793   x15(a5)=10000094
#8652   pc=0040003c cycle=17274 insn=02c78063
#8653   pc=00400040 cycle=17277 insn=ffc7a683
#8654   pc=00400044 cycle=17278 insn=0007a703
#8655   pc=00400048 cycle=17281 insn=fed758e3
#8656   pc=0040004c cycle=17282 insn=00d7a023
#8657   pc=00400050 cycle=17285 insn=fee7ae23
#8658   pc=00400054 cycle=17285 insn=00088813
#8659   pc=00400058 cycle=17285 insn=fe1ff06f
#8660   pc=00400038 cycle=17285 insn=00478793   x15(a5)=10000098
#8661   pc=0040003c cycle=17289 insn=02c78063
#8662   pc=00400040 cycle=17292 insn=ffc7a683   x13(a3)=84c36ccd
#8663   pc=00400044 cycle=17293 insn=0007a703
#8664   pc=00400048 cycle=17296 insn=fed758e3
#8665   pc=00400038 cycle=17302 insn=00478793   x15(a5)=1000009c
#8666   pc=0040003c cycle=17305 insn=02c78063
#8667   pc=00400040 cycle=17307 insn=ffc7a683
#8668   pc=00400044 cycle=17308 insn=0007a703
#8669   pc=00400048 cycle=17311 insn=fed758e3
#8670   pc=00400038 cycle=17311 insn=00478793   x15(a5)=100000a0
#8671   pc=0040003c cycle=17312 insn=02c78063
#8672   pc=00400040 cycle=17314 insn=ffc7a683
#8673   pc=00400044 cycle=17317 insn=0007a703
#8674   pc=00400048 cycle=17320 insn=fed758e3
#8675   pc=00400038 cycle=17320 insn=00478793   x15(a5)=100000a4
#8676   pc=0040003c cycle=17320 insn=02c78063
#8677   pc=00400040 cycle=17323 insn=ffc7a683
#8678   pc=00400044 cycle=17326 insn=0007a703
#8679   pc=00400048 cycle=17329 insn=fed758e3
#8680   pc=00400038 cycle=17329 insn=00478793   x15(a5)=100000a8
#8681   pc=0040003c cycle=17329 insn=02c78063
#8682   pc=00400040 cycle=17332 insn=ffc7a683
#8683   pc=00400044 cycle=17335 insn=0007a703
#8684   pc=00400048 cycle=17338 insn=fed758e3
#8685   pc=00400038 cycle=17338 insn=00478793   x15(a5)=100000ac
#8686   pc=0040003c cycle=17338 insn=02c78063
#8687   pc=00400040 cycle=17341 insn=ffc7a683
#8688   pc=00400044 cycle=17344 insn=0007a703
#8689   pc=00400048 cycle=17347 insn=fed758e3
#8690   pc=00400038 cycle=17347 insn=00478793   x15(a5)=100000b0
#8691   pc=0040003c cycle=17347 insn=02c78063
#8692   pc=00400040 cycle=17350 insn=ffc7a683
#8693   pc=00400044 cycle=17353 insn=0007a703   x14(a4)=80f68da3
#8694   pc=00400048 cycle=17356 insn=fed758e3
#8695   pc=0040004c cycle=17362 insn=00d7a023
#8696   pc=00400050 cycle=17365 insn=fee7ae23
#8697   pc=00400054 cycle=17365 insn=00088813
#8698   pc=00400058 cycle=17365 insn=fe1ff06f
#8699   pc=00400038 cycle=17366 insn=00478793   x15(a5)=100000b4
#8700   pc=0040003c cycle=17369 insn=02c78063
#8701   pc=00400040 cycle=17372 insn=ffc7a683
#8702   pc=00400044 cycle=17373 insn=0007a703   x14(a4)=84c36ccd
#8703   pc=00400048 cycle=17376 insn=fed758e3
#8704   pc=00400038 cycle=17382 insn=00478793   x15(a5)=100000b8
#8705   pc=0040003c cycle=17385 insn=02c78063
#8706   pc=00400040 cycle=17387 insn=ffc7a683
#8707   pc=00400044 cycle=17388 insn=0007a703
#8708   pc=00400048 cycle=17391 insn=fed758e3
#8709   pc=00400038 cycle=17391 insn=00478793   x15(a5)=100000bc
#8710   pc=0040003c cycle=17392 insn=02c78063
#8711   pc=00400040 cycle=17394 insn=ffc7a683
#8712   pc=00400044 cycle=17397 insn=0007a703
#8713   pc=00400048 cycle=17400 insn=fed758e3
#8714   pc=00400038 cycle=17400 insn=00478793   x15(a5)=100000c0
#8715   pc=0040003c cycle=17400 insn=02c78063
#8716   pc=00400040 cycle=17403 insn=ffc7a683
#8717   pc=00400044 cycle=17406 insn=0007a703
#8718   pc=00400048 cycle=17409 insn=fed758e3
#8719   pc=00400038 cycle=17409 insn=00478793   x15(a5)=100000c4
#8720   pc=0040003c cycle=17409 insn=02c78063
#8721   pc=00400040 cycle=17412 insn=ffc7a683
#8722   pc=00400044 cycle=17415 insn=0007a703
#8723   pc=00400048 cycle=17418 insn=fed758e3
#8724   pc=00400038 cycle=17418 insn=00478793   x15(a5)=100000c8
#8725   pc=0040003c cycle=17418 insn=02c78063
#8726   pc=00400040 cycle=17421 insn=ffc7a683
#8727   pc=00400044 cycle=17424 insn=0007a703
#8728   pc=00400048 cycle=17427 insn=fed758e3
#8729   pc=00400038 cycle=17427 insn=00478793   x15(a5)=100000cc
#8730   pc=0040003c cycle=17427 insn=02c78063
#8731   pc=00400040 cycle=17430 insn=ffc7a683
#8732   pc=00400044 cycle=17433 insn=0007a703
#8733   pc=00400048 cycle=17436 insn=fed758e3
#8734   pc=00400038 cycle=17436 insn=00478793   x15(a5)=100000d0
#8735   pc=0040003c cycle=17436 insn=02c78063
#8736   pc=00400040 cycle=17439 insn=ffc7a683
#8737   pc=00400044 cycle=17442 insn=0007a703   x14(a4)=b666c147
#8738   pc=00400048 cycle=17445 insn=fed758e3
#8739   pc=00400038 cycle=17445 insn=00478793   x15(a5)=100000d4
#8740   pc=0040003c cycle=17445 insn=02c78063
#8741   pc=00400040 cycle=17448 insn=ffc7a683   x13(a3)=b666c147
#8742   pc=00400044 cycle=17451 insn=0007a703   x14(a4)=b5d4a6b5
#8743   pc=00400048 cycle=17454 insn=fed758e3
#8744   pc=0040004c cycle=17460 insn=00d7a023
#8745   pc=00400050 cycle=17463 insn=fee7ae23
#8746   pc=00400054 cycle=17463 insn=00088813
#8747   pc=00400058 cycle=17463 insn=fe1ff06f
#8748   pc=00400038 cycle=17464 insn=00478793   x15(a5)=100000d8
#8749   pc=0040003c cycle=17467 insn=02c78063
#8750   pc=00400040 cycle=17470 insn=ffc7a683
#8751   pc=00400044 cycle=17471 insn=0007a703
#8752   pc=00400048 cycle=17474 insn=fed758e3
#8753   pc=0040004c cycle=17475 insn=00d7a023
#8754   pc=00400050 cycle=17478 insn=fee7ae23
#8755   pc=00400054 cycle=17478 insn=00088813
#8756   pc=00400058 cycle=17478 insn=fe1ff06f
#8757   pc=00400038 cycle=17478 insn=00478793   x15(a5)=100000dc
#8758   pc=0040003c cycle=17482 insn=02c78063
#8759   pc=00400040 cycle=17485 insn=ffc7a683   x13(a3)=b5d4a6b5
#8760   pc=00400044 cycle=17486 insn=0007a703
#8761   pc=00400048 cycle=17489 insn=fed758e3
#8762   pc=00400038 cycle=17495 insn=00478793   x15(a5)=100000e0
#8763   pc=0040003c cycle=17498 insn=02c78063
#8764   pc=00400040 cycle=17500 insn=ffc7a683
#8765   pc=00400044 cycle=17501 insn=0007a703
#8766   pc=00400048 cycle=17504 insn=fed758e3
#8767   pc=00400038 cycle=17504 insn=00478793   x15(a5)=100000e4
#8768   pc=0040003c cycle=17505 insn=02c78063
#8769   pc=00400040 cycle=17507 insn=ffc7a683
#8770   pc=00400044 cycle=17510 insn=0007a703
#8771   pc=00400048 cycle=17513 insn=fed758e3
#8772   pc=00400038 cycle=17513 insn=00478793   x15(a5)=100000e8
#8773   pc=0040003c cycle=17513 insn=02c78063
#8774   pc=00400040 cycle=17516 insn=ffc7a683
#8775   pc=00400044 cycle=17519 insn=0007a703   x14(a4)=9577ad12
#8776   pc=00400048 cycle=17522 insn=fed758e3
#8777   pc=0040004c cycle=17528 insn=00d7a023
#8778   pc=00400050 cycle=17531 insn=fee7ae23
#8779   pc=00400054 cycle=17531 insn=00088813
#8780   pc=00400058 cycle=17531 insn=fe1ff06f
#8781   pc=00400038 cycle=17532 insn=00478793   x15(a5)=100000ec
#8782   pc=0040003c cycle=17535 insn=02c78063
#8783   pc=00400040 cycle=17538 insn=ffc7a683
#8784   pc=00400044 cycle=17539 insn=0007a703   x14(a4)=b5d4a6b5
#8785   pc=00400048 cycle=17542 insn=fed758e3
#8786   pc=00400038 cycle=17548 insn=00478793   x15(a5)=100000f0
#8787   pc=0040003c cycle=17551 insn=02c78063
#8788   pc=00400040 cycle=17553 insn=ffc7a683
#8789   pc=00400044 cycle=17554 insn=0007a703   x14(a4)=a563eb19
#8790   pc=00400048 cycle=17557 insn=fed758e3
#8791   pc=0040004c cycle=17563 insn=00d7a023
#8792   pc=00400050 cycle=17566 insn=fee7ae23
#8793   pc=00400054 cycle=17566 insn=00088813
#8794   pc=00400058 cycle=17566 insn=fe1ff06f
#8795   pc=00400038 cycle=17567 insn=00478793   x15(a5)=100000f4
#8796   pc=0040003c cycle=17570 insn=02c78063
#8797   pc=00400040 cycle=17573 insn=ffc7a683
#8798   pc=00400044 cycle=17574 insn=0007a703   x14(a4)=b5d4a6b5
#8799   pc=00400048 cycle=17577 insn=fed758e3
#8800   pc=00400038 cycle=17583 insn=00478793   x15(a5)=100000f8
#8801   pc=0040003c cycle=17586 insn=02c78063
#8802   pc=00400040 cycle=17588 insn=ffc7a683
#8803   pc=00400044 cycle=17589 insn=0007a703
#8804   pc=00400048 cycle=17592 insn=fed758e3
#8805   pc=00400038 cycle=17592 insn=00478793   x15(a5)=100000fc
#8806   pc=0040003c cycle=17593 insn=02c78063
#8807   pc=0040005c cycle=17599 insn=ffc60613   x12(a2)=100000f8
#8808   pc=00400060 cycle=17601 insn=fc0812e3
#8809   pc=00400024 cycle=17603 insn=fff58593   x11(a1)=0000003d
#8810   pc=00400028 cycle=17606 insn=02b05e63
#8811   pc=0040002c cycle=17606 insn=00450793   x15(a5)=10000004
#8812   pc=00400030 cycle=17606 insn=00030813   x16(a6)=00000000
#8813   pc=00400034 cycle=17607 insn=00c0006f
#8814   pc=00400040 cycle=17612 insn=ffc7a683   x13(a3)=859babf3
#8815   pc=00400044 cycle=17613 insn=0007a703   x14(a4)=859babf3
#8816   pc=00400048 cycle=17616 insn=fed758e3
#8817   pc=00400038 cycle=17616 insn=00478793   x15(a5)=10000008
#8818   pc=0040003c cycle=17617 insn=02c78063
#8819   pc=00400040 cycle=17619 insn=ffc7a683
#8820   pc=00400044 cycle=17622 insn=0007a703
#8821   pc=00400048 cycle=17625 insn=fed758e3
#8822   pc=00400038 cycle=17625 insn=00478793   x15(a5)=1000000c
#8823   pc=0040003c cycle=17625 insn=02c78063
#8824   pc=00400040 cycle=17628 insn=ffc7a683
#8825   pc=00400044 cycle=17631 insn=0007a703
#8826   pc=00400048 cycle=17634 insn=fed758e3
#8827   pc=00400038 cycle=17634 insn=00478793   x15(a5)=10000010
#8828   pc=0040003c cycle=17634 insn=02c78063
#8829   pc=00400040 cycle=17637 insn=ffc7a683
#8830   pc=00400044 cycle=17640 insn=0007a703
#8831   pc=00400048 cycle=17643 insn=fed758e3
#8832   pc=00400038 cycle=17643 insn=00478793   x15(a5)=10000014
#8833   pc=0040003c cycle=17643 insn=02c78063
#8834   pc=00400040 cycle=17646 insn=ffc7a683
#8835   pc=00400044 cycle=17649 insn=0007a703   x14(a4)=9002dc0d
#8836   pc=00400048 cycle=17652 insn=fed758e3
#8837   pc=00400038 cycle=17652 insn=00478793   x15(a5)=10000018
#8838   pc=0040003c cycle=17652 insn=02c78063
#8839   pc=00400040 cycle=17655 insn=ffc7a683   x13(a3)=9002dc0d
#8840   pc=00400044 cycle=17658 insn=0007a703
#8841   pc=00400048 cycle=17661 insn=fed758e3
#8842   pc=00400038 cycle=17661 insn=00478793   x15(a5)=1000001c
#8843   pc=0040003c cycle=17661 insn=02c78063
#8844   pc=00400040 cycle=17664 insn=ffc7a683
#8845   pc=00400044 cycle=17667 insn=0007a703
#8846   pc=00400048 cycle=17670 insn=fed758e3
#8847   pc=00400038 cycle=17670 insn=00478793   x15(a5)=10000020
#8848   pc=0040003c cycle=17670 insn=02c78063
#8849   pc=00400040 cycle=17673 insn=ffc7a683
#8850   pc=00400044 cycle=17676 insn=0007a703
#8851   pc=00400048 cycle=17679 insn=fed758e3
#8852   pc=00400038 cycle=17679 insn=00478793   x15(a5)=10000024
#8853   pc=0040003c cycle=17679 insn=02c78063
#8854   pc=00400040 cycle=17682 insn=ffc7a683
#8855   pc=00400044 cycle=17685 insn=0007a703
#8856   pc=00400048 cycle=17688 insn=fed758e3
#8857   pc=00400038 cycle=17688 insn=00478793   x15(a5)=10000028
#8858   pc=0040003c cycle=17688 insn=02c78063
#8859   pc=00400040 cycle=17691 insn=ffc7a683
#8860   pc=00400044 cycle=17694 insn=0007a703
#8861   pc=00400048 cycle=17697 insn=fed758e3
#8862   pc=00400038 cycle=17697 insn=00478793   x15(a5)=1000002c
#8863   pc=0040003c cycle=17697 insn=02c78063
#8864   pc=00400040 cycle=17700 insn=ffc7a683
#8865   pc=00400044 cycle=17703 insn=0007a703   x14(a4)=b79b2005
#8866   pc=00400048 cycle=17706 insn=fed758e3
#8867   pc=00400038 cycle=17706 insn=00478793   x15(a5)=10000030
#8868   pc=0040003c cycle=17706 insn=02c78063
#8869   pc=00400040 cycle=17709 insn=ffc7a683   x13(a3)=b79b2005
#8870   pc=00400044 cycle=17712 insn=0007a703
#8871   pc=00400048 cycle=17715 insn=fed758e3
#8872   pc=00400038 cycle=17715 insn=00478793   x15(a5)=10000034
#8873   pc=0040003c cycle=17715 insn=02c78063
#8874   pc=00400040 cycle=17718 insn=ffc7a683
#8875   pc=00400044 cycle=17721 insn=0007a703
#8876   pc=00400048 cycle=17724 insn=fed758e3
#8877   pc=00400038 cycle=17724 insn=00478793   x15(a5)=10000038
#8878   pc=0040003c cycle=17724 insn=02c78063
#8879   pc=00400040 cycle=17727 insn=ffc7a683
#8880   pc=00400044 cycle=17730 insn=0007a703   x14(a4)=bfdfe5b0
#8881   pc=00400048 cycle=17733 insn=fed758e3
#8882   pc=00400038 cycle=17733 insn=00478793   x15(a5)=1000003c
#8883   pc=0040003c cycle=17733 insn=02c78063
#8884   pc=00400040 cycle=17736 insn=ffc7a683   x13(a3)=bfdfe5b0
#8885   pc=00400044 cycle=17739 insn=0007a703
#8886   pc=00400048 cycle=17742 insn=fed758e3
#8887   pc=00400038 cycle=17742 insn=00478793   x15(a5)=10000040
#8888   pc=0040003c cycle=17742 insn=02c78063
#8889   pc=00400040 cycle=17745 insn=ffc7a683
#8890   pc=00400044 cycle=17748 insn=0007a703   x14(a4)=b7aa02c6
#8891   pc=00400048 cycle=17751 insn=fed758e3
#8892   pc=0040004c cycle=17757 insn=00d7a023
#8893   pc=00400050 cycle=17760 insn=fee7ae23
#8894   pc=00400054 cycle=17760 insn=00088813   x16(a6)=00000001
#8895   pc=00400058 cycle=17760 insn=fe1ff06f
#8896   pc=00400038 cycle=17761 insn=00478793   x15(a5)=10000044
#8897   pc=0040003c cycle=17764 insn=02c78063
#8898   pc=00400040 cycle=17767 insn=ffc7a683
#8899   pc=00400044 cycle=17768 insn=0007a703   x14(a4)=bfdfe5b0
#8900   pc=00400048 cycle=17771 insn=fed758e3
#8901   pc=00400038 cycle=17777 insn=00478793   x15(a5)=10000048
#8902   pc=0040003c cycle=17780 insn=02c78063
#8903   pc=00400040 cycle=17782 insn=ffc7a683
#8904   pc=00400044 cycle=17783 insn=0007a703   x14(a4)=af5305e5
#8905   pc=00400048 cycle=17786 insn=fed758e3
#8906   pc=0040004c cycle=17792 insn=00d7a023
#8907   pc=00400050 cycle=17795 insn=fee7ae23
#8908   pc=00400054 cycle=17795 insn=00088813
#8909   pc=00400058 cycle=17795 insn=fe1ff06f
#8910   pc=00400038 cycle=17796 insn=00478793   x15(a5)=1000004c
#8911   pc=0040003c cycle=17799 insn=02c78063
#8912   pc=00400040 cycle=17802 insn=ffc7a683
#8913   pc=00400044 cycle=17803 insn=0007a703   x14(a4)=82f2d29c
#8914   pc=00400048 cycle=17806 insn=fed758e3
#8915   pc=0040004c cycle=17807 insn=00d7a023
#8916   pc=00400050 cycle=17810 insn=fee7ae23
#8917   pc=00400054 cycle=17810 insn=00088813
#8918   pc=00400058 cycle=17810 insn=fe1ff06f
#8919   pc=00400038 cycle=17810 insn=00478793   x15(a5)=10000050
#8920   pc=0040003c cycle=17814 insn=02c78063
#8921   pc=00400040 cycle=17817 insn=ffc7a683   x13(a3)=82f2d29c
#8922   pc=00400044 cycle=17818 insn=0007a703
#8923   pc=00400048 cycle=17821 insn=fed758e3
#8924   pc=00400038 cycle=17827 insn=00478793   x15(a5)=10000054
#8925   pc=0040003c cycle=17830 insn=02c78063
#8926   pc=00400040 cycle=17832 insn=ffc7a683
#8927   pc=00400044 cycle=17833 insn=0007a703
#8928   pc=00400048 cycle=17836 insn=fed758e3
#8929   pc=00400038 cycle=17836 insn=00478793   x15(a5)=10000058
#8930   pc=0040003c cycle=17837 insn=02c78063
#8931   pc=00400040 cycle=17839 insn=ffc7a683
#8932   pc=00400044 cycle=17842 insn=0007a703
#8933   pc=00400048 cycle=17845 insn=fed758e3
#8934   pc=00400038 cycle=17845 insn=00478793   x15(a5)=1000005c
#8935   pc=0040003c cycle=17845 insn=02c78063
#8936   pc=00400040 cycle=17848 insn=ffc7a683
#8937   pc=00400044 cycle=17851 insn=0007a703
#8938   pc=00400048 cycle=17854 insn=fed758e3
#8939   pc=00400038 cycle=17854 insn=00478793   x15(a5)=10000060
#8940   pc=0040003c cycle=17854 insn=02c78063
#8941   pc=00400040 cycle=17857 insn=ffc7a683
#8942   pc=00400044 cycle=17860 insn=0007a703
#8943   pc=00400048 cycle=17863 insn=fed758e3
#8944   pc=00400038 cycle=17863 insn=00478793   x15(a5)=10000064
#8945   pc=0040003c cycle=17863 insn=02c78063
#8946   pc=00400040 cycle=17866 insn=ffc7a683
#8947   pc=00400044 cycle=17869 insn=0007a703
#8948   pc=00400048 cycle=17872 insn=fed758e3
#8949   pc=00400038 cycle=17872 insn=00478793   x15(a5)=10000068
#8950   pc=0040003c cycle=17872 insn=02c78063
#8951   pc=00400040 cycle=17875 insn=ffc7a683
#8952   pc=00400044 cycle=17878 insn=0007a703
#8953   pc=00400048 cycle=17881 insn=fed758e3
#8954   pc=00400038 cycle=17881 insn=00478793   x15(a5)=1000006c
#8955   pc=0040003c cycle=17881 insn=02c78063
#8956   pc=00400040 cycle=17884 insn=ffc7a683
#8957   pc=00400044 cycle=17887 insn=0007a703
#8958   pc=00400048 cycle=17890 insn=fed758e3
#8959   pc=00400038 cycle=17890 insn=00478793   x15(a5)=10000070
#8960   pc=0040003c cycle=17890 insn=02c78063
#8961   pc=00400040 cycle=17893 insn=ffc7a683
#8962   pc=00400044 cycle=17896 insn=0007a703
#8963   pc=00400048 cycle=17899 insn=fed758e3
#8964   pc=00400038 cycle=17899 insn=00478793   x15(a5)=10000074
#8965   pc=0040003c cycle=17899 insn=02c78063
#8966   pc=00400040 cycle=17902 insn=ffc7a683
#8967   pc=00400044 cycle=17905 insn=0007a703
#8968   pc=00400048 cycle=17908 insn=fed758e3
#8969   pc=00400038 cycle=17908 insn=00478793   x15(a5)=10000078
#8970   pc=0040003c cycle=17908 insn=02c78063
#8971   pc=00400040 cycle=17911 insn=ffc7a683
#8972   pc=00400044 cycle=17914 insn=0007a703
#8973   pc=00400048 cycle=17917 insn=fed758e3
#8974   pc=00400038 cycle=17917 insn=00478793   x15(a5)=1000007c
#8975   pc=0040003c cycle=17917 insn=02c78063
#8976   pc=00400040 cycle=17920 insn=ffc7a683
#8977   pc=00400044 cycle=17923 insn=0007a703
#8978   pc=00400048 cycle=17926 insn=fed758e3
#8979   pc=00400038 cycle=17926 insn=00478793   x15(a5)=10000080
#8980   pc=0040003c cycle=17926 insn=02c78063
#8981   pc=00400040 cycle=17929 insn=ffc7a683
#8982   pc=00400044 cycle=17932 insn=0007a703
#8983   pc=00400048 cycle=17935 insn=fed758e3
#8984   pc=00400038 cycle=17935 insn=00478793   x15(a5)=10000084
#8985   pc=0040003c cycle=17935 insn=02c78063
#8986   pc=00400040 cycle=17938 insn=ffc7a683
#8987   pc=00400044 cycle=17941 insn=0007a703
#8988   pc=00400048 cycle=17944 insn=fed758e3
#8989   pc=00400038 cycle=17944 insn=00478793   x15(a5)=10000088
#8990   pc=0040003c cycle=17944 insn=02c78063
#8991   pc=00400040 cycle=17947 insn=ffc7a683
#8992   pc=00400044 cycle=17950 insn=0007a703
#8993   pc=00400048 cycle=17953 insn=fed758e3
#8994   pc=00400038 cycle=17953 insn=00478793   x15(a5)=1000008c
#8995   pc=0040003c cycle=17953 insn=02c78063
#8996   pc=00400040 cycle=17956 insn=ffc7a683
#8997   pc=00400044 cycle=17959 insn=0007a703   x14(a4)=84c36ccd
#8998   pc=00400048 cycle=17962 insn=fed758e3
#8999   pc=00400038 cycle=17962 insn=00478793   x15(a5)=10000090
#9000   pc=0040003c cycle=17962 insn=02c78063
#9001   pc=00400040 cycle=17965 insn=ffc7a683   x13(a3)=84c36ccd
#9002   pc=00400044 cycle=17968 insn=0007a703
#9003   pc=00400048 cycle=17971 insn=fed758e3
#9004   pc=00400038 cycle=17971 insn=00478793   x15(a5)=10000094
#9005   pc=0040003c cycle=17971 insn=02c78063
#9006   pc=00400040 cycle=17974 insn=ffc7a683
#9007   pc=00400044 cycle=17977 insn=0007a703
#9008   pc=00400048 cycle=17980 insn=fed758e3
#9009   pc=00400038 cycle=17980 insn=00478793   x15(a5)=10000098
#9010   pc=0040003c cycle=17980 insn=02c78063
#9011   pc=00400040 cycle=17983 insn=ffc7a683
#9012   pc=00400044 cycle=17986 insn=0007a703
#9013   pc=00400048 cycle=17989 insn=fed758e3
#9014   pc=00400038 cycle=17989 insn=00478793   x15(a5)=1000009c
#9015   pc=0040003c cycle=17989 insn=02c78063
#9016   pc=00400040 cycle=17992 insn=ffc7a683
#9017   pc=00400044 cycle=17995 insn=0007a703
#9018   pc=00400048 cycle=17998 insn=fed758e3
#9019   pc=00400038 cycle=17998 insn=00478793   x15(a5)=100000a0
#9020   pc=0040003c cycle=17998 insn=02c78063
#9021   pc=00400040 cycle=18001 insn=ffc7a683
#9022   pc=00400044 cycle=18004 insn=0007a703
#9023   pc=00400048 cycle=18007 insn=fed758e3
#9024   pc=00400038 cycle=18007 insn=00478793   x15(a5)=100000a4
#9025   pc=0040003c cycle=18007 insn=02c78063
#9026   pc=00400040 cycle=18010 insn=ffc7a683
#9027   pc=00400044 cycle=18013 insn=0007a703
#9028   pc=00400048 cycle=18016 insn=fed758e3
#9029   pc=00400038 cycle=18016 insn=00478793   x15(a5)=100000a8
#9030   pc=0040003c cycle=18016 insn=02c78063
#9031   pc=00400040 cycle=18019 insn=ffc7a683
#9032   pc=00400044 cycle=18022 insn=0007a703
#9033   pc=00400048 cycle=18025 insn=fed758e3
#9034   pc=00400038 cycle=18025 insn=00478793   x15(a5)=100000ac
#9035   pc=0040003c cycle=18025 insn=02c78063
#9036   pc=00400040 cycle=18028 insn=ffc7a683
#9037   pc=00400044 cycle=18031 insn=0007a703   x14(a4)=80f68da3
#9038   pc=00400048 cycle=18034 insn=fed758e3
#9039   pc=0040004c cycle=18040 insn=00d7a023
#9040   pc=00400050 cycle=18043 insn=fee7ae23
#9041   pc=00400054 cycle=18043 insn=00088813
#9042   pc=00400058 cycle=18043 insn=fe1ff06f
#9043   pc=00400038 cycle=18044 insn=00478793   x15(a5)=100000b0
#9044   pc=0040003c cycle=18047 insn=02c78063
#9045   pc=00400040 cycle=18050 insn=ffc7a683
#9046   pc=00400044 cycle=18051 insn=0007a703   x14(a4)=84c36ccd
#9047   pc=00400048 cycle=18054 insn=fed758e3
#9048   pc=00400038 cycle=18060 insn=00478793   x15(a5)=100000b4
#9049   pc=0040003c cycle=18063 insn=02c78063
#9050   pc=00400040 cycle=18065 insn=ffc7a683
#9051   pc=00400044 cycle=18066 insn=0007a703
#9052   pc=00400048 cycle=18069 insn=fed758e3
#9053   pc=00400038 cycle=18069 insn=00478793   x15(a5)=100000b8
#9054   pc=0040003c cycle=18070 insn=02c78063
#9055   pc=00400040 cycle=18072 insn=ffc7a683
#9056   pc=00400044 cycle=18075 insn=0007a703
#9057   pc=00400048 cycle=18078 insn=fed758e3
#9058   pc=00400038 cycle=18078 insn=00478793   x15(a5)=100000bc
#9059   pc=0040003c cycle=18078 insn=02c78063
#9060   pc=00400040 cycle=18081 insn=ffc7a683
#9061   pc=00400044 cycle=18084 insn=0007a703
#9062   pc=00400048 cycle=18087 insn=fed758e3
#9063   pc=00400038 cycle=18087 insn=00478793   x15(a5)=100000c0
#9064   pc=0040003c cycle=18087 insn=02c78063
#9065   pc=00400040 cycle=18090 insn=ffc7a683
#9066   pc=00400044 cycle=18093 insn=0007a703
#9067   pc=00400048 cycle=18096 insn=fed758e3
#9068   pc=00400038 cycle=18096 insn=00478793   x15(a5)=100000c4
#9069   pc=0040003c cycle=18096 insn=02c78063
#9070   pc=00400040 cycle=18099 insn=ffc7a683
#9071   pc=00400044 cycle=18102 insn=0007a703
#9072   pc=00400048 cycle=18105 insn=fed758e3
#9073   pc=00400038 cycle=18105 insn=00478793   x15(a5)=100000c8
#9074   pc=0040003c cycle=18105 insn=02c78063
#9075   pc=00400040 cycle=18108 insn=ffc7a683
#9076   pc=00400044 cycle=18111 insn=0007a703
#9077   pc=00400048 cycle=18114 insn=fed758e3
#9078   pc=00400038 cycle=18114 insn=00478793   x15(a5)=100000cc
#9079   pc=0040003c cycle=18114 insn=02c78063
#9080   pc=00400040 cycle=18117 insn=ffc7a683
#9081   pc=00400044 cycle=18120 insn=0007a703
#9082   pc=00400048 cycle=18123 insn=fed758e3
#9083   pc=00400038 cycle=18123 insn=00478793   x15(a5)=100000d0
#9084   pc=0040003c cycle=18123 insn=02c78063
#9085   pc=00400040 cycle=18126 insn=ffc7a683
#9086   pc=00400044 cycle=18129 insn=0007a703   x14(a4)=b5d4a6b5
#9087   pc=00400048 cycle=18132 insn=fed758e3
#9088   pc=00400038 cycle=18132 insn=00478793   x15(a5)=100000d4
#9089   pc=0040003c cycle=18132 insn=02c78063
#9090   pc=00400040 cycle=18135 insn=ffc7a683   x13(a3)=b5d4a6b5
#9091   pc=00400044 cycle=18138 insn=0007a703
#9092   pc=00400048 cycle=18141 insn=fed758e3
#9093   pc=00400038 cycle=18141 insn=00478793   x15(a5)=100000d8
#9094   pc=0040003c cycle=18141 insn=02c78063
#9095   pc=00400040 cycle=18144 insn=ffc7a683
#9096   pc=00400044 cycle=18147 insn=0007a703
#9097   pc=00400048 cycle=18150 insn=fed758e3
#9098   pc=00400038 cycle=18150 insn=00478793   x15(a5)=100000dc
#9099   pc=0040003c cycle=18150 insn=02c78063
#9100   pc=00400040 cycle=18153 insn=ffc7a683
#9101   pc=00400044 cycle=18156 insn=0007a703
#9102   pc=00400048 cycle=18159 insn=fed758e3
#9103   pc=00400038 cycle=18159 insn=00478793   x15(a5)=100000e0
#9104   pc=0040003c cycle=18159 insn=02c78063
#9105   pc=00400040 cycle=18162 insn=ffc7a683
#9106   pc=00400044 cycle=18165 insn=0007a703
#9107   pc=00400048 cycle=18168 insn=fed758e3
#9108   pc=00400038 cycle=18168 insn=00478793   x15(a5)=100000e4
#9109   pc=0040003c cycle=18168 insn=02c78063
#9110   pc=00400040 cycle=18171 insn=ffc7a683
#9111   pc=00400044 cycle=18174 insn=0007a703   x14(a4)=9577ad12
#9112   pc=00400048 cycle=18177 insn=fed758e3
#9113   pc=0040004c cycle=18183 insn=00d7a023
#9114   pc=00400050 cycle=18186 insn=fee7ae23
#9115   pc=00400054 cycle=18186 insn=00088813
#9116   pc=00400058 cycle=18186 insn=fe1ff06f
#9117   pc=00400038 cycle=18187 insn=00478793   x15(a5)=100000e8
#9118   pc=0040003c cycle=18190 insn=02c78063
#9119   pc=00400040 cycle=18193 insn=ffc7a683
#9120   pc=00400044 cycle=18194 insn=0007a703   x14(a4)=b5d4a6b5
#9121   pc=00400048 cycle=18197 insn=fed758e3
#9122   pc=00400038 cycle=18203 insn=00478793   x15(a5)=100000ec
#9123   pc=0040003c cycle=18206 insn=02c78063
#9124   pc=00400040 cycle=18208 insn=ffc7a683
#9125   pc=00400044 cycle=18209 insn=0007a703   x14(a4)=a563eb19
#9126   pc=00400048 cycle=18212 insn=fed758e3
#9127   pc=0040004c cycle=18218 insn=00d7a023
#9128   pc=00400050 cycle=18221 insn=fee7ae23
#9129   pc=00400054 cycle=18221 insn=00088813
#9130   pc=00400058 cycle=18221 insn=fe1ff06f
#9131   pc=00400038 cycle=18222 insn=00478793   x15(a5)=100000f0
#9132   pc=0040003c cycle=18225 insn=02c78063
#9133   pc=00400040 cycle=18228 insn=ffc7a683
#9134   pc=00400044 cycle=18229 insn=0007a703   x14(a4)=b5d4a6b5
#9135   pc=00400048 cycle=18232 insn=fed758e3
#9136   pc=00400038 cycle=18238 insn=00478793   x15(a5)=100000f4
#9137   pc=0040003c cycle=18241 insn=02c78063
#9138   pc=00400040 cycle=18243 insn=ffc7a683
#9139   pc=00400044 cycle=18244 insn=0007a703
#9140   pc=00400048 cycle=18247 insn=fed758e3
#9141   pc=00400038 cycle=18247 insn=00478793   x15(a5)=100000f8
#9142   pc=0040003c cycle=18248 insn=02c78063
#9143   pc=0040005c cycle=18254 insn=ffc60613   x12(a2)=100000f4
#9144   pc=00400060 cycle=18256 insn=fc0812e3
#9145   pc=00400024 cycle=18258 insn=fff58593   x11(a1)=0000003c
#9146   pc=00400028 cycle=18261 insn=02b05e63
#9147   pc=0040002c cycle=18261 insn=00450793   x15(a5)=10000004
#9148   pc=00400030 cycle=18261 insn=00030813   x16(a6)=00000000
#9149   pc=00400034 cycle=18262 insn=00c0006f
#9150   pc=00400040 cycle=18267 insn=ffc7a683   x13(a3)=859babf3
#9151   pc=00400044 cycle=18268 insn=0007a703   x14(a4)=859babf3
#9152   pc=00400048 cycle=18271 insn=fed758e3
#9153   pc=00400038 cycle=18271 insn=00478793   x15(a5)=10000008
#9154   pc=0040003c cycle=18272 insn=02c78063
#9155   pc=00400040 cycle=18274 insn=ffc7a683
#9156   pc=00400044 cycle=18277 insn=0007a703
#9157   pc=00400048 cycle=18280 insn=fed758e3
#9158   pc=00400038 cycle=18280 insn=00478793   x15(a5)=1000000c
#9159   pc=0040003c cycle=18280 insn=02c78063
#9160   pc=00400040 cycle=18283 insn=ffc7a683
#9161   pc=00400044 cycle=18286 insn=0007a703
#9162   pc=00400048 cycle=18289 insn=fed758e3
#9163   pc=00400038 cycle=18289 insn=00478793   x15(a5)=10000010
#9164   pc=0040003c cycle=18289 insn=02c78063
#9165   pc=00400040 cycle=18292 insn=ffc7a683
#9166   pc=00400044 cycle=18295 insn=0007a703
#9167   pc=00400048 cycle=18298 insn=fed758e3
#9168   pc=00400038 cycle=18298 insn=00478793   x15(a5)=10000014
#9169   pc=0040003c cycle=18298 insn=02c78063
#9170   pc=00400040 cycle=18301 insn=ffc7a683
#9171   pc=00400044 cycle=18304 insn=0007a703   x14(a4)=9002dc0d
#9172   pc=00400048 cycle=18307 insn=fed758e3
#9173   pc=00400038 cycle=18307 insn=00478793   x15(a5)=10000018
#9174   pc=0040003c cycle=18307 insn=02c78063
#9175   pc=00400040 cycle=18310 insn=ffc7a683   x13(a3)=9002dc0d
#9176   pc=00400044 cycle=18313 insn=0007a703
#9177   pc=00400048 cycle=18316 insn=fed758e3
#9178   pc=00400038 cycle=18316 insn=00478793   x15(a5)=1000001c
#9179   pc=0040003c cycle=18316 insn=02c78063
#9180   pc=00400040 cycle=18319 insn=ffc7a683
#9181   pc=00400044 cycle=18322 insn=0007a703
#9182   pc=00400048 cycle=18325 insn=fed758e3
#9183   pc=00400038 cycle=18325 insn=00478793   x15(a5)=10000020
#9184   pc=0040003c cycle=18325 insn=02c78063
#9185   pc=00400040 cycle=18328 insn=ffc7a683
#9186   pc=00400044 cycle=18331 insn=0007a703
#9187   pc=00400048 cycle=18334 insn=fed758e3
#9188   pc=00400038 cycle=18334 insn=00478793   x15(a5)=10000024
#9189   pc=0040003c cycle=18334 insn=02c78063
#9190   pc=00400040 cycle=18337 insn=ffc7a683
#9191   pc=00400044 cycle=18340 insn=0007a703
#9192   pc=00400048 cycle=18343 insn=fed758e3
#9193   pc=00400038 cycle=18343 insn=00478793   x15(a5)=10000028
#9194   pc=0040003c cycle=18343 insn=02c78063
#9195   pc=00400040 cycle=18346 insn=ffc7a683
#9196   pc=00400044 cycle=18349 insn=0007a703
#9197   pc=00400048 cycle=18352 insn=fed758e3
#9198   pc=00400038 cycle=18352 insn=00478793   x15(a5)=1000002c
#9199   pc=0040003c cycle=18352 insn=02c78063
#9200   pc=00400040 cycle=18355 insn=ffc7a683
#9201   pc=00400044 cycle=18358 insn=0007a703   x14(a4)=b79b2005
#9202   pc=00400048 cycle=18361 insn=fed758e3
#9203   pc=00400038 cycle=18361 insn=00478793   x15(a5)=10000030
#9204   pc=0040003c cycle=18361 insn=02c78063
#9205   pc=00400040 cycle=18364 insn=ffc7a683   x13(a3)=b79b2005
#9206   pc=00400044 cycle=18367 insn=0007a703
#9207   pc=00400048 cycle=18370 insn=fed758e3
#9208   pc=00400038 cycle=18370 insn=00478793   x15(a5)=10000034
#9209   pc=0040003c cycle=18370 insn=02c78063
#9210   pc=00400040 cycle=18373 insn=ffc7a683
#9211   pc=00400044 cycle=18376 insn=0007a703
#9212   pc=00400048 cycle=18379 insn=fed758e3
#9213   pc=00400038 cycle=18379 insn=00478793   x15(a5)=10000038
#9214   pc=0040003c cycle=18379 insn=02c78063
#9215   pc=00400040 cycle=18382 insn=ffc7a683
#9216   pc=00400044 cycle=18385 insn=0007a703   x14(a4)=bfdfe5b0
#9217   pc=00400048 cycle=18388 insn=fed758e3
#9218   pc=00400038 cycle=18388 insn=00478793   x15(a5)=1000003c
#9219   pc=0040003c cycle=18388 insn=02c78063
#9220   pc=00400040 cycle=18391 insn=ffc7a683   x13(a3)=bfdfe5b0
#9221   pc=00400044 cycle=18394 insn=0007a703   x14(a4)=b7aa02c6
#9222   pc=00400048 cycle=18397 insn=fed758e3
#9223   pc=0040004c cycle=18403 insn=00d7a023
#9224   pc=00400050 cycle=18406 insn=fee7ae23
#9225   pc=00400054 cycle=18406 insn=00088813   x16(a6)=00000001
#9226   pc=00400058 cycle=18406 insn=fe1ff06f
#9227   pc=00400038 cycle=18407 insn=00478793   x15(a5)=10000040
#9228   pc=0040003c cycle=18410 insn=02c78063
#9229   pc=00400040 cycle=18413 insn=ffc7a683
#9230   pc=00400044 cycle=18414 insn=0007a703   x14(a4)=bfdfe5b0
#9231   pc=00400048 cycle=18417 insn=fed758e3
#9232   pc=00400038 cycle=18423 insn=00478793   x15(a5)=10000044
#9233   pc=0040003c cycle=18426 insn=02c78063
#9234   pc=00400040 cycle=18428 insn=ffc7a683
#9235   pc=00400044 cycle=18429 insn=0007a703   x14(a4)=af5305e5
#9236   pc=00400048 cycle=18432 insn=fed758e3
#9237   pc=0040004c cycle=18438 insn=00d7a023
#9238   pc=00400050 cycle=18441 insn=fee7ae23
#9239   pc=00400054 cycle=18441 insn=00088813
#9240   pc=00400058 cycle=18441 insn=fe1ff06f
#9241   pc=00400038 cycle=18442 insn=00478793   x15(a5)=10000048
#9242   pc=0040003c cycle=18445 insn=02c78063
#9243   pc=00400040 cycle=18448 insn=ffc7a683
#9244   pc=00400044 cycle=18449 insn=0007a703   x14(a4)=82f2d29c
#9245   pc=00400048 cycle=18452 insn=fed758e3
#9246   pc=0040004c cycle=18453 insn=00d7a023
#9247   pc=00400050 cycle=18456 insn=fee7ae23
#9248   pc=00400054 cycle=18456 insn=00088813
#9249   pc=00400058 cycle=18456 insn=fe1ff06f
#9250   pc=00400038 cycle=18456 insn=00478793   x15(a5)=1000004c
#9251   pc=0040003c cycle=18460 insn=02c78063
#9252   pc=00400040 cycle=18463 insn=ffc7a683   x13(a3)=82f2d29c
#9253   pc=00400044 cycle=18464 insn=0007a703
#9254   pc=00400048 cycle=18467 insn=fed758e3
#9255   pc=00400038 cycle=18473 insn=00478793   x15(a5)=10000050
#9256   pc=0040003c cycle=18476 insn=02c78063
#9257   pc=00400040 cycle=18478 insn=ffc7a683
#9258   pc=00400044 cycle=18479 insn=0007a703
#9259   pc=00400048 cycle=18482 insn=fed758e3
#9260   pc=00400038 cycle=18482 insn=00478793   x15(a5)=10000054
#9261   pc=0040003c cycle=18483 insn=02c78063
#9262   pc=00400040 cycle=18485 insn=ffc7a683
#9263   pc=00400044 cycle=18488 insn=0007a703
#9264   pc=00400048 cycle=18491 insn=fed758e3
#9265   pc=00400038 cycle=18491 insn=00478793   x15(a5)=10000058
#9266   pc=0040003c cycle=18491 insn=02c78063
#9267   pc=00400040 cycle=18494 insn=ffc7a683
#9268   pc=00400044 cycle=18497 insn=0007a703
#9269   pc=00400048 cycle=18500 insn=fed758e3
#9270   pc=00400038 cycle=18500 insn=00478793   x15(a5)=1000005c
#9271   pc=0040003c cycle=18500 insn=02c78063
#9272   pc=00400040 cycle=18503 insn=ffc7a683
#9273   pc=00400044 cycle=18506 insn=0007a703
#9274   pc=00400048 cycle=18509 insn=fed758e3
#9275   pc=00400038 cycle=18509 insn=00478793   x15(a5)=10000060
#9276   pc=0040003c cycle=18509 insn=02c78063
#9277   pc=00400040 cycle=18512 insn=ffc7a683
#9278   pc=00400044 cycle=18515 insn=0007a703
#9279   pc=00400048 cycle=18518 insn=fed758e3
#9280   pc=00400038 cycle=18518 insn=00478793   x15(a5)=10000064
#9281   pc=0040003c cycle=18518 insn=02c78063
#9282   pc=00400040 cycle=18521 insn=ffc7a683
#9283   pc=00400044 cycle=18524 insn=0007a703
#9284   pc=00400048 cycle=18527 insn=fed758e3
#9285   pc=00400038 cycle=18527 insn=00478793   x15(a5)=10000068
#9286   pc=0040003c cycle=18527 insn=02c78063
#9287   pc=00400040 cycle=18530 insn=ffc7a683
#9288   pc=00400044 cycle=18533 insn=0007a703
#9289   pc=00400048 cycle=18536 insn=fed758e3
#9290   pc=00400038 cycle=18536 insn=00478793   x15(a5)=1000006c
#9291   pc=0040003c cycle=18536 insn=02c78063
#9292   pc=00400040 cycle=18539 insn=ffc7a683
#9293   pc=00400044 cycle=18542 insn=0007a703
#9294   pc=00400048 cycle=18545 insn=fed758e3
#9295   pc=00400038 cycle=18545 insn=00478793   x15(a5)=10000070
#9296   pc=0040003c cycle=18545 insn=02c78063
#9297   pc=00400040 cycle=18548 insn=ffc7a683
#9298   pc=00400044 cycle=18551 insn=0007a703
#9299   pc=00400048 cycle=18554 insn=fed758e3
#9300   pc=00400038 cycle=18554 insn=00478793   x15(a5)=10000074
#9301   pc=0040003c cycle=18554 insn=02c78063
#9302   pc=00400040 cycle=18557 insn=ffc7a683
#9303   pc=00400044 cycle=18560 insn=0007a703
#9304   pc=00400048 cycle=18563 insn=fed758e3
#9305   pc=00400038 cycle=18563 insn=00478793   x15(a5)=10000078
#9306   pc=0040003c cycle=18563 insn=02c78063
#9307   pc=00400040 cycle=18566 insn=ffc7a683
#9308   pc=00400044 cycle=18569 insn=0007a703
#9309   pc=00400048 cycle=18572 insn=fed758e3
#9310   pc=00400038 cycle=18572 insn=00478793   x15(a5)=1000007c
#9311   pc=0040003c cycle=18572 insn=02c78063
#9312   pc=00400040 cycle=18575 insn=ffc7a683
#9313   pc=00400044 cycle=18578 insn=0007a703
#9314   pc=00400048 cycle=18581 insn=fed758e3
#9315   pc=00400038 cycle=18581 insn=00478793   x15(a5)=10000080
#9316   pc=0040003c cycle=18581 insn=02c78063
#9317   pc=00400040 cycle=18584 insn=ffc7a683
#9318   pc=00400044 cycle=18587 insn=0007a703
#9319   pc=00400048 cycle=18590 insn=fed758e3
#9320   pc=00400038 cycle=18590 insn=00478793   x15(a5)=10000084
#9321   pc=0040003c cycle=18590 insn=02c78063
#9322   pc=00400040 cycle=18593 insn=ffc7a683
#9323   pc=00400044 cycle=18596 insn=0007a703
#9324   pc=00400048 cycle=18599 insn=fed758e3
#9325   pc=00400038 cycle=18599 insn=00478793   x15(a5)=10000088
#9326   pc=0040003c cycle=18599 insn=02c78063
#9327   pc=00400040 cycle=18602 insn=ffc7a683
#9328   pc=00400044 cycle=18605 insn=0007a703
#9329   pc=00400048 cycle=18608 insn=fed758e3
#9330   pc=00400038 cycle=18608 insn=00478793   x15(a5)=1000008c
#9331   pc=0040003c cycle=18608 insn=02c78063
#9332   pc=00400040 cycle=18611 insn=ffc7a683
#9333   pc=00400044 cycle=18614 insn=0007a703   x14(a4)=84c36ccd
#9334   pc=00400048 cycle=18617 insn=fed758e3
#9335   pc=00400038 cycle=18617 insn=00478793   x15(a5)=10000090
#9336   pc=0040003c cycle=18617 insn=02c78063
#9337   pc=00400040 cycle=18620 insn=ffc7a683   x13(a3)=84c36ccd
#9338   pc=00400044 cycle=18623 insn=0007a703
#9339   pc=00400048 cycle=18626 insn=fed758e3
#9340   pc=00400038 cycle=18626 insn=00478793   x15(a5)=10000094
#9341   pc=0040003c cycle=18626 insn=02c78063
#9342   pc=00400040 cycle=18629 insn=ffc7a683
#9343   pc=00400044 cycle=18632 insn=0007a703
#9344   pc=00400048 cycle=18635 insn=fed758e3
#9345   pc=00400038 cycle=18635 insn=00478793   x15(a5)=10000098
#9346   pc=0040003c cycle=18635 insn=02c78063
#9347   pc=00400040 cycle=18638 insn=ffc7a683
#9348   pc=00400044 cycle=18641 insn=0007a703
#9349   pc=00400048 cycle=18644 insn=fed758e3
#9350   pc=00400038 cycle=18644 insn=00478793   x15(a5)=1000009c
#9351   pc=0040003c cycle=18644 insn=02c78063
#9352   pc=00400040 cycle=18647 insn=ffc7a683
#9353   pc=00400044 cycle=18650 insn=0007a703
#9354   pc=00400048 cycle=18653 insn=fed758e3
#9355   pc=00400038 cycle=18653 insn=00478793   x15(a5)=100000a0
#9356   pc=0040003c cycle=18653 insn=02c78063
#9357   pc=00400040 cycle=18656 insn=ffc7a683
#9358   pc=00400044 cycle=18659 insn=0007a703
#9359   pc=00400048 cycle=18662 insn=fed758e3
#9360   pc=00400038 cycle=18662 insn=00478793   x15(a5)=100000a4
#9361   pc=0040003c cycle=18662 insn=02c78063
#9362   pc=00400040 cycle=18665 insn=ffc7a683
#9363   pc=00400044 cycle=18668 insn=0007a703
#9364   pc=00400048 cycle=18671 insn=fed758e3
#9365   pc=00400038 cycle=18671 insn=00478793   x15(a5)=100000a8
#9366   pc=0040003c cycle=18671 insn=02c78063
#9367   pc=00400040 cycle=18674 insn=ffc7a683
#9368   pc=00400044 cycle=18677 insn=0007a703   x14(a4)=80f68da3
#9369   pc=00400048 cycle=18680 insn=fed758e3
#9370   pc=0040004c cycle=18686 insn=00d7a023
#9371   pc=00400050 cycle=18689 insn=fee7ae23
#9372   pc=00400054 cycle=18689 insn=00088813
#9373   pc=00400058 cycle=18689 insn=fe1ff06f
#9374   pc=00400038 cycle=18690 insn=00478793   x15(a5)=100000ac
#9375   pc=0040003c cycle=18693 insn=02c78063
#9376   pc=00400040 cycle=18696 insn=ffc7a683
#9377   pc=00400044 cycle=18697 insn=0007a703   x14(a4)=84c36ccd
#9378   pc=00400048 cycle=18700 insn=fed758e3
#9379   pc=00400038 cycle=18706 insn=00478793   x15(a5)=100000b0
#9380   pc=0040003c cycle=18709 insn=02c78063
#9381   pc=00400040 cycle=18711 insn=ffc7a683
#9382   pc=00400044 cycle=18712 insn=0007a703
#9383   pc=00400048 cycle=18715 insn=fed758e3
#9384   pc=00400038 cycle=18715 insn=00478793   x15(a5)=100000b4
#9385   pc=0040003c cycle=18716 insn=02c78063
#9386   pc=00400040 cycle=18718 insn=ffc7a683
#9387   pc=00400044 cycle=18721 insn=0007a703
#9388   pc=00400048 cycle=18724 insn=fed758e3
#9389   pc=00400038 cycle=18724 insn=00478793   x15(a5)=100000b8
#9390   pc=0040003c cycle=18724 insn=02c78063
#9391   pc=00400040 cycle=18727 insn=ffc7a683
#9392   pc=00400044 cycle=18730 insn=0007a703
#9393   pc=00400048 cycle=18733 insn=fed758e3
#9394   pc=00400038 cycle=18733 insn=00478793   x15(a5)=100000bc
#9395   pc=0040003c cycle=18733 insn=02c78063
#9396   pc=00400040 cycle=18736 insn=ffc7a683
#9397   pc=00400044 cycle=18739 insn=0007a703
#9398   pc=00400048 cycle=18742 insn=fed758e3
#9399   pc=00400038 cycle=18742 insn=00478793   x15(a5)=100000c0
#9400   pc=0040003c cycle=18742 insn=02c78063
#9401   pc=00400040 cycle=18745 insn=ffc7a683
#9402   pc=00400044 cycle=18748 insn=0007a703
#9403   pc=00400048 cycle=18751 insn=fed758e3
#9404   pc=00400038 cycle=18751 insn=00478793   x15(a5)=100000c4
#9405   pc=0040003c cycle=18751 insn=02c78063
#9406   pc=00400040 cycle=18754 insn=ffc7a683
#9407   pc=00400044 cycle=18757 insn=0007a703
#9408   pc=00400048 cycle=18760 insn=fed758e3
#9409   pc=00400038 cycle=18760 insn=00478793   x15(a5)=100000c8
#9410   pc=0040003c cycle=18760 insn=02c78063
#9411   pc=00400040 cycle=18763 insn=ffc7a683
#9412   pc=00400044 cycle=18766 insn=0007a703
#9413   pc=00400048 cycle=18769 insn=fed758e3
#9414   pc=00400038 cycle=18769 insn=00478793   x15(a5)=100000cc
#9415   pc=0040003c cycle=18769 insn=02c78063
#9416   pc=00400040 cycle=18772 insn=ffc7a683
#9417   pc=00400044 cycle=18775 insn=0007a703
#9418   pc=00400048 cycle=18778 insn=fed758e3
#9419   pc=00400038 cycle=18778 insn=00478793   x15(a5)=100000d0
#9420   pc=0040003c cycle=18778 insn=02c78063
#9421   pc=00400040 cycle=18781 insn=ffc7a683
#9422   pc=00400044 cycle=18784 insn=0007a703   x14(a4)=b5d4a6b5
#9423   pc=00400048 cycle=18787 insn=fed758e3
#9424   pc=00400038 cycle=18787 insn=00478793   x15(a5)=100000d4
#9425   pc=0040003c cycle=18787 insn=02c78063
#9426   pc=00400040 cycle=18790 insn=ffc7a683   x13(a3)=b5d4a6b5
#9427   pc=00400044 cycle=18793 insn=0007a703
#9428   pc=00400048 cycle=18796 insn=fed758e3
#9429   pc=00400038 cycle=18796 insn=00478793   x15(a5)=100000d8
#9430   pc=0040003c cycle=18796 insn=02c78063
#9431   pc=00400040 cycle=18799 insn=ffc7a683
#9432   pc=00400044 cycle=18802 insn=0007a703
#9433   pc=00400048 cycle=18805 insn=fed758e3
#9434   pc=00400038 cycle=18805 insn=00478793   x15(a5)=100000dc
#9435   pc=0040003c cycle=18805 insn=02c78063
#9436   pc=00400040 cycle=18808 insn=ffc7a683
#9437   pc=00400044 cycle=18811 insn=0007a703
#9438   pc=00400048 cycle=18814 insn=fed758e3
#9439   pc=00400038 cycle=18814 insn=00478793   x15(a5)=100000e0
#9440   pc=0040003c cycle=18814 insn=02c78063
#9441   pc=00400040 cycle=18817 insn=ffc7a683
#9442   pc=00400044 cycle=18820 insn=0007a703   x14(a4)=9577ad12
#9443   pc=00400048 cycle=18823 insn=fed758e3
#9444   pc=0040004c cycle=18829 insn=00d7a023
#9445   pc=00400050 cycle=18832 insn=fee7ae23
#9446   pc=00400054 cycle=18832 insn=00088813
#9447   pc=00400058 cycle=18832 insn=fe1ff06f
#9448   pc=00400038 cycle=18833 insn=00478793   x15(a5)=100000e4
#9449   pc=0040003c cycle=18836 insn=02c78063
#9450   pc=00400040 cycle=18839 insn=ffc7a683
#9451   pc=00400044 cycle=18840 insn=0007a703   x14(a4)=b5d4a6b5
#9452   pc=00400048 cycle=18843 insn=fed758e3
#9453   pc=00400038 cycle=18849 insn=00478793   x15(a5)=100000e8
#9454   pc=0040003c cycle=18852 insn=02c78063
#9455   pc=00400040 cycle=18854 insn=ffc7a683
#9456   pc=00400044 cycle=18855 insn=0007a703   x14(a4)=a563eb19
#9457   pc=00400048 cycle=18858 insn=fed758e3
#9458   pc=0040004c cycle=18864 insn=00d7a023
#9459   pc=00400050 cycle=18867 insn=fee7ae23
#9460   pc=00400054 cycle=18867 insn=00088813
#9461   pc=00400058 cycle=18867 insn=fe1ff06f
#9462   pc=00400038 cycle=18868 insn=00478793   x15(a5)=100000ec
#9463   pc=0040003c cycle=18871 insn=02c78063
#9464   pc=00400040 cycle=18874 insn=ffc7a683
#9465   pc=00400044 cycle=18875 insn=0007a703   x14(a4)=b5d4a6b5
#9466   pc=00400048 cycle=18878 insn=fed758e3
#9467   pc=00400038 cycle=18884 insn=00478793   x15(a5)=100000f0
#9468   pc=0040003c cycle=18887 insn=02c78063
#9469   pc=00400040 cycle=18889 insn=ffc7a683
#9470   pc=00400044 cycle=18890 insn=0007a703
#9471   pc=00400048 cycle=18893 insn=fed758e3
#9472   pc=00400038 cycle=18893 insn=00478793   x15(a5)=100000f4
#9473   pc=0040003c cycle=18894 insn=02c78063
#9474   pc=0040005c cycle=18900 insn=ffc60613   x12(a2)=100000f0
#9475   pc=00400060 cycle=18902 insn=fc0812e3
#9476   pc=00400024 cycle=18904 insn=fff58593   x11(a1)=0000003b
#9477   pc=00400028 cycle=18907 insn=02b05e63
#9478   pc=0040002c cycle=18907 insn=00450793   x15(a5)=10000004
#9479   pc=00400030 cycle=18907 insn=00030813   x16(a6)=00000000
#9480   pc=00400034 cycle=18908 insn=00c0006f
#9481   pc=00400040 cycle=18913 insn=ffc7a683   x13(a3)=859babf3
#9482   pc=00400044 cycle=18914 insn=0007a703   x14(a4)=859babf3
#9483   pc=00400048 cycle=18917 insn=fed758e3
#9484   pc=00400038 cycle=18917 insn=00478793   x15(a5)=10000008
#9485   pc=0040003c cycle=18918 insn=02c78063
#9486   pc=00400040 cycle=18920 insn=ffc7a683
#9487   pc=00400044 cycle=18923 insn=0007a703
#9488   pc=00400048 cycle=18926 insn=fed758e3
#9489   pc=00400038 cycle=18926 insn=00478793   x15(a5)=1000000c
#9490   pc=0040003c cycle=18926 insn=02c78063
#9491   pc=00400040 cycle=18929 insn=ffc7a683
#9492   pc=00400044 cycle=18932 insn=0007a703
#9493   pc=00400048 cycle=18935 insn=fed758e3
#9494   pc=00400038 cycle=18935 insn=00478793   x15(a5)=10000010
#9495   pc=0040003c cycle=18935 insn=02c78063
#9496   pc=00400040 cycle=18938 insn=ffc7a683
#9497   pc=00400044 cycle=18941 insn=0007a703
#9498   pc=00400048 cycle=18944 insn=fed758e3
#9499   pc=00400038 cycle=18944 insn=00478793   x15(a5)=10000014
#9500   pc=0040003c cycle=18944 insn=02c78063
#9501   pc=00400040 cycle=18947 insn=ffc7a683
#9502   pc=00400044 cycle=18950 insn=0007a703   x14(a4)=9002dc0d
#9503   pc=00400048 cycle=18953 insn=fed758e3
#9504   pc=00400038 cycle=18953 insn=00478793   x15(a5)=10000018
#9505   pc=0040003c cycle=18953 insn=02c78063
#9506   pc=00400040 cycle=18956 insn=ffc7a683   x13(a3)=9002dc0d
#9507   pc=00400044 cycle=18959 insn=0007a703
#9508   pc=00400048 cycle=18962 insn=fed758e3
#9509   pc=00400038 cycle=18962 insn=00478793   x15(a5)=1000001c
#9510   pc=0040003c cycle=18962 insn=02c78063
#9511   pc=00400040 cycle=18965 insn=ffc7a683
#9512   pc=00400044 cycle=18968 insn=0007a703
#9513   pc=00400048 cycle=18971 insn=fed758e3
#9514   pc=00400038 cycle=18971 insn=00478793   x15(a5)=10000020
#9515   pc=0040003c cycle=18971 insn=02c78063
#9516   pc=00400040 cycle=18974 insn=ffc7a683
#9517   pc=00400044 cycle=18977 insn=0007a703
#9518   pc=00400048 cycle=18980 insn=fed758e3
#9519   pc=00400038 cycle=18980 insn=00478793   x15(a5)=10000024
#9520   pc=0040003c cycle=18980 insn=02c78063
#9521   pc=00400040 cycle=18983 insn=ffc7a683
#9522   pc=00400044 cycle=18986 insn=0007a703
#9523   pc=00400048 cycle=18989 insn=fed758e3
#9524   pc=00400038 cycle=18989 insn=00478793   x15(a5)=10000028
#9525   pc=0040003c cycle=18989 insn=02c78063
#9526   pc=00400040 cycle=18992 insn=ffc7a683
#9527   pc=00400044 cycle=18995 insn=0007a703
#9528   pc=00400048 cycle=18998 insn=fed758e3
#9529   pc=00400038 cycle=18998 insn=00478793   x15(a5)=1000002c
#9530   pc=0040003c cycle=18998 insn=02c78063
#9531   pc=00400040 cycle=19001 insn=ffc7a683
#9532   pc=00400044 cycle=19004 insn=0007a703   x14(a4)=b79b2005
#9533   pc=00400048 cycle=19007 insn=fed758e3
#9534   pc=00400038 cycle=19007 insn=00478793   x15(a5)=10000030
#9535   pc=0040003c cycle=19007 insn=02c78063
#9536   pc=00400040 cycle=19010 insn=ffc7a683   x13(a3)=b79b2005
#9537   pc=00400044 cycle=19013 insn=0007a703
#9538   pc=00400048 cycle=19016 insn=fed758e3
#9539   pc=00400038 cycle=19016 insn=00478793   x15(a5)=10000034
#9540   pc=0040003c cycle=19016 insn=02c78063
#9541   pc=00400040 cycle=19019 insn=ffc7a683
#9542   pc=00400044 cycle=19022 insn=0007a703
#9543   pc=00400048 cycle=19025 insn=fed758e3
#9544   pc=00400038 cycle=19025 insn=00478793   x15(a5)=10000038
#9545   pc=0040003c cycle=19025 insn=02c78063
#9546   pc=00400040 cycle=19028 insn=ffc7a683
#9547   pc=00400044 cycle=19031 insn=0007a703   x14(a4)=b7aa02c6
#9548   pc=00400048 cycle=19034 insn=fed758e3
#9549   pc=00400038 cycle=19034 insn=00478793   x15(a5)=1000003c
#9550   pc=0040003c cycle=19034 insn=02c78063
#9551   pc=00400040 cycle=19037 insn=ffc7a683   x13(a3)=b7aa02c6
#9552   pc=00400044 cycle=19040 insn=0007a703   x14(a4)=bfdfe5b0
#9553   pc=00400048 cycle=19043 insn=fed758e3
#9554   pc=00400038 cycle=19043 insn=00478793   x15(a5)=10000040
#9555   pc=0040003c cycle=19043 insn=02c78063
#9556   pc=00400040 cycle=19046 insn=ffc7a683   x13(a3)=bfdfe5b0
#9557   pc=00400044 cycle=19049 insn=0007a703   x14(a4)=af5305e5
#9558   pc=00400048 cycle=19052 insn=fed758e3
#9559   pc=0040004c cycle=19058 insn=00d7a023
#9560   pc=00400050 cycle=19061 insn=fee7ae23
#9561   pc=00400054 cycle=19061 insn=00088813   x16(a6)=00000001
#9562   pc=00400058 cycle=19061 insn=fe1ff06f
#9563   pc=00400038 cycle=19062 insn=00478793   x15(a5)=10000044
#9564   pc=0040003c cycle=19065 insn=02c78063
#9565   pc=00400040 cycle=19068 insn=ffc7a683
#9566   pc=00400044 cycle=19069 insn=0007a703   x14(a4)=82f2d29c
#9567   pc=00400048 cycle=19072 insn=fed758e3
#9568   pc=0040004c cycle=19073 insn=00d7a023
#9569   pc=00400050 cycle=19076 insn=fee7ae23
#9570   pc=00400054 cycle=19076 insn=00088813
#9571   pc=00400058 cycle=19076 insn=fe1ff06f
#9572   pc=00400038 cycle=19076 insn=00478793   x15(a5)=10000048
#9573   pc=0040003c cycle=19080 insn=02c78063
#9574   pc=00400040 cycle=19083 insn=ffc7a683   x13(a3)=82f2d29c
#9575   pc=00400044 cycle=19084 insn=0007a703
#9576   pc=00400048 cycle=19087 insn=fed758e3
#9577   pc=00400038 cycle=19093 insn=00478793   x15(a5)=1000004c
#9578   pc=0040003c cycle=19096 insn=02c78063
#9579   pc=00400040 cycle=19098 insn=ffc7a683
#9580   pc=00400044 cycle=19099 insn=0007a703
#9581   pc=00400048 cycle=19102 insn=fed758e3
#9582   pc=00400038 cycle=19102 insn=00478793   x15(a5)=10000050
#9583   pc=0040003c cycle=19103 insn=02c78063
#9584   pc=00400040 cycle=19105 insn=ffc7a683
#9585   pc=00400044 cycle=19108 insn=0007a703
#9586   pc=00400048 cycle=19111 insn=fed758e3
#9587   pc=00400038 cycle=19111 insn=00478793   x15(a5)=10000054
#9588   pc=0040003c cycle=19111 insn=02c78063
#9589   pc=00400040 cycle=19114 insn=ffc7a683
#9590   pc=00400044 cycle=19117 insn=0007a703
#9591   pc=00400048 cycle=19120 insn=fed758e3
#9592   pc=00400038 cycle=19120 insn=00478793   x15(a5)=10000058
#9593   pc=0040003c cycle=19120 insn=02c78063
#9594   pc=00400040 cycle=19123 insn=ffc7a683
#9595   pc=00400044 cycle=19126 insn=0007a703
#9596   pc=00400048 cycle=19129 insn=fed758e3
#9597   pc=00400038 cycle=19129 insn=00478793   x15(a5)=1000005c
#9598   pc=0040003c cycle=19129 insn=02c78063
#9599   pc=00400040 cycle=19132 insn=ffc7a683
#9600   pc=00400044 cycle=19135 insn=0007a703
#9601   pc=00400048 cycle=19138 insn=fed758e3
#9602   pc=00400038 cycle=19138 insn=00478793   x15(a5)=10000060
#9603   pc=0040003c cycle=19138 insn=02c78063
#9604   pc=00400040 cycle=19141 insn=ffc7a683
#9605   pc=00400044 cycle=19144 insn=0007a703
#9606   pc=00400048 cycle=19147 insn=fed758e3
#9607   pc=00400038 cycle=19147 insn=00478793   x15(a5)=10000064
#9608   pc=0040003c cycle=19147 insn=02c78063
#9609   pc=00400040 cycle=19150 insn=ffc7a683
#9610   pc=00400044 cycle=19153 insn=0007a703
#9611   pc=00400048 cycle=19156 insn=fed758e3
#9612   pc=00400038 cycle=19156 insn=00478793   x15(a5)=10000068
#9613   pc=0040003c cycle=19156 insn=02c78063
#9614   pc=00400040 cycle=19159 insn=ffc7a683
#9615   pc=00400044 cycle=19162 insn=0007a703
#9616   pc=00400048 cycle=19165 insn=fed758e3
#9617   pc=00400038 cycle=19165 insn=00478793   x15(a5)=1000006c
#9618   pc=0040003c cycle=19165 insn=02c78063
#9619   pc=00400040 cycle=19168 insn=ffc7a683
#9620   pc=00400044 cycle=19171 insn=0007a703
#9621   pc=00400048 cycle=19174 insn=fed758e3
#9622   pc=00400038 cycle=19174 insn=00478793   x15(a5)=10000070
#9623   pc=0040003c cycle=19174 insn=02c78063
#9624   pc=00400040 cycle=19177 insn=ffc7a683
#9625   pc=00400044 cycle=19180 insn=0007a703
#9626   pc=00400048 cycle=19183 insn=fed758e3
#9627   pc=00400038 cycle=19183 insn=00478793   x15(a5)=10000074
#9628   pc=0040003c cycle=19183 insn=02c78063
#9629   pc=00400040 cycle=19186 insn=ffc7a683
#9630   pc=00400044 cycle=19189 insn=0007a703
#9631   pc=00400048 cycle=19192 insn=fed758e3
#9632   pc=00400038 cycle=19192 insn=00478793   x15(a5)=10000078
#9633   pc=0040003c cycle=19192 insn=02c78063
#9634   pc=00400040 cycle=19195 insn=ffc7a683
#9635   pc=00400044 cycle=19198 insn=0007a703
#9636   pc=00400048 cycle=19201 insn=fed758e3
#9637   pc=00400038 cycle=19201 insn=00478793   x15(a5)=1000007c
#9638   pc=0040003c cycle=19201 insn=02c78063
#9639   pc=00400040 cycle=19204 insn=ffc7a683
#9640   pc=00400044 cycle=19207 insn=0007a703
#9641   pc=00400048 cycle=19210 insn=fed758e3
#9642   pc=00400038 cycle=19210 insn=00478793   x15(a5)=10000080
#9643   pc=0040003c cycle=19210 insn=02c78063
#9644   pc=00400040 cycle=19213 insn=ffc7a683
#9645   pc=00400044 cycle=19216 insn=0007a703
#9646   pc=00400048 cycle=19219 insn=fed758e3
#9647   pc=00400038 cycle=19219 insn=00478793   x15(a5)=10000084
#9648   pc=0040003c cycle=19219 insn=02c78063
#9649   pc=00400040 cycle=19222 insn=ffc7a683
#9650   pc=00400044 cycle=19225 insn=0007a703
#9651   pc=00400048 cycle=19228 insn=fed758e3
#9652   pc=00400038 cycle=19228 insn=00478793   x15(a5)=10000088
#9653   pc=0040003c cycle=19228 insn=02c78063
#9654   pc=00400040 cycle=19231 insn=ffc7a683
#9655   pc=00400044 cycle=19234 insn=0007a703
#9656   pc=00400048 cycle=19237 insn=fed758e3
#9657   pc=00400038 cycle=19237 insn=00478793   x15(a5)=1000008c
#9658   pc=0040003c cycle=19237 insn=02c78063
#9659   pc=00400040 cycle=19240 insn=ffc7a683
#9660   pc=00400044 cycle=19243 insn=0007a703   x14(a4)=84c36ccd
#9661   pc=00400048 cycle=19246 insn=fed758e3
#9662   pc=00400038 cycle=19246 insn=00478793   x15(a5)=10000090
#9663   pc=0040003c cycle=19246 insn=02c78063
#9664   pc=00400040 cycle=19249 insn=ffc7a683   x13(a3)=84c36ccd
#9665   pc=00400044 cycle=19252 insn=0007a703
#9666   pc=00400048 cycle=19255 insn=fed758e3
#9667   pc=00400038 cycle=19255 insn=00478793   x15(a5)=10000094
#9668   pc=0040003c cycle=19255 insn=02c78063
#9669   pc=00400040 cycle=19258 insn=ffc7a683
#9670   pc=00400044 cycle=19261 insn=0007a703
#9671   pc=00400048 cycle=19264 insn=fed758e3
#9672   pc=00400038 cycle=19264 insn=00478793   x15(a5)=10000098
#9673   pc=0040003c cycle=19264 insn=02c78063
#9674   pc=00400040 cycle=19267 insn=ffc7a683
#9675   pc=00400044 cycle=19270 insn=0007a703
#9676   pc=00400048 cycle=19273 insn=fed758e3
#9677   pc=00400038 cycle=19273 insn=00478793   x15(a5)=1000009c
#9678   pc=0040003c cycle=19273 insn=02c78063
#9679   pc=00400040 cycle=19276 insn=ffc7a683
#9680   pc=00400044 cycle=19279 insn=0007a703
#9681   pc=00400048 cycle=19282 insn=fed758e3
#9682   pc=00400038 cycle=19282 insn=00478793   x15(a5)=100000a0
#9683   pc=0040003c cycle=19282 insn=02c78063
#9684   pc=00400040 cycle=19285 insn=ffc7a683
#9685   pc=00400044 cycle=19288 insn=0007a703
#9686   pc=00400048 cycle=19291 insn=fed758e3
#9687   pc=00400038 cycle=19291 insn=00478793   x15(a5)=100000a4
#9688   pc=0040003c cycle=19291 insn=02c78063
#9689   pc=00400040 cycle=19294 insn=ffc7a683
#9690   pc=00400044 cycle=19297 insn=0007a703   x14(a4)=80f68da3
#9691   pc=00400048 cycle=19300 insn=fed758e3
#9692   pc=0040004c cycle=19306 insn=00d7a023
#9693   pc=00400050 cycle=19309 insn=fee7ae23
#9694   pc=00400054 cycle=19309 insn=00088813
#9695   pc=00400058 cycle=19309 insn=fe1ff06f
#9696   pc=00400038 cycle=19310 insn=00478793   x15(a5)=100000a8
#9697   pc=0040003c cycle=19313 insn=02c78063
#9698   pc=00400040 cycle=19316 insn=ffc7a683
#9699   pc=00400044 cycle=19317 insn=0007a703   x14(a4)=84c36ccd
#9700   pc=00400048 cycle=19320 insn=fed758e3
#9701   pc=00400038 cycle=19326 insn=00478793   x15(a5)=100000ac
#9702   pc=0040003c cycle=19329 insn=02c78063
#9703   pc=00400040 cycle=19331 insn=ffc7a683
#9704   pc=00400044 cycle=19332 insn=0007a703
#9705   pc=00400048 cycle=19335 insn=fed758e3
#9706   pc=00400038 cycle=19335 insn=00478793   x15(a5)=100000b0
#9707   pc=0040003c cycle=19336 insn=02c78063
#9708   pc=00400040 cycle=19338 insn=ffc7a683
#9709   pc=00400044 cycle=19341 insn=0007a703
#9710   pc=00400048 cycle=19344 insn=fed758e3
#9711   pc=00400038 cycle=19344 insn=00478793   x15(a5)=100000b4
#9712   pc=0040003c cycle=19344 insn=02c78063
#9713   pc=00400040 cycle=19347 insn=ffc7a683
#9714   pc=00400044 cycle=19350 insn=0007a703
#9715   pc=00400048 cycle=19353 insn=fed758e3
#9716   pc=00400038 cycle=19353 insn=00478793   x15(a5)=100000b8
#9717   pc=0040003c cycle=19353 insn=02c78063
#9718   pc=00400040 cycle=19356 insn=ffc7a683
#9719   pc=00400044 cycle=19359 insn=0007a703
#9720   pc=00400048 cycle=19362 insn=fed758e3
#9721   pc=00400038 cycle=19362 insn=00478793   x15(a5)=100000bc
#9722   pc=0040003c cycle=19362 insn=02c78063
#9723   pc=00400040 cycle=19365 insn=ffc7a683
#9724   pc=00400044 cycle=19368 insn=0007a703
#9725   pc=00400048 cycle=19371 insn=fed758e3
#9726   pc=00400038 cycle=19371 insn=00478793   x15(a5)=100000c0
#9727   pc=0040003c cycle=19371 insn=02c78063
#9728   pc=00400040 cycle=19374 insn=ffc7a683
#9729   pc=00400044 cycle=19377 insn=0007a703
#9730   pc=00400048 cycle=19380 insn=fed758e3
#9731   pc=00400038 cycle=19380 insn=00478793   x15(a5)=100000c4
#9732   pc=0040003c cycle=19380 insn=02c78063
#9733   pc=00400040 cycle=19383 insn=ffc7a683
#9734   pc=00400044 cycle=19386 insn=0007a703
#9735   pc=00400048 cycle=19389 insn=fed758e3
#9736   pc=00400038 cycle=19389 insn=00478793   x15(a5)=100000c8
#9737   pc=0040003c cycle=19389 insn=02c78063
#9738   pc=00400040 cycle=19392 insn=ffc7a683
#9739   pc=00400044 cycle=19395 insn=0007a703
#9740   pc=00400048 cycle=19398 insn=fed758e3
#9741   pc=00400038 cycle=19398 insn=00478793   x15(a5)=100000cc
#9742   pc=0040003c cycle=19398 insn=02c78063
#9743   pc=00400040 cycle=19401 insn=ffc7a683
#9744   pc=00400044 cycle=19404 insn=0007a703
#9745   pc=00400048 cycle=19407 insn=fed758e3
#9746   pc=00400038 cycle=19407 insn=00478793   x15(a5)=100000d0
#9747   pc=0040003c cycle=19407 insn=02c78063
#9748   pc=00400040 cycle=19410 insn=ffc7a683
#9749   pc=00400044 cycle=19413 insn=0007a703   x14(a4)=b5d4a6b5
#9750   pc=00400048 cycle=19416 insn=fed758e3
#9751   pc=00400038 cycle=19416 insn=00478793   x15(a5)=100000d4
#9752   pc=0040003c cycle=19416 insn=02c78063
#9753   pc=00400040 cycle=19419 insn=ffc7a683   x13(a3)=b5d4a6b5
#9754   pc=00400044 cycle=19422 insn=0007a703
#9755   pc=00400048 cycle=19425 insn=fed758e3
#9756   pc=00400038 cycle=19425 insn=00478793   x15(a5)=100000d8
#9757   pc=0040003c cycle=19425 insn=02c78063
#9758   pc=00400040 cycle=19428 insn=ffc7a683
#9759   pc=00400044 cycle=19431 insn=0007a703
#9760   pc=00400048 cycle=19434 insn=fed758e3
#9761   pc=00400038 cycle=19434 insn=00478793   x15(a5)=100000dc
#9762   pc=0040003c cycle=19434 insn=02c78063
#9763   pc=00400040 cycle=19437 insn=ffc7a683
#9764   pc=00400044 cycle=19440 insn=0007a703   x14(a4)=9577ad12
#9765   pc=00400048 cycle=19443 insn=fed758e3
#9766   pc=0040004c cycle=19449 insn=00d7a023
#9767   pc=00400050 cycle=19452 insn=fee7ae23
#9768   pc=00400054 cycle=19452 insn=00088813
#9769   pc=00400058 cycle=19452 insn=fe1ff06f
#9770   pc=00400038 cycle=19453 insn=00478793   x15(a5)=100000e0
#9771   pc=0040003c cycle=19456 insn=02c78063
#9772   pc=00400040 cycle=19459 insn=ffc7a683
#9773   pc=00400044 cycle=19460 insn=0007a703   x14(a4)=b5d4a6b5
#9774   pc=00400048 cycle=19463 insn=fed758e3
#9775   pc=00400038 cycle=19469 insn=00478793   x15(a5)=100000e4
#9776   pc=0040003c cycle=19472 insn=02c78063
#9777   pc=00400040 cycle=19474 insn=ffc7a683
#9778   pc=00400044 cycle=19475 insn=0007a703   x14(a4)=a563eb19
#9779   pc=00400048 cycle=19478 insn=fed758e3
#9780   pc=0040004c cycle=19484 insn=00d7a023
#9781   pc=00400050 cycle=19487 insn=fee7ae23
#9782   pc=00400054 cycle=19487 insn=00088813
#9783   pc=00400058 cycle=19487 insn=fe1ff06f
#9784   pc=00400038 cycle=19488 insn=00478793   x15(a5)=100000e8
#9785   pc=0040003c cycle=19491 insn=02c78063
#9786   pc=00400040 cycle=19494 insn=ffc7a683
#9787   pc=00400044 cycle=19495 insn=0007a703   x14(a4)=b5d4a6b5
#9788   pc=00400048 cycle=19498 insn=fed758e3
#9789   pc=00400038 cycle=19504 insn=00478793   x15(a5)=100000ec
#9790   pc=0040003c cycle=19507 insn=02c78063
#9791   pc=00400040 cycle=19509 insn=ffc7a683
#9792   pc=00400044 cycle=19510 insn=0007a703
#9793   pc=00400048 cycle=19513 insn=fed758e3
#9794   pc=00400038 cycle=19513 insn=00478793   x15(a5)=100000f0
#9795   pc=0040003c cycle=19514 insn=02c78063
#9796   pc=0040005c cycle=19520 insn=ffc60613   x12(a2)=100000ec
#9797   pc=00400060 cycle=19522 insn=fc0812e3
#9798   pc=00400024 cycle=19524 insn=fff58593   x11(a1)=0000003a
#9799   pc=00400028 cycle=19527 insn=02b05e63
#9800   pc=0040002c cycle=19527 insn=00450793   x15(a5)=10000004
#9801   pc=00400030 cycle=19527 insn=00030813   x16(a6)=00000000
#9802   pc=00400034 cycle=19528 insn=00c0006f
#9803   pc=00400040 cycle=19533 insn=ffc7a683   x13(a3)=859babf3
#9804   pc=00400044 cycle=19534 insn=0007a703   x14(a4)=859babf3
#9805   pc=00400048 cycle=19537 insn=fed758e3
#9806   pc=00400038 cycle=19537 insn=00478793   x15(a5)=10000008
#9807   pc=0040003c cycle=19538 insn=02c78063
#9808   pc=00400040 cycle=19540 insn=ffc7a683
#9809   pc=00400044 cycle=19543 insn=0007a703
#9810   pc=00400048 cycle=19546 insn=fed758e3
#9811   pc=00400038 cycle=19546 insn=00478793   x15(a5)=1000000c
#9812   pc=0040003c cycle=19546 insn=02c78063
#9813   pc=00400040 cycle=19549 insn=ffc7a683
#9814   pc=00400044 cycle=19552 insn=0007a703
#9815   pc=00400048 cycle=19555 insn=fed758e3
#9816   pc=00400038 cycle=19555 insn=00478793   x15(a5)=10000010
#9817   pc=0040003c cycle=19555 insn=02c78063
#9818   pc=00400040 cycle=19558 insn=ffc7a683
#9819   pc=00400044 cycle=19561 insn=0007a703
#9820   pc=00400048 cycle=19564 insn=fed758e3
#9821   pc=00400038 cycle=19564 insn=00478793   x15(a5)=10000014
#9822   pc=0040003c cycle=19564 insn=02c78063
#9823   pc=00400040 cycle=19567 insn=ffc7a683
#9824   pc=00400044 cycle=19570 insn=0007a703   x14(a4)=9002dc0d
#9825   pc=00400048 cycle=19573 insn=fed758e3
#9826   pc=00400038 cycle=19573 insn=00478793   x15(a5)=10000018
#9827   pc=0040003c cycle=19573 insn=02c78063
#9828   pc=00400040 cycle=19576 insn=ffc7a683   x13(a3)=9002dc0d
#9829   pc=00400044 cycle=19579 insn=0007a703
#9830   pc=00400048 cycle=19582 insn=fed758e3
#9831   pc=00400038 cycle=19582 insn=00478793   x15(a5)=1000001c
#9832   pc=0040003c cycle=19582 insn=02c78063
#9833   pc=00400040 cycle=19585 insn=ffc7a683
#9834   pc=00400044 cycle=19588 insn=0007a703
#9835   pc=00400048 cycle=19591 insn=fed758e3
#9836   pc=00400038 cycle=19591 insn=00478793   x15(a5)=10000020
#9837   pc=0040003c cycle=19591 insn=02c78063
#9838   pc=00400040 cycle=19594 insn=ffc7a683
#9839   pc=00400044 cycle=19597 insn=0007a703
#9840   pc=00400048 cycle=19600 insn=fed758e3
#9841   pc=00400038 cycle=19600 insn=00478793   x15(a5)=10000024
#9842   pc=0040003c cycle=19600 insn=02c78063
#9843   pc=00400040 cycle=19603 insn=ffc7a683
#9844   pc=00400044 cycle=19606 insn=0007a703
#9845   pc=00400048 cycle=19609 insn=fed758e3
#9846   pc=00400038 cycle=19609 insn=00478793   x15(a5)=10000028
#9847   pc=0040003c cycle=19609 insn=02c78063
#9848   pc=00400040 cycle=19612 insn=ffc7a683
#9849   pc=00400044 cycle=19615 insn=0007a703
#9850   pc=00400048 cycle=19618 insn=fed758e3
#9851   pc=00400038 cycle=19618 insn=00478793   x15(a5)=1000002c
#9852   pc=0040003c cycle=19618 insn=02c78063
#9853   pc=00400040 cycle=19621 insn=ffc7a683
#9854   pc=00400044 cycle=19624 insn=0007a703   x14(a4)=b79b2005
#9855   pc=00400048 cycle=19627 insn=fed758e3
#9856   pc=00400038 cycle=19627 insn=00478793   x15(a5)=10000030
#9857   pc=0040003c cycle=19627 insn=02c78063
#9858   pc=00400040 cycle=19630 insn=ffc7a683   x13(a3)=b79b2005
#9859   pc=00400044 cycle=19633 insn=0007a703
#9860   pc=00400048 cycle=19636 insn=fed758e3
#9861   pc=00400038 cycle=19636 insn=00478793   x15(a5)=10000034
#9862   pc=0040003c cycle=19636 insn=02c78063
#9863   pc=00400040 cycle=19639 insn=ffc7a683
#9864   pc=00400044 cycle=19642 insn=0007a703
#9865   pc=00400048 cycle=19645 insn=fed758e3
#9866   pc=00400038 cycle=19645 insn=00478793   x15(a5)=10000038
#9867   pc=0040003c cycle=19645 insn=02c78063
#9868   pc=00400040 cycle=19648 insn=ffc7a683
#9869   pc=00400044 cycle=19651 insn=0007a703   x14(a4)=b7aa02c6
#9870   pc=00400048 cycle=19654 insn=fed758e3
#9871   pc=00400038 cycle=19654 insn=00478793   x15(a5)=1000003c
#9872   pc=0040003c cycle=19654 insn=02c78063
#9873   pc=00400040 cycle=19657 insn=ffc7a683   x13(a3)=b7aa02c6
#9874   pc=00400044 cycle=19660 insn=0007a703   x14(a4)=af5305e5
#9875   pc=00400048 cycle=19663 insn=fed758e3
#9876   pc=0040004c cycle=19669 insn=00d7a023
#9877   pc=00400050 cycle=19672 insn=fee7ae23
#9878   pc=00400054 cycle=19672 insn=00088813   x16(a6)=00000001
#9879   pc=00400058 cycle=19672 insn=fe1ff06f
#9880   pc=00400038 cycle=19673 insn=00478793   x15(a5)=10000040
#9881   pc=0040003c cycle=19676 insn=02c78063
#9882   pc=00400040 cycle=19679 insn=ffc7a683
#9883   pc=00400044 cycle=19680 insn=0007a703   x14(a4)=82f2d29c
#9884   pc=00400048 cycle=19683 insn=fed758e3
#9885   pc=0040004c cycle=19684 insn=00d7a023
#9886   pc=00400050 cycle=19687 insn=fee7ae23
#9887   pc=00400054 cycle=19687 insn=00088813
#9888   pc=00400058 cycle=19687 insn=fe1ff06f
#9889   pc=00400038 cycle=19687 insn=00478793   x15(a5)=10000044
#9890   pc=0040003c cycle=19691 insn=02c78063
#9891   pc=00400040 cycle=19694 insn=ffc7a683   x13(a3)=82f2d29c
#9892   pc=00400044 cycle=19695 insn=0007a703
#9893   pc=00400048 cycle=19698 insn=fed758e3
#9894   pc=00400038 cycle=19704 insn=00478793   x15(a5)=10000048
#9895   pc=0040003c cycle=19707 insn=02c78063
#9896   pc=00400040 cycle=19709 insn=ffc7a683
#9897   pc=00400044 cycle=19710 insn=0007a703
#9898   pc=00400048 cycle=19713 insn=fed758e3
#9899   pc=00400038 cycle=19713 insn=00478793   x15(a5)=1000004c
#9900   pc=0040003c cycle=19714 insn=02c78063
#9901   pc=00400040 cycle=19716 insn=ffc7a683
#9902   pc=00400044 cycle=19719 insn=0007a703
#9903   pc=00400048 cycle=19722 insn=fed758e3
#9904   pc=00400038 cycle=19722 insn=00478793   x15(a5)=10000050
#9905   pc=0040003c cycle=19722 insn=02c78063
#9906   pc=00400040 cycle=19725 insn=ffc7a683
#9907   pc=00400044 cycle=19728 insn=0007a703
#9908   pc=00400048 cycle=19731 insn=fed758e3
#9909   pc=00400038 cycle=19731 insn=00478793   x15(a5)=10000054
#9910   pc=0040003c cycle=19731 insn=02c78063
#9911   pc=00400040 cycle=19734 insn=ffc7a683
#9912   pc=00400044 cycle=19737 insn=0007a703
#9913   pc=00400048 cycle=19740 insn=fed758e3
#9914   pc=00400038 cycle=19740 insn=00478793   x15(a5)=10000058
#9915   pc=0040003c cycle=19740 insn=02c78063
#9916   pc=00400040 cycle=19743 insn=ffc7a683
#9917   pc=00400044 cycle=19746 insn=0007a703
#9918   pc=00400048 cycle=19749 insn=fed758e3
#9919   pc=00400038 cycle=19749 insn=00478793   x15(a5)=1000005c
#9920   pc=0040003c cycle=19749 insn=02c78063
#9921   pc=00400040 cycle=19752 insn=ffc7a683
#9922   pc=00400044 cycle=19755 insn=0007a703
#9923   pc=00400048 cycle=19758 insn=fed758e3
#9924   pc=00400038 cycle=19758 insn=00478793   x15(a5)=10000060
#9925   pc=0040003c cycle=19758 insn=02c78063
#9926   pc=00400040 cycle=19761 insn=ffc7a683
#9927   pc=00400044 cycle=19764 insn=0007a703
#9928   pc=00400048 cycle=19767 insn=fed758e3
#9929   pc=00400038 cycle=19767 insn=00478793   x15(a5)=10000064
#9930   pc=0040003c cycle=19767 insn=02c78063
#9931   pc=00400040 cycle=19770 insn=ffc7a683
#9932   pc=00400044 cycle=19773 insn=0007a703
#9933   pc=00400048 cycle=19776 insn=fed758e3
#9934   pc=00400038 cycle=19776 insn=00478793   x15(a5)=10000068
#9935   pc=0040003c cycle=19776 insn=02c78063
#9936   pc=00400040 cycle=19779 insn=ffc7a683
#9937   pc=00400044 cycle=19782 insn=0007a703
#9938   pc=00400048 cycle=19785 insn=fed758e3
#9939   pc=00400038 cycle=19785 insn=00478793   x15(a5)=1000006c
#9940   pc=0040003c cycle=19785 insn=02c78063
#9941   pc=00400040 cycle=19788 insn=ffc7a683
#9942   pc=00400044 cycle=19791 insn=0007a703
#9943   pc=00400048 cycle=19794 insn=fed758e3
#9944   pc=00400038 cycle=19794 insn=00478793   x15(a5)=10000070
#9945   pc=0040003c cycle=19794 insn=02c78063
#9946   pc=00400040 cycle=19797 insn=ffc7a683
#9947   pc=00400044 cycle=19800 insn=0007a703
#9948   pc=00400048 cycle=19803 insn=fed758e3
#9949   pc=00400038 cycle=19803 insn=00478793   x15(a5)=10000074
#9950   pc=0040003c cycle=19803 insn=02c78063
#9951   pc=00400040 cycle=19806 insn=ffc7a683
#9952   pc=00400044 cycle=19809 insn=0007a703
#9953   pc=00400048 cycle=19812 insn=fed758e3
#9954   pc=00400038 cycle=19812 insn=00478793   x15(a5)=10000078
#9955   pc=0040003c cycle=19812 insn=02c78063
#9956   pc=00400040 cycle=19815 insn=ffc7a683
#9957   pc=00400044 cycle=19818 insn=0007a703
#9958   pc=00400048 cycle=19821 insn=fed758e3
#9959   pc=00400038 cycle=19821 insn=00478793   x15(a5)=1000007c
#9960   pc=0040003c cycle=19821 insn=02c78063
#9961   pc=00400040 cycle=19824 insn=ffc7a683
#9962   pc=00400044 cycle=19827 insn=0007a703
#9963   pc=00400048 cycle=19830 insn=fed758e3
#9964   pc=00400038 cycle=19830 insn=00478793   x15(a5)=10000080
#9965   pc=0040003c cycle=19830 insn=02c78063
#9966   pc=00400040 cycle=19833 insn=ffc7a683
#9967   pc=00400044 cycle=19836 insn=0007a703
#9968   pc=00400048 cycle=19839 insn=fed758e3
#9969   pc=00400038 cycle=19839 insn=00478793   x15(a5)=10000084
#9970   pc=0040003c cycle=19839 insn=02c78063
#9971   pc=00400040 cycle=19842 insn=ffc7a683
#9972   pc=00400044 cycle=19845 insn=0007a703
#9973   pc=00400048 cycle=19848 insn=fed758e3
#9974   pc=00400038 cycle=19848 insn=00478793   x15(a5)=10000088
#9975   pc=0040003c cycle=19848 insn=02c78063
#9976   pc=00400040 cycle=19851 insn=ffc7a683
#9977   pc=00400044 cycle=19854 insn=0007a703
#9978   pc=00400048 cycle=19857 insn=fed758e3
#9979   pc=00400038 cycle=19857 insn=00478793   x15(a5)=1000008c
#9980   pc=0040003c cycle=19857 insn=02c78063
#9981   pc=00400040 cycle=19860 insn=ffc7a683
#9982   pc=00400044 cycle=19863 insn=0007a703   x14(a4)=84c36ccd
#9983   pc=00400048 cycle=19866 insn=fed758e3
#9984   pc=00400038 cycle=19866 insn=00478793   x15(a5)=10000090
#9985   pc=0040003c cycle=19866 insn=02c78063
#9986   pc=00400040 cycle=19869 insn=ffc7a683   x13(a3)=84c36ccd
#9987   pc=00400044 cycle=19872 insn=0007a703
#9988   pc=00400048 cycle=19875 insn=fed758e3
#9989   pc=00400038 cycle=19875 insn=00478793   x15(a5)=10000094
#9990   pc=0040003c cycle=19875 insn=02c78063
#9991   pc=00400040 cycle=19878 insn=ffc7a683
#9992   pc=00400044 cycle=19881 insn=0007a703
#9993   pc=00400048 cycle=19884 insn=fed758e3
#9994   pc=00400038 cycle=19884 insn=00478793   x15(a5)=10000098
#9995   pc=0040003c cycle=19884 insn=02c78063
#9996   pc=00400040 cycle=19887 insn=ffc7a683
#9997   pc=00400044 cycle=19890 insn=0007a703
#9998   pc=00400048 cycle=19893 insn=fed758e3
#9999   pc=00400038 cycle=19893 insn=00478793   x15(a5)=1000009c
#10000  pc=0040003c cycle=19893 insn=02c78063
#10001  pc=00400040 cycle=19896 insn=ffc7a683
#10002  pc=00400044 cycle=19899 insn=0007a703
#10003  pc=00400048 cycle=19902 insn=fed758e3
#10004  pc=00400038 cycle=19902 insn=00478793   x15(a5)=100000a0
#10005  pc=0040003c cycle=19902 insn=02c78063
#10006  pc=00400040 cycle=19905 insn=ffc7a683
#10007  pc=00400044 cycle=19908 insn=0007a703   x14(a4)=80f68da3
#10008  pc=00400048 cycle=19911 insn=fed758e3
#10009  pc=0040004c cycle=19917 insn=00d7a023
#10010  pc=00400050 cycle=19920 insn=fee7ae23
#10011  pc=00400054 cycle=19920 insn=00088813
#10012  pc=00400058 cycle=19920 insn=fe1ff06f
#10013  pc=00400038 cycle=19921 insn=00478793   x15(a5)=100000a4
#10014  pc=0040003c cycle=19924 insn=02c78063
#10015  pc=00400040 cycle=19927 insn=ffc7a683
#10016  pc=00400044 cycle=19928 insn=0007a703   x14(a4)=84c36ccd
#10017  pc=00400048 cycle=19931 insn=fed758e3
#10018  pc=00400038 cycle=19937 insn=00478793   x15(a5)=100000a8
#10019  pc=0040003c cycle=19940 insn=02c78063
#10020  pc=00400040 cycle=19942 insn=ffc7a683
#10021  pc=00400044 cycle=19943 insn=0007a703
#10022  pc=00400048 cycle=19946 insn=fed758e3
#10023  pc=00400038 cycle=19946 insn=00478793   x15(a5)=100000ac
#10024  pc=0040003c cycle=19947 insn=02c78063
#10025  pc=00400040 cycle=19949 insn=ffc7a683
#10026  pc=00400044 cycle=19952 insn=0007a703
#10027  pc=00400048 cycle=19955 insn=fed758e3
#10028  pc=00400038 cycle=19955 insn=00478793   x15(a5)=100000b0
#10029  pc=0040003c cycle=19955 insn=02c78063
#10030  pc=00400040 cycle=19958 insn=ffc7a683
#10031  pc=00400044 cycle=19961 insn=0007a703
#10032  pc=00400048 cycle=19964 insn=fed758e3
#10033  pc=00400038 cycle=19964 insn=00478793   x15(a5)=100000b4
#10034  pc=0040003c cycle=19964 insn=02c78063
#10035  pc=00400040 cycle=19967 insn=ffc7a683
#10036  pc=00400044 cycle=19970 insn=0007a703
#10037  pc=00400048 cycle=19973 insn=fed758e3
#10038  pc=00400038 cycle=19973 insn=00478793   x15(a5)=100000b8
#10039  pc=0040003c cycle=19973 insn=02c78063
#10040  pc=00400040 cycle=19976 insn=ffc7a683
#10041  pc=00400044 cycle=19979 insn=0007a703
#10042  pc=00400048 cycle=19982 insn=fed758e3
#10043  pc=00400038 cycle=19982 insn=00478793   x15(a5)=100000bc
#10044  pc=0040003c cycle=19982 insn=02c78063
#10045  pc=00400040 cycle=19985 insn=ffc7a683
#10046  pc=00400044 cycle=19988 insn=0007a703
#10047  pc=00400048 cycle=19991 insn=fed758e3
#10048  pc=00400038 cycle=19991 insn=00478793   x15(a5)=100000c0
#10049  pc=0040003c cycle=19991 insn=02c78063
#10050  pc=00400040 cycle=19994 insn=ffc7a683
#10051  pc=00400044 cycle=19997 insn=0007a703
#10052  pc=00400048 cycle=20000 insn=fed758e3
#10053  pc=00400038 cycle=20000 insn=00478793   x15(a5)=100000c4
#10054  pc=0040003c cycle=20000 insn=02c78063
#10055  pc=00400040 cycle=20003 insn=ffc7a683
#10056  pc=00400044 cycle=20006 insn=0007a703
#10057  pc=00400048 cycle=20009 insn=fed758e3
#10058  pc=00400038 cycle=20009 insn=00478793   x15(a5)=100000c8
#10059  pc=0040003c cycle=20009 insn=02c78063
#10060  pc=00400040 cycle=20012 insn=ffc7a683
#10061  pc=00400044 cycle=20015 insn=0007a703
#10062  pc=00400048 cycle=20018 insn=fed758e3
#10063  pc=00400038 cycle=20018 insn=00478793   x15(a5)=100000cc
#10064  pc=0040003c cycle=20018 insn=02c78063
#10065  pc=00400040 cycle=20021 insn=ffc7a683
#10066  pc=00400044 cycle=20024 insn=0007a703
#10067  pc=00400048 cycle=20027 insn=fed758e3
#10068  pc=00400038 cycle=20027 insn=00478793   x15(a5)=100000d0
#10069  pc=0040003c cycle=20027 insn=02c78063
#10070  pc=00400040 cycle=20030 insn=ffc7a683
#10071  pc=00400044 cycle=20033 insn=0007a703   x14(a4)=b5d4a6b5
#10072  pc=00400048 cycle=20036 insn=fed758e3
#10073  pc=00400038 cycle=20036 insn=00478793   x15(a5)=100000d4
#10074  pc=0040003c cycle=20036 insn=02c78063
#10075  pc=00400040 cycle=20039 insn=ffc7a683   x13(a3)=b5d4a6b5
#10076  pc=00400044 cycle=20042 insn=0007a703
#10077  pc=00400048 cycle=20045 insn=fed758e3
#10078  pc=00400038 cycle=20045 insn=00478793   x15(a5)=100000d8
#10079  pc=0040003c cycle=20045 insn=02c78063
#10080  pc=00400040 cycle=20048 insn=ffc7a683
#10081  pc=00400044 cycle=20051 insn=0007a703   x14(a4)=9577ad12
#10082  pc=00400048 cycle=20054 insn=fed758e3
#10083  pc=0040004c cycle=20060 insn=00d7a023
#10084  pc=00400050 cycle=20063 insn=fee7ae23
#10085  pc=00400054 cycle=20063 insn=00088813
#10086  pc=00400058 cycle=20063 insn=fe1ff06f
#10087  pc=00400038 cycle=20064 insn=00478793   x15(a5)=100000dc
#10088  pc=0040003c cycle=20067 insn=02c78063
#10089  pc=00400040 cycle=20070 insn=ffc7a683
#10090  pc=00400044 cycle=20071 insn=0007a703   x14(a4)=b5d4a6b5
#10091  pc=00400048 cycle=20074 insn=fed758e3
#10092  pc=00400038 cycle=20080 insn=00478793   x15(a5)=100000e0
#10093  pc=0040003c cycle=20083 insn=02c78063
#10094  pc=00400040 cycle=20085 insn=ffc7a683
#10095  pc=00400044 cycle=20086 insn=0007a703   x14(a4)=a563eb19
#10096  pc=00400048 cycle=20089 insn=fed758e3
#10097  pc=0040004c cycle=20095 insn=00d7a023
#10098  pc=00400050 cycle=20098 insn=fee7ae23
#10099  pc=00400054 cycle=20098 insn=00088813
#10100  pc=00400058 cycle=20098 insn=fe1ff06f
#10101  pc=00400038 cycle=20099 insn=00478793   x15(a5)=100000e4
#10102  pc=0040003c cycle=20102 insn=02c78063
#10103  pc=00400040 cycle=20105 insn=ffc7a683
#10104  pc=00400044 cycle=20106 insn=0007a703   x14(a4)=b5d4a6b5
#10105  pc=00400048 cycle=20109 insn=fed758e3
#10106  pc=00400038 cycle=20115 insn=00478793   x15(a5)=100000e8
#10107  pc=0040003c cycle=20118 insn=02c78063
#10108  pc=00400040 cycle=20120 insn=ffc7a683
#10109  pc=00400044 cycle=20121 insn=0007a703
#10110  pc=00400048 cycle=20124 insn=fed758e3
#10111  pc=00400038 cycle=20124 insn=00478793   x15(a5)=100000ec
#10112  pc=0040003c cycle=20125 insn=02c78063
#10113  pc=0040005c cycle=20131 insn=ffc60613   x12(a2)=100000e8
#10114  pc=00400060 cycle=20133 insn=fc0812e3
#10115  pc=00400024 cycle=20135 insn=fff58593   x11(a1)=00000039
#10116  pc=00400028 cycle=20138 insn=02b05e63
#10117  pc=0040002c cycle=20138 insn=00450793   x15(a5)=10000004
#10118  pc=00400030 cycle=20138 insn=00030813   x16(a6)=00000000
#10119  pc=00400034 cycle=20139 insn=00c0006f
#10120  pc=00400040 cycle=20144 insn=ffc7a683   x13(a3)=859babf3
#10121  pc=00400044 cycle=20145 insn=0007a703   x14(a4)=859babf3
#10122  pc=00400048 cycle=20148 insn=fed758e3
#10123  pc=00400038 cycle=20148 insn=00478793   x15(a5)=10000008
#10124  pc=0040003c cycle=20149 insn=02c78063
#10125  pc=00400040 cycle=20151 insn=ffc7a683
#10126  pc=00400044 cycle=20154 insn=0007a703
#10127  pc=00400048 cycle=20157 insn=fed758e3
#10128  pc=00400038 cycle=20157 insn=00478793   x15(a5)=1000000c
#10129  pc=0040003c cycle=20157 insn=02c78063
#10130  pc=00400040 cycle=20160 insn=ffc7a683
#10131  pc=00400044 cycle=20163 insn=0007a703
#10132  pc=00400048 cycle=20166 insn=fed758e3
#10133  pc=00400038 cycle=20166 insn=00478793   x15(a5)=10000010
#10134  pc=0040003c cycle=20166 insn=02c78063
#10135  pc=00400040 cycle=20169 insn=ffc7a683
#10136  pc=00400044 cycle=20172 insn=0007a703
#10137  pc=00400048 cycle=20175 insn=fed758e3
#10138  pc=00400038 cycle=20175 insn=00478793   x15(a5)=10000014
#10139  pc=0040003c cycle=20175 insn=02c78063
#10140  pc=00400040 cycle=20178 insn=ffc7a683
#10141  pc=00400044 cycle=20181 insn=0007a703   x14(a4)=9002dc0d
#10142  pc=00400048 cycle=20184 insn=fed758e3
#10143  pc=00400038 cycle=20184 insn=00478793   x15(a5)=10000018
#10144  pc=0040003c cycle=20184 insn=02c78063
#10145  pc=00400040 cycle=20187 insn=ffc7a683   x13(a3)=9002dc0d
#10146  pc=00400044 cycle=20190 insn=0007a703
#10147  pc=00400048 cycle=20193 insn=fed758e3
#10148  pc=00400038 cycle=20193 insn=00478793   x15(a5)=1000001c
#10149  pc=0040003c cycle=20193 insn=02c78063
#10150  pc=00400040 cycle=20196 insn=ffc7a683
#10151  pc=00400044 cycle=20199 insn=0007a703
#10152  pc=00400048 cycle=20202 insn=fed758e3
#10153  pc=00400038 cycle=20202 insn=00478793   x15(a5)=10000020
#10154  pc=0040003c cycle=20202 insn=02c78063
#10155  pc=00400040 cycle=20205 insn=ffc7a683
#10156  pc=00400044 cycle=20208 insn=0007a703
#10157  pc=00400048 cycle=20211 insn=fed758e3
#10158  pc=00400038 cycle=20211 insn=00478793   x15(a5)=10000024
#10159  pc=0040003c cycle=20211 insn=02c78063
#10160  pc=00400040 cycle=20214 insn=ffc7a683
#10161  pc=00400044 cycle=20217 insn=0007a703
#10162  pc=00400048 cycle=20220 insn=fed758e3
#10163  pc=00400038 cycle=20220 insn=00478793   x15(a5)=10000028
#10164  pc=0040003c cycle=20220 insn=02c78063
#10165  pc=00400040 cycle=20223 insn=ffc7a683
#10166  pc=00400044 cycle=20226 insn=0007a703
#10167  pc=00400048 cycle=20229 insn=fed758e3
#10168  pc=00400038 cycle=20229 insn=00478793   x15(a5)=1000002c
#10169  pc=0040003c cycle=20229 insn=02c78063
#10170  pc=00400040 cycle=20232 insn=ffc7a683
#10171  pc=00400044 cycle=20235 insn=0007a703   x14(a4)=b79b2005
#10172  pc=00400048 cycle=20238 insn=fed758e3
#10173  pc=00400038 cycle=20238 insn=00478793   x15(a5)=10000030
#10174  pc=0040003c cycle=20238 insn=02c78063
#10175  pc=00400040 cycle=20241 insn=ffc7a683   x13(a3)=b79b2005
#10176  pc=00400044 cycle=20244 insn=0007a703
#10177  pc=00400048 cycle=20247 insn=fed758e3
#10178  pc=00400038 cycle=20247 insn=00478793   x15(a5)=10000034
#10179  pc=0040003c cycle=20247 insn=02c78063
#10180  pc=00400040 cycle=20250 insn=ffc7a683
#10181  pc=00400044 cycle=20253 insn=0007a703
#10182  pc=00400048 cycle=20256 insn=fed758e3
#10183  pc=00400038 cycle=20256 insn=00478793   x15(a5)=10000038
#10184  pc=0040003c cycle=20256 insn=02c78063
#10185  pc=00400040 cycle=20259 insn=ffc7a683
#10186  pc=00400044 cycle=20262 insn=0007a703   x14(a4)=af5305e5
#10187  pc=00400048 cycle=20265 insn=fed758e3
#10188  pc=0040004c cycle=20271 insn=00d7a023
#10189  pc=00400050 cycle=20274 insn=fee7ae23
#10190  pc=00400054 cycle=20274 insn=00088813   x16(a6)=00000001
#10191  pc=00400058 cycle=20274 insn=fe1ff06f
#10192  pc=00400038 cycle=20275 insn=00478793   x15(a5)=1000003c
#10193  pc=0040003c cycle=20278 insn=02c78063
#10194  pc=00400040 cycle=20281 insn=ffc7a683
#10195  pc=00400044 cycle=20282 insn=0007a703   x14(a4)=82f2d29c
#10196  pc=00400048 cycle=20285 insn=fed758e3
#10197  pc=0040004c cycle=20286 insn=00d7a023
#10198  pc=00400050 cycle=20289 insn=fee7ae23
#10199  pc=00400054 cycle=20289 insn=00088813
#10200  pc=00400058 cycle=20289 insn=fe1ff06f
#10201  pc=00400038 cycle=20289 insn=00478793   x15(a5)=10000040
#10202  pc=0040003c cycle=20293 insn=02c78063
#10203  pc=00400040 cycle=20296 insn=ffc7a683   x13(a3)=82f2d29c
#10204  pc=00400044 cycle=20297 insn=0007a703
#10205  pc=00400048 cycle=20300 insn=fed758e3
#10206  pc=00400038 cycle=20306 insn=00478793   x15(a5)=10000044
#10207  pc=0040003c cycle=20309 insn=02c78063
#10208  pc=00400040 cycle=20311 insn=ffc7a683
#10209  pc=00400044 cycle=20312 insn=0007a703
#10210  pc=00400048 cycle=20315 insn=fed758e3
#10211  pc=00400038 cycle=20315 insn=00478793   x15(a5)=10000048
#10212  pc=0040003c cycle=20316 insn=02c78063
#10213  pc=00400040 cycle=20318 insn=ffc7a683
#10214  pc=00400044 cycle=20321 insn=0007a703
#10215  pc=00400048 cycle=20324 insn=fed758e3
#10216  pc=00400038 cycle=20324 insn=00478793   x15(a5)=1000004c
#10217  pc=0040003c cycle=20324 insn=02c78063
#10218  pc=00400040 cycle=20327 insn=ffc7a683
#10219  pc=00400044 cycle=20330 insn=0007a703
#10220  pc=00400048 cycle=20333 insn=fed758e3
#10221  pc=00400038 cycle=20333 insn=00478793   x15(a5)=10000050
#10222  pc=0040003c cycle=20333 insn=02c78063
#10223  pc=00400040 cycle=20336 insn=ffc7a683
#10224  pc=00400044 cycle=20339 insn=0007a703
#10225  pc=00400048 cycle=20342 insn=fed758e3
#10226  pc=00400038 cycle=20342 insn=00478793   x15(a5)=10000054
#10227  pc=0040003c cycle=20342 insn=02c78063
#10228  pc=00400040 cycle=20345 insn=ffc7a683
#10229  pc=00400044 cycle=20348 insn=0007a703
#10230  pc=00400048 cycle=20351 insn=fed758e3
#10231  pc=00400038 cycle=20351 insn=00478793   x15(a5)=10000058
#10232  pc=0040003c cycle=20351 insn=02c78063
#10233  pc=00400040 cycle=20354 insn=ffc7a683
#10234  pc=00400044 cycle=20357 insn=0007a703
#10235  pc=00400048 cycle=20360 insn=fed758e3
#10236  pc=00400038 cycle=20360 insn=00478793   x15(a5)=1000005c
#10237  pc=0040003c cycle=20360 insn=02c78063
#10238  pc=00400040 cycle=20363 insn=ffc7a683
#10239  pc=00400044 cycle=20366 insn=0007a703
#10240  pc=00400048 cycle=20369 insn=fed758e3
#10241  pc=00400038 cycle=20369 insn=00478793   x15(a5)=10000060
#10242  pc=0040003c cycle=20369 insn=02c78063
#10243  pc=00400040 cycle=20372 insn=ffc7a683
#10244  pc=00400044 cycle=20375 insn=0007a703
#10245  pc=00400048 cycle=20378 insn=fed758e3
#10246  pc=00400038 cycle=20378 insn=00478793   x15(a5)=10000064
#10247  pc=0040003c cycle=20378 insn=02c78063
#10248  pc=00400040 cycle=20381 insn=ffc7a683
#10249  pc=00400044 cycle=20384 insn=0007a703
#10250  pc=00400048 cycle=20387 insn=fed758e3
#10251  pc=00400038 cycle=20387 insn=00478793   x15(a5)=10000068
#10252  pc=0040003c cycle=20387 insn=02c78063
#10253  pc=00400040 cycle=20390 insn=ffc7a683
#10254  pc=00400044 cycle=20393 insn=0007a703
#10255  pc=00400048 cycle=20396 insn=fed758e3
#10256  pc=00400038 cycle=20396 insn=00478793   x15(a5)=1000006c
#10257  pc=0040003c cycle=20396 insn=02c78063
#10258  pc=00400040 cycle=20399 insn=ffc7a683
#10259  pc=00400044 cycle=20402 insn=0007a703
#10260  pc=00400048 cycle=20405 insn=fed758e3
#10261  pc=00400038 cycle=20405 insn=00478793   x15(a5)=10000070
#10262  pc=0040003c cycle=20405 insn=02c78063
#10263  pc=00400040 cycle=20408 insn=ffc7a683
#10264  pc=00400044 cycle=20411 insn=0007a703
#10265  pc=00400048 cycle=20414 insn=fed758e3
#10266  pc=00400038 cycle=20414 insn=00478793   x15(a5)=10000074
#10267  pc=0040003c cycle=20414 insn=02c78063
#10268  pc=00400040 cycle=20417 insn=ffc7a683
#10269  pc=00400044 cycle=20420 insn=0007a703
#10270  pc=00400048 cycle=20423 insn=fed758e3
#10271  pc=00400038 cycle=20423 insn=00478793   x15(a5)=10000078
#10272  pc=0040003c cycle=20423 insn=02c78063
#10273  pc=00400040 cycle=20426 insn=ffc7a683
#10274  pc=00400044 cycle=20429 insn=0007a703
#10275  pc=00400048 cycle=20432 insn=fed758e3
#10276  pc=00400038 cycle=20432 insn=00478793   x15(a5)=1000007c
#10277  pc=0040003c cycle=20432 insn=02c78063
#10278  pc=00400040 cycle=20435 insn=ffc7a683
#10279  pc=00400044 cycle=20438 insn=0007a703
#10280  pc=00400048 cycle=20441 insn=fed758e3
#10281  pc=00400038 cycle=20441 insn=00478793   x15(a5)=10000080
#10282  pc=0040003c cycle=20441 insn=02c78063
#10283  pc=00400040 cycle=20444 insn=ffc7a683
#10284  pc=00400044 cycle=20447 insn=0007a703
#10285  pc=00400048 cycle=20450 insn=fed758e3
#10286  pc=00400038 cycle=20450 insn=00478793   x15(a5)=10000084
#10287  pc=0040003c cycle=20450 insn=02c78063
#10288  pc=00400040 cycle=20453 insn=ffc7a683
#10289  pc=00400044 cycle=20456 insn=0007a703
#10290  pc=00400048 cycle=20459 insn=fed758e3
#10291  pc=00400038 cycle=20459 insn=00478793   x15(a5)=10000088
#10292  pc=0040003c cycle=20459 insn=02c78063
#10293  pc=00400040 cycle=20462 insn=ffc7a683
#10294  pc=00400044 cycle=20465 insn=0007a703
#10295  pc=00400048 cycle=20468 insn=fed758e3
#10296  pc=00400038 cycle=20468 insn=00478793   x15(a5)=1000008c
#10297  pc=0040003c cycle=20468 insn=02c78063
#10298  pc=00400040 cycle=20471 insn=ffc7a683
#10299  pc=00400044 cycle=20474 insn=0007a703   x14(a4)=84c36ccd
#10300  pc=00400048 cycle=20477 insn=fed758e3
#10301  pc=00400038 cycle=20477 insn=00478793   x15(a5)=10000090
#10302  pc=0040003c cycle=20477 insn=02c78063
#10303  pc=00400040 cycle=20480 insn=ffc7a683   x13(a3)=84c36ccd
#10304  pc=00400044 cycle=20483 insn=0007a703
#10305  pc=00400048 cycle=20486 insn=fed758e3
#10306  pc=00400038 cycle=20486 insn=00478793   x15(a5)=10000094
#10307  pc=0040003c cycle=20486 insn=02c78063
#10308  pc=00400040 cycle=20489 insn=ffc7a683
#10309  pc=00400044 cycle=20492 insn=0007a703
#10310  pc=00400048 cycle=20495 insn=fed758e3
#10311  pc=00400038 cycle=20495 insn=00478793   x15(a5)=10000098
#10312  pc=0040003c cycle=20495 insn=02c78063
#10313  pc=00400040 cycle=20498 insn=ffc7a683
#10314  pc=00400044 cycle=20501 insn=0007a703
#10315  pc=00400048 cycle=20504 insn=fed758e3
#10316  pc=00400038 cycle=20504 insn=00478793   x15(a5)=1000009c
#10317  pc=0040003c cycle=20504 insn=02c78063
#10318  pc=00400040 cycle=20507 insn=ffc7a683
#10319  pc=00400044 cycle=20510 insn=0007a703   x14(a4)=80f68da3
#10320  pc=00400048 cycle=20513 insn=fed758e3
#10321  pc=0040004c cycle=20519 insn=00d7a023
#10322  pc=00400050 cycle=20522 insn=fee7ae23
#10323  pc=00400054 cycle=20522 insn=00088813
#10324  pc=00400058 cycle=20522 insn=fe1ff06f
#10325  pc=00400038 cycle=20523 insn=00478793   x15(a5)=100000a0
#10326  pc=0040003c cycle=20526 insn=02c78063
#10327  pc=00400040 cycle=20529 insn=ffc7a683
#10328  pc=00400044 cycle=20530 insn=0007a703   x14(a4)=84c36ccd
#10329  pc=00400048 cycle=20533 insn=fed758e3
#10330  pc=00400038 cycle=20539 insn=00478793   x15(a5)=100000a4
#10331  pc=0040003c cycle=20542 insn=02c78063
#10332  pc=00400040 cycle=20544 insn=ffc7a683
#10333  pc=00400044 cycle=20545 insn=0007a703
#10334  pc=00400048 cycle=20548 insn=fed758e3
#10335  pc=00400038 cycle=20548 insn=00478793   x15(a5)=100000a8
#10336  pc=0040003c cycle=20549 insn=02c78063
#10337  pc=00400040 cycle=20551 insn=ffc7a683
#10338  pc=00400044 cycle=20554 insn=0007a703
#10339  pc=00400048 cycle=20557 insn=fed758e3
#10340  pc=00400038 cycle=20557 insn=00478793   x15(a5)=100000ac
#10341  pc=0040003c cycle=20557 insn=02c78063
#10342  pc=00400040 cycle=20560 insn=ffc7a683
#10343  pc=00400044 cycle=20563 insn=0007a703
#10344  pc=00400048 cycle=20566 insn=fed758e3
#10345  pc=00400038 cycle=20566 insn=00478793   x15(a5)=100000b0
#10346  pc=0040003c cycle=20566 insn=02c78063
#10347  pc=00400040 cycle=20569 insn=ffc7a683
#10348  pc=00400044 cycle=20572 insn=0007a703
#10349  pc=00400048 cycle=20575 insn=fed758e3
#10350  pc=00400038 cycle=20575 insn=00478793   x15(a5)=100000b4
#10351  pc=0040003c cycle=20575 insn=02c78063
#10352  pc=00400040 cycle=20578 insn=ffc7a683
#10353  pc=00400044 cycle=20581 insn=0007a703
#10354  pc=00400048 cycle=20584 insn=fed758e3
#10355  pc=00400038 cycle=20584 insn=00478793   x15(a5)=100000b8
#10356  pc=0040003c cycle=20584 insn=02c78063
#10357  pc=00400040 cycle=20587 insn=ffc7a683
#10358  pc=00400044 cycle=20590 insn=0007a703
#10359  pc=00400048 cycle=20593 insn=fed758e3
#10360  pc=00400038 cycle=20593 insn=00478793   x15(a5)=100000bc
#10361  pc=0040003c cycle=20593 insn=02c78063
#10362  pc=00400040 cycle=20596 insn=ffc7a683
#10363  pc=00400044 cycle=20599 insn=0007a703
#10364  pc=00400048 cycle=20602 insn=fed758e3
#10365  pc=00400038 cycle=20602 insn=00478793   x15(a5)=100000c0
#10366  pc=0040003c cycle=20602 insn=02c78063
#10367  pc=00400040 cycle=20605 insn=ffc7a683
#10368  pc=00400044 cycle=20608 insn=0007a703
#10369  pc=00400048 cycle=20611 insn=fed758e3
#10370  pc=00400038 cycle=20611 insn=00478793   x15(a5)=100000c4
#10371  pc=0040003c cycle=20611 insn=02c78063
#10372  pc=00400040 cycle=20614 insn=ffc7a683
#10373  pc=00400044 cycle=20617 insn=0007a703
#10374  pc=00400048 cycle=20620 insn=fed758e3
#10375  pc=00400038 cycle=20620 insn=00478793   x15(a5)=100000c8
#10376  pc=0040003c cycle=20620 insn=02c78063
#10377  pc=00400040 cycle=20623 insn=ffc7a683
#10378  pc=00400044 cycle=20626 insn=0007a703
#10379  pc=00400048 cycle=20629 insn=fed758e3
#10380  pc=00400038 cycle=20629 insn=00478793   x15(a5)=100000cc
#10381  pc=0040003c cycle=20629 insn=02c78063
#10382  pc=00400040 cycle=20632 insn=ffc7a683
#10383  pc=00400044 cycle=20635 insn=0007a703
#10384  pc=00400048 cycle=20638 insn=fed758e3
#10385  pc=00400038 cycle=20638 insn=00478793   x15(a5)=100000d0
#10386  pc=0040003c cycle=20638 insn=02c78063
#10387  pc=00400040 cycle=20641 insn=ffc7a683
#10388  pc=00400044 cycle=20644 insn=0007a703   x14(a4)=b5d4a6b5
#10389  pc=00400048 cycle=20647 insn=fed758e3
#10390  pc=00400038 cycle=20647 insn=00478793   x15(a5)=100000d4
#10391  pc=0040003c cycle=20647 insn=02c78063
#10392  pc=00400040 cycle=20650 insn=ffc7a683   x13(a3)=b5d4a6b5
#10393  pc=00400044 cycle=20653 insn=0007a703   x14(a4)=9577ad12
#10394  pc=00400048 cycle=20656 insn=fed758e3
#10395  pc=0040004c cycle=20662 insn=00d7a023
#10396  pc=00400050 cycle=20665 insn=fee7ae23
#10397  pc=00400054 cycle=20665 insn=00088813
#10398  pc=00400058 cycle=20665 insn=fe1ff06f
#10399  pc=00400038 cycle=20666 insn=00478793   x15(a5)=100000d8
#10400  pc=0040003c cycle=20669 insn=02c78063
#10401  pc=00400040 cycle=20672 insn=ffc7a683
#10402  pc=00400044 cycle=20673 insn=0007a703   x14(a4)=b5d4a6b5
#10403  pc=00400048 cycle=20676 insn=fed758e3
#10404  pc=00400038 cycle=20682 insn=00478793   x15(a5)=100000dc
#10405  pc=0040003c cycle=20685 insn=02c78063
#10406  pc=00400040 cycle=20687 insn=ffc7a683
#10407  pc=00400044 cycle=20688 insn=0007a703   x14(a4)=a563eb19
#10408  pc=00400048 cycle=20691 insn=fed758e3
#10409  pc=0040004c cycle=20697 insn=00d7a023
#10410  pc=00400050 cycle=20700 insn=fee7ae23
#10411  pc=00400054 cycle=20700 insn=00088813
#10412  pc=00400058 cycle=20700 insn=fe1ff06f
#10413  pc=00400038 cycle=20701 insn=00478793   x15(a5)=100000e0
#10414  pc=0040003c cycle=20704 insn=02c78063
#10415  pc=00400040 cycle=20707 insn=ffc7a683
#10416  pc=00400044 cycle=20708 insn=0007a703   x14(a4)=b5d4a6b5
#10417  pc=00400048 cycle=20711 insn=fed758e3
#10418  pc=00400038 cycle=20717 insn=00478793   x15(a5)=100000e4
#10419  pc=0040003c cycle=20720 insn=02c78063
#10420  pc=00400040 cycle=20722 insn=ffc7a683
#10421  pc=00400044 cycle=20723 insn=0007a703
#10422  pc=00400048 cycle=20726 insn=fed758e3
#10423  pc=00400038 cycle=20726 insn=00478793   x15(a5)=100000e8
#10424  pc=0040003c cycle=20727 insn=02c78063
#10425  pc=0040005c cycle=20733 insn=ffc60613   x12(a2)=100000e4
#10426  pc=00400060 cycle=20735 insn=fc0812e3
#10427  pc=00400024 cycle=20737 insn=fff58593   x11(a1)=00000038
#10428  pc=00400028 cycle=20740 insn=02b05e63
#10429  pc=0040002c cycle=20740 insn=00450793   x15(a5)=10000004
#10430  pc=00400030 cycle=20740 insn=00030813   x16(a6)=00000000
#10431  pc=00400034 cycle=20741 insn=00c0006f
#10432  pc=00400040 cycle=20746 insn=ffc7a683   x13(a3)=859babf3
#10433  pc=00400044 cycle=20747 insn=0007a703   x14(a4)=859babf3
#10434  pc=00400048 cycle=20750 insn=fed758e3
#10435  pc=00400038 cycle=20750 insn=00478793   x15(a5)=10000008
#10436  pc=0040003c cycle=20751 insn=02c78063
#10437  pc=00400040 cycle=20753 insn=ffc7a683
#10438  pc=00400044 cycle=20756 insn=0007a703
#10439  pc=00400048 cycle=20759 insn=fed758e3
#10440  pc=00400038 cycle=20759 insn=00478793   x15(a5)=1000000c
#10441  pc=0040003c cycle=20759 insn=02c78063
#10442  pc=00400040 cycle=20762 insn=ffc7a683
#10443  pc=00400044 cycle=20765 insn=0007a703
#10444  pc=00400048 cycle=20768 insn=fed758e3
#10445  pc=00400038 cycle=20768 insn=00478793   x15(a5)=10000010
#10446  pc=0040003c cycle=20768 insn=02c78063
#10447  pc=00400040 cycle=20771 insn=ffc7a683
#10448  pc=00400044 cycle=20774 insn=0007a703
#10449  pc=00400048 cycle=20777 insn=fed758e3
#10450  pc=00400038 cycle=20777 insn=00478793   x15(a5)=10000014
#10451  pc=0040003c cycle=20777 insn=02c78063
#10452  pc=00400040 cycle=20780 insn=ffc7a683
#10453  pc=00400044 cycle=20783 insn=0007a703   x14(a4)=9002dc0d
#10454  pc=00400048 cycle=20786 insn=fed758e3
#10455  pc=00400038 cycle=20786 insn=00478793   x15(a5)=10000018
#10456  pc=0040003c cycle=20786 insn=02c78063
#10457  pc=00400040 cycle=20789 insn=ffc7a683   x13(a3)=9002dc0d
#10458  pc=00400044 cycle=20792 insn=0007a703
#10459  pc=00400048 cycle=20795 insn=fed758e3
#10460  pc=00400038 cycle=20795 insn=00478793   x15(a5)=1000001c
#10461  pc=0040003c cycle=20795 insn=02c78063
#10462  pc=00400040 cycle=20798 insn=ffc7a683
#10463  pc=00400044 cycle=20801 insn=0007a703
#10464  pc=00400048 cycle=20804 insn=fed758e3
#10465  pc=00400038 cycle=20804 insn=00478793   x15(a5)=10000020
#10466  pc=0040003c cycle=20804 insn=02c78063
#10467  pc=00400040 cycle=20807 insn=ffc7a683
#10468  pc=00400044 cycle=20810 insn=0007a703
#10469  pc=00400048 cycle=20813 insn=fed758e3
#10470  pc=00400038 cycle=20813 insn=00478793   x15(a5)=10000024
#10471  pc=0040003c cycle=20813 insn=02c78063
#10472  pc=00400040 cycle=20816 insn=ffc7a683
#10473  pc=00400044 cycle=20819 insn=0007a703
#10474  pc=00400048 cycle=20822 insn=fed758e3
#10475  pc=00400038 cycle=20822 insn=00478793   x15(a5)=10000028
#10476  pc=0040003c cycle=20822 insn=02c78063
#10477  pc=00400040 cycle=20825 insn=ffc7a683
#10478  pc=00400044 cycle=20828 insn=0007a703
#10479  pc=00400048 cycle=20831 insn=fed758e3
#10480  pc=00400038 cycle=20831 insn=00478793   x15(a5)=1000002c
#10481  pc=0040003c cycle=20831 insn=02c78063
#10482  pc=00400040 cycle=20834 insn=ffc7a683
#10483  pc=00400044 cycle=20837 insn=0007a703   x14(a4)=b79b2005
#10484  pc=00400048 cycle=20840 insn=fed758e3
#10485  pc=00400038 cycle=20840 insn=00478793   x15(a5)=10000030
#10486  pc=0040003c cycle=20840 insn=02c78063
#10487  pc=00400040 cycle=20843 insn=ffc7a683   x13(a3)=b79b2005
#10488  pc=00400044 cycle=20846 insn=0007a703
#10489  pc=00400048 cycle=20849 insn=fed758e3
#10490  pc=00400038 cycle=20849 insn=00478793   x15(a5)=10000034
#10491  pc=0040003c cycle=20849 insn=02c78063
#10492  pc=00400040 cycle=20852 insn=ffc7a683
#10493  pc=00400044 cycle=20855 insn=0007a703   x14(a4)=af5305e5
#10494  pc=00400048 cycle=20858 insn=fed758e3
#10495  pc=0040004c cycle=20864 insn=00d7a023
#10496  pc=00400050 cycle=20867 insn=fee7ae23
#10497  pc=00400054 cycle=20867 insn=00088813   x16(a6)=00000001
#10498  pc=00400058 cycle=20867 insn=fe1ff06f
#10499  pc=00400038 cycle=20868 insn=00478793   x15(a5)=10000038
#10500  pc=0040003c cycle=20871 insn=02c78063
#10501  pc=00400040 cycle=20874 insn=ffc7a683
#10502  pc=00400044 cycle=20875 insn=0007a703   x14(a4)=82f2d29c
#10503  pc=00400048 cycle=20878 insn=fed758e3
#10504  pc=0040004c cycle=20879 insn=00d7a023
#10505  pc=00400050 cycle=20882 insn=fee7ae23
#10506  pc=00400054 cycle=20882 insn=00088813
#10507  pc=00400058 cycle=20882 insn=fe1ff06f
#10508  pc=00400038 cycle=20882 insn=00478793   x15(a5)=1000003c
#10509  pc=0040003c cycle=20886 insn=02c78063
#10510  pc=00400040 cycle=20889 insn=ffc7a683   x13(a3)=82f2d29c
#10511  pc=00400044 cycle=20890 insn=0007a703
#10512  pc=00400048 cycle=20893 insn=fed758e3
#10513  pc=00400038 cycle=20899 insn=00478793   x15(a5)=10000040
#10514  pc=0040003c cycle=20902 insn=02c78063
#10515  pc=00400040 cycle=20904 insn=ffc7a683
#10516  pc=00400044 cycle=20905 insn=0007a703
#10517  pc=00400048 cycle=20908 insn=fed758e3
#10518  pc=00400038 cycle=20908 insn=00478793   x15(a5)=10000044
#10519  pc=0040003c cycle=20909 insn=02c78063
#10520  pc=00400040 cycle=20911 insn=ffc7a683
#10521  pc=00400044 cycle=20914 insn=0007a703
#10522  pc=00400048 cycle=20917 insn=fed758e3
#10523  pc=00400038 cycle=20917 insn=00478793   x15(a5)=10000048
#10524  pc=0040003c cycle=20917 insn=02c78063
#10525  pc=00400040 cycle=20920 insn=ffc7a683
#10526  pc=00400044 cycle=20923 insn=0007a703
#10527  pc=00400048 cycle=20926 insn=fed758e3
#10528  pc=00400038 cycle=20926 insn=00478793   x15(a5)=1000004c
#10529  pc=0040003c cycle=20926 insn=02c78063
#10530  pc=00400040 cycle=20929 insn=ffc7a683
#10531  pc=00400044 cycle=20932 insn=0007a703
#10532  pc=00400048 cycle=20935 insn=fed758e3
#10533  pc=00400038 cycle=20935 insn=00478793   x15(a5)=10000050
#10534  pc=0040003c cycle=20935 insn=02c78063
#10535  pc=00400040 cycle=20938 insn=ffc7a683
#10536  pc=00400044 cycle=20941 insn=0007a703
#10537  pc=00400048 cycle=20944 insn=fed758e3
#10538  pc=00400038 cycle=20944 insn=00478793   x15(a5)=10000054
#10539  pc=0040003c cycle=20944 insn=02c78063
#10540  pc=00400040 cycle=20947 insn=ffc7a683
#10541  pc=00400044 cycle=20950 insn=0007a703
#10542  pc=00400048 cycle=20953 insn=fed758e3
#10543  pc=00400038 cycle=20953 insn=00478793   x15(a5)=10000058
#10544  pc=0040003c cycle=20953 insn=02c78063
#10545  pc=00400040 cycle=20956 insn=ffc7a683
#10546  pc=00400044 cycle=20959 insn=0007a703
#10547  pc=00400048 cycle=20962 insn=fed758e3
#10548  pc=00400038 cycle=20962 insn=00478793   x15(a5)=1000005c
#10549  pc=0040003c cycle=20962 insn=02c78063
#10550  pc=00400040 cycle=20965 insn=ffc7a683
#10551  pc=00400044 cycle=20968 insn=0007a703
#10552  pc=00400048 cycle=20971 insn=fed758e3
#10553  pc=00400038 cycle=20971 insn=00478793   x15(a5)=10000060
#10554  pc=0040003c cycle=20971 insn=02c78063
#10555  pc=00400040 cycle=20974 insn=ffc7a683
#10556  pc=00400044 cycle=20977 insn=0007a703
#10557  pc=00400048 cycle=20980 insn=fed758e3
#10558  pc=00400038 cycle=20980 insn=00478793   x15(a5)=10000064
#10559  pc=0040003c cycle=20980 insn=02c78063
#10560  pc=00400040 cycle=20983 insn=ffc7a683
#10561  pc=00400044 cycle=20986 insn=0007a703
#10562  pc=00400048 cycle=20989 insn=fed758e3
#10563  pc=00400038 cycle=20989 insn=00478793   x15(a5)=10000068
#10564  pc=0040003c cycle=20989 insn=02c78063
#10565  pc=00400040 cycle=20992 insn=ffc7a683
#10566  pc=00400044 cycle=20995 insn=0007a703
#10567  pc=00400048 cycle=20998 insn=fed758e3
#10568  pc=00400038 cycle=20998 insn=00478793   x15(a5)=1000006c
#10569  pc=0040003c cycle=20998 insn=02c78063
#10570  pc=00400040 cycle=21001 insn=ffc7a683
#10571  pc=00400044 cycle=21004 insn=0007a703
#10572  pc=00400048 cycle=21007 insn=fed758e3
#10573  pc=00400038 cycle=21007 insn=00478793   x15(a5)=10000070
#10574  pc=0040003c cycle=21007 insn=02c78063
#10575  pc=00400040 cycle=21010 insn=ffc7a683
#10576  pc=00400044 cycle=21013 insn=0007a703
#10577  pc=00400048 cycle=21016 insn=fed758e3
#10578  pc=00400038 cycle=21016 insn=00478793   x15(a5)=10000074
#10579  pc=0040003c cycle=21016 insn=02c78063
#10580  pc=00400040 cycle=21019 insn=ffc7a683
#10581  pc=00400044 cycle=21022 insn=0007a703
#10582  pc=00400048 cycle=21025 insn=fed758e3
#10583  pc=00400038 cycle=21025 insn=00478793   x15(a5)=10000078
#10584  pc=0040003c cycle=21025 insn=02c78063
#10585  pc=00400040 cycle=21028 insn=ffc7a683
#10586  pc=00400044 cycle=21031 insn=0007a703
#10587  pc=00400048 cycle=21034 insn=fed758e3
#10588  pc=00400038 cycle=21034 insn=00478793   x15(a5)=1000007c
#10589  pc=0040003c cycle=21034 insn=02c78063
#10590  pc=00400040 cycle=21037 insn=ffc7a683
#10591  pc=00400044 cycle=21040 insn=0007a703
#10592  pc=00400048 cycle=21043 insn=fed758e3
#10593  pc=00400038 cycle=21043 insn=00478793   x15(a5)=10000080
#10594  pc=0040003c cycle=21043 insn=02c78063
#10595  pc=00400040 cycle=21046 insn=ffc7a683
#10596  pc=00400044 cycle=21049 insn=0007a703
#10597  pc=00400048 cycle=21052 insn=fed758e3
#10598  pc=00400038 cycle=21052 insn=00478793   x15(a5)=10000084
#10599  pc=0040003c cycle=21052 insn=02c78063
#10600  pc=00400040 cycle=21055 insn=ffc7a683
#10601  pc=00400044 cycle=21058 insn=0007a703
#10602  pc=00400048 cycle=21061 insn=fed758e3
#10603  pc=00400038 cycle=21061 insn=00478793   x15(a5)=10000088
#10604  pc=0040003c cycle=21061 insn=02c78063
#10605  pc=00400040 cycle=21064 insn=ffc7a683
#10606  pc=00400044 cycle=21067 insn=0007a703
#10607  pc=00400048 cycle=21070 insn=fed758e3
#10608  pc=00400038 cycle=21070 insn=00478793   x15(a5)=1000008c
#10609  pc=0040003c cycle=21070 insn=02c78063
#10610  pc=00400040 cycle=21073 insn=ffc7a683
#10611  pc=00400044 cycle=21076 insn=0007a703   x14(a4)=84c36ccd
#10612  pc=00400048 cycle=21079 insn=fed758e3
#10613  pc=00400038 cycle=21079 insn=00478793   x15(a5)=10000090
#10614  pc=0040003c cycle=21079 insn=02c78063
#10615  pc=00400040 cycle=21082 insn=ffc7a683   x13(a3)=84c36ccd
#10616  pc=00400044 cycle=21085 insn=0007a703
#10617  pc=00400048 cycle=21088 insn=fed758e3
#10618  pc=00400038 cycle=21088 insn=00478793   x15(a5)=10000094
#10619  pc=0040003c cycle=21088 insn=02c78063
#10620  pc=00400040 cycle=21091 insn=ffc7a683
#10621  pc=00400044 cycle=21094 insn=0007a703
#10622  pc=00400048 cycle=21097 insn=fed758e3
#10623  pc=00400038 cycle=21097 insn=00478793   x15(a5)=10000098
#10624  pc=0040003c cycle=21097 insn=02c78063
#10625  pc=00400040 cycle=21100 insn=ffc7a683
#10626  pc=00400044 cycle=21103 insn=0007a703   x14(a4)=80f68da3
#10627  pc=00400048 cycle=21106 insn=fed758e3
#10628  pc=0040004c cycle=21112 insn=00d7a023
#10629  pc=00400050 cycle=21115 insn=fee7ae23
#10630  pc=00400054 cycle=21115 insn=00088813
#10631  pc=00400058 cycle=21115 insn=fe1ff06f
#10632  pc=00400038 cycle=21116 insn=00478793   x15(a5)=1000009c
#10633  pc=0040003c cycle=21119 insn=02c78063
#10634  pc=00400040 cycle=21122 insn=ffc7a683
#10635  pc=00400044 cycle=21123 insn=0007a703   x14(a4)=84c36ccd
#10636  pc=00400048 cycle=21126 insn=fed758e3
#10637  pc=00400038 cycle=21132 insn=00478793   x15(a5)=100000a0
#10638  pc=0040003c cycle=21135 insn=02c78063
#10639  pc=00400040 cycle=21137 insn=ffc7a683
#10640  pc=00400044 cycle=21138 insn=0007a703
#10641  pc=00400048 cycle=21141 insn=fed758e3
#10642  pc=00400038 cycle=21141 insn=00478793   x15(a5)=100000a4
#10643  pc=0040003c cycle=21142 insn=02c78063
#10644  pc=00400040 cycle=21144 insn=ffc7a683
#10645  pc=00400044 cycle=21147 insn=0007a703
#10646  pc=00400048 cycle=21150 insn=fed758e3
#10647  pc=00400038 cycle=21150 insn=00478793   x15(a5)=100000a8
#10648  pc=0040003c cycle=21150 insn=02c78063
#10649  pc=00400040 cycle=21153 insn=ffc7a683
#10650  pc=00400044 cycle=21156 insn=0007a703
#10651  pc=00400048 cycle=21159 insn=fed758e3
#10652  pc=00400038 cycle=21159 insn=00478793   x15(a5)=100000ac
#10653  pc=0040003c cycle=21159 insn=02c78063
#10654  pc=00400040 cycle=21162 insn=ffc7a683
#10655  pc=00400044 cycle=21165 insn=0007a703
#10656  pc=00400048 cycle=21168 insn=fed758e3
#10657  pc=00400038 cycle=21168 insn=00478793   x15(a5)=100000b0
#10658  pc=0040003c cycle=21168 insn=02c78063
#10659  pc=00400040 cycle=21171 insn=ffc7a683
#10660  pc=00400044 cycle=21174 insn=0007a703
#10661  pc=00400048 cycle=21177 insn=fed758e3
#10662  pc=00400038 cycle=21177 insn=00478793   x15(a5)=100000b4
#10663  pc=0040003c cycle=21177 insn=02c78063
#10664  pc=00400040 cycle=21180 insn=ffc7a683
#10665  pc=00400044 cycle=21183 insn=0007a703
#10666  pc=00400048 cycle=21186 insn=fed758e3
#10667  pc=00400038 cycle=21186 insn=00478793   x15(a5)=100000b8
#10668  pc=0040003c cycle=21186 insn=02c78063
#10669  pc=00400040 cycle=21189 insn=ffc7a683
#10670  pc=00400044 cycle=21192 insn=0007a703
#10671  pc=00400048 cycle=21195 insn=fed758e3
#10672  pc=00400038 cycle=21195 insn=00478793   x15(a5)=100000bc
#10673  pc=0040003c cycle=21195 insn=02c78063
#10674  pc=00400040 cycle=21198 insn=ffc7a683
#10675  pc=00400044 cycle=21201 insn=0007a703
#10676  pc=00400048 cycle=21204 insn=fed758e3
#10677  pc=00400038 cycle=21204 insn=00478793   x15(a5)=100000c0
#10678  pc=0040003c cycle=21204 insn=02c78063
#10679  pc=00400040 cycle=21207 insn=ffc7a683
#10680  pc=00400044 cycle=21210 insn=0007a703
#10681  pc=00400048 cycle=21213 insn=fed758e3
#10682  pc=00400038 cycle=21213 insn=00478793   x15(a5)=100000c4
#10683  pc=0040003c cycle=21213 insn=02c78063
#10684  pc=00400040 cycle=21216 insn=ffc7a683
#10685  pc=00400044 cycle=21219 insn=0007a703
#10686  pc=00400048 cycle=21222 insn=fed758e3
#10687  pc=00400038 cycle=21222 insn=00478793   x15(a5)=100000c8
#10688  pc=0040003c cycle=21222 insn=02c78063
#10689  pc=00400040 cycle=21225 insn=ffc7a683
#10690  pc=00400044 cycle=21228 insn=0007a703
#10691  pc=00400048 cycle=21231 insn=fed758e3
#10692  pc=00400038 cycle=21231 insn=00478793   x15(a5)=100000cc
#10693  pc=0040003c cycle=21231 insn=02c78063
#10694  pc=00400040 cycle=21234 insn=ffc7a683
#10695  pc=00400044 cycle=21237 insn=0007a703
#10696  pc=00400048 cycle=21240 insn=fed758e3
#10697  pc=00400038 cycle=21240 insn=00478793   x15(a5)=100000d0
#10698  pc=0040003c cycle=21240 insn=02c78063
#10699  pc=00400040 cycle=21243 insn=ffc7a683
#10700  pc=00400044 cycle=21246 insn=0007a703   x14(a4)=9577ad12
#10701  pc=00400048 cycle=21249 insn=fed758e3
#10702  pc=00400038 cycle=21249 insn=00478793   x15(a5)=100000d4
#10703  pc=0040003c cycle=21249 insn=02c78063
#10704  pc=00400040 cycle=21252 insn=ffc7a683   x13(a3)=9577ad12
#10705  pc=00400044 cycle=21255 insn=0007a703   x14(a4)=b5d4a6b5
#10706  pc=00400048 cycle=21258 insn=fed758e3
#10707  pc=00400038 cycle=21258 insn=00478793   x15(a5)=100000d8
#10708  pc=0040003c cycle=21258 insn=02c78063
#10709  pc=00400040 cycle=21261 insn=ffc7a683   x13(a3)=b5d4a6b5
#10710  pc=00400044 cycle=21264 insn=0007a703   x14(a4)=a563eb19
#10711  pc=00400048 cycle=21267 insn=fed758e3
#10712  pc=0040004c cycle=21273 insn=00d7a023
#10713  pc=00400050 cycle=21276 insn=fee7ae23
#10714  pc=00400054 cycle=21276 insn=00088813
#10715  pc=00400058 cycle=21276 insn=fe1ff06f
#10716  pc=00400038 cycle=21277 insn=00478793   x15(a5)=100000dc
#10717  pc=0040003c cycle=21280 insn=02c78063
#10718  pc=00400040 cycle=21283 insn=ffc7a683
#10719  pc=00400044 cycle=21284 insn=0007a703   x14(a4)=b5d4a6b5
#10720  pc=00400048 cycle=21287 insn=fed758e3
#10721  pc=00400038 cycle=21293 insn=00478793   x15(a5)=100000e0
#10722  pc=0040003c cycle=21296 insn=02c78063
#10723  pc=00400040 cycle=21298 insn=ffc7a683
#10724  pc=00400044 cycle=21299 insn=0007a703
#10725  pc=00400048 cycle=21302 insn=fed758e3
#10726  pc=00400038 cycle=21302 insn=00478793   x15(a5)=100000e4
#10727  pc=0040003c cycle=21303 insn=02c78063
#10728  pc=0040005c cycle=21309 insn=ffc60613   x12(a2)=100000e0
#10729  pc=00400060 cycle=21311 insn=fc0812e3
#10730  pc=00400024 cycle=21313 insn=fff58593   x11(a1)=00000037
#10731  pc=00400028 cycle=21316 insn=02b05e63
#10732  pc=0040002c cycle=21316 insn=00450793   x15(a5)=10000004
#10733  pc=00400030 cycle=21316 insn=00030813   x16(a6)=00000000
#10734  pc=00400034 cycle=21317 insn=00c0006f
#10735  pc=00400040 cycle=21322 insn=ffc7a683   x13(a3)=859babf3
#10736  pc=00400044 cycle=21323 insn=0007a703   x14(a4)=859babf3
#10737  pc=00400048 cycle=21326 insn=fed758e3
#10738  pc=00400038 cycle=21326 insn=00478793   x15(a5)=10000008
#10739  pc=0040003c cycle=21327 insn=02c78063
#10740  pc=00400040 cycle=21329 insn=ffc7a683
#10741  pc=00400044 cycle=21332 insn=0007a703
#10742  pc=00400048 cycle=21335 insn=fed758e3
#10743  pc=00400038 cycle=21335 insn=00478793   x15(a5)=1000000c
#10744  pc=0040003c cycle=21335 insn=02c78063
#10745  pc=00400040 cycle=21338 insn=ffc7a683
#10746  pc=00400044 cycle=21341 insn=0007a703
#10747  pc=00400048 cycle=21344 insn=fed758e3
#10748  pc=00400038 cycle=21344 insn=00478793   x15(a5)=10000010
#10749  pc=0040003c cycle=21344 insn=02c78063
#10750  pc=00400040 cycle=21347 insn=ffc7a683
#10751  pc=00400044 cycle=21350 insn=0007a703
#10752  pc=00400048 cycle=21353 insn=fed758e3
#10753  pc=00400038 cycle=21353 insn=00478793   x15(a5)=10000014
#10754  pc=0040003c cycle=21353 insn=02c78063
#10755  pc=00400040 cycle=21356 insn=ffc7a683
#10756  pc=00400044 cycle=21359 insn=0007a703   x14(a4)=9002dc0d
#10757  pc=00400048 cycle=21362 insn=fed758e3
#10758  pc=00400038 cycle=21362 insn=00478793   x15(a5)=10000018
#10759  pc=0040003c cycle=21362 insn=02c78063
#10760  pc=00400040 cycle=21365 insn=ffc7a683   x13(a3)=9002dc0d
#10761  pc=00400044 cycle=21368 insn=0007a703
#10762  pc=00400048 cycle=21371 insn=fed758e3
#10763  pc=00400038 cycle=21371 insn=00478793   x15(a5)=1000001c
#10764  pc=0040003c cycle=21371 insn=02c78063
#10765  pc=00400040 cycle=21374 insn=ffc7a683
#10766  pc=00400044 cycle=21377 insn=0007a703
#10767  pc=00400048 cycle=21380 insn=fed758e3
#10768  pc=00400038 cycle=21380 insn=00478793   x15(a5)=10000020
#10769  pc=0040003c cycle=21380 insn=02c78063
#10770  pc=00400040 cycle=21383 insn=ffc7a683
#10771  pc=00400044 cycle=21386 insn=0007a703
#10772  pc=00400048 cycle=21389 insn=fed758e3
#10773  pc=00400038 cycle=21389 insn=00478793   x15(a5)=10000024
#10774  pc=0040003c cycle=21389 insn=02c78063
#10775  pc=00400040 cycle=21392 insn=ffc7a683
#10776  pc=00400044 cycle=21395 insn=0007a703
#10777  pc=00400048 cycle=21398 insn=fed758e3
#10778  pc=00400038 cycle=21398 insn=00478793   x15(a5)=10000028
#10779  pc=0040003c cycle=21398 insn=02c78063
#10780  pc=00400040 cycle=21401 insn=ffc7a683
#10781  pc=00400044 cycle=21404 insn=0007a703
#10782  pc=00400048 cycle=21407 insn=fed758e3
#10783  pc=00400038 cycle=21407 insn=00478793   x15(a5)=1000002c
#10784  pc=0040003c cycle=21407 insn=02c78063
#10785  pc=00400040 cycle=21410 insn=ffc7a683
#10786  pc=00400044 cycle=21413 insn=0007a703   x14(a4)=b79b2005
#10787  pc=00400048 cycle=21416 insn=fed758e3
#10788  pc=00400038 cycle=21416 insn=00478793   x15(a5)=10000030
#10789  pc=0040003c cycle=21416 insn=02c78063
#10790  pc=00400040 cycle=21419 insn=ffc7a683   x13(a3)=b79b2005
#10791  pc=00400044 cycle=21422 insn=0007a703   x14(a4)=af5305e5
#10792  pc=00400048 cycle=21425 insn=fed758e3
#10793  pc=0040004c cycle=21431 insn=00d7a023
#10794  pc=00400050 cycle=21434 insn=fee7ae23
#10795  pc=00400054 cycle=21434 insn=00088813   x16(a6)=00000001
#10796  pc=00400058 cycle=21434 insn=fe1ff06f
#10797  pc=00400038 cycle=21435 insn=00478793   x15(a5)=10000034
#10798  pc=0040003c cycle=21438 insn=02c78063
#10799  pc=00400040 cycle=21441 insn=ffc7a683
#10800  pc=00400044 cycle=21442 insn=0007a703   x14(a4)=82f2d29c
#10801  pc=00400048 cycle=21445 insn=fed758e3
#10802  pc=0040004c cycle=21446 insn=00d7a023
#10803  pc=00400050 cycle=21449 insn=fee7ae23
#10804  pc=00400054 cycle=21449 insn=00088813
#10805  pc=00400058 cycle=21449 insn=fe1ff06f
#10806  pc=00400038 cycle=21449 insn=00478793   x15(a5)=10000038
#10807  pc=0040003c cycle=21453 insn=02c78063
#10808  pc=00400040 cycle=21456 insn=ffc7a683   x13(a3)=82f2d29c
#10809  pc=00400044 cycle=21457 insn=0007a703
#10810  pc=00400048 cycle=21460 insn=fed758e3
#10811  pc=00400038 cycle=21466 insn=00478793   x15(a5)=1000003c
#10812  pc=0040003c cycle=21469 insn=02c78063
#10813  pc=00400040 cycle=21471 insn=ffc7a683
#10814  pc=00400044 cycle=21472 insn=0007a703
#10815  pc=00400048 cycle=21475 insn=fed758e3
#10816  pc=00400038 cycle=21475 insn=00478793   x15(a5)=10000040
#10817  pc=0040003c cycle=21476 insn=02c78063
#10818  pc=00400040 cycle=21478 insn=ffc7a683
#10819  pc=00400044 cycle=21481 insn=0007a703
#10820  pc=00400048 cycle=21484 insn=fed758e3
#10821  pc=00400038 cycle=21484 insn=00478793   x15(a5)=10000044
#10822  pc=0040003c cycle=21484 insn=02c78063
#10823  pc=00400040 cycle=21487 insn=ffc7a683
#10824  pc=00400044 cycle=21490 insn=0007a703
#10825  pc=00400048 cycle=21493 insn=fed758e3
#10826  pc=00400038 cycle=21493 insn=00478793   x15(a5)=10000048
#10827  pc=0040003c cycle=21493 insn=02c78063
#10828  pc=00400040 cycle=21496 insn=ffc7a683
#10829  pc=00400044 cycle=21499 insn=0007a703
#10830  pc=00400048 cycle=21502 insn=fed758e3
#10831  pc=00400038 cycle=21502 insn=00478793   x15(a5)=1000004c
#10832  pc=0040003c cycle=21502 insn=02c78063
#10833  pc=00400040 cycle=21505 insn=ffc7a683
#10834  pc=00400044 cycle=21508 insn=0007a703
#10835  pc=00400048 cycle=21511 insn=fed758e3
#10836  pc=00400038 cycle=21511 insn=00478793   x15(a5)=10000050
#10837  pc=0040003c cycle=21511 insn=02c78063
#10838  pc=00400040 cycle=21514 insn=ffc7a683
#10839  pc=00400044 cycle=21517 insn=0007a703
#10840  pc=00400048 cycle=21520 insn=fed758e3
#10841  pc=00400038 cycle=21520 insn=00478793   x15(a5)=10000054
#10842  pc=0040003c cycle=21520 insn=02c78063
#10843  pc=00400040 cycle=21523 insn=ffc7a683
#10844  pc=00400044 cycle=21526 insn=0007a703
#10845  pc=00400048 cycle=21529 insn=fed758e3
#10846  pc=00400038 cycle=21529 insn=00478793   x15(a5)=10000058
#10847  pc=0040003c cycle=21529 insn=02c78063
#10848  pc=00400040 cycle=21532 insn=ffc7a683
#10849  pc=00400044 cycle=21535 insn=0007a703
#10850  pc=00400048 cycle=21538 insn=fed758e3
#10851  pc=00400038 cycle=21538 insn=00478793   x15(a5)=1000005c
#10852  pc=0040003c cycle=21538 insn=02c78063
#10853  pc=00400040 cycle=21541 insn=ffc7a683
#10854  pc=00400044 cycle=21544 insn=0007a703
#10855  pc=00400048 cycle=21547 insn=fed758e3
#10856  pc=00400038 cycle=21547 insn=00478793   x15(a5)=10000060
#10857  pc=0040003c cycle=21547 insn=02c78063
#10858  pc=00400040 cycle=21550 insn=ffc7a683
#10859  pc=00400044 cycle=21553 insn=0007a703
#10860  pc=00400048 cycle=21556 insn=fed758e3
#10861  pc=00400038 cycle=21556 insn=00478793   x15(a5)=10000064
#10862  pc=0040003c cycle=21556 insn=02c78063
#10863  pc=00400040 cycle=21559 insn=ffc7a683
#10864  pc=00400044 cycle=21562 insn=0007a703
#10865  pc=00400048 cycle=21565 insn=fed758e3
#10866  pc=00400038 cycle=21565 insn=00478793   x15(a5)=10000068
#10867  pc=0040003c cycle=21565 insn=02c78063
#10868  pc=00400040 cycle=21568 insn=ffc7a683
#10869  pc=00400044 cycle=21571 insn=0007a703
#10870  pc=00400048 cycle=21574 insn=fed758e3
#10871  pc=00400038 cycle=21574 insn=00478793   x15(a5)=1000006c
#10872  pc=0040003c cycle=21574 insn=02c78063
#10873  pc=00400040 cycle=21577 insn=ffc7a683
#10874  pc=00400044 cycle=21580 insn=0007a703
#10875  pc=00400048 cycle=21583 insn=fed758e3
#10876  pc=00400038 cycle=21583 insn=00478793   x15(a5)=10000070
#10877  pc=0040003c cycle=21583 insn=02c78063
#10878  pc=00400040 cycle=21586 insn=ffc7a683
#10879  pc=00400044 cycle=21589 insn=0007a703
#10880  pc=00400048 cycle=21592 insn=fed758e3
#10881  pc=00400038 cycle=21592 insn=00478793   x15(a5)=10000074
#10882  pc=0040003c cycle=21592 insn=02c78063
#10883  pc=00400040 cycle=21595 insn=ffc7a683
#10884  pc=00400044 cycle=21598 insn=0007a703
#10885  pc=00400048 cycle=21601 insn=fed758e3
#10886  pc=00400038 cycle=21601 insn=00478793   x15(a5)=10000078
#10887  pc=0040003c cycle=21601 insn=02c78063
#10888  pc=00400040 cycle=21604 insn=ffc7a683
#10889  pc=00400044 cycle=21607 insn=0007a703
#10890  pc=00400048 cycle=21610 insn=fed758e3
#10891  pc=00400038 cycle=21610 insn=00478793   x15(a5)=1000007c
#10892  pc=0040003c cycle=21610 insn=02c78063
#10893  pc=00400040 cycle=21613 insn=ffc7a683
#10894  pc=00400044 cycle=21616 insn=0007a703
#10895  pc=00400048 cycle=21619 insn=fed758e3
#10896  pc=00400038 cycle=21619 insn=00478793   x15(a5)=10000080
#10897  pc=0040003c cycle=21619 insn=02c78063
#10898  pc=00400040 cycle=21622 insn=ffc7a683
#10899  pc=00400044 cycle=21625 insn=0007a703
#10900  pc=00400048 cycle=21628 insn=fed758e3
#10901  pc=00400038 cycle=21628 insn=00478793   x15(a5)=10000084
#10902  pc=0040003c cycle=21628 insn=02c78063
#10903  pc=00400040 cycle=21631 insn=ffc7a683
#10904  pc=00400044 cycle=21634 insn=0007a703
#10905  pc=00400048 cycle=21637 insn=fed758e3
#10906  pc=00400038 cycle=21637 insn=00478793   x15(a5)=10000088
#10907  pc=0040003c cycle=21637 insn=02c78063
#10908  pc=00400040 cycle=21640 insn=ffc7a683
#10909  pc=00400044 cycle=21643 insn=0007a703
#10910  pc=00400048 cycle=21646 insn=fed758e3
#10911  pc=00400038 cycle=21646 insn=00478793   x15(a5)=1000008c
#10912  pc=0040003c cycle=21646 insn=02c78063
#10913  pc=00400040 cycle=21649 insn=ffc7a683
#10914  pc=00400044 cycle=21652 insn=0007a703   x14(a4)=84c36ccd
#10915  pc=00400048 cycle=21655 insn=fed758e3
#10916  pc=00400038 cycle=21655 insn=00478793   x15(a5)=10000090
#10917  pc=0040003c cycle=21655 insn=02c78063
#10918  pc=00400040 cycle=21658 insn=ffc7a683   x13(a3)=84c36ccd
#10919  pc=00400044 cycle=21661 insn=0007a703
#10920  pc=00400048 cycle=21664 insn=fed758e3
#10921  pc=00400038 cycle=21664 insn=00478793   x15(a5)=10000094
#10922  pc=0040003c cycle=21664 insn=02c78063
#10923  pc=00400040 cycle=21667 insn=ffc7a683
#10924  pc=00400044 cycle=21670 insn=0007a703   x14(a4)=80f68da3
#10925  pc=00400048 cycle=21673 insn=fed758e3
#10926  pc=0040004c cycle=21679 insn=00d7a023
#10927  pc=00400050 cycle=21682 insn=fee7ae23
#10928  pc=00400054 cycle=21682 insn=00088813
#10929  pc=00400058 cycle=21682 insn=fe1ff06f
#10930  pc=00400038 cycle=21683 insn=00478793   x15(a5)=10000098
#10931  pc=0040003c cycle=21686 insn=02c78063
#10932  pc=00400040 cycle=21689 insn=ffc7a683
#10933  pc=00400044 cycle=21690 insn=0007a703   x14(a4)=84c36ccd
#10934  pc=00400048 cycle=21693 insn=fed758e3
#10935  pc=00400038 cycle=21699 insn=00478793   x15(a5)=1000009c
#10936  pc=0040003c cycle=21702 insn=02c78063
#10937  pc=00400040 cycle=21704 insn=ffc7a683
#10938  pc=00400044 cycle=21705 insn=0007a703
#10939  pc=00400048 cycle=21708 insn=fed758e3
#10940  pc=00400038 cycle=21708 insn=00478793   x15(a5)=100000a0
#10941  pc=0040003c cycle=21709 insn=02c78063
#10942  pc=00400040 cycle=21711 insn=ffc7a683
#10943  pc=00400044 cycle=21714 insn=0007a703
#10944  pc=00400048 cycle=21717 insn=fed758e3
#10945  pc=00400038 cycle=21717 insn=00478793   x15(a5)=100000a4
#10946  pc=0040003c cycle=21717 insn=02c78063
#10947  pc=00400040 cycle=21720 insn=ffc7a683
#10948  pc=00400044 cycle=21723 insn=0007a703
#10949  pc=00400048 cycle=21726 insn=fed758e3
#10950  pc=00400038 cycle=21726 insn=00478793   x15(a5)=100000a8
#10951  pc=0040003c cycle=21726 insn=02c78063
#10952  pc=00400040 cycle=21729 insn=ffc7a683
#10953  pc=00400044 cycle=21732 insn=0007a703
#10954  pc=00400048 cycle=21735 insn=fed758e3
#10955  pc=00400038 cycle=21735 insn=00478793   x15(a5)=100000ac
#10956  pc=0040003c cycle=21735 insn=02c78063
#10957  pc=00400040 cycle=21738 insn=ffc7a683
#10958  pc=00400044 cycle=21741 insn=0007a703
#10959  pc=00400048 cycle=21744 insn=fed758e3
#10960  pc=00400038 cycle=21744 insn=00478793   x15(a5)=100000b0
#10961  pc=0040003c cycle=21744 insn=02c78063
#10962  pc=00400040 cycle=21747 insn=ffc7a683
#10963  pc=00400044 cycle=21750 insn=0007a703
#10964  pc=00400048 cycle=21753 insn=fed758e3
#10965  pc=00400038 cycle=21753 insn=00478793   x15(a5)=100000b4
#10966  pc=0040003c cycle=21753 insn=02c78063
#10967  pc=00400040 cycle=21756 insn=ffc7a683
#10968  pc=00400044 cycle=21759 insn=0007a703
#10969  pc=00400048 cycle=21762 insn=fed758e3
#10970  pc=00400038 cycle=21762 insn=00478793   x15(a5)=100000b8
#10971  pc=0040003c cycle=21762 insn=02c78063
#10972  pc=00400040 cycle=21765 insn=ffc7a683
#10973  pc=00400044 cycle=21768 insn=0007a703
#10974  pc=00400048 cycle=21771 insn=fed758e3
#10975  pc=00400038 cycle=21771 insn=00478793   x15(a5)=100000bc
#10976  pc=0040003c cycle=21771 insn=02c78063
#10977  pc=00400040 cycle=21774 insn=ffc7a683
#10978  pc=00400044 cycle=21777 insn=0007a703
#10979  pc=00400048 cycle=21780 insn=fed758e3
#10980  pc=00400038 cycle=21780 insn=00478793   x15(a5)=100000c0
#10981  pc=0040003c cycle=21780 insn=02c78063
#10982  pc=00400040 cycle=21783 insn=ffc7a683
#10983  pc=00400044 cycle=21786 insn=0007a703
#10984  pc=00400048 cycle=21789 insn=fed758e3
#10985  pc=00400038 cycle=21789 insn=00478793   x15(a5)=100000c4
#10986  pc=0040003c cycle=21789 insn=02c78063
#10987  pc=00400040 cycle=21792 insn=ffc7a683
#10988  pc=00400044 cycle=21795 insn=0007a703
#10989  pc=00400048 cycle=21798 insn=fed758e3
#10990  pc=00400038 cycle=21798 insn=00478793   x15(a5)=100000c8
#10991  pc=0040003c cycle=21798 insn=02c78063
#10992  pc=00400040 cycle=21801 insn=ffc7a683
#10993  pc=00400044 cycle=21804 insn=0007a703
#10994  pc=00400048 cycle=21807 insn=fed758e3
#10995  pc=00400038 cycle=21807 insn=00478793   x15(a5)=100000cc
#10996  pc=0040003c cycle=21807 insn=02c78063
#10997  pc=00400040 cycle=21810 insn=ffc7a683
#10998  pc=00400044 cycle=21813 insn=0007a703
#10999  pc=00400048 cycle=21816 insn=fed758e3
#11000  pc=00400038 cycle=21816 insn=00478793   x15(a5)=100000d0
#11001  pc=0040003c cycle=21816 insn=02c78063
#11002  pc=00400040 cycle=21819 insn=ffc7a683
#11003  pc=00400044 cycle=21822 insn=0007a703   x14(a4)=9577ad12
#11004  pc=00400048 cycle=21825 insn=fed758e3
#11005  pc=00400038 cycle=21825 insn=00478793   x15(a5)=100000d4
#11006  pc=0040003c cycle=21825 insn=02c78063
#11007  pc=00400040 cycle=21828 insn=ffc7a683   x13(a3)=9577ad12
#11008  pc=00400044 cycle=21831 insn=0007a703   x14(a4)=a563eb19
#11009  pc=00400048 cycle=21834 insn=fed758e3
#11010  pc=00400038 cycle=21834 insn=00478793   x15(a5)=100000d8
#11011  pc=0040003c cycle=21834 insn=02c78063
#11012  pc=00400040 cycle=21837 insn=ffc7a683   x13(a3)=a563eb19
#11013  pc=00400044 cycle=21840 insn=0007a703   x14(a4)=b5d4a6b5
#11014  pc=00400048 cycle=21843 insn=fed758e3
#11015  pc=00400038 cycle=21843 insn=00478793   x15(a5)=100000dc
#11016  pc=0040003c cycle=21843 insn=02c78063
#11017  pc=00400040 cycle=21846 insn=ffc7a683   x13(a3)=b5d4a6b5
#11018  pc=00400044 cycle=21849 insn=0007a703
#11019  pc=00400048 cycle=21852 insn=fed758e3
#11020  pc=00400038 cycle=21852 insn=00478793   x15(a5)=100000e0
#11021  pc=0040003c cycle=21852 insn=02c78063
#11022  pc=0040005c cycle=21856 insn=ffc60613   x12(a2)=100000dc
#11023  pc=00400060 cycle=21858 insn=fc0812e3
#11024  pc=00400024 cycle=21860 insn=fff58593   x11(a1)=00000036
#11025  pc=00400028 cycle=21863 insn=02b05e63
#11026  pc=0040002c cycle=21863 insn=00450793   x15(a5)=10000004
#11027  pc=00400030 cycle=21863 insn=00030813   x16(a6)=00000000
#11028  pc=00400034 cycle=21864 insn=00c0006f
#11029  pc=00400040 cycle=21869 insn=ffc7a683   x13(a3)=859babf3
#11030  pc=00400044 cycle=21870 insn=0007a703   x14(a4)=859babf3
#11031  pc=00400048 cycle=21873 insn=fed758e3
#11032  pc=00400038 cycle=21873 insn=00478793   x15(a5)=10000008
#11033  pc=0040003c cycle=21874 insn=02c78063
#11034  pc=00400040 cycle=21876 insn=ffc7a683
#11035  pc=00400044 cycle=21879 insn=0007a703
#11036  pc=00400048 cycle=21882 insn=fed758e3
#11037  pc=00400038 cycle=21882 insn=00478793   x15(a5)=1000000c
#11038  pc=0040003c cycle=21882 insn=02c78063
#11039  pc=00400040 cycle=21885 insn=ffc7a683
#11040  pc=00400044 cycle=21888 insn=0007a703
#11041  pc=00400048 cycle=21891 insn=fed758e3
#11042  pc=00400038 cycle=21891 insn=00478793   x15(a5)=10000010
#11043  pc=0040003c cycle=21891 insn=02c78063
#11044  pc=00400040 cycle=21894 insn=ffc7a683
#11045  pc=00400044 cycle=21897 insn=0007a703
#11046  pc=00400048 cycle=21900 insn=fed758e3
#11047  pc=00400038 cycle=21900 insn=00478793   x15(a5)=10000014
#11048  pc=0040003c cycle=21900 insn=02c78063
#11049  pc=00400040 cycle=21903 insn=ffc7a683
#11050  pc=00400044 cycle=21906 insn=0007a703   x14(a4)=9002dc0d
#11051  pc=00400048 cycle=21909 insn=fed758e3
#11052  pc=00400038 cycle=21909 insn=00478793   x15(a5)=10000018
#11053  pc=0040003c cycle=21909 insn=02c78063
#11054  pc=00400040 cycle=21912 insn=ffc7a683   x13(a3)=9002dc0d
#11055  pc=00400044 cycle=21915 insn=0007a703
#11056  pc=00400048 cycle=21918 insn=fed758e3
#11057  pc=00400038 cycle=21918 insn=00478793   x15(a5)=1000001c
#11058  pc=0040003c cycle=21918 insn=02c78063
#11059  pc=00400040 cycle=21921 insn=ffc7a683
#11060  pc=00400044 cycle=21924 insn=0007a703
#11061  pc=00400048 cycle=21927 insn=fed758e3
#11062  pc=00400038 cycle=21927 insn=00478793   x15(a5)=10000020
#11063  pc=0040003c cycle=21927 insn=02c78063
#11064  pc=00400040 cycle=21930 insn=ffc7a683
#11065  pc=00400044 cycle=21933 insn=0007a703
#11066  pc=00400048 cycle=21936 insn=fed758e3
#11067  pc=00400038 cycle=21936 insn=00478793   x15(a5)=10000024
#11068  pc=0040003c cycle=21936 insn=02c78063
#11069  pc=00400040 cycle=21939 insn=ffc7a683
#11070  pc=00400044 cycle=21942 insn=0007a703
#11071  pc=00400048 cycle=21945 insn=fed758e3
#11072  pc=00400038 cycle=21945 insn=00478793   x15(a5)=10000028
#11073  pc=0040003c cycle=21945 insn=02c78063
#11074  pc=00400040 cycle=21948 insn=ffc7a683
#11075  pc=00400044 cycle=21951 insn=0007a703
#11076  pc=00400048 cycle=21954 insn=fed758e3
#11077  pc=00400038 cycle=21954 insn=00478793   x15(a5)=1000002c
#11078  pc=0040003c cycle=21954 insn=02c78063
#11079  pc=00400040 cycle=21957 insn=ffc7a683
#11080  pc=00400044 cycle=21960 insn=0007a703   x14(a4)=af5305e5
#11081  pc=00400048 cycle=21963 insn=fed758e3
#11082  pc=00400038 cycle=21963 insn=00478793   x15(a5)=10000030
#11083  pc=0040003c cycle=21963 insn=02c78063
#11084  pc=00400040 cycle=21966 insn=ffc7a683   x13(a3)=af5305e5
#11085  pc=00400044 cycle=21969 insn=0007a703   x14(a4)=82f2d29c
#11086  pc=00400048 cycle=21972 insn=fed758e3
#11087  pc=0040004c cycle=21978 insn=00d7a023
#11088  pc=00400050 cycle=21981 insn=fee7ae23
#11089  pc=00400054 cycle=21981 insn=00088813   x16(a6)=00000001
#11090  pc=00400058 cycle=21981 insn=fe1ff06f
#11091  pc=00400038 cycle=21982 insn=00478793   x15(a5)=10000034
#11092  pc=0040003c cycle=21985 insn=02c78063
#11093  pc=00400040 cycle=21988 insn=ffc7a683
#11094  pc=00400044 cycle=21989 insn=0007a703
#11095  pc=00400048 cycle=21992 insn=fed758e3
#11096  pc=0040004c cycle=21993 insn=00d7a023
#11097  pc=00400050 cycle=21996 insn=fee7ae23
#11098  pc=00400054 cycle=21996 insn=00088813
#11099  pc=00400058 cycle=21996 insn=fe1ff06f
#11100  pc=00400038 cycle=21996 insn=00478793   x15(a5)=10000038
#11101  pc=0040003c cycle=22000 insn=02c78063
#11102  pc=00400040 cycle=22003 insn=ffc7a683   x13(a3)=82f2d29c
#11103  pc=00400044 cycle=22004 insn=0007a703
#11104  pc=00400048 cycle=22007 insn=fed758e3
#11105  pc=00400038 cycle=22013 insn=00478793   x15(a5)=1000003c
#11106  pc=0040003c cycle=22016 insn=02c78063
#11107  pc=00400040 cycle=22018 insn=ffc7a683
#11108  pc=00400044 cycle=22019 insn=0007a703
#11109  pc=00400048 cycle=22022 insn=fed758e3
#11110  pc=00400038 cycle=22022 insn=00478793   x15(a5)=10000040
#11111  pc=0040003c cycle=22023 insn=02c78063
#11112  pc=00400040 cycle=22025 insn=ffc7a683
#11113  pc=00400044 cycle=22028 insn=0007a703
#11114  pc=00400048 cycle=22031 insn=fed758e3
#11115  pc=00400038 cycle=22031 insn=00478793   x15(a5)=10000044
#11116  pc=0040003c cycle=22031 insn=02c78063
#11117  pc=00400040 cycle=22034 insn=ffc7a683
#11118  pc=00400044 cycle=22037 insn=0007a703
#11119  pc=00400048 cycle=22040 insn=fed758e3
#11120  pc=00400038 cycle=22040 insn=00478793   x15(a5)=10000048
#11121  pc=0040003c cycle=22040 insn=02c78063
#11122  pc=00400040 cycle=22043 insn=ffc7a683
#11123  pc=00400044 cycle=22046 insn=0007a703
#11124  pc=00400048 cycle=22049 insn=fed758e3
#11125  pc=00400038 cycle=22049 insn=00478793   x15(a5)=1000004c
#11126  pc=0040003c cycle=22049 insn=02c78063
#11127  pc=00400040 cycle=22052 insn=ffc7a683
#11128  pc=00400044 cycle=22055 insn=0007a703
#11129  pc=00400048 cycle=22058 insn=fed758e3
#11130  pc=00400038 cycle=22058 insn=00478793   x15(a5)=10000050
#11131  pc=0040003c cycle=22058 insn=02c78063
#11132  pc=00400040 cycle=22061 insn=ffc7a683
#11133  pc=00400044 cycle=22064 insn=0007a703
#11134  pc=00400048 cycle=22067 insn=fed758e3
#11135  pc=00400038 cycle=22067 insn=00478793   x15(a5)=10000054
#11136  pc=0040003c cycle=22067 insn=02c78063
#11137  pc=00400040 cycle=22070 insn=ffc7a683
#11138  pc=00400044 cycle=22073 insn=0007a703
#11139  pc=00400048 cycle=22076 insn=fed758e3
#11140  pc=00400038 cycle=22076 insn=00478793   x15(a5)=10000058
#11141  pc=0040003c cycle=22076 insn=02c78063
#11142  pc=00400040 cycle=22079 insn=ffc7a683
#11143  pc=00400044 cycle=22082 insn=0007a703
#11144  pc=00400048 cycle=22085 insn=fed758e3
#11145  pc=00400038 cycle=22085 insn=00478793   x15(a5)=1000005c
#11146  pc=0040003c cycle=22085 insn=02c78063
#11147  pc=00400040 cycle=22088 insn=ffc7a683
#11148  pc=00400044 cycle=22091 insn=0007a703
#11149  pc=00400048 cycle=22094 insn=fed758e3
#11150  pc=00400038 cycle=22094 insn=00478793   x15(a5)=10000060
#11151  pc=0040003c cycle=22094 insn=02c78063
#11152  pc=00400040 cycle=22097 insn=ffc7a683
#11153  pc=00400044 cycle=22100 insn=0007a703
#11154  pc=00400048 cycle=22103 insn=fed758e3
#11155  pc=00400038 cycle=22103 insn=00478793   x15(a5)=10000064
#11156  pc=0040003c cycle=22103 insn=02c78063
#11157  pc=00400040 cycle=22106 insn=ffc7a683
#11158  pc=00400044 cycle=22109 insn=0007a703
#11159  pc=00400048 cycle=22112 insn=fed758e3
#11160  pc=00400038 cycle=22112 insn=00478793   x15(a5)=10000068
#11161  pc=0040003c cycle=22112 insn=02c78063
#11162  pc=00400040 cycle=22115 insn=ffc7a683
#11163  pc=00400044 cycle=22118 insn=0007a703
#11164  pc=00400048 cycle=22121 insn=fed758e3
#11165  pc=00400038 cycle=22121 insn=00478793   x15(a5)=1000006c
#11166  pc=0040003c cycle=22121 insn=02c78063
#11167  pc=00400040 cycle=22124 insn=ffc7a683
#11168  pc=00400044 cycle=22127 insn=0007a703
#11169  pc=00400048 cycle=22130 insn=fed758e3
#11170  pc=00400038 cycle=22130 insn=00478793   x15(a5)=10000070
#11171  pc=0040003c cycle=22130 insn=02c78063
#11172  pc=00400040 cycle=22133 insn=ffc7a683
#11173  pc=00400044 cycle=22136 insn=0007a703
#11174  pc=00400048 cycle=22139 insn=fed758e3
#11175  pc=00400038 cycle=22139 insn=00478793   x15(a5)=10000074
#11176  pc=0040003c cycle=22139 insn=02c78063
#11177  pc=00400040 cycle=22142 insn=ffc7a683
#11178  pc=00400044 cycle=22145 insn=0007a703
#11179  pc=00400048 cycle=22148 insn=fed758e3
#11180  pc=00400038 cycle=22148 insn=00478793   x15(a5)=10000078
#11181  pc=0040003c cycle=22148 insn=02c78063
#11182  pc=00400040 cycle=22151 insn=ffc7a683
#11183  pc=00400044 cycle=22154 insn=0007a703
#11184  pc=00400048 cycle=22157 insn=fed758e3
#11185  pc=00400038 cycle=22157 insn=00478793   x15(a5)=1000007c
#11186  pc=0040003c cycle=22157 insn=02c78063
#11187  pc=00400040 cycle=22160 insn=ffc7a683
#11188  pc=00400044 cycle=22163 insn=0007a703
#11189  pc=00400048 cycle=22166 insn=fed758e3
#11190  pc=00400038 cycle=22166 insn=00478793   x15(a5)=10000080
#11191  pc=0040003c cycle=22166 insn=02c78063
#11192  pc=00400040 cycle=22169 insn=ffc7a683
#11193  pc=00400044 cycle=22172 insn=0007a703
#11194  pc=00400048 cycle=22175 insn=fed758e3
#11195  pc=00400038 cycle=22175 insn=00478793   x15(a5)=10000084
#11196  pc=0040003c cycle=22175 insn=02c78063
#11197  pc=00400040 cycle=22178 insn=ffc7a683
#11198  pc=00400044 cycle=22181 insn=0007a703
#11199  pc=00400048 cycle=22184 insn=fed758e3
#11200  pc=00400038 cycle=22184 insn=00478793   x15(a5)=10000088
#11201  pc=0040003c cycle=22184 insn=02c78063
#11202  pc=00400040 cycle=22187 insn=ffc7a683
#11203  pc=00400044 cycle=22190 insn=0007a703
#11204  pc=00400048 cycle=22193 insn=fed758e3
#11205  pc=00400038 cycle=22193 insn=00478793   x15(a5)=1000008c
#11206  pc=0040003c cycle=22193 insn=02c78063
#11207  pc=00400040 cycle=22196 insn=ffc7a683
#11208  pc=00400044 cycle=22199 insn=0007a703   x14(a4)=84c36ccd
#11209  pc=00400048 cycle=22202 insn=fed758e3
#11210  pc=00400038 cycle=22202 insn=00478793   x15(a5)=10000090
#11211  pc=0040003c cycle=22202 insn=02c78063
#11212  pc=00400040 cycle=22205 insn=ffc7a683   x13(a3)=84c36ccd
#11213  pc=00400044 cycle=22208 insn=0007a703   x14(a4)=80f68da3
#11214  pc=00400048 cycle=22211 insn=fed758e3
#11215  pc=0040004c cycle=22217 insn=00d7a023
#11216  pc=00400050 cycle=22220 insn=fee7ae23
#11217  pc=00400054 cycle=22220 insn=00088813
#11218  pc=00400058 cycle=22220 insn=fe1ff06f
#11219  pc=00400038 cycle=22221 insn=00478793   x15(a5)=10000094
#11220  pc=0040003c cycle=22224 insn=02c78063
#11221  pc=00400040 cycle=22227 insn=ffc7a683
#11222  pc=00400044 cycle=22228 insn=0007a703   x14(a4)=84c36ccd
#11223  pc=00400048 cycle=22231 insn=fed758e3
#11224  pc=00400038 cycle=22237 insn=00478793   x15(a5)=10000098
#11225  pc=0040003c cycle=22240 insn=02c78063
#11226  pc=00400040 cycle=22242 insn=ffc7a683
#11227  pc=00400044 cycle=22243 insn=0007a703
#11228  pc=00400048 cycle=22246 insn=fed758e3
#11229  pc=00400038 cycle=22246 insn=00478793   x15(a5)=1000009c
#11230  pc=0040003c cycle=22247 insn=02c78063
#11231  pc=00400040 cycle=22249 insn=ffc7a683
#11232  pc=00400044 cycle=22252 insn=0007a703
#11233  pc=00400048 cycle=22255 insn=fed758e3
#11234  pc=00400038 cycle=22255 insn=00478793   x15(a5)=100000a0
#11235  pc=0040003c cycle=22255 insn=02c78063
#11236  pc=00400040 cycle=22258 insn=ffc7a683
#11237  pc=00400044 cycle=22261 insn=0007a703
#11238  pc=00400048 cycle=22264 insn=fed758e3
#11239  pc=00400038 cycle=22264 insn=00478793   x15(a5)=100000a4
#11240  pc=0040003c cycle=22264 insn=02c78063
#11241  pc=00400040 cycle=22267 insn=ffc7a683
#11242  pc=00400044 cycle=22270 insn=0007a703
#11243  pc=00400048 cycle=22273 insn=fed758e3
#11244  pc=00400038 cycle=22273 insn=00478793   x15(a5)=100000a8
#11245  pc=0040003c cycle=22273 insn=02c78063
#11246  pc=00400040 cycle=22276 insn=ffc7a683
#11247  pc=00400044 cycle=22279 insn=0007a703
#11248  pc=00400048 cycle=22282 insn=fed758e3
#11249  pc=00400038 cycle=22282 insn=00478793   x15(a5)=100000ac
#11250  pc=0040003c cycle=22282 insn=02c78063
#11251  pc=00400040 cycle=22285 insn=ffc7a683
#11252  pc=00400044 cycle=22288 insn=0007a703
#11253  pc=00400048 cycle=22291 insn=fed758e3
#11254  pc=00400038 cycle=22291 insn=00478793   x15(a5)=100000b0
#11255  pc=0040003c cycle=22291 insn=02c78063
#11256  pc=00400040 cycle=22294 insn=ffc7a683
#11257  pc=00400044 cycle=22297 insn=0007a703
#11258  pc=00400048 cycle=22300 insn=fed758e3
#11259  pc=00400038 cycle=22300 insn=00478793   x15(a5)=100000b4
#11260  pc=0040003c cycle=22300 insn=02c78063
#11261  pc=00400040 cycle=22303 insn=ffc7a683
#11262  pc=00400044 cycle=22306 insn=0007a703
#11263  pc=00400048 cycle=22309 insn=fed758e3
#11264  pc=00400038 cycle=22309 insn=00478793   x15(a5)=100000b8
#11265  pc=0040003c cycle=22309 insn=02c78063
#11266  pc=00400040 cycle=22312 insn=ffc7a683
#11267  pc=00400044 cycle=22315 insn=0007a703
#11268  pc=00400048 cycle=22318 insn=fed758e3
#11269  pc=00400038 cycle=22318 insn=00478793   x15(a5)=100000bc
#11270  pc=0040003c cycle=22318 insn=02c78063
#11271  pc=00400040 cycle=22321 insn=ffc7a683
#11272  pc=00400044 cycle=22324 insn=0007a703
#11273  pc=00400048 cycle=22327 insn=fed758e3
#11274  pc=00400038 cycle=22327 insn=00478793   x15(a5)=100000c0
#11275  pc=0040003c cycle=22327 insn=02c78063
#11276  pc=00400040 cycle=22330 insn=ffc7a683
#11277  pc=00400044 cycle=22333 insn=0007a703
#11278  pc=00400048 cycle=22336 insn=fed758e3
#11279  pc=00400038 cycle=22336 insn=00478793   x15(a5)=100000c4
#11280  pc=0040003c cycle=22336 insn=02c78063
#11281  pc=00400040 cycle=22339 insn=ffc7a683
#11282  pc=00400044 cycle=22342 insn=0007a703
#11283  pc=00400048 cycle=22345 insn=fed758e3
#11284  pc=00400038 cycle=22345 insn=00478793   x15(a5)=100000c8
#11285  pc=0040003c cycle=22345 insn=02c78063
#11286  pc=00400040 cycle=22348 insn=ffc7a683
#11287  pc=00400044 cycle=22351 insn=0007a703
#11288  pc=00400048 cycle=22354 insn=fed758e3
#11289  pc=00400038 cycle=22354 insn=00478793   x15(a5)=100000cc
#11290  pc=0040003c cycle=22354 insn=02c78063
#11291  pc=00400040 cycle=22357 insn=ffc7a683
#11292  pc=00400044 cycle=22360 insn=0007a703
#11293  pc=00400048 cycle=22363 insn=fed758e3
#11294  pc=00400038 cycle=22363 insn=00478793   x15(a5)=100000d0
#11295  pc=0040003c cycle=22363 insn=02c78063
#11296  pc=00400040 cycle=22366 insn=ffc7a683
#11297  pc=00400044 cycle=22369 insn=0007a703   x14(a4)=9577ad12
#11298  pc=00400048 cycle=22372 insn=fed758e3
#11299  pc=00400038 cycle=22372 insn=00478793   x15(a5)=100000d4
#11300  pc=0040003c cycle=22372 insn=02c78063
#11301  pc=00400040 cycle=22375 insn=ffc7a683   x13(a3)=9577ad12
#11302  pc=00400044 cycle=22378 insn=0007a703   x14(a4)=a563eb19
#11303  pc=00400048 cycle=22381 insn=fed758e3
#11304  pc=00400038 cycle=22381 insn=00478793   x15(a5)=100000d8
#11305  pc=0040003c cycle=22381 insn=02c78063
#11306  pc=00400040 cycle=22384 insn=ffc7a683   x13(a3)=a563eb19
#11307  pc=00400044 cycle=22387 insn=0007a703   x14(a4)=b5d4a6b5
#11308  pc=00400048 cycle=22390 insn=fed758e3
#11309  pc=00400038 cycle=22390 insn=00478793   x15(a5)=100000dc
#11310  pc=0040003c cycle=22390 insn=02c78063
#11311  pc=0040005c cycle=22394 insn=ffc60613   x12(a2)=100000d8
#11312  pc=00400060 cycle=22396 insn=fc0812e3
#11313  pc=00400024 cycle=22398 insn=fff58593   x11(a1)=00000035
#11314  pc=00400028 cycle=22401 insn=02b05e63
#11315  pc=0040002c cycle=22401 insn=00450793   x15(a5)=10000004
#11316  pc=00400030 cycle=22401 insn=00030813   x16(a6)=00000000
#11317  pc=00400034 cycle=22402 insn=00c0006f
#11318  pc=00400040 cycle=22407 insn=ffc7a683   x13(a3)=859babf3
#11319  pc=00400044 cycle=22408 insn=0007a703   x14(a4)=859babf3
#11320  pc=00400048 cycle=22411 insn=fed758e3
#11321  pc=00400038 cycle=22411 insn=00478793   x15(a5)=10000008
#11322  pc=0040003c cycle=22412 insn=02c78063
#11323  pc=00400040 cycle=22414 insn=ffc7a683
#11324  pc=00400044 cycle=22417 insn=0007a703
#11325  pc=00400048 cycle=22420 insn=fed758e3
#11326  pc=00400038 cycle=22420 insn=00478793   x15(a5)=1000000c
#11327  pc=0040003c cycle=22420 insn=02c78063
#11328  pc=00400040 cycle=22423 insn=ffc7a683
#11329  pc=00400044 cycle=22426 insn=0007a703
#11330  pc=00400048 cycle=22429 insn=fed758e3
#11331  pc=00400038 cycle=22429 insn=00478793   x15(a5)=10000010
#11332  pc=0040003c cycle=22429 insn=02c78063
#11333  pc=00400040 cycle=22432 insn=ffc7a683
#11334  pc=00400044 cycle=22435 insn=0007a703
#11335  pc=00400048 cycle=22438 insn=fed758e3
#11336  pc=00400038 cycle=22438 insn=00478793   x15(a5)=10000014
#11337  pc=0040003c cycle=22438 insn=02c78063
#11338  pc=00400040 cycle=22441 insn=ffc7a683
#11339  pc=00400044 cycle=22444 insn=0007a703   x14(a4)=9002dc0d
#11340  pc=00400048 cycle=22447 insn=fed758e3
#11341  pc=00400038 cycle=22447 insn=00478793   x15(a5)=10000018
#11342  pc=0040003c cycle=22447 insn=02c78063
#11343  pc=00400040 cycle=22450 insn=ffc7a683   x13(a3)=9002dc0d
#11344  pc=00400044 cycle=22453 insn=0007a703
#11345  pc=00400048 cycle=22456 insn=fed758e3
#11346  pc=00400038 cycle=22456 insn=00478793   x15(a5)=1000001c
#11347  pc=0040003c cycle=22456 insn=02c78063
#11348  pc=00400040 cycle=22459 insn=ffc7a683
#11349  pc=00400044 cycle=22462 insn=0007a703
#11350  pc=00400048 cycle=22465 insn=fed758e3
#11351  pc=00400038 cycle=22465 insn=00478793   x15(a5)=10000020
#11352  pc=0040003c cycle=22465 insn=02c78063
#11353  pc=00400040 cycle=22468 insn=ffc7a683
#11354  pc=00400044 cycle=22471 insn=0007a703
#11355  pc=00400048 cycle=22474 insn=fed758e3
#11356  pc=00400038 cycle=22474 insn=00478793   x15(a5)=10000024
#11357  pc=0040003c cycle=22474 insn=02c78063
#11358  pc=00400040 cycle=22477 insn=ffc7a683
#11359  pc=00400044 cycle=22480 insn=0007a703
#11360  pc=00400048 cycle=22483 insn=fed758e3
#11361  pc=00400038 cycle=22483 insn=00478793   x15(a5)=10000028
#11362  pc=0040003c cycle=22483 insn=02c78063
#11363  pc=00400040 cycle=22486 insn=ffc7a683
#11364  pc=00400044 cycle=22489 insn=0007a703
#11365  pc=00400048 cycle=22492 insn=fed758e3
#11366  pc=00400038 cycle=22492 insn=00478793   x15(a5)=1000002c
#11367  pc=0040003c cycle=22492 insn=02c78063
#11368  pc=00400040 cycle=22495 insn=ffc7a683
#11369  pc=00400044 cycle=22498 insn=0007a703   x14(a4)=82f2d29c
#11370  pc=00400048 cycle=22501 insn=fed758e3
#11371  pc=0040004c cycle=22507 insn=00d7a023
#11372  pc=00400050 cycle=22510 insn=fee7ae23
#11373  pc=00400054 cycle=22510 insn=00088813   x16(a6)=00000001
#11374  pc=00400058 cycle=22510 insn=fe1ff06f
#11375  pc=00400038 cycle=22511 insn=00478793   x15(a5)=10000030
#11376  pc=0040003c cycle=22514 insn=02c78063
#11377  pc=00400040 cycle=22517 insn=ffc7a683
#11378  pc=00400044 cycle=22518 insn=0007a703
#11379  pc=00400048 cycle=22521 insn=fed758e3
#11380  pc=0040004c cycle=22522 insn=00d7a023
#11381  pc=00400050 cycle=22525 insn=fee7ae23
#11382  pc=00400054 cycle=22525 insn=00088813
#11383  pc=00400058 cycle=22525 insn=fe1ff06f
#11384  pc=00400038 cycle=22525 insn=00478793   x15(a5)=10000034
#11385  pc=0040003c cycle=22529 insn=02c78063
#11386  pc=00400040 cycle=22532 insn=ffc7a683   x13(a3)=82f2d29c
#11387  pc=00400044 cycle=22533 insn=0007a703
#11388  pc=00400048 cycle=22536 insn=fed758e3
#11389  pc=00400038 cycle=22542 insn=00478793   x15(a5)=10000038
#11390  pc=0040003c cycle=22545 insn=02c78063
#11391  pc=00400040 cycle=22547 insn=ffc7a683
#11392  pc=00400044 cycle=22548 insn=0007a703
#11393  pc=00400048 cycle=22551 insn=fed758e3
#11394  pc=00400038 cycle=22551 insn=00478793   x15(a5)=1000003c
#11395  pc=0040003c cycle=22552 insn=02c78063
#11396  pc=00400040 cycle=22554 insn=ffc7a683
#11397  pc=00400044 cycle=22557 insn=0007a703
#11398  pc=00400048 cycle=22560 insn=fed758e3
#11399  pc=00400038 cycle=22560 insn=00478793   x15(a5)=10000040
#11400  pc=0040003c cycle=22560 insn=02c78063
#11401  pc=00400040 cycle=22563 insn=ffc7a683
#11402  pc=00400044 cycle=22566 insn=0007a703
#11403  pc=00400048 cycle=22569 insn=fed758e3
#11404  pc=00400038 cycle=22569 insn=00478793   x15(a5)=10000044
#11405  pc=0040003c cycle=22569 insn=02c78063
#11406  pc=00400040 cycle=22572 insn=ffc7a683
#11407  pc=00400044 cycle=22575 insn=0007a703
#11408  pc=00400048 cycle=22578 insn=fed758e3
#11409  pc=00400038 cycle=22578 insn=00478793   x15(a5)=10000048
#11410  pc=0040003c cycle=22578 insn=02c78063
#11411  pc=00400040 cycle=22581 insn=ffc7a683
#11412  pc=00400044 cycle=22584 insn=0007a703
#11413  pc=00400048 cycle=22587 insn=fed758e3
#11414  pc=00400038 cycle=22587 insn=00478793   x15(a5)=1000004c
#11415  pc=0040003c cycle=22587 insn=02c78063
#11416  pc=00400040 cycle=22590 insn=ffc7a683
#11417  pc=00400044 cycle=22593 insn=0007a703
#11418  pc=00400048 cycle=22596 insn=fed758e3
#11419  pc=00400038 cycle=22596 insn=00478793   x15(a5)=10000050
#11420  pc=0040003c cycle=22596 insn=02c78063
#11421  pc=00400040 cycle=22599 insn=ffc7a683
#11422  pc=00400044 cycle=22602 insn=0007a703
#11423  pc=00400048 cycle=22605 insn=fed758e3
#11424  pc=00400038 cycle=22605 insn=00478793   x15(a5)=10000054
#11425  pc=0040003c cycle=22605 insn=02c78063
#11426  pc=00400040 cycle=22608 insn=ffc7a683
#11427  pc=00400044 cycle=22611 insn=0007a703
#11428  pc=00400048 cycle=22614 insn=fed758e3
#11429  pc=00400038 cycle=22614 insn=00478793   x15(a5)=10000058
#11430  pc=0040003c cycle=22614 insn=02c78063
#11431  pc=00400040 cycle=22617 insn=ffc7a683
#11432  pc=00400044 cycle=22620 insn=0007a703
#11433  pc=00400048 cycle=22623 insn=fed758e3
#11434  pc=00400038 cycle=22623 insn=00478793   x15(a5)=1000005c
#11435  pc=0040003c cycle=22623 insn=02c78063
#11436  pc=00400040 cycle=22626 insn=ffc7a683
#11437  pc=00400044 cycle=22629 insn=0007a703
#11438  pc=00400048 cycle=22632 insn=fed758e3
#11439  pc=00400038 cycle=22632 insn=00478793   x15(a5)=10000060
#11440  pc=0040003c cycle=22632 insn=02c78063
#11441  pc=00400040 cycle=22635 insn=ffc7a683
#11442  pc=00400044 cycle=22638 insn=0007a703
#11443  pc=00400048 cycle=22641 insn=fed758e3
#11444  pc=00400038 cycle=22641 insn=00478793   x15(a5)=10000064
#11445  pc=0040003c cycle=22641 insn=02c78063
#11446  pc=00400040 cycle=22644 insn=ffc7a683
#11447  pc=00400044 cycle=22647 insn=0007a703
#11448  pc=00400048 cycle=22650 insn=fed758e3
#11449  pc=00400038 cycle=22650 insn=00478793   x15(a5)=10000068
#11450  pc=0040003c cycle=22650 insn=02c78063
#11451  pc=00400040 cycle=22653 insn=ffc7a683
#11452  pc=00400044 cycle=22656 insn=0007a703
#11453  pc=00400048 cycle=22659 insn=fed758e3
#11454  pc=00400038 cycle=22659 insn=00478793   x15(a5)=1000006c
#11455  pc=0040003c cycle=22659 insn=02c78063
#11456  pc=00400040 cycle=22662 insn=ffc7a683
#11457  pc=00400044 cycle=22665 insn=0007a703
#11458  pc=00400048 cycle=22668 insn=fed758e3
#11459  pc=00400038 cycle=22668 insn=00478793   x15(a5)=10000070
#11460  pc=0040003c cycle=22668 insn=02c78063
#11461  pc=00400040 cycle=22671 insn=ffc7a683
#11462  pc=00400044 cycle=22674 insn=0007a703
#11463  pc=00400048 cycle=22677 insn=fed758e3
#11464  pc=00400038 cycle=22677 insn=00478793   x15(a5)=10000074
#11465  pc=0040003c cycle=22677 insn=02c78063
#11466  pc=00400040 cycle=22680 insn=ffc7a683
#11467  pc=00400044 cycle=22683 insn=0007a703
#11468  pc=00400048 cycle=22686 insn=fed758e3
#11469  pc=00400038 cycle=22686 insn=00478793   x15(a5)=10000078
#11470  pc=0040003c cycle=22686 insn=02c78063
#11471  pc=00400040 cycle=22689 insn=ffc7a683
#11472  pc=00400044 cycle=22692 insn=0007a703
#11473  pc=00400048 cycle=22695 insn=fed758e3
#11474  pc=00400038 cycle=22695 insn=00478793   x15(a5)=1000007c
#11475  pc=0040003c cycle=22695 insn=02c78063
#11476  pc=00400040 cycle=22698 insn=ffc7a683
#11477  pc=00400044 cycle=22701 insn=0007a703
#11478  pc=00400048 cycle=22704 insn=fed758e3
#11479  pc=00400038 cycle=22704 insn=00478793   x15(a5)=10000080
#11480  pc=0040003c cycle=22704 insn=02c78063
#11481  pc=00400040 cycle=22707 insn=ffc7a683
#11482  pc=00400044 cycle=22710 insn=0007a703
#11483  pc=00400048 cycle=22713 insn=fed758e3
#11484  pc=00400038 cycle=22713 insn=00478793   x15(a5)=10000084
#11485  pc=0040003c cycle=22713 insn=02c78063
#11486  pc=00400040 cycle=22716 insn=ffc7a683
#11487  pc=00400044 cycle=22719 insn=0007a703
#11488  pc=00400048 cycle=22722 insn=fed758e3
#11489  pc=00400038 cycle=22722 insn=00478793   x15(a5)=10000088
#11490  pc=0040003c cycle=22722 insn=02c78063
#11491  pc=00400040 cycle=22725 insn=ffc7a683
#11492  pc=00400044 cycle=22728 insn=0007a703
#11493  pc=00400048 cycle=22731 insn=fed758e3
#11494  pc=00400038 cycle=22731 insn=00478793   x15(a5)=1000008c
#11495  pc=0040003c cycle=22731 insn=02c78063
#11496  pc=00400040 cycle=22734 insn=ffc7a683
#11497  pc=00400044 cycle=22737 insn=0007a703   x14(a4)=80f68da3
#11498  pc=00400048 cycle=22740 insn=fed758e3
#11499  pc=0040004c cycle=22746 insn=00d7a023
#11500  pc=00400050 cycle=22749 insn=fee7ae23
#11501  pc=00400054 cycle=22749 insn=00088813
#11502  pc=00400058 cycle=22749 insn=fe1ff06f
#11503  pc=00400038 cycle=22750 insn=00478793   x15(a5)=10000090
#11504  pc=0040003c cycle=22753 insn=02c78063
#11505  pc=00400040 cycle=22756 insn=ffc7a683
#11506  pc=00400044 cycle=22757 insn=0007a703   x14(a4)=84c36ccd
#11507  pc=00400048 cycle=22760 insn=fed758e3
#11508  pc=00400038 cycle=22766 insn=00478793   x15(a5)=10000094
#11509  pc=0040003c cycle=22769 insn=02c78063
#11510  pc=00400040 cycle=22771 insn=ffc7a683   x13(a3)=84c36ccd
#11511  pc=00400044 cycle=22772 insn=0007a703
#11512  pc=00400048 cycle=22775 insn=fed758e3
#11513  pc=00400038 cycle=22775 insn=00478793   x15(a5)=10000098
#11514  pc=0040003c cycle=22776 insn=02c78063
#11515  pc=00400040 cycle=22778 insn=ffc7a683
#11516  pc=00400044 cycle=22781 insn=0007a703
#11517  pc=00400048 cycle=22784 insn=fed758e3
#11518  pc=00400038 cycle=22784 insn=00478793   x15(a5)=1000009c
#11519  pc=0040003c cycle=22784 insn=02c78063
#11520  pc=00400040 cycle=22787 insn=ffc7a683
#11521  pc=00400044 cycle=22790 insn=0007a703
#11522  pc=00400048 cycle=22793 insn=fed758e3
#11523  pc=00400038 cycle=22793 insn=00478793   x15(a5)=100000a0
#11524  pc=0040003c cycle=22793 insn=02c78063
#11525  pc=00400040 cycle=22796 insn=ffc7a683
#11526  pc=00400044 cycle=22799 insn=0007a703
#11527  pc=00400048 cycle=22802 insn=fed758e3
#11528  pc=00400038 cycle=22802 insn=00478793   x15(a5)=100000a4
#11529  pc=0040003c cycle=22802 insn=02c78063
#11530  pc=00400040 cycle=22805 insn=ffc7a683
#11531  pc=00400044 cycle=22808 insn=0007a703
#11532  pc=00400048 cycle=22811 insn=fed758e3
#11533  pc=00400038 cycle=22811 insn=00478793   x15(a5)=100000a8
#11534  pc=0040003c cycle=22811 insn=02c78063
#11535  pc=00400040 cycle=22814 insn=ffc7a683
#11536  pc=00400044 cycle=22817 insn=0007a703
#11537  pc=00400048 cycle=22820 insn=fed758e3
#11538  pc=00400038 cycle=22820 insn=00478793   x15(a5)=100000ac
#11539  pc=0040003c cycle=22820 insn=02c78063
#11540  pc=00400040 cycle=22823 insn=ffc7a683
#11541  pc=00400044 cycle=22826 insn=0007a703
#11542  pc=00400048 cycle=22829 insn=fed758e3
#11543  pc=00400038 cycle=22829 insn=00478793   x15(a5)=100000b0
#11544  pc=0040003c cycle=22829 insn=02c78063
#11545  pc=00400040 cycle=22832 insn=ffc7a683
#11546  pc=00400044 cycle=22835 insn=0007a703
#11547  pc=00400048 cycle=22838 insn=fed758e3
#11548  pc=00400038 cycle=22838 insn=00478793   x15(a5)=100000b4
#11549  pc=0040003c cycle=22838 insn=02c78063
#11550  pc=00400040 cycle=22841 insn=ffc7a683
#11551  pc=00400044 cycle=22844 insn=0007a703
#11552  pc=00400048 cycle=22847 insn=fed758e3
#11553  pc=00400038 cycle=22847 insn=00478793   x15(a5)=100000b8
#11554  pc=0040003c cycle=22847 insn=02c78063
#11555  pc=00400040 cycle=22850 insn=ffc7a683
#11556  pc=00400044 cycle=22853 insn=0007a703
#11557  pc=00400048 cycle=22856 insn=fed758e3
#11558  pc=00400038 cycle=22856 insn=00478793   x15(a5)=100000bc
#11559  pc=0040003c cycle=22856 insn=02c78063
#11560  pc=00400040 cycle=22859 insn=ffc7a683
#11561  pc=00400044 cycle=22862 insn=0007a703
#11562  pc=00400048 cycle=22865 insn=fed758e3
#11563  pc=00400038 cycle=22865 insn=00478793   x15(a5)=100000c0
#11564  pc=0040003c cycle=22865 insn=02c78063
#11565  pc=00400040 cycle=22868 insn=ffc7a683
#11566  pc=00400044 cycle=22871 insn=0007a703
#11567  pc=00400048 cycle=22874 insn=fed758e3
#11568  pc=00400038 cycle=22874 insn=00478793   x15(a5)=100000c4
#11569  pc=0040003c cycle=22874 insn=02c78063
#11570  pc=00400040 cycle=22877 insn=ffc7a683
#11571  pc=00400044 cycle=22880 insn=0007a703
#11572  pc=00400048 cycle=22883 insn=fed758e3
#11573  pc=00400038 cycle=22883 insn=00478793   x15(a5)=100000c8
#11574  pc=0040003c cycle=22883 insn=02c78063
#11575  pc=00400040 cycle=22886 insn=ffc7a683
#11576  pc=00400044 cycle=22889 insn=0007a703
#11577  pc=00400048 cycle=22892 insn=fed758e3
#11578  pc=00400038 cycle=22892 insn=00478793   x15(a5)=100000cc
#11579  pc=0040003c cycle=22892 insn=02c78063
#11580  pc=00400040 cycle=22895 insn=ffc7a683
#11581  pc=00400044 cycle=22898 insn=0007a703
#11582  pc=00400048 cycle=22901 insn=fed758e3
#11583  pc=00400038 cycle=22901 insn=00478793   x15(a5)=100000d0
#11584  pc=0040003c cycle=22901 insn=02c78063
#11585  pc=00400040 cycle=22904 insn=ffc7a683
#11586  pc=00400044 cycle=22907 insn=0007a703   x14(a4)=9577ad12
#11587  pc=00400048 cycle=22910 insn=fed758e3
#11588  pc=00400038 cycle=22910 insn=00478793   x15(a5)=100000d4
#11589  pc=0040003c cycle=22910 insn=02c78063
#11590  pc=00400040 cycle=22913 insn=ffc7a683   x13(a3)=9577ad12
#11591  pc=00400044 cycle=22916 insn=0007a703   x14(a4)=a563eb19
#11592  pc=00400048 cycle=22919 insn=fed758e3
#11593  pc=00400038 cycle=22919 insn=00478793   x15(a5)=100000d8
#11594  pc=0040003c cycle=22919 insn=02c78063
#11595  pc=0040005c cycle=22923 insn=ffc60613   x12(a2)=100000d4
#11596  pc=00400060 cycle=22925 insn=fc0812e3
#11597  pc=00400024 cycle=22927 insn=fff58593   x11(a1)=00000034
#11598  pc=00400028 cycle=22930 insn=02b05e63
#11599  pc=0040002c cycle=22930 insn=00450793   x15(a5)=10000004
#11600  pc=00400030 cycle=22930 insn=00030813   x16(a6)=00000000
#11601  pc=00400034 cycle=22931 insn=00c0006f
#11602  pc=00400040 cycle=22936 insn=ffc7a683   x13(a3)=859babf3
#11603  pc=00400044 cycle=22937 insn=0007a703   x14(a4)=859babf3
#11604  pc=00400048 cycle=22940 insn=fed758e3
#11605  pc=00400038 cycle=22940 insn=00478793   x15(a5)=10000008
#11606  pc=0040003c cycle=22941 insn=02c78063
#11607  pc=00400040 cycle=22943 insn=ffc7a683
#11608  pc=00400044 cycle=22946 insn=0007a703
#11609  pc=00400048 cycle=22949 insn=fed758e3
#11610  pc=00400038 cycle=22949 insn=00478793   x15(a5)=1000000c
#11611  pc=0040003c cycle=22949 insn=02c78063
#11612  pc=00400040 cycle=22952 insn=ffc7a683
#11613  pc=00400044 cycle=22955 insn=0007a703
#11614  pc=00400048 cycle=22958 insn=fed758e3
#11615  pc=00400038 cycle=22958 insn=00478793   x15(a5)=10000010
#11616  pc=0040003c cycle=22958 insn=02c78063
#11617  pc=00400040 cycle=22961 insn=ffc7a683
#11618  pc=00400044 cycle=22964 insn=0007a703
#11619  pc=00400048 cycle=22967 insn=fed758e3
#11620  pc=00400038 cycle=22967 insn=00478793   x15(a5)=10000014
#11621  pc=0040003c cycle=22967 insn=02c78063
#11622  pc=00400040 cycle=22970 insn=ffc7a683
#11623  pc=00400044 cycle=22973 insn=0007a703   x14(a4)=9002dc0d
#11624  pc=00400048 cycle=22976 insn=fed758e3
#11625  pc=00400038 cycle=22976 insn=00478793   x15(a5)=10000018
#11626  pc=0040003c cycle=22976 insn=02c78063
#11627  pc=00400040 cycle=22979 insn=ffc7a683   x13(a3)=9002dc0d
#11628  pc=00400044 cycle=22982 insn=0007a703
#11629  pc=00400048 cycle=22985 insn=fed758e3
#11630  pc=00400038 cycle=22985 insn=00478793   x15(a5)=1000001c
#11631  pc=0040003c cycle=22985 insn=02c78063
#11632  pc=00400040 cycle=22988 insn=ffc7a683
#11633  pc=00400044 cycle=22991 insn=0007a703
#11634  pc=00400048 cycle=22994 insn=fed758e3
#11635  pc=00400038 cycle=22994 insn=00478793   x15(a5)=10000020
#11636  pc=0040003c cycle=22994 insn=02c78063
#11637  pc=00400040 cycle=22997 insn=ffc7a683
#11638  pc=00400044 cycle=23000 insn=0007a703
#11639  pc=00400048 cycle=23003 insn=fed758e3
#11640  pc=00400038 cycle=23003 insn=00478793   x15(a5)=10000024
#11641  pc=0040003c cycle=23003 insn=02c78063
#11642  pc=00400040 cycle=23006 insn=ffc7a683
#11643  pc=00400044 cycle=23009 insn=0007a703
#11644  pc=00400048 cycle=23012 insn=fed758e3
#11645  pc=00400038 cycle=23012 insn=00478793   x15(a5)=10000028
#11646  pc=0040003c cycle=23012 insn=02c78063
#11647  pc=00400040 cycle=23015 insn=ffc7a683
#11648  pc=00400044 cycle=23018 insn=0007a703   x14(a4)=82f2d29c
#11649  pc=00400048 cycle=23021 insn=fed758e3
#11650  pc=0040004c cycle=23027 insn=00d7a023
#11651  pc=00400050 cycle=23030 insn=fee7ae23
#11652  pc=00400054 cycle=23030 insn=00088813   x16(a6)=00000001
#11653  pc=00400058 cycle=23030 insn=fe1ff06f
#11654  pc=00400038 cycle=23031 insn=00478793   x15(a5)=1000002c
#11655  pc=0040003c cycle=23034 insn=02c78063
#11656  pc=00400040 cycle=23037 insn=ffc7a683
#11657  pc=00400044 cycle=23038 insn=0007a703
#11658  pc=00400048 cycle=23041 insn=fed758e3
#11659  pc=0040004c cycle=23042 insn=00d7a023
#11660  pc=00400050 cycle=23045 insn=fee7ae23
#11661  pc=00400054 cycle=23045 insn=00088813
#11662  pc=00400058 cycle=23045 insn=fe1ff06f
#11663  pc=00400038 cycle=23045 insn=00478793   x15(a5)=10000030
#11664  pc=0040003c cycle=23049 insn=02c78063
#11665  pc=00400040 cycle=23052 insn=ffc7a683   x13(a3)=82f2d29c
#11666  pc=00400044 cycle=23053 insn=0007a703
#11667  pc=00400048 cycle=23056 insn=fed758e3
#11668  pc=00400038 cycle=23062 insn=00478793   x15(a5)=10000034
#11669  pc=0040003c cycle=23065 insn=02c78063
#11670  pc=00400040 cycle=23067 insn=ffc7a683
#11671  pc=00400044 cycle=23068 insn=0007a703
#11672  pc=00400048 cycle=23071 insn=fed758e3
#11673  pc=00400038 cycle=23071 insn=00478793   x15(a5)=10000038
#11674  pc=0040003c cycle=23072 insn=02c78063
#11675  pc=00400040 cycle=23074 insn=ffc7a683
#11676  pc=00400044 cycle=23077 insn=0007a703
#11677  pc=00400048 cycle=23080 insn=fed758e3
#11678  pc=00400038 cycle=23080 insn=00478793   x15(a5)=1000003c
#11679  pc=0040003c cycle=23080 insn=02c78063
#11680  pc=00400040 cycle=23083 insn=ffc7a683
#11681  pc=00400044 cycle=23086 insn=0007a703
#11682  pc=00400048 cycle=23089 insn=fed758e3
#11683  pc=00400038 cycle=23089 insn=00478793   x15(a5)=10000040
#11684  pc=0040003c cycle=23089 insn=02c78063
#11685  pc=00400040 cycle=23092 insn=ffc7a683
#11686  pc=00400044 cycle=23095 insn=0007a703
#11687  pc=00400048 cycle=23098 insn=fed758e3
#11688  pc=00400038 cycle=23098 insn=00478793   x15(a5)=10000044
#11689  pc=0040003c cycle=23098 insn=02c78063
#11690  pc=00400040 cycle=23101 insn=ffc7a683
#11691  pc=00400044 cycle=23104 insn=0007a703
#11692  pc=00400048 cycle=23107 insn=fed758e3
#11693  pc=00400038 cycle=23107 insn=00478793   x15(a5)=10000048
#11694  pc=0040003c cycle=23107 insn=02c78063
#11695  pc=00400040 cycle=23110 insn=ffc7a683
#11696  pc=00400044 cycle=23113 insn=0007a703
#11697  pc=00400048 cycle=23116 insn=fed758e3
#11698  pc=00400038 cycle=23116 insn=00478793   x15(a5)=1000004c
#11699  pc=0040003c cycle=23116 insn=02c78063
#11700  pc=00400040 cycle=23119 insn=ffc7a683
#11701  pc=00400044 cycle=23122 insn=0007a703
#11702  pc=00400048 cycle=23125 insn=fed758e3
#11703  pc=00400038 cycle=23125 insn=00478793   x15(a5)=10000050
#11704  pc=0040003c cycle=23125 insn=02c78063
#11705  pc=00400040 cycle=23128 insn=ffc7a683
#11706  pc=00400044 cycle=23131 insn=0007a703
#11707  pc=00400048 cycle=23134 insn=fed758e3
#11708  pc=00400038 cycle=23134 insn=00478793   x15(a5)=10000054
#11709  pc=0040003c cycle=23134 insn=02c78063
#11710  pc=00400040 cycle=23137 insn=ffc7a683
#11711  pc=00400044 cycle=23140 insn=0007a703
#11712  pc=00400048 cycle=23143 insn=fed758e3
#11713  pc=00400038 cycle=23143 insn=00478793   x15(a5)=10000058
#11714  pc=0040003c cycle=23143 insn=02c78063
#11715  pc=00400040 cycle=23146 insn=ffc7a683
#11716  pc=00400044 cycle=23149 insn=0007a703
#11717  pc=00400048 cycle=23152 insn=fed758e3
#11718  pc=00400038 cycle=23152 insn=00478793   x15(a5)=1000005c
#11719  pc=0040003c cycle=23152 insn=02c78063
#11720  pc=00400040 cycle=23155 insn=ffc7a683
#11721  pc=00400044 cycle=23158 insn=0007a703
#11722  pc=00400048 cycle=23161 insn=fed758e3
#11723  pc=00400038 cycle=23161 insn=00478793   x15(a5)=10000060
#11724  pc=0040003c cycle=23161 insn=02c78063
#11725  pc=00400040 cycle=23164 insn=ffc7a683
#11726  pc=00400044 cycle=23167 insn=0007a703
#11727  pc=00400048 cycle=23170 insn=fed758e3
#11728  pc=00400038 cycle=23170 insn=00478793   x15(a5)=10000064
#11729  pc=0040003c cycle=23170 insn=02c78063
#11730  pc=00400040 cycle=23173 insn=ffc7a683
#11731  pc=00400044 cycle=23176 insn=0007a703
#11732  pc=00400048 cycle=23179 insn=fed758e3
#11733  pc=00400038 cycle=23179 insn=00478793   x15(a5)=10000068
#11734  pc=0040003c cycle=23179 insn=02c78063
#11735  pc=00400040 cycle=23182 insn=ffc7a683
#11736  pc=00400044 cycle=23185 insn=0007a703
#11737  pc=00400048 cycle=23188 insn=fed758e3
#11738  pc=00400038 cycle=23188 insn=00478793   x15(a5)=1000006c
#11739  pc=0040003c cycle=23188 insn=02c78063
#11740  pc=00400040 cycle=23191 insn=ffc7a683
#11741  pc=00400044 cycle=23194 insn=0007a703
#11742  pc=00400048 cycle=23197 insn=fed758e3
#11743  pc=00400038 cycle=23197 insn=00478793   x15(a5)=10000070
#11744  pc=0040003c cycle=23197 insn=02c78063
#11745  pc=00400040 cycle=23200 insn=ffc7a683
#11746  pc=00400044 cycle=23203 insn=0007a703
#11747  pc=00400048 cycle=23206 insn=fed758e3
#11748  pc=00400038 cycle=23206 insn=00478793   x15(a5)=10000074
#11749  pc=0040003c cycle=23206 insn=02c78063
#11750  pc=00400040 cycle=23209 insn=ffc7a683
#11751  pc=00400044 cycle=23212 insn=0007a703
#11752  pc=00400048 cycle=23215 insn=fed758e3
#11753  pc=00400038 cycle=23215 insn=00478793   x15(a5)=10000078
#11754  pc=0040003c cycle=23215 insn=02c78063
#11755  pc=00400040 cycle=23218 insn=ffc7a683
#11756  pc=00400044 cycle=23221 insn=0007a703
#11757  pc=00400048 cycle=23224 insn=fed758e3
#11758  pc=00400038 cycle=23224 insn=00478793   x15(a5)=1000007c
#11759  pc=0040003c cycle=23224 insn=02c78063
#11760  pc=00400040 cycle=23227 insn=ffc7a683
#11761  pc=00400044 cycle=23230 insn=0007a703
#11762  pc=00400048 cycle=23233 insn=fed758e3
#11763  pc=00400038 cycle=23233 insn=00478793   x15(a5)=10000080
#11764  pc=0040003c cycle=23233 insn=02c78063
#11765  pc=00400040 cycle=23236 insn=ffc7a683
#11766  pc=00400044 cycle=23239 insn=0007a703
#11767  pc=00400048 cycle=23242 insn=fed758e3
#11768  pc=00400038 cycle=23242 insn=00478793   x15(a5)=10000084
#11769  pc=0040003c cycle=23242 insn=02c78063
#11770  pc=00400040 cycle=23245 insn=ffc7a683
#11771  pc=00400044 cycle=23248 insn=0007a703
#11772  pc=00400048 cycle=23251 insn=fed758e3
#11773  pc=00400038 cycle=23251 insn=00478793   x15(a5)=10000088
#11774  pc=0040003c cycle=23251 insn=02c78063
#11775  pc=00400040 cycle=23254 insn=ffc7a683
#11776  pc=00400044 cycle=23257 insn=0007a703   x14(a4)=80f68da3
#11777  pc=00400048 cycle=23260 insn=fed758e3
#11778  pc=0040004c cycle=23266 insn=00d7a023
#11779  pc=00400050 cycle=23269 insn=fee7ae23
#11780  pc=00400054 cycle=23269 insn=00088813
#11781  pc=00400058 cycle=23269 insn=fe1ff06f
#11782  pc=00400038 cycle=23270 insn=00478793   x15(a5)=1000008c
#11783  pc=0040003c cycle=23273 insn=02c78063
#11784  pc=00400040 cycle=23276 insn=ffc7a683
#11785  pc=00400044 cycle=23277 insn=0007a703   x14(a4)=82f2d29c
#11786  pc=00400048 cycle=23280 insn=fed758e3
#11787  pc=00400038 cycle=23286 insn=00478793   x15(a5)=10000090
#11788  pc=0040003c cycle=23289 insn=02c78063
#11789  pc=00400040 cycle=23291 insn=ffc7a683
#11790  pc=00400044 cycle=23292 insn=0007a703   x14(a4)=84c36ccd
#11791  pc=00400048 cycle=23295 insn=fed758e3
#11792  pc=00400038 cycle=23295 insn=00478793   x15(a5)=10000094
#11793  pc=0040003c cycle=23296 insn=02c78063
#11794  pc=00400040 cycle=23298 insn=ffc7a683   x13(a3)=84c36ccd
#11795  pc=00400044 cycle=23301 insn=0007a703
#11796  pc=00400048 cycle=23304 insn=fed758e3
#11797  pc=00400038 cycle=23304 insn=00478793   x15(a5)=10000098
#11798  pc=0040003c cycle=23304 insn=02c78063
#11799  pc=00400040 cycle=23307 insn=ffc7a683
#11800  pc=00400044 cycle=23310 insn=0007a703
#11801  pc=00400048 cycle=23313 insn=fed758e3
#11802  pc=00400038 cycle=23313 insn=00478793   x15(a5)=1000009c
#11803  pc=0040003c cycle=23313 insn=02c78063
#11804  pc=00400040 cycle=23316 insn=ffc7a683
#11805  pc=00400044 cycle=23319 insn=0007a703
#11806  pc=00400048 cycle=23322 insn=fed758e3
#11807  pc=00400038 cycle=23322 insn=00478793   x15(a5)=100000a0
#11808  pc=0040003c cycle=23322 insn=02c78063
#11809  pc=00400040 cycle=23325 insn=ffc7a683
#11810  pc=00400044 cycle=23328 insn=0007a703
#11811  pc=00400048 cycle=23331 insn=fed758e3
#11812  pc=00400038 cycle=23331 insn=00478793   x15(a5)=100000a4
#11813  pc=0040003c cycle=23331 insn=02c78063
#11814  pc=00400040 cycle=23334 insn=ffc7a683
#11815  pc=00400044 cycle=23337 insn=0007a703
#11816  pc=00400048 cycle=23340 insn=fed758e3
#11817  pc=00400038 cycle=23340 insn=00478793   x15(a5)=100000a8
#11818  pc=0040003c cycle=23340 insn=02c78063
#11819  pc=00400040 cycle=23343 insn=ffc7a683
#11820  pc=00400044 cycle=23346 insn=0007a703
#11821  pc=00400048 cycle=23349 insn=fed758e3
#11822  pc=00400038 cycle=23349 insn=00478793   x15(a5)=100000ac
#11823  pc=0040003c cycle=23349 insn=02c78063
#11824  pc=00400040 cycle=23352 insn=ffc7a683
#11825  pc=00400044 cycle=23355 insn=0007a703
#11826  pc=00400048 cycle=23358 insn=fed758e3
#11827  pc=00400038 cycle=23358 insn=00478793   x15(a5)=100000b0
#11828  pc=0040003c cycle=23358 insn=02c78063
#11829  pc=00400040 cycle=23361 insn=ffc7a683
#11830  pc=00400044 cycle=23364 insn=0007a703
#11831  pc=00400048 cycle=23367 insn=fed758e3
#11832  pc=00400038 cycle=23367 insn=00478793   x15(a5)=100000b4
#11833  pc=0040003c cycle=23367 insn=02c78063
#11834  pc=00400040 cycle=23370 insn=ffc7a683
#11835  pc=00400044 cycle=23373 insn=0007a703
#11836  pc=00400048 cycle=23376 insn=fed758e3
#11837  pc=00400038 cycle=23376 insn=00478793   x15(a5)=100000b8
#11838  pc=0040003c cycle=23376 insn=02c78063
#11839  pc=00400040 cycle=23379 insn=ffc7a683
#11840  pc=00400044 cycle=23382 insn=0007a703
#11841  pc=00400048 cycle=23385 insn=fed758e3
#11842  pc=00400038 cycle=23385 insn=00478793   x15(a5)=100000bc
#11843  pc=0040003c cycle=23385 insn=02c78063
#11844  pc=00400040 cycle=23388 insn=ffc7a683
#11845  pc=00400044 cycle=23391 insn=0007a703
#11846  pc=00400048 cycle=23394 insn=fed758e3
#11847  pc=00400038 cycle=23394 insn=00478793   x15(a5)=100000c0
#11848  pc=0040003c cycle=23394 insn=02c78063
#11849  pc=00400040 cycle=23397 insn=ffc7a683
#11850  pc=00400044 cycle=23400 insn=0007a703
#11851  pc=00400048 cycle=23403 insn=fed758e3
#11852  pc=00400038 cycle=23403 insn=00478793   x15(a5)=100000c4
#11853  pc=0040003c cycle=23403 insn=02c78063
#11854  pc=00400040 cycle=23406 insn=ffc7a683
#11855  pc=00400044 cycle=23409 insn=0007a703
#11856  pc=00400048 cycle=23412 insn=fed758e3
#11857  pc=00400038 cycle=23412 insn=00478793   x15(a5)=100000c8
#11858  pc=0040003c cycle=23412 insn=02c78063
#11859  pc=00400040 cycle=23415 insn=ffc7a683
#11860  pc=00400044 cycle=23418 insn=0007a703
#11861  pc=00400048 cycle=23421 insn=fed758e3
#11862  pc=00400038 cycle=23421 insn=00478793   x15(a5)=100000cc
#11863  pc=0040003c cycle=23421 insn=02c78063
#11864  pc=00400040 cycle=23424 insn=ffc7a683
#11865  pc=00400044 cycle=23427 insn=0007a703
#11866  pc=00400048 cycle=23430 insn=fed758e3
#11867  pc=00400038 cycle=23430 insn=00478793   x15(a5)=100000d0
#11868  pc=0040003c cycle=23430 insn=02c78063
#11869  pc=00400040 cycle=23433 insn=ffc7a683
#11870  pc=00400044 cycle=23436 insn=0007a703   x14(a4)=9577ad12
#11871  pc=00400048 cycle=23439 insn=fed758e3
#11872  pc=00400038 cycle=23439 insn=00478793   x15(a5)=100000d4
#11873  pc=0040003c cycle=23439 insn=02c78063
#11874  pc=0040005c cycle=23443 insn=ffc60613   x12(a2)=100000d0
#11875  pc=00400060 cycle=23445 insn=fc0812e3
#11876  pc=00400024 cycle=23447 insn=fff58593   x11(a1)=00000033
#11877  pc=00400028 cycle=23450 insn=02b05e63
#11878  pc=0040002c cycle=23450 insn=00450793   x15(a5)=10000004
#11879  pc=00400030 cycle=23450 insn=00030813   x16(a6)=00000000
#11880  pc=00400034 cycle=23451 insn=00c0006f
#11881  pc=00400040 cycle=23456 insn=ffc7a683   x13(a3)=859babf3
#11882  pc=00400044 cycle=23457 insn=0007a703   x14(a4)=859babf3
#11883  pc=00400048 cycle=23460 insn=fed758e3
#11884  pc=00400038 cycle=23460 insn=00478793   x15(a5)=10000008
#11885  pc=0040003c cycle=23461 insn=02c78063
#11886  pc=00400040 cycle=23463 insn=ffc7a683
#11887  pc=00400044 cycle=23466 insn=0007a703
#11888  pc=00400048 cycle=23469 insn=fed758e3
#11889  pc=00400038 cycle=23469 insn=00478793   x15(a5)=1000000c
#11890  pc=0040003c cycle=23469 insn=02c78063
#11891  pc=00400040 cycle=23472 insn=ffc7a683
#11892  pc=00400044 cycle=23475 insn=0007a703
#11893  pc=00400048 cycle=23478 insn=fed758e3
#11894  pc=00400038 cycle=23478 insn=00478793   x15(a5)=10000010
#11895  pc=0040003c cycle=23478 insn=02c78063
#11896  pc=00400040 cycle=23481 insn=ffc7a683
#11897  pc=00400044 cycle=23484 insn=0007a703
#11898  pc=00400048 cycle=23487 insn=fed758e3
#11899  pc=00400038 cycle=23487 insn=00478793   x15(a5)=10000014
#11900  pc=0040003c cycle=23487 insn=02c78063
#11901  pc=00400040 cycle=23490 insn=ffc7a683
#11902  pc=00400044 cycle=23493 insn=0007a703   x14(a4)=9002dc0d
#11903  pc=00400048 cycle=23496 insn=fed758e3
#11904  pc=00400038 cycle=23496 insn=00478793   x15(a5)=10000018
#11905  pc=0040003c cycle=23496 insn=02c78063
#11906  pc=00400040 cycle=23499 insn=ffc7a683   x13(a3)=9002dc0d
#11907  pc=00400044 cycle=23502 insn=0007a703
#11908  pc=00400048 cycle=23505 insn=fed758e3
#11909  pc=00400038 cycle=23505 insn=00478793   x15(a5)=1000001c
#11910  pc=0040003c cycle=23505 insn=02c78063
#11911  pc=00400040 cycle=23508 insn=ffc7a683
#11912  pc=00400044 cycle=23511 insn=0007a703
#11913  pc=00400048 cycle=23514 insn=fed758e3
#11914  pc=00400038 cycle=23514 insn=00478793   x15(a5)=10000020
#11915  pc=0040003c cycle=23514 insn=02c78063
#11916  pc=00400040 cycle=23517 insn=ffc7a683
#11917  pc=00400044 cycle=23520 insn=0007a703
#11918  pc=00400048 cycle=23523 insn=fed758e3
#11919  pc=00400038 cycle=23523 insn=00478793   x15(a5)=10000024
#11920  pc=0040003c cycle=23523 insn=02c78063
#11921  pc=00400040 cycle=23526 insn=ffc7a683
#11922  pc=00400044 cycle=23529 insn=0007a703   x14(a4)=82f2d29c
#11923  pc=00400048 cycle=23532 insn=fed758e3
#11924  pc=0040004c cycle=23538 insn=00d7a023
#11925  pc=00400050 cycle=23541 insn=fee7ae23
#11926  pc=00400054 cycle=23541 insn=00088813   x16(a6)=00000001
#11927  pc=00400058 cycle=23541 insn=fe1ff06f
#11928  pc=00400038 cycle=23542 insn=00478793   x15(a5)=10000028
#11929  pc=0040003c cycle=23545 insn=02c78063
#11930  pc=00400040 cycle=23548 insn=ffc7a683
#11931  pc=00400044 cycle=23549 insn=0007a703
#11932  pc=00400048 cycle=23552 insn=fed758e3
#11933  pc=0040004c cycle=23553 insn=00d7a023
#11934  pc=00400050 cycle=23556 insn=fee7ae23
#11935  pc=00400054 cycle=23556 insn=00088813
#11936  pc=00400058 cycle=23556 insn=fe1ff06f
#11937  pc=00400038 cycle=23556 insn=00478793   x15(a5)=1000002c
#11938  pc=0040003c cycle=23560 insn=02c78063
#11939  pc=00400040 cycle=23563 insn=ffc7a683   x13(a3)=82f2d29c
#11940  pc=00400044 cycle=23564 insn=0007a703
#11941  pc=00400048 cycle=23567 insn=fed758e3
#11942  pc=00400038 cycle=23573 insn=00478793   x15(a5)=10000030
#11943  pc=0040003c cycle=23576 insn=02c78063
#11944  pc=00400040 cycle=23578 insn=ffc7a683
#11945  pc=00400044 cycle=23579 insn=0007a703
#11946  pc=00400048 cycle=23582 insn=fed758e3
#11947  pc=00400038 cycle=23582 insn=00478793   x15(a5)=10000034
#11948  pc=0040003c cycle=23583 insn=02c78063
#11949  pc=00400040 cycle=23585 insn=ffc7a683
#11950  pc=00400044 cycle=23588 insn=0007a703
#11951  pc=00400048 cycle=23591 insn=fed758e3
#11952  pc=00400038 cycle=23591 insn=00478793   x15(a5)=10000038
#11953  pc=0040003c cycle=23591 insn=02c78063
#11954  pc=00400040 cycle=23594 insn=ffc7a683
#11955  pc=00400044 cycle=23597 insn=0007a703
#11956  pc=00400048 cycle=23600 insn=fed758e3
#11957  pc=00400038 cycle=23600 insn=00478793   x15(a5)=1000003c
#11958  pc=0040003c cycle=23600 insn=02c78063
#11959  pc=00400040 cycle=23603 insn=ffc7a683
#11960  pc=00400044 cycle=23606 insn=0007a703
#11961  pc=00400048 cycle=23609 insn=fed758e3
#11962  pc=00400038 cycle=23609 insn=00478793   x15(a5)=10000040
#11963  pc=0040003c cycle=23609 insn=02c78063
#11964  pc=00400040 cycle=23612 insn=ffc7a683
#11965  pc=00400044 cycle=23615 insn=0007a703
#11966  pc=00400048 cycle=23618 insn=fed758e3
#11967  pc=00400038 cycle=23618 insn=00478793   x15(a5)=10000044
#11968  pc=0040003c cycle=23618 insn=02c78063
#11969  pc=00400040 cycle=23621 insn=ffc7a683
#11970  pc=00400044 cycle=23624 insn=0007a703
#11971  pc=00400048 cycle=23627 insn=fed758e3
#11972  pc=00400038 cycle=23627 insn=00478793   x15(a5)=10000048
#11973  pc=0040003c cycle=23627 insn=02c78063
#11974  pc=00400040 cycle=23630 insn=ffc7a683
#11975  pc=00400044 cycle=23633 insn=0007a703
#11976  pc=00400048 cycle=23636 insn=fed758e3
#11977  pc=00400038 cycle=23636 insn=00478793   x15(a5)=1000004c
#11978  pc=0040003c cycle=23636 insn=02c78063
#11979  pc=00400040 cycle=23639 insn=ffc7a683
#11980  pc=00400044 cycle=23642 insn=0007a703
#11981  pc=00400048 cycle=23645 insn=fed758e3
#11982  pc=00400038 cycle=23645 insn=00478793   x15(a5)=10000050
#11983  pc=0040003c cycle=23645 insn=02c78063
#11984  pc=00400040 cycle=23648 insn=ffc7a683
#11985  pc=00400044 cycle=23651 insn=0007a703
#11986  pc=00400048 cycle=23654 insn=fed758e3
#11987  pc=00400038 cycle=23654 insn=00478793   x15(a5)=10000054
#11988  pc=0040003c cycle=23654 insn=02c78063
#11989  pc=00400040 cycle=23657 insn=ffc7a683
#11990  pc=00400044 cycle=23660 insn=0007a703
#11991  pc=00400048 cycle=23663 insn=fed758e3
#11992  pc=00400038 cycle=23663 insn=00478793   x15(a5)=10000058
#11993  pc=0040003c cycle=23663 insn=02c78063
#11994  pc=00400040 cycle=23666 insn=ffc7a683
#11995  pc=00400044 cycle=23669 insn=0007a703
#11996  pc=00400048 cycle=23672 insn=fed758e3
#11997  pc=00400038 cycle=23672 insn=00478793   x15(a5)=1000005c
#11998  pc=0040003c cycle=23672 insn=02c78063
#11999  pc=00400040 cycle=23675 insn=ffc7a683
#12000  pc=00400044 cycle=23678 insn=0007a703
#12001  pc=00400048 cycle=23681 insn=fed758e3
#12002  pc=00400038 cycle=23681 insn=00478793   x15(a5)=10000060
#12003  pc=0040003c cycle=23681 insn=02c78063
#12004  pc=00400040 cycle=23684 insn=ffc7a683
#12005  pc=00400044 cycle=23687 insn=0007a703
#12006  pc=00400048 cycle=23690 insn=fed758e3
#12007  pc=00400038 cycle=23690 insn=00478793   x15(a5)=10000064
#12008  pc=0040003c cycle=23690 insn=02c78063
#12009  pc=00400040 cycle=23693 insn=ffc7a683
#12010  pc=00400044 cycle=23696 insn=0007a703
#12011  pc=00400048 cycle=23699 insn=fed758e3
#12012  pc=00400038 cycle=23699 insn=00478793   x15(a5)=10000068
#12013  pc=0040003c cycle=23699 insn=02c78063
#12014  pc=00400040 cycle=23702 insn=ffc7a683
#12015  pc=00400044 cycle=23705 insn=0007a703
#12016  pc=00400048 cycle=23708 insn=fed758e3
#12017  pc=00400038 cycle=23708 insn=00478793   x15(a5)=1000006c
#12018  pc=0040003c cycle=23708 insn=02c78063
#12019  pc=00400040 cycle=23711 insn=ffc7a683
#12020  pc=00400044 cycle=23714 insn=0007a703
#12021  pc=00400048 cycle=23717 insn=fed758e3
#12022  pc=00400038 cycle=23717 insn=00478793   x15(a5)=10000070
#12023  pc=0040003c cycle=23717 insn=02c78063
#12024  pc=00400040 cycle=23720 insn=ffc7a683
#12025  pc=00400044 cycle=23723 insn=0007a703
#12026  pc=00400048 cycle=23726 insn=fed758e3
#12027  pc=00400038 cycle=23726 insn=00478793   x15(a5)=10000074
#12028  pc=0040003c cycle=23726 insn=02c78063
#12029  pc=00400040 cycle=23729 insn=ffc7a683
#12030  pc=00400044 cycle=23732 insn=0007a703
#12031  pc=00400048 cycle=23735 insn=fed758e3
#12032  pc=00400038 cycle=23735 insn=00478793   x15(a5)=10000078
#12033  pc=0040003c cycle=23735 insn=02c78063
#12034  pc=00400040 cycle=23738 insn=ffc7a683
#12035  pc=00400044 cycle=23741 insn=0007a703
#12036  pc=00400048 cycle=23744 insn=fed758e3
#12037  pc=00400038 cycle=23744 insn=00478793   x15(a5)=1000007c
#12038  pc=0040003c cycle=23744 insn=02c78063
#12039  pc=00400040 cycle=23747 insn=ffc7a683
#12040  pc=00400044 cycle=23750 insn=0007a703
#12041  pc=00400048 cycle=23753 insn=fed758e3
#12042  pc=00400038 cycle=23753 insn=00478793   x15(a5)=10000080
#12043  pc=0040003c cycle=23753 insn=02c78063
#12044  pc=00400040 cycle=23756 insn=ffc7a683
#12045  pc=00400044 cycle=23759 insn=0007a703
#12046  pc=00400048 cycle=23762 insn=fed758e3
#12047  pc=00400038 cycle=23762 insn=00478793   x15(a5)=10000084
#12048  pc=0040003c cycle=23762 insn=02c78063
#12049  pc=00400040 cycle=23765 insn=ffc7a683
#12050  pc=00400044 cycle=23768 insn=0007a703   x14(a4)=80f68da3
#12051  pc=00400048 cycle=23771 insn=fed758e3
#12052  pc=0040004c cycle=23777 insn=00d7a023
#12053  pc=00400050 cycle=23780 insn=fee7ae23
#12054  pc=00400054 cycle=23780 insn=00088813
#12055  pc=00400058 cycle=23780 insn=fe1ff06f
#12056  pc=00400038 cycle=23781 insn=00478793   x15(a5)=10000088
#12057  pc=0040003c cycle=23784 insn=02c78063
#12058  pc=00400040 cycle=23787 insn=ffc7a683
#12059  pc=00400044 cycle=23788 insn=0007a703   x14(a4)=82f2d29c
#12060  pc=00400048 cycle=23791 insn=fed758e3
#12061  pc=00400038 cycle=23797 insn=00478793   x15(a5)=1000008c
#12062  pc=0040003c cycle=23800 insn=02c78063
#12063  pc=00400040 cycle=23802 insn=ffc7a683
#12064  pc=00400044 cycle=23803 insn=0007a703
#12065  pc=00400048 cycle=23806 insn=fed758e3
#12066  pc=00400038 cycle=23806 insn=00478793   x15(a5)=10000090
#12067  pc=0040003c cycle=23807 insn=02c78063
#12068  pc=00400040 cycle=23809 insn=ffc7a683
#12069  pc=00400044 cycle=23812 insn=0007a703   x14(a4)=84c36ccd
#12070  pc=00400048 cycle=23815 insn=fed758e3
#12071  pc=00400038 cycle=23815 insn=00478793   x15(a5)=10000094
#12072  pc=0040003c cycle=23815 insn=02c78063
#12073  pc=00400040 cycle=23818 insn=ffc7a683   x13(a3)=84c36ccd
#12074  pc=00400044 cycle=23821 insn=0007a703
#12075  pc=00400048 cycle=23824 insn=fed758e3
#12076  pc=00400038 cycle=23824 insn=00478793   x15(a5)=10000098
#12077  pc=0040003c cycle=23824 insn=02c78063
#12078  pc=00400040 cycle=23827 insn=ffc7a683
#12079  pc=00400044 cycle=23830 insn=0007a703
#12080  pc=00400048 cycle=23833 insn=fed758e3
#12081  pc=00400038 cycle=23833 insn=00478793   x15(a5)=1000009c
#12082  pc=0040003c cycle=23833 insn=02c78063
#12083  pc=00400040 cycle=23836 insn=ffc7a683
#12084  pc=00400044 cycle=23839 insn=0007a703
#12085  pc=00400048 cycle=23842 insn=fed758e3
#12086  pc=00400038 cycle=23842 insn=00478793   x15(a5)=100000a0
#12087  pc=0040003c cycle=23842 insn=02c78063
#12088  pc=00400040 cycle=23845 insn=ffc7a683
#12089  pc=00400044 cycle=23848 insn=0007a703
#12090  pc=00400048 cycle=23851 insn=fed758e3
#12091  pc=00400038 cycle=23851 insn=00478793   x15(a5)=100000a4
#12092  pc=0040003c cycle=23851 insn=02c78063
#12093  pc=00400040 cycle=23854 insn=ffc7a683
#12094  pc=00400044 cycle=23857 insn=0007a703
#12095  pc=00400048 cycle=23860 insn=fed758e3
#12096  pc=00400038 cycle=23860 insn=00478793   x15(a5)=100000a8
#12097  pc=0040003c cycle=23860 insn=02c78063
#12098  pc=00400040 cycle=23863 insn=ffc7a683
#12099  pc=00400044 cycle=23866 insn=0007a703
#12100  pc=00400048 cycle=23869 insn=fed758e3
#12101  pc=00400038 cycle=23869 insn=00478793   x15(a5)=100000ac
#12102  pc=0040003c cycle=23869 insn=02c78063
#12103  pc=00400040 cycle=23872 insn=ffc7a683
#12104  pc=00400044 cycle=23875 insn=0007a703
#12105  pc=00400048 cycle=23878 insn=fed758e3
#12106  pc=00400038 cycle=23878 insn=00478793   x15(a5)=100000b0
#12107  pc=0040003c cycle=23878 insn=02c78063
#12108  pc=00400040 cycle=23881 insn=ffc7a683
#12109  pc=00400044 cycle=23884 insn=0007a703
#12110  pc=00400048 cycle=23887 insn=fed758e3
#12111  pc=00400038 cycle=23887 insn=00478793   x15(a5)=100000b4
#12112  pc=0040003c cycle=23887 insn=02c78063
#12113  pc=00400040 cycle=23890 insn=ffc7a683
#12114  pc=00400044 cycle=23893 insn=0007a703
#12115  pc=00400048 cycle=23896 insn=fed758e3
#12116  pc=00400038 cycle=23896 insn=00478793   x15(a5)=100000b8
#12117  pc=0040003c cycle=23896 insn=02c78063
#12118  pc=00400040 cycle=23899 insn=ffc7a683
#12119  pc=00400044 cycle=23902 insn=0007a703
#12120  pc=00400048 cycle=23905 insn=fed758e3
#12121  pc=00400038 cycle=23905 insn=00478793   x15(a5)=100000bc
#12122  pc=0040003c cycle=23905 insn=02c78063
#12123  pc=00400040 cycle=23908 insn=ffc7a683
#12124  pc=00400044 cycle=23911 insn=0007a703
#12125  pc=00400048 cycle=23914 insn=fed758e3
#12126  pc=00400038 cycle=23914 insn=00478793   x15(a5)=100000c0
#12127  pc=0040003c cycle=23914 insn=02c78063
#12128  pc=00400040 cycle=23917 insn=ffc7a683
#12129  pc=00400044 cycle=23920 insn=0007a703
#12130  pc=00400048 cycle=23923 insn=fed758e3
#12131  pc=00400038 cycle=23923 insn=00478793   x15(a5)=100000c4
#12132  pc=0040003c cycle=23923 insn=02c78063
#12133  pc=00400040 cycle=23926 insn=ffc7a683
#12134  pc=00400044 cycle=23929 insn=0007a703
#12135  pc=00400048 cycle=23932 insn=fed758e3
#12136  pc=00400038 cycle=23932 insn=00478793   x15(a5)=100000c8
#12137  pc=0040003c cycle=23932 insn=02c78063
#12138  pc=00400040 cycle=23935 insn=ffc7a683
#12139  pc=00400044 cycle=23938 insn=0007a703
#12140  pc=00400048 cycle=23941 insn=fed758e3
#12141  pc=00400038 cycle=23941 insn=00478793   x15(a5)=100000cc
#12142  pc=0040003c cycle=23941 insn=02c78063
#12143  pc=00400040 cycle=23944 insn=ffc7a683
#12144  pc=00400044 cycle=23947 insn=0007a703
#12145  pc=00400048 cycle=23950 insn=fed758e3
#12146  pc=00400038 cycle=23950 insn=00478793   x15(a5)=100000d0
#12147  pc=0040003c cycle=23950 insn=02c78063
#12148  pc=0040005c cycle=23954 insn=ffc60613   x12(a2)=100000cc
#12149  pc=00400060 cycle=23956 insn=fc0812e3
#12150  pc=00400024 cycle=23958 insn=fff58593   x11(a1)=00000032
#12151  pc=00400028 cycle=23961 insn=02b05e63
#12152  pc=0040002c cycle=23961 insn=00450793   x15(a5)=10000004
#12153  pc=00400030 cycle=23961 insn=00030813   x16(a6)=00000000
#12154  pc=00400034 cycle=23962 insn=00c0006f
#12155  pc=00400040 cycle=23967 insn=ffc7a683   x13(a3)=859babf3
#12156  pc=00400044 cycle=23968 insn=0007a703   x14(a4)=859babf3
#12157  pc=00400048 cycle=23971 insn=fed758e3
#12158  pc=00400038 cycle=23971 insn=00478793   x15(a5)=10000008
#12159  pc=0040003c cycle=23972 insn=02c78063
#12160  pc=00400040 cycle=23974 insn=ffc7a683
#12161  pc=00400044 cycle=23977 insn=0007a703
#12162  pc=00400048 cycle=23980 insn=fed758e3
#12163  pc=00400038 cycle=23980 insn=00478793   x15(a5)=1000000c
#12164  pc=0040003c cycle=23980 insn=02c78063
#12165  pc=00400040 cycle=23983 insn=ffc7a683
#12166  pc=00400044 cycle=23986 insn=0007a703
#12167  pc=00400048 cycle=23989 insn=fed758e3
#12168  pc=00400038 cycle=23989 insn=00478793   x15(a5)=10000010
#12169  pc=0040003c cycle=23989 insn=02c78063
#12170  pc=00400040 cycle=23992 insn=ffc7a683
#12171  pc=00400044 cycle=23995 insn=0007a703
#12172  pc=00400048 cycle=23998 insn=fed758e3
#12173  pc=00400038 cycle=23998 insn=00478793   x15(a5)=10000014
#12174  pc=0040003c cycle=23998 insn=02c78063
#12175  pc=00400040 cycle=24001 insn=ffc7a683
#12176  pc=00400044 cycle=24004 insn=0007a703   x14(a4)=9002dc0d
#12177  pc=00400048 cycle=24007 insn=fed758e3
#12178  pc=00400038 cycle=24007 insn=00478793   x15(a5)=10000018
#12179  pc=0040003c cycle=24007 insn=02c78063
#12180  pc=00400040 cycle=24010 insn=ffc7a683   x13(a3)=9002dc0d
#12181  pc=00400044 cycle=24013 insn=0007a703
#12182  pc=00400048 cycle=24016 insn=fed758e3
#12183  pc=00400038 cycle=24016 insn=00478793   x15(a5)=1000001c
#12184  pc=0040003c cycle=24016 insn=02c78063
#12185  pc=00400040 cycle=24019 insn=ffc7a683
#12186  pc=00400044 cycle=24022 insn=0007a703
#12187  pc=00400048 cycle=24025 insn=fed758e3
#12188  pc=00400038 cycle=24025 insn=00478793   x15(a5)=10000020
#12189  pc=0040003c cycle=24025 insn=02c78063
#12190  pc=00400040 cycle=24028 insn=ffc7a683
#12191  pc=00400044 cycle=24031 insn=0007a703   x14(a4)=82f2d29c
#12192  pc=00400048 cycle=24034 insn=fed758e3
#12193  pc=0040004c cycle=24040 insn=00d7a023
#12194  pc=00400050 cycle=24043 insn=fee7ae23
#12195  pc=00400054 cycle=24043 insn=00088813   x16(a6)=00000001
#12196  pc=00400058 cycle=24043 insn=fe1ff06f
#12197  pc=00400038 cycle=24044 insn=00478793   x15(a5)=10000024
#12198  pc=0040003c cycle=24047 insn=02c78063
#12199  pc=00400040 cycle=24050 insn=ffc7a683
#12200  pc=00400044 cycle=24051 insn=0007a703
#12201  pc=00400048 cycle=24054 insn=fed758e3
#12202  pc=0040004c cycle=24055 insn=00d7a023
#12203  pc=00400050 cycle=24058 insn=fee7ae23
#12204  pc=00400054 cycle=24058 insn=00088813
#12205  pc=00400058 cycle=24058 insn=fe1ff06f
#12206  pc=00400038 cycle=24058 insn=00478793   x15(a5)=10000028
#12207  pc=0040003c cycle=24062 insn=02c78063
#12208  pc=00400040 cycle=24065 insn=ffc7a683   x13(a3)=82f2d29c
#12209  pc=00400044 cycle=24066 insn=0007a703
#12210  pc=00400048 cycle=24069 insn=fed758e3
#12211  pc=00400038 cycle=24075 insn=00478793   x15(a5)=1000002c
#12212  pc=0040003c cycle=24078 insn=02c78063
#12213  pc=00400040 cycle=24080 insn=ffc7a683
#12214  pc=00400044 cycle=24081 insn=0007a703
#12215  pc=00400048 cycle=24084 insn=fed758e3
#12216  pc=00400038 cycle=24084 insn=00478793   x15(a5)=10000030
#12217  pc=0040003c cycle=24085 insn=02c78063
#12218  pc=00400040 cycle=24087 insn=ffc7a683
#12219  pc=00400044 cycle=24090 insn=0007a703
#12220  pc=00400048 cycle=24093 insn=fed758e3
#12221  pc=00400038 cycle=24093 insn=00478793   x15(a5)=10000034
#12222  pc=0040003c cycle=24093 insn=02c78063
#12223  pc=00400040 cycle=24096 insn=ffc7a683
#12224  pc=00400044 cycle=24099 insn=0007a703
#12225  pc=00400048 cycle=24102 insn=fed758e3
#12226  pc=00400038 cycle=24102 insn=00478793   x15(a5)=10000038
#12227  pc=0040003c cycle=24102 insn=02c78063
#12228  pc=00400040 cycle=24105 insn=ffc7a683
#12229  pc=00400044 cycle=24108 insn=0007a703
#12230  pc=00400048 cycle=24111 insn=fed758e3
#12231  pc=00400038 cycle=24111 insn=00478793   x15(a5)=1000003c
#12232  pc=0040003c cycle=24111 insn=02c78063
#12233  pc=00400040 cycle=24114 insn=ffc7a683
#12234  pc=00400044 cycle=24117 insn=0007a703
#12235  pc=00400048 cycle=24120 insn=fed758e3
#12236  pc=00400038 cycle=24120 insn=00478793   x15(a5)=10000040
#12237  pc=0040003c cycle=24120 insn=02c78063
#12238  pc=00400040 cycle=24123 insn=ffc7a683
#12239  pc=00400044 cycle=24126 insn=0007a703
#12240  pc=00400048 cycle=24129 insn=fed758e3
#12241  pc=00400038 cycle=24129 insn=00478793   x15(a5)=10000044
#12242  pc=0040003c cycle=24129 insn=02c78063
#12243  pc=00400040 cycle=24132 insn=ffc7a683
#12244  pc=00400044 cycle=24135 insn=0007a703
#12245  pc=00400048 cycle=24138 insn=fed758e3
#12246  pc=00400038 cycle=24138 insn=00478793   x15(a5)=10000048
#12247  pc=0040003c cycle=24138 insn=02c78063
#12248  pc=00400040 cycle=24141 insn=ffc7a683
#12249  pc=00400044 cycle=24144 insn=0007a703
#12250  pc=00400048 cycle=24147 insn=fed758e3
#12251  pc=00400038 cycle=24147 insn=00478793   x15(a5)=1000004c
#12252  pc=0040003c cycle=24147 insn=02c78063
#12253  pc=00400040 cycle=24150 insn=ffc7a683
#12254  pc=00400044 cycle=24153 insn=0007a703
#12255  pc=00400048 cycle=24156 insn=fed758e3
#12256  pc=00400038 cycle=24156 insn=00478793   x15(a5)=10000050
#12257  pc=0040003c cycle=24156 insn=02c78063
#12258  pc=00400040 cycle=24159 insn=ffc7a683
#12259  pc=00400044 cycle=24162 insn=0007a703
#12260  pc=00400048 cycle=24165 insn=fed758e3
#12261  pc=00400038 cycle=24165 insn=00478793   x15(a5)=10000054
#12262  pc=0040003c cycle=24165 insn=02c78063
#12263  pc=00400040 cycle=24168 insn=ffc7a683
#12264  pc=00400044 cycle=24171 insn=0007a703
#12265  pc=00400048 cycle=24174 insn=fed758e3
#12266  pc=00400038 cycle=24174 insn=00478793   x15(a5)=10000058
#12267  pc=0040003c cycle=24174 insn=02c78063
#12268  pc=00400040 cycle=24177 insn=ffc7a683
#12269  pc=00400044 cycle=24180 insn=0007a703
#12270  pc=00400048 cycle=24183 insn=fed758e3
#12271  pc=00400038 cycle=24183 insn=00478793   x15(a5)=1000005c
#12272  pc=0040003c cycle=24183 insn=02c78063
#12273  pc=00400040 cycle=24186 insn=ffc7a683
#12274  pc=00400044 cycle=24189 insn=0007a703
#12275  pc=00400048 cycle=24192 insn=fed758e3
#12276  pc=00400038 cycle=24192 insn=00478793   x15(a5)=10000060
#12277  pc=0040003c cycle=24192 insn=02c78063
#12278  pc=00400040 cycle=24195 insn=ffc7a683
#12279  pc=00400044 cycle=24198 insn=0007a703
#12280  pc=00400048 cycle=24201 insn=fed758e3
#12281  pc=00400038 cycle=24201 insn=00478793   x15(a5)=10000064
#12282  pc=0040003c cycle=24201 insn=02c78063
#12283  pc=00400040 cycle=24204 insn=ffc7a683
#12284  pc=00400044 cycle=24207 insn=0007a703
#12285  pc=00400048 cycle=24210 insn=fed758e3
#12286  pc=00400038 cycle=24210 insn=00478793   x15(a5)=10000068
#12287  pc=0040003c cycle=24210 insn=02c78063
#12288  pc=00400040 cycle=24213 insn=ffc7a683
#12289  pc=00400044 cycle=24216 insn=0007a703
#12290  pc=00400048 cycle=24219 insn=fed758e3
#12291  pc=00400038 cycle=24219 insn=00478793   x15(a5)=1000006c
#12292  pc=0040003c cycle=24219 insn=02c78063
#12293  pc=00400040 cycle=24222 insn=ffc7a683
#12294  pc=00400044 cycle=24225 insn=0007a703
#12295  pc=00400048 cycle=24228 insn=fed758e3
#12296  pc=00400038 cycle=24228 insn=00478793   x15(a5)=10000070
#12297  pc=0040003c cycle=24228 insn=02c78063
#12298  pc=00400040 cycle=24231 insn=ffc7a683
#12299  pc=00400044 cycle=24234 insn=0007a703
#12300  pc=00400048 cycle=24237 insn=fed758e3
#12301  pc=00400038 cycle=24237 insn=00478793   x15(a5)=10000074
#12302  pc=0040003c cycle=24237 insn=02c78063
#12303  pc=00400040 cycle=24240 insn=ffc7a683
#12304  pc=00400044 cycle=24243 insn=0007a703
#12305  pc=00400048 cycle=24246 insn=fed758e3
#12306  pc=00400038 cycle=24246 insn=00478793   x15(a5)=10000078
#12307  pc=0040003c cycle=24246 insn=02c78063
#12308  pc=00400040 cycle=24249 insn=ffc7a683
#12309  pc=00400044 cycle=24252 insn=0007a703
#12310  pc=00400048 cycle=24255 insn=fed758e3
#12311  pc=00400038 cycle=24255 insn=00478793   x15(a5)=1000007c
#12312  pc=0040003c cycle=24255 insn=02c78063
#12313  pc=00400040 cycle=24258 insn=ffc7a683
#12314  pc=00400044 cycle=24261 insn=0007a703
#12315  pc=00400048 cycle=24264 insn=fed758e3
#12316  pc=00400038 cycle=24264 insn=00478793   x15(a5)=10000080
#12317  pc=0040003c cycle=24264 insn=02c78063
#12318  pc=00400040 cycle=24267 insn=ffc7a683
#12319  pc=00400044 cycle=24270 insn=0007a703   x14(a4)=80f68da3
#12320  pc=00400048 cycle=24273 insn=fed758e3
#12321  pc=0040004c cycle=24279 insn=00d7a023
#12322  pc=00400050 cycle=24282 insn=fee7ae23
#12323  pc=00400054 cycle=24282 insn=00088813
#12324  pc=00400058 cycle=24282 insn=fe1ff06f
#12325  pc=00400038 cycle=24283 insn=00478793   x15(a5)=10000084
#12326  pc=0040003c cycle=24286 insn=02c78063
#12327  pc=00400040 cycle=24289 insn=ffc7a683
#12328  pc=00400044 cycle=24290 insn=0007a703   x14(a4)=82f2d29c
#12329  pc=00400048 cycle=24293 insn=fed758e3
#12330  pc=00400038 cycle=24299 insn=00478793   x15(a5)=10000088
#12331  pc=0040003c cycle=24302 insn=02c78063
#12332  pc=00400040 cycle=24304 insn=ffc7a683
#12333  pc=00400044 cycle=24305 insn=0007a703
#12334  pc=00400048 cycle=24308 insn=fed758e3
#12335  pc=00400038 cycle=24308 insn=00478793   x15(a5)=1000008c
#12336  pc=0040003c cycle=24309 insn=02c78063
#12337  pc=00400040 cycle=24311 insn=ffc7a683
#12338  pc=00400044 cycle=24314 insn=0007a703
#12339  pc=00400048 cycle=24317 insn=fed758e3
#12340  pc=00400038 cycle=24317 insn=00478793   x15(a5)=10000090
#12341  pc=0040003c cycle=24317 insn=02c78063
#12342  pc=00400040 cycle=24320 insn=ffc7a683
#12343  pc=00400044 cycle=24323 insn=0007a703   x14(a4)=84c36ccd
#12344  pc=00400048 cycle=24326 insn=fed758e3
#12345  pc=00400038 cycle=24326 insn=00478793   x15(a5)=10000094
#12346  pc=0040003c cycle=24326 insn=02c78063
#12347  pc=00400040 cycle=24329 insn=ffc7a683   x13(a3)=84c36ccd
#12348  pc=00400044 cycle=24332 insn=0007a703
#12349  pc=00400048 cycle=24335 insn=fed758e3
#12350  pc=00400038 cycle=24335 insn=00478793   x15(a5)=10000098
#12351  pc=0040003c cycle=24335 insn=02c78063
#12352  pc=00400040 cycle=24338 insn=ffc7a683
#12353  pc=00400044 cycle=24341 insn=0007a703
#12354  pc=00400048 cycle=24344 insn=fed758e3
#12355  pc=00400038 cycle=24344 insn=00478793   x15(a5)=1000009c
#12356  pc=0040003c cycle=24344 insn=02c78063
#12357  pc=00400040 cycle=24347 insn=ffc7a683
#12358  pc=00400044 cycle=24350 insn=0007a703
#12359  pc=00400048 cycle=24353 insn=fed758e3
#12360  pc=00400038 cycle=24353 insn=00478793   x15(a5)=100000a0
#12361  pc=0040003c cycle=24353 insn=02c78063
#12362  pc=00400040 cycle=24356 insn=ffc7a683
#12363  pc=00400044 cycle=24359 insn=0007a703
#12364  pc=00400048 cycle=24362 insn=fed758e3
#12365  pc=00400038 cycle=24362 insn=00478793   x15(a5)=100000a4
#12366  pc=0040003c cycle=24362 insn=02c78063
#12367  pc=00400040 cycle=24365 insn=ffc7a683
#12368  pc=00400044 cycle=24368 insn=0007a703
#12369  pc=00400048 cycle=24371 insn=fed758e3
#12370  pc=00400038 cycle=24371 insn=00478793   x15(a5)=100000a8
#12371  pc=0040003c cycle=24371 insn=02c78063
#12372  pc=00400040 cycle=24374 insn=ffc7a683
#12373  pc=00400044 cycle=24377 insn=0007a703
#12374  pc=00400048 cycle=24380 insn=fed758e3
#12375  pc=00400038 cycle=24380 insn=00478793   x15(a5)=100000ac
#12376  pc=0040003c cycle=24380 insn=02c78063
#12377  pc=00400040 cycle=24383 insn=ffc7a683
#12378  pc=00400044 cycle=24386 insn=0007a703
#12379  pc=00400048 cycle=24389 insn=fed758e3
#12380  pc=00400038 cycle=24389 insn=00478793   x15(a5)=100000b0
#12381  pc=0040003c cycle=24389 insn=02c78063
#12382  pc=00400040 cycle=24392 insn=ffc7a683
#12383  pc=00400044 cycle=24395 insn=0007a703
#12384  pc=00400048 cycle=24398 insn=fed758e3
#12385  pc=00400038 cycle=24398 insn=00478793   x15(a5)=100000b4
#12386  pc=0040003c cycle=24398 insn=02c78063
#12387  pc=00400040 cycle=24401 insn=ffc7a683
#12388  pc=00400044 cycle=24404 insn=0007a703
#12389  pc=00400048 cycle=24407 insn=fed758e3
#12390  pc=00400038 cycle=24407 insn=00478793   x15(a5)=100000b8
#12391  pc=0040003c cycle=24407 insn=02c78063
#12392  pc=00400040 cycle=24410 insn=ffc7a683
#12393  pc=00400044 cycle=24413 insn=0007a703
#12394  pc=00400048 cycle=24416 insn=fed758e3
#12395  pc=00400038 cycle=24416 insn=00478793   x15(a5)=100000bc
#12396  pc=0040003c cycle=24416 insn=02c78063
#12397  pc=00400040 cycle=24419 insn=ffc7a683
#12398  pc=00400044 cycle=24422 insn=0007a703
#12399  pc=00400048 cycle=24425 insn=fed758e3
#12400  pc=00400038 cycle=24425 insn=00478793   x15(a5)=100000c0
#12401  pc=0040003c cycle=24425 insn=02c78063
#12402  pc=00400040 cycle=24428 insn=ffc7a683
#12403  pc=00400044 cycle=24431 insn=0007a703
#12404  pc=00400048 cycle=24434 insn=fed758e3
#12405  pc=00400038 cycle=24434 insn=00478793   x15(a5)=100000c4
#12406  pc=0040003c cycle=24434 insn=02c78063
#12407  pc=00400040 cycle=24437 insn=ffc7a683
#12408  pc=00400044 cycle=24440 insn=0007a703
#12409  pc=00400048 cycle=24443 insn=fed758e3
#12410  pc=00400038 cycle=24443 insn=00478793   x15(a5)=100000c8
#12411  pc=0040003c cycle=24443 insn=02c78063
#12412  pc=00400040 cycle=24446 insn=ffc7a683
#12413  pc=00400044 cycle=24449 insn=0007a703
#12414  pc=00400048 cycle=24452 insn=fed758e3
#12415  pc=00400038 cycle=24452 insn=00478793   x15(a5)=100000cc
#12416  pc=0040003c cycle=24452 insn=02c78063
#12417  pc=0040005c cycle=24456 insn=ffc60613   x12(a2)=100000c8
#12418  pc=00400060 cycle=24458 insn=fc0812e3
#12419  pc=00400024 cycle=24460 insn=fff58593   x11(a1)=00000031
#12420  pc=00400028 cycle=24463 insn=02b05e63
#12421  pc=0040002c cycle=24463 insn=00450793   x15(a5)=10000004
#12422  pc=00400030 cycle=24463 insn=00030813   x16(a6)=00000000
#12423  pc=00400034 cycle=24464 insn=00c0006f
#12424  pc=00400040 cycle=24469 insn=ffc7a683   x13(a3)=859babf3
#12425  pc=00400044 cycle=24470 insn=0007a703   x14(a4)=859babf3
#12426  pc=00400048 cycle=24473 insn=fed758e3
#12427  pc=00400038 cycle=24473 insn=00478793   x15(a5)=10000008
#12428  pc=0040003c cycle=24474 insn=02c78063
#12429  pc=00400040 cycle=24476 insn=ffc7a683
#12430  pc=00400044 cycle=24479 insn=0007a703
#12431  pc=00400048 cycle=24482 insn=fed758e3
#12432  pc=00400038 cycle=24482 insn=00478793   x15(a5)=1000000c
#12433  pc=0040003c cycle=24482 insn=02c78063
#12434  pc=00400040 cycle=24485 insn=ffc7a683
#12435  pc=00400044 cycle=24488 insn=0007a703
#12436  pc=00400048 cycle=24491 insn=fed758e3
#12437  pc=00400038 cycle=24491 insn=00478793   x15(a5)=10000010
#12438  pc=0040003c cycle=24491 insn=02c78063
#12439  pc=00400040 cycle=24494 insn=ffc7a683
#12440  pc=00400044 cycle=24497 insn=0007a703
#12441  pc=00400048 cycle=24500 insn=fed758e3
#12442  pc=00400038 cycle=24500 insn=00478793   x15(a5)=10000014
#12443  pc=0040003c cycle=24500 insn=02c78063
#12444  pc=00400040 cycle=24503 insn=ffc7a683
#12445  pc=00400044 cycle=24506 insn=0007a703   x14(a4)=9002dc0d
#12446  pc=00400048 cycle=24509 insn=fed758e3
#12447  pc=00400038 cycle=24509 insn=00478793   x15(a5)=10000018
#12448  pc=0040003c cycle=24509 insn=02c78063
#12449  pc=00400040 cycle=24512 insn=ffc7a683   x13(a3)=9002dc0d
#12450  pc=00400044 cycle=24515 insn=0007a703
#12451  pc=00400048 cycle=24518 insn=fed758e3
#12452  pc=00400038 cycle=24518 insn=00478793   x15(a5)=1000001c
#12453  pc=0040003c cycle=24518 insn=02c78063
#12454  pc=00400040 cycle=24521 insn=ffc7a683
#12455  pc=00400044 cycle=24524 insn=0007a703   x14(a4)=82f2d29c
#12456  pc=00400048 cycle=24527 insn=fed758e3
#12457  pc=0040004c cycle=24533 insn=00d7a023
#12458  pc=00400050 cycle=24536 insn=fee7ae23
#12459  pc=00400054 cycle=24536 insn=00088813   x16(a6)=00000001
#12460  pc=00400058 cycle=24536 insn=fe1ff06f
#12461  pc=00400038 cycle=24537 insn=00478793   x15(a5)=10000020
#12462  pc=0040003c cycle=24540 insn=02c78063
#12463  pc=00400040 cycle=24543 insn=ffc7a683
#12464  pc=00400044 cycle=24544 insn=0007a703
#12465  pc=00400048 cycle=24547 insn=fed758e3
#12466  pc=0040004c cycle=24548 insn=00d7a023
#12467  pc=00400050 cycle=24551 insn=fee7ae23
#12468  pc=00400054 cycle=24551 insn=00088813
#12469  pc=00400058 cycle=24551 insn=fe1ff06f
#12470  pc=00400038 cycle=24551 insn=00478793   x15(a5)=10000024
#12471  pc=0040003c cycle=24555 insn=02c78063
#12472  pc=00400040 cycle=24558 insn=ffc7a683   x13(a3)=82f2d29c
#12473  pc=00400044 cycle=24559 insn=0007a703
#12474  pc=00400048 cycle=24562 insn=fed758e3
#12475  pc=00400038 cycle=24568 insn=00478793   x15(a5)=10000028
#12476  pc=0040003c cycle=24571 insn=02c78063
#12477  pc=00400040 cycle=24573 insn=ffc7a683
#12478  pc=00400044 cycle=24574 insn=0007a703
#12479  pc=00400048 cycle=24577 insn=fed758e3
#12480  pc=00400038 cycle=24577 insn=00478793   x15(a5)=1000002c
#12481  pc=0040003c cycle=24578 insn=02c78063
#12482  pc=00400040 cycle=24580 insn=ffc7a683
#12483  pc=00400044 cycle=24583 insn=0007a703
#12484  pc=00400048 cycle=24586 insn=fed758e3
#12485  pc=00400038 cycle=24586 insn=00478793   x15(a5)=10000030
#12486  pc=0040003c cycle=24586 insn=02c78063
#12487  pc=00400040 cycle=24589 insn=ffc7a683
#12488  pc=00400044 cycle=24592 insn=0007a703
#12489  pc=00400048 cycle=24595 insn=fed758e3
#12490  pc=00400038 cycle=24595 insn=00478793   x15(a5)=10000034
#12491  pc=0040003c cycle=24595 insn=02c78063
#12492  pc=00400040 cycle=24598 insn=ffc7a683
#12493  pc=00400044 cycle=24601 insn=0007a703
#12494  pc=00400048 cycle=24604 insn=fed758e3
#12495  pc=00400038 cycle=24604 insn=00478793   x15(a5)=10000038
#12496  pc=0040003c cycle=24604 insn=02c78063
#12497  pc=00400040 cycle=24607 insn=ffc7a683
#12498  pc=00400044 cycle=24610 insn=0007a703
#12499  pc=00400048 cycle=24613 insn=fed758e3
#12500  pc=00400038 cycle=24613 insn=00478793   x15(a5)=1000003c
#12501  pc=0040003c cycle=24613 insn=02c78063
#12502  pc=00400040 cycle=24616 insn=ffc7a683
#12503  pc=00400044 cycle=24619 insn=0007a703
#12504  pc=00400048 cycle=24622 insn=fed758e3
#12505  pc=00400038 cycle=24622 insn=00478793   x15(a5)=10000040
#12506  pc=0040003c cycle=24622 insn=02c78063
#12507  pc=00400040 cycle=24625 insn=ffc7a683
#12508  pc=00400044 cycle=24628 insn=0007a703
#12509  pc=00400048 cycle=24631 insn=fed758e3
#12510  pc=00400038 cycle=24631 insn=00478793   x15(a5)=10000044
#12511  pc=0040003c cycle=24631 insn=02c78063
#12512  pc=00400040 cycle=24634 insn=ffc7a683
#12513  pc=00400044 cycle=24637 insn=0007a703
#12514  pc=00400048 cycle=24640 insn=fed758e3
#12515  pc=00400038 cycle=24640 insn=00478793   x15(a5)=10000048
#12516  pc=0040003c cycle=24640 insn=02c78063
#12517  pc=00400040 cycle=24643 insn=ffc7a683
#12518  pc=00400044 cycle=24646 insn=0007a703
#12519  pc=00400048 cycle=24649 insn=fed758e3
#12520  pc=00400038 cycle=24649 insn=00478793   x15(a5)=1000004c
#12521  pc=0040003c cycle=24649 insn=02c78063
#12522  pc=00400040 cycle=24652 insn=ffc7a683
#12523  pc=00400044 cycle=24655 insn=0007a703
#12524  pc=00400048 cycle=24658 insn=fed758e3
#12525  pc=00400038 cycle=24658 insn=00478793   x15(a5)=10000050
#12526  pc=0040003c cycle=24658 insn=02c78063
#12527  pc=00400040 cycle=24661 insn=ffc7a683
#12528  pc=00400044 cycle=24664 insn=0007a703
#12529  pc=00400048 cycle=24667 insn=fed758e3
#12530  pc=00400038 cycle=24667 insn=00478793   x15(a5)=10000054
#12531  pc=0040003c cycle=24667 insn=02c78063
#12532  pc=00400040 cycle=24670 insn=ffc7a683
#12533  pc=00400044 cycle=24673 insn=0007a703
#12534  pc=00400048 cycle=24676 insn=fed758e3
#12535  pc=00400038 cycle=24676 insn=00478793   x15(a5)=10000058
#12536  pc=0040003c cycle=24676 insn=02c78063
#12537  pc=00400040 cycle=24679 insn=ffc7a683
#12538  pc=00400044 cycle=24682 insn=0007a703
#12539  pc=00400048 cycle=24685 insn=fed758e3
#12540  pc=00400038 cycle=24685 insn=00478793   x15(a5)=1000005c
#12541  pc=0040003c cycle=24685 insn=02c78063
#12542  pc=00400040 cycle=24688 insn=ffc7a683
#12543  pc=00400044 cycle=24691 insn=0007a703
#12544  pc=00400048 cycle=24694 insn=fed758e3
#12545  pc=00400038 cycle=24694 insn=00478793   x15(a5)=10000060
#12546  pc=0040003c cycle=24694 insn=02c78063
#12547  pc=00400040 cycle=24697 insn=ffc7a683
#12548  pc=00400044 cycle=24700 insn=0007a703
#12549  pc=00400048 cycle=24703 insn=fed758e3
#12550  pc=00400038 cycle=24703 insn=00478793   x15(a5)=10000064
#12551  pc=0040003c cycle=24703 insn=02c78063
#12552  pc=00400040 cycle=24706 insn=ffc7a683
#12553  pc=00400044 cycle=24709 insn=0007a703
#12554  pc=00400048 cycle=24712 insn=fed758e3
#12555  pc=00400038 cycle=24712 insn=00478793   x15(a5)=10000068
#12556  pc=0040003c cycle=24712 insn=02c78063
#12557  pc=00400040 cycle=24715 insn=ffc7a683
#12558  pc=00400044 cycle=24718 insn=0007a703
#12559  pc=00400048 cycle=24721 insn=fed758e3
#12560  pc=00400038 cycle=24721 insn=00478793   x15(a5)=1000006c
#12561  pc=0040003c cycle=24721 insn=02c78063
#12562  pc=00400040 cycle=24724 insn=ffc7a683
#12563  pc=00400044 cycle=24727 insn=0007a703
#12564  pc=00400048 cycle=24730 insn=fed758e3
#12565  pc=00400038 cycle=24730 insn=00478793   x15(a5)=10000070
#12566  pc=0040003c cycle=24730 insn=02c78063
#12567  pc=00400040 cycle=24733 insn=ffc7a683
#12568  pc=00400044 cycle=24736 insn=0007a703
#12569  pc=00400048 cycle=24739 insn=fed758e3
#12570  pc=00400038 cycle=24739 insn=00478793   x15(a5)=10000074
#12571  pc=0040003c cycle=24739 insn=02c78063
#12572  pc=00400040 cycle=24742 insn=ffc7a683
#12573  pc=00400044 cycle=24745 insn=0007a703
#12574  pc=00400048 cycle=24748 insn=fed758e3
#12575  pc=00400038 cycle=24748 insn=00478793   x15(a5)=10000078
#12576  pc=0040003c cycle=24748 insn=02c78063
#12577  pc=00400040 cycle=24751 insn=ffc7a683
#12578  pc=00400044 cycle=24754 insn=0007a703
#12579  pc=00400048 cycle=24757 insn=fed758e3
#12580  pc=00400038 cycle=24757 insn=00478793   x15(a5)=1000007c
#12581  pc=0040003c cycle=24757 insn=02c78063
#12582  pc=00400040 cycle=24760 insn=ffc7a683
#12583  pc=00400044 cycle=24763 insn=0007a703   x14(a4)=80f68da3
#12584  pc=00400048 cycle=24766 insn=fed758e3
#12585  pc=0040004c cycle=24772 insn=00d7a023
#12586  pc=00400050 cycle=24775 insn=fee7ae23
#12587  pc=00400054 cycle=24775 insn=00088813
#12588  pc=00400058 cycle=24775 insn=fe1ff06f
#12589  pc=00400038 cycle=24776 insn=00478793   x15(a5)=10000080
#12590  pc=0040003c cycle=24779 insn=02c78063
#12591  pc=00400040 cycle=24782 insn=ffc7a683
#12592  pc=00400044 cycle=24783 insn=0007a703   x14(a4)=82f2d29c
#12593  pc=00400048 cycle=24786 insn=fed758e3
#12594  pc=00400038 cycle=24792 insn=00478793   x15(a5)=10000084
#12595  pc=0040003c cycle=24795 insn=02c78063
#12596  pc=00400040 cycle=24797 insn=ffc7a683
#12597  pc=00400044 cycle=24798 insn=0007a703
#12598  pc=00400048 cycle=24801 insn=fed758e3
#12599  pc=00400038 cycle=24801 insn=00478793   x15(a5)=10000088
#12600  pc=0040003c cycle=24802 insn=02c78063
#12601  pc=00400040 cycle=24804 insn=ffc7a683
#12602  pc=00400044 cycle=24807 insn=0007a703
#12603  pc=00400048 cycle=24810 insn=fed758e3
#12604  pc=00400038 cycle=24810 insn=00478793   x15(a5)=1000008c
#12605  pc=0040003c cycle=24810 insn=02c78063
#12606  pc=00400040 cycle=24813 insn=ffc7a683
#12607  pc=00400044 cycle=24816 insn=0007a703
#12608  pc=00400048 cycle=24819 insn=fed758e3
#12609  pc=00400038 cycle=24819 insn=00478793   x15(a5)=10000090
#12610  pc=0040003c cycle=24819 insn=02c78063
#12611  pc=00400040 cycle=24822 insn=ffc7a683
#12612  pc=00400044 cycle=24825 insn=0007a703   x14(a4)=84c36ccd
#12613  pc=00400048 cycle=24828 insn=fed758e3
#12614  pc=00400038 cycle=24828 insn=00478793   x15(a5)=10000094
#12615  pc=0040003c cycle=24828 insn=02c78063
#12616  pc=00400040 cycle=24831 insn=ffc7a683   x13(a3)=84c36ccd
#12617  pc=00400044 cycle=24834 insn=0007a703
#12618  pc=00400048 cycle=24837 insn=fed758e3
#12619  pc=00400038 cycle=24837 insn=00478793   x15(a5)=10000098
#12620  pc=0040003c cycle=24837 insn=02c78063
#12621  pc=00400040 cycle=24840 insn=ffc7a683
#12622  pc=00400044 cycle=24843 insn=0007a703
#12623  pc=00400048 cycle=24846 insn=fed758e3
#12624  pc=00400038 cycle=24846 insn=00478793   x15(a5)=1000009c
#12625  pc=0040003c cycle=24846 insn=02c78063
#12626  pc=00400040 cycle=24849 insn=ffc7a683
#12627  pc=00400044 cycle=24852 insn=0007a703
#12628  pc=00400048 cycle=24855 insn=fed758e3
#12629  pc=00400038 cycle=24855 insn=00478793   x15(a5)=100000a0
#12630  pc=0040003c cycle=24855 insn=02c78063
#12631  pc=00400040 cycle=24858 insn=ffc7a683
#12632  pc=00400044 cycle=24861 insn=0007a703
#12633  pc=00400048 cycle=24864 insn=fed758e3
#12634  pc=00400038 cycle=24864 insn=00478793   x15(a5)=100000a4
#12635  pc=0040003c cycle=24864 insn=02c78063
#12636  pc=00400040 cycle=24867 insn=ffc7a683
#12637  pc=00400044 cycle=24870 insn=0007a703
#12638  pc=00400048 cycle=24873 insn=fed758e3
#12639  pc=00400038 cycle=24873 insn=00478793   x15(a5)=100000a8
#12640  pc=0040003c cycle=24873 insn=02c78063
#12641  pc=00400040 cycle=24876 insn=ffc7a683
#12642  pc=00400044 cycle=24879 insn=0007a703
#12643  pc=00400048 cycle=24882 insn=fed758e3
#12644  pc=00400038 cycle=24882 insn=00478793   x15(a5)=100000ac
#12645  pc=0040003c cycle=24882 insn=02c78063
#12646  pc=00400040 cycle=24885 insn=ffc7a683
#12647  pc=00400044 cycle=24888 insn=0007a703
#12648  pc=00400048 cycle=24891 insn=fed758e3
#12649  pc=00400038 cycle=24891 insn=00478793   x15(a5)=100000b0
#12650  pc=0040003c cycle=24891 insn=02c78063
#12651  pc=00400040 cycle=24894 insn=ffc7a683
#12652  pc=00400044 cycle=24897 insn=0007a703
#12653  pc=00400048 cycle=24900 insn=fed758e3
#12654  pc=00400038 cycle=24900 insn=00478793   x15(a5)=100000b4
#12655  pc=0040003c cycle=24900 insn=02c78063
#12656  pc=00400040 cycle=24903 insn=ffc7a683
#12657  pc=00400044 cycle=24906 insn=0007a703
#12658  pc=00400048 cycle=24909 insn=fed758e3
#12659  pc=00400038 cycle=24909 insn=00478793   x15(a5)=100000b8
#12660  pc=0040003c cycle=24909 insn=02c78063
#12661  pc=00400040 cycle=24912 insn=ffc7a683
#12662  pc=00400044 cycle=24915 insn=0007a703
#12663  pc=00400048 cycle=24918 insn=fed758e3
#12664  pc=00400038 cycle=24918 insn=00478793   x15(a5)=100000bc
#12665  pc=0040003c cycle=24918 insn=02c78063
#12666  pc=00400040 cycle=24921 insn=ffc7a683
#12667  pc=00400044 cycle=24924 insn=0007a703
#12668  pc=00400048 cycle=24927 insn=fed758e3
#12669  pc=00400038 cycle=24927 insn=00478793   x15(a5)=100000c0
#12670  pc=0040003c cycle=24927 insn=02c78063
#12671  pc=00400040 cycle=24930 insn=ffc7a683
#12672  pc=00400044 cycle=24933 insn=0007a703
#12673  pc=00400048 cycle=24936 insn=fed758e3
#12674  pc=00400038 cycle=24936 insn=00478793   x15(a5)=100000c4
#12675  pc=0040003c cycle=24936 insn=02c78063
#12676  pc=00400040 cycle=24939 insn=ffc7a683
#12677  pc=00400044 cycle=24942 insn=0007a703
#12678  pc=00400048 cycle=24945 insn=fed758e3
#12679  pc=00400038 cycle=24945 insn=00478793   x15(a5)=100000c8
#12680  pc=0040003c cycle=24945 insn=02c78063
#12681  pc=0040005c cycle=24949 insn=ffc60613   x12(a2)=100000c4
#12682  pc=00400060 cycle=24951 insn=fc0812e3
#12683  pc=00400024 cycle=24953 insn=fff58593   x11(a1)=00000030
#12684  pc=00400028 cycle=24956 insn=02b05e63
#12685  pc=0040002c cycle=24956 insn=00450793   x15(a5)=10000004
#12686  pc=00400030 cycle=24956 insn=00030813   x16(a6)=00000000
#12687  pc=00400034 cycle=24957 insn=00c0006f
#12688  pc=00400040 cycle=24962 insn=ffc7a683   x13(a3)=859babf3
#12689  pc=00400044 cycle=24963 insn=0007a703   x14(a4)=859babf3
#12690  pc=00400048 cycle=24966 insn=fed758e3
#12691  pc=00400038 cycle=24966 insn=00478793   x15(a5)=10000008
#12692  pc=0040003c cycle=24967 insn=02c78063
#12693  pc=00400040 cycle=24969 insn=ffc7a683
#12694  pc=00400044 cycle=24972 insn=0007a703
#12695  pc=00400048 cycle=24975 insn=fed758e3
#12696  pc=00400038 cycle=24975 insn=00478793   x15(a5)=1000000c
#12697  pc=0040003c cycle=24975 insn=02c78063
#12698  pc=00400040 cycle=24978 insn=ffc7a683
#12699  pc=00400044 cycle=24981 insn=0007a703
#12700  pc=00400048 cycle=24984 insn=fed758e3
#12701  pc=00400038 cycle=24984 insn=00478793   x15(a5)=10000010
#12702  pc=0040003c cycle=24984 insn=02c78063
#12703  pc=00400040 cycle=24987 insn=ffc7a683
#12704  pc=00400044 cycle=24990 insn=0007a703
#12705  pc=00400048 cycle=24993 insn=fed758e3
#12706  pc=00400038 cycle=24993 insn=00478793   x15(a5)=10000014
#12707  pc=0040003c cycle=24993 insn=02c78063
#12708  pc=00400040 cycle=24996 insn=ffc7a683
#12709  pc=00400044 cycle=24999 insn=0007a703   x14(a4)=9002dc0d
#12710  pc=00400048 cycle=25002 insn=fed758e3
#12711  pc=00400038 cycle=25002 insn=00478793   x15(a5)=10000018
#12712  pc=0040003c cycle=25002 insn=02c78063
#12713  pc=00400040 cycle=25005 insn=ffc7a683   x13(a3)=9002dc0d
#12714  pc=00400044 cycle=25008 insn=0007a703   x14(a4)=82f2d29c
#12715  pc=00400048 cycle=25011 insn=fed758e3
#12716  pc=0040004c cycle=25017 insn=00d7a023
#12717  pc=00400050 cycle=25020 insn=fee7ae23
#12718  pc=00400054 cycle=25020 insn=00088813   x16(a6)=00000001
#12719  pc=00400058 cycle=25020 insn=fe1ff06f
#12720  pc=00400038 cycle=25021 insn=00478793   x15(a5)=1000001c
#12721  pc=0040003c cycle=25024 insn=02c78063
#12722  pc=00400040 cycle=25027 insn=ffc7a683
#12723  pc=00400044 cycle=25028 insn=0007a703
#12724  pc=00400048 cycle=25031 insn=fed758e3
#12725  pc=0040004c cycle=25032 insn=00d7a023
#12726  pc=00400050 cycle=25035 insn=fee7ae23
#12727  pc=00400054 cycle=25035 insn=00088813
#12728  pc=00400058 cycle=25035 insn=fe1ff06f
#12729  pc=00400038 cycle=25035 insn=00478793   x15(a5)=10000020
#12730  pc=0040003c cycle=25039 insn=02c78063
#12731  pc=00400040 cycle=25042 insn=ffc7a683   x13(a3)=82f2d29c
#12732  pc=00400044 cycle=25043 insn=0007a703
#12733  pc=00400048 cycle=25046 insn=fed758e3
#12734  pc=00400038 cycle=25052 insn=00478793   x15(a5)=10000024
#12735  pc=0040003c cycle=25055 insn=02c78063
#12736  pc=00400040 cycle=25057 insn=ffc7a683
#12737  pc=00400044 cycle=25058 insn=0007a703
#12738  pc=00400048 cycle=25061 insn=fed758e3
#12739  pc=00400038 cycle=25061 insn=00478793   x15(a5)=10000028
#12740  pc=0040003c cycle=25062 insn=02c78063
#12741  pc=00400040 cycle=25064 insn=ffc7a683
#12742  pc=00400044 cycle=25067 insn=0007a703
#12743  pc=00400048 cycle=25070 insn=fed758e3
#12744  pc=00400038 cycle=25070 insn=00478793   x15(a5)=1000002c
#12745  pc=0040003c cycle=25070 insn=02c78063
#12746  pc=00400040 cycle=25073 insn=ffc7a683
#12747  pc=00400044 cycle=25076 insn=0007a703
#12748  pc=00400048 cycle=25079 insn=fed758e3
#12749  pc=00400038 cycle=25079 insn=00478793   x15(a5)=10000030
#12750  pc=0040003c cycle=25079 insn=02c78063
#12751  pc=00400040 cycle=25082 insn=ffc7a683
#12752  pc=00400044 cycle=25085 insn=0007a703
#12753  pc=00400048 cycle=25088 insn=fed758e3
#12754  pc=00400038 cycle=25088 insn=00478793   x15(a5)=10000034
#12755  pc=0040003c cycle=25088 insn=02c78063
#12756  pc=00400040 cycle=25091 insn=ffc7a683
#12757  pc=00400044 cycle=25094 insn=0007a703
#12758  pc=00400048 cycle=25097 insn=fed758e3
#12759  pc=00400038 cycle=25097 insn=00478793   x15(a5)=10000038
#12760  pc=0040003c cycle=25097 insn=02c78063
#12761  pc=00400040 cycle=25100 insn=ffc7a683
#12762  pc=00400044 cycle=25103 insn=0007a703
#12763  pc=00400048 cycle=25106 insn=fed758e3
#12764  pc=00400038 cycle=25106 insn=00478793   x15(a5)=1000003c
#12765  pc=0040003c cycle=25106 insn=02c78063
#12766  pc=00400040 cycle=25109 insn=ffc7a683
#12767  pc=00400044 cycle=25112 insn=0007a703
#12768  pc=00400048 cycle=25115 insn=fed758e3
#12769  pc=00400038 cycle=25115 insn=00478793   x15(a5)=10000040
#12770  pc=0040003c cycle=25115 insn=02c78063
#12771  pc=00400040 cycle=25118 insn=ffc7a683
#12772  pc=00400044 cycle=25121 insn=0007a703
#12773  pc=00400048 cycle=25124 insn=fed758e3
#12774  pc=00400038 cycle=25124 insn=00478793   x15(a5)=10000044
#12775  pc=0040003c cycle=25124 insn=02c78063
#12776  pc=00400040 cycle=25127 insn=ffc7a683
#12777  pc=00400044 cycle=25130 insn=0007a703
#12778  pc=00400048 cycle=25133 insn=fed758e3
#12779  pc=00400038 cycle=25133 insn=00478793   x15(a5)=10000048
#12780  pc=0040003c cycle=25133 insn=02c78063
#12781  pc=00400040 cycle=25136 insn=ffc7a683
#12782  pc=00400044 cycle=25139 insn=0007a703
#12783  pc=00400048 cycle=25142 insn=fed758e3
#12784  pc=00400038 cycle=25142 insn=00478793   x15(a5)=1000004c
#12785  pc=0040003c cycle=25142 insn=02c78063
#12786  pc=00400040 cycle=25145 insn=ffc7a683
#12787  pc=00400044 cycle=25148 insn=0007a703
#12788  pc=00400048 cycle=25151 insn=fed758e3
#12789  pc=00400038 cycle=25151 insn=00478793   x15(a5)=10000050
#12790  pc=0040003c cycle=25151 insn=02c78063
#12791  pc=00400040 cycle=25154 insn=ffc7a683
#12792  pc=00400044 cycle=25157 insn=0007a703
#12793  pc=00400048 cycle=25160 insn=fed758e3
#12794  pc=00400038 cycle=25160 insn=00478793   x15(a5)=10000054
#12795  pc=0040003c cycle=25160 insn=02c78063
#12796  pc=00400040 cycle=25163 insn=ffc7a683
#12797  pc=00400044 cycle=25166 insn=0007a703
#12798  pc=00400048 cycle=25169 insn=fed758e3
#12799  pc=00400038 cycle=25169 insn=00478793   x15(a5)=10000058
#12800  pc=0040003c cycle=25169 insn=02c78063
#12801  pc=00400040 cycle=25172 insn=ffc7a683
#12802  pc=00400044 cycle=25175 insn=0007a703
#12803  pc=00400048 cycle=25178 insn=fed758e3
#12804  pc=00400038 cycle=25178 insn=00478793   x15(a5)=1000005c
#12805  pc=0040003c cycle=25178 insn=02c78063
#12806  pc=00400040 cycle=25181 insn=ffc7a683
#12807  pc=00400044 cycle=25184 insn=0007a703
#12808  pc=00400048 cycle=25187 insn=fed758e3
#12809  pc=00400038 cycle=25187 insn=00478793   x15(a5)=10000060
#12810  pc=0040003c cycle=25187 insn=02c78063
#12811  pc=00400040 cycle=25190 insn=ffc7a683
#12812  pc=00400044 cycle=25193 insn=0007a703
#12813  pc=00400048 cycle=25196 insn=fed758e3
#12814  pc=00400038 cycle=25196 insn=00478793   x15(a5)=10000064
#12815  pc=0040003c cycle=25196 insn=02c78063
#12816  pc=00400040 cycle=25199 insn=ffc7a683
#12817  pc=00400044 cycle=25202 insn=0007a703
#12818  pc=00400048 cycle=25205 insn=fed758e3
#12819  pc=00400038 cycle=25205 insn=00478793   x15(a5)=10000068
#12820  pc=0040003c cycle=25205 insn=02c78063
#12821  pc=00400040 cycle=25208 insn=ffc7a683
#12822  pc=00400044 cycle=25211 insn=0007a703
#12823  pc=00400048 cycle=25214 insn=fed758e3
#12824  pc=00400038 cycle=25214 insn=00478793   x15(a5)=1000006c
#12825  pc=0040003c cycle=25214 insn=02c78063
#12826  pc=00400040 cycle=25217 insn=ffc7a683
#12827  pc=00400044 cycle=25220 insn=0007a703
#12828  pc=00400048 cycle=25223 insn=fed758e3
#12829  pc=00400038 cycle=25223 insn=00478793   x15(a5)=10000070
#12830  pc=0040003c cycle=25223 insn=02c78063
#12831  pc=00400040 cycle=25226 insn=ffc7a683
#12832  pc=00400044 cycle=25229 insn=0007a703
#12833  pc=00400048 cycle=25232 insn=fed758e3
#12834  pc=00400038 cycle=25232 insn=00478793   x15(a5)=10000074
#12835  pc=0040003c cycle=25232 insn=02c78063
#12836  pc=00400040 cycle=25235 insn=ffc7a683
#12837  pc=00400044 cycle=25238 insn=0007a703
#12838  pc=00400048 cycle=25241 insn=fed758e3
#12839  pc=00400038 cycle=25241 insn=00478793   x15(a5)=10000078
#12840  pc=0040003c cycle=25241 insn=02c78063
#12841  pc=00400040 cycle=25244 insn=ffc7a683
#12842  pc=00400044 cycle=25247 insn=0007a703   x14(a4)=80f68da3
#12843  pc=00400048 cycle=25250 insn=fed758e3
#12844  pc=0040004c cycle=25256 insn=00d7a023
#12845  pc=00400050 cycle=25259 insn=fee7ae23
#12846  pc=00400054 cycle=25259 insn=00088813
#12847  pc=00400058 cycle=25259 insn=fe1ff06f
#12848  pc=00400038 cycle=25260 insn=00478793   x15(a5)=1000007c
#12849  pc=0040003c cycle=25263 insn=02c78063
#12850  pc=00400040 cycle=25266 insn=ffc7a683
#12851  pc=00400044 cycle=25267 insn=0007a703   x14(a4)=82f2d29c
#12852  pc=00400048 cycle=25270 insn=fed758e3
#12853  pc=00400038 cycle=25276 insn=00478793   x15(a5)=10000080
#12854  pc=0040003c cycle=25279 insn=02c78063
#12855  pc=00400040 cycle=25281 insn=ffc7a683
#12856  pc=00400044 cycle=25282 insn=0007a703
#12857  pc=00400048 cycle=25285 insn=fed758e3
#12858  pc=00400038 cycle=25285 insn=00478793   x15(a5)=10000084
#12859  pc=0040003c cycle=25286 insn=02c78063
#12860  pc=00400040 cycle=25288 insn=ffc7a683
#12861  pc=00400044 cycle=25291 insn=0007a703
#12862  pc=00400048 cycle=25294 insn=fed758e3
#12863  pc=00400038 cycle=25294 insn=00478793   x15(a5)=10000088
#12864  pc=0040003c cycle=25294 insn=02c78063
#12865  pc=00400040 cycle=25297 insn=ffc7a683
#12866  pc=00400044 cycle=25300 insn=0007a703
#12867  pc=00400048 cycle=25303 insn=fed758e3
#12868  pc=00400038 cycle=25303 insn=00478793   x15(a5)=1000008c
#12869  pc=0040003c cycle=25303 insn=02c78063
#12870  pc=00400040 cycle=25306 insn=ffc7a683
#12871  pc=00400044 cycle=25309 insn=0007a703
#12872  pc=00400048 cycle=25312 insn=fed758e3
#12873  pc=00400038 cycle=25312 insn=00478793   x15(a5)=10000090
#12874  pc=0040003c cycle=25312 insn=02c78063
#12875  pc=00400040 cycle=25315 insn=ffc7a683
#12876  pc=00400044 cycle=25318 insn=0007a703   x14(a4)=84c36ccd
#12877  pc=00400048 cycle=25321 insn=fed758e3
#12878  pc=00400038 cycle=25321 insn=00478793   x15(a5)=10000094
#12879  pc=0040003c cycle=25321 insn=02c78063
#12880  pc=00400040 cycle=25324 insn=ffc7a683   x13(a3)=84c36ccd
#12881  pc=00400044 cycle=25327 insn=0007a703
#12882  pc=00400048 cycle=25330 insn=fed758e3
#12883  pc=00400038 cycle=25330 insn=00478793   x15(a5)=10000098
#12884  pc=0040003c cycle=25330 insn=02c78063
#12885  pc=00400040 cycle=25333 insn=ffc7a683
#12886  pc=00400044 cycle=25336 insn=0007a703
#12887  pc=00400048 cycle=25339 insn=fed758e3
#12888  pc=00400038 cycle=25339 insn=00478793   x15(a5)=1000009c
#12889  pc=0040003c cycle=25339 insn=02c78063
#12890  pc=00400040 cycle=25342 insn=ffc7a683
#12891  pc=00400044 cycle=25345 insn=0007a703
#12892  pc=00400048 cycle=25348 insn=fed758e3
#12893  pc=00400038 cycle=25348 insn=00478793   x15(a5)=100000a0
#12894  pc=0040003c cycle=25348 insn=02c78063
#12895  pc=00400040 cycle=25351 insn=ffc7a683
#12896  pc=00400044 cycle=25354 insn=0007a703
#12897  pc=00400048 cycle=25357 insn=fed758e3
#12898  pc=00400038 cycle=25357 insn=00478793   x15(a5)=100000a4
#12899  pc=0040003c cycle=25357 insn=02c78063
#12900  pc=00400040 cycle=25360 insn=ffc7a683
#12901  pc=00400044 cycle=25363 insn=0007a703
#12902  pc=00400048 cycle=25366 insn=fed758e3
#12903  pc=00400038 cycle=25366 insn=00478793   x15(a5)=100000a8
#12904  pc=0040003c cycle=25366 insn=02c78063
#12905  pc=00400040 cycle=25369 insn=ffc7a683
#12906  pc=00400044 cycle=25372 insn=0007a703
#12907  pc=00400048 cycle=25375 insn=fed758e3
#12908  pc=00400038 cycle=25375 insn=00478793   x15(a5)=100000ac
#12909  pc=0040003c cycle=25375 insn=02c78063
#12910  pc=00400040 cycle=25378 insn=ffc7a683
#12911  pc=00400044 cycle=25381 insn=0007a703
#12912  pc=00400048 cycle=25384 insn=fed758e3
#12913  pc=00400038 cycle=25384 insn=00478793   x15(a5)=100000b0
#12914  pc=0040003c cycle=25384 insn=02c78063
#12915  pc=00400040 cycle=25387 insn=ffc7a683
#12916  pc=00400044 cycle=25390 insn=0007a703
#12917  pc=00400048 cycle=25393 insn=fed758e3
#12918  pc=00400038 cycle=25393 insn=00478793   x15(a5)=100000b4
#12919  pc=0040003c cycle=25393 insn=02c78063
#12920  pc=00400040 cycle=25396 insn=ffc7a683
#12921  pc=00400044 cycle=25399 insn=0007a703
#12922  pc=00400048 cycle=25402 insn=fed758e3
#12923  pc=00400038 cycle=25402 insn=00478793   x15(a5)=100000b8
#12924  pc=0040003c cycle=25402 insn=02c78063
#12925  pc=00400040 cycle=25405 insn=ffc7a683
#12926  pc=00400044 cycle=25408 insn=0007a703
#12927  pc=00400048 cycle=25411 insn=fed758e3
#12928  pc=00400038 cycle=25411 insn=00478793   x15(a5)=100000bc
#12929  pc=0040003c cycle=25411 insn=02c78063
#12930  pc=00400040 cycle=25414 insn=ffc7a683
#12931  pc=00400044 cycle=25417 insn=0007a703
#12932  pc=00400048 cycle=25420 insn=fed758e3
#12933  pc=00400038 cycle=25420 insn=00478793   x15(a5)=100000c0
#12934  pc=0040003c cycle=25420 insn=02c78063
#12935  pc=00400040 cycle=25423 insn=ffc7a683
#12936  pc=00400044 cycle=25426 insn=0007a703
#12937  pc=00400048 cycle=25429 insn=fed758e3
#12938  pc=00400038 cycle=25429 insn=00478793   x15(a5)=100000c4
#12939  pc=0040003c cycle=25429 insn=02c78063
#12940  pc=0040005c cycle=25433 insn=ffc60613   x12(a2)=100000c0
#12941  pc=00400060 cycle=25435 insn=fc0812e3
#12942  pc=00400024 cycle=25437 insn=fff58593   x11(a1)=0000002f
#12943  pc=00400028 cycle=25440 insn=02b05e63
#12944  pc=0040002c cycle=25440 insn=00450793   x15(a5)=10000004
#12945  pc=00400030 cycle=25440 insn=00030813   x16(a6)=00000000
#12946  pc=00400034 cycle=25441 insn=00c0006f
#12947  pc=00400040 cycle=25446 insn=ffc7a683   x13(a3)=859babf3
#12948  pc=00400044 cycle=25447 insn=0007a703   x14(a4)=859babf3
#12949  pc=00400048 cycle=25450 insn=fed758e3
#12950  pc=00400038 cycle=25450 insn=00478793   x15(a5)=10000008
#12951  pc=0040003c cycle=25451 insn=02c78063
#12952  pc=00400040 cycle=25453 insn=ffc7a683
#12953  pc=00400044 cycle=25456 insn=0007a703
#12954  pc=00400048 cycle=25459 insn=fed758e3
#12955  pc=00400038 cycle=25459 insn=00478793   x15(a5)=1000000c
#12956  pc=0040003c cycle=25459 insn=02c78063
#12957  pc=00400040 cycle=25462 insn=ffc7a683
#12958  pc=00400044 cycle=25465 insn=0007a703
#12959  pc=00400048 cycle=25468 insn=fed758e3
#12960  pc=00400038 cycle=25468 insn=00478793   x15(a5)=10000010
#12961  pc=0040003c cycle=25468 insn=02c78063
#12962  pc=00400040 cycle=25471 insn=ffc7a683
#12963  pc=00400044 cycle=25474 insn=0007a703
#12964  pc=00400048 cycle=25477 insn=fed758e3
#12965  pc=00400038 cycle=25477 insn=00478793   x15(a5)=10000014
#12966  pc=0040003c cycle=25477 insn=02c78063
#12967  pc=00400040 cycle=25480 insn=ffc7a683
#12968  pc=00400044 cycle=25483 insn=0007a703   x14(a4)=82f2d29c
#12969  pc=00400048 cycle=25486 insn=fed758e3
#12970  pc=0040004c cycle=25492 insn=00d7a023
#12971  pc=00400050 cycle=25495 insn=fee7ae23
#12972  pc=00400054 cycle=25495 insn=00088813   x16(a6)=00000001
#12973  pc=00400058 cycle=25495 insn=fe1ff06f
#12974  pc=00400038 cycle=25496 insn=00478793   x15(a5)=10000018
#12975  pc=0040003c cycle=25499 insn=02c78063
#12976  pc=00400040 cycle=25502 insn=ffc7a683
#12977  pc=00400044 cycle=25503 insn=0007a703
#12978  pc=00400048 cycle=25506 insn=fed758e3
#12979  pc=0040004c cycle=25507 insn=00d7a023
#12980  pc=00400050 cycle=25510 insn=fee7ae23
#12981  pc=00400054 cycle=25510 insn=00088813
#12982  pc=00400058 cycle=25510 insn=fe1ff06f
#12983  pc=00400038 cycle=25510 insn=00478793   x15(a5)=1000001c
#12984  pc=0040003c cycle=25514 insn=02c78063
#12985  pc=00400040 cycle=25517 insn=ffc7a683   x13(a3)=82f2d29c
#12986  pc=00400044 cycle=25518 insn=0007a703
#12987  pc=00400048 cycle=25521 insn=fed758e3
#12988  pc=00400038 cycle=25527 insn=00478793   x15(a5)=10000020
#12989  pc=0040003c cycle=25530 insn=02c78063
#12990  pc=00400040 cycle=25532 insn=ffc7a683
#12991  pc=00400044 cycle=25533 insn=0007a703
#12992  pc=00400048 cycle=25536 insn=fed758e3
#12993  pc=00400038 cycle=25536 insn=00478793   x15(a5)=10000024
#12994  pc=0040003c cycle=25537 insn=02c78063
#12995  pc=00400040 cycle=25539 insn=ffc7a683
#12996  pc=00400044 cycle=25542 insn=0007a703
#12997  pc=00400048 cycle=25545 insn=fed758e3
#12998  pc=00400038 cycle=25545 insn=00478793   x15(a5)=10000028
#12999  pc=0040003c cycle=25545 insn=02c78063
#13000  pc=00400040 cycle=25548 insn=ffc7a683
#13001  pc=00400044 cycle=25551 insn=0007a703
#13002  pc=00400048 cycle=25554 insn=fed758e3
#13003  pc=00400038 cycle=25554 insn=00478793   x15(a5)=1000002c
#13004  pc=0040003c cycle=25554 insn=02c78063
#13005  pc=00400040 cycle=25557 insn=ffc7a683
#13006  pc=00400044 cycle=25560 insn=0007a703
#13007  pc=00400048 cycle=25563 insn=fed758e3
#13008  pc=00400038 cycle=25563 insn=00478793   x15(a5)=10000030
#13009  pc=0040003c cycle=25563 insn=02c78063
#13010  pc=00400040 cycle=25566 insn=ffc7a683
#13011  pc=00400044 cycle=25569 insn=0007a703
#13012  pc=00400048 cycle=25572 insn=fed758e3
#13013  pc=00400038 cycle=25572 insn=00478793   x15(a5)=10000034
#13014  pc=0040003c cycle=25572 insn=02c78063
#13015  pc=00400040 cycle=25575 insn=ffc7a683
#13016  pc=00400044 cycle=25578 insn=0007a703
#13017  pc=00400048 cycle=25581 insn=fed758e3
#13018  pc=00400038 cycle=25581 insn=00478793   x15(a5)=10000038
#13019  pc=0040003c cycle=25581 insn=02c78063
#13020  pc=00400040 cycle=25584 insn=ffc7a683
#13021  pc=00400044 cycle=25587 insn=0007a703
#13022  pc=00400048 cycle=25590 insn=fed758e3
#13023  pc=00400038 cycle=25590 insn=00478793   x15(a5)=1000003c
#13024  pc=0040003c cycle=25590 insn=02c78063
#13025  pc=00400040 cycle=25593 insn=ffc7a683
#13026  pc=00400044 cycle=25596 insn=0007a703
#13027  pc=00400048 cycle=25599 insn=fed758e3
#13028  pc=00400038 cycle=25599 insn=00478793   x15(a5)=10000040
#13029  pc=0040003c cycle=25599 insn=02c78063
#13030  pc=00400040 cycle=25602 insn=ffc7a683
#13031  pc=00400044 cycle=25605 insn=0007a703
#13032  pc=00400048 cycle=25608 insn=fed758e3
#13033  pc=00400038 cycle=25608 insn=00478793   x15(a5)=10000044
#13034  pc=0040003c cycle=25608 insn=02c78063
#13035  pc=00400040 cycle=25611 insn=ffc7a683
#13036  pc=00400044 cycle=25614 insn=0007a703
#13037  pc=00400048 cycle=25617 insn=fed758e3
#13038  pc=00400038 cycle=25617 insn=00478793   x15(a5)=10000048
#13039  pc=0040003c cycle=25617 insn=02c78063
#13040  pc=00400040 cycle=25620 insn=ffc7a683
#13041  pc=00400044 cycle=25623 insn=0007a703
#13042  pc=00400048 cycle=25626 insn=fed758e3
#13043  pc=00400038 cycle=25626 insn=00478793   x15(a5)=1000004c
#13044  pc=0040003c cycle=25626 insn=02c78063
#13045  pc=00400040 cycle=25629 insn=ffc7a683
#13046  pc=00400044 cycle=25632 insn=0007a703
#13047  pc=00400048 cycle=25635 insn=fed758e3
#13048  pc=00400038 cycle=25635 insn=00478793   x15(a5)=10000050
#13049  pc=0040003c cycle=25635 insn=02c78063
#13050  pc=00400040 cycle=25638 insn=ffc7a683
#13051  pc=00400044 cycle=25641 insn=0007a703
#13052  pc=00400048 cycle=25644 insn=fed758e3
#13053  pc=00400038 cycle=25644 insn=00478793   x15(a5)=10000054
#13054  pc=0040003c cycle=25644 insn=02c78063
#13055  pc=00400040 cycle=25647 insn=ffc7a683
#13056  pc=00400044 cycle=25650 insn=0007a703
#13057  pc=00400048 cycle=25653 insn=fed758e3
#13058  pc=00400038 cycle=25653 insn=00478793   x15(a5)=10000058
#13059  pc=0040003c cycle=25653 insn=02c78063
#13060  pc=00400040 cycle=25656 insn=ffc7a683
#13061  pc=00400044 cycle=25659 insn=0007a703
#13062  pc=00400048 cycle=25662 insn=fed758e3
#13063  pc=00400038 cycle=25662 insn=00478793   x15(a5)=1000005c
#13064  pc=0040003c cycle=25662 insn=02c78063
#13065  pc=00400040 cycle=25665 insn=ffc7a683
#13066  pc=00400044 cycle=25668 insn=0007a703
#13067  pc=00400048 cycle=25671 insn=fed758e3
#13068  pc=00400038 cycle=25671 insn=00478793   x15(a5)=10000060
#13069  pc=0040003c cycle=25671 insn=02c78063
#13070  pc=00400040 cycle=25674 insn=ffc7a683
#13071  pc=00400044 cycle=25677 insn=0007a703
#13072  pc=00400048 cycle=25680 insn=fed758e3
#13073  pc=00400038 cycle=25680 insn=00478793   x15(a5)=10000064
#13074  pc=0040003c cycle=25680 insn=02c78063
#13075  pc=00400040 cycle=25683 insn=ffc7a683
#13076  pc=00400044 cycle=25686 insn=0007a703
#13077  pc=00400048 cycle=25689 insn=fed758e3
#13078  pc=00400038 cycle=25689 insn=00478793   x15(a5)=10000068
#13079  pc=0040003c cycle=25689 insn=02c78063
#13080  pc=00400040 cycle=25692 insn=ffc7a683
#13081  pc=00400044 cycle=25695 insn=0007a703
#13082  pc=00400048 cycle=25698 insn=fed758e3
#13083  pc=00400038 cycle=25698 insn=00478793   x15(a5)=1000006c
#13084  pc=0040003c cycle=25698 insn=02c78063
#13085  pc=00400040 cycle=25701 insn=ffc7a683
#13086  pc=00400044 cycle=25704 insn=0007a703
#13087  pc=00400048 cycle=25707 insn=fed758e3
#13088  pc=00400038 cycle=25707 insn=00478793   x15(a5)=10000070
#13089  pc=0040003c cycle=25707 insn=02c78063
#13090  pc=00400040 cycle=25710 insn=ffc7a683
#13091  pc=00400044 cycle=25713 insn=0007a703
#13092  pc=00400048 cycle=25716 insn=fed758e3
#13093  pc=00400038 cycle=25716 insn=00478793   x15(a5)=10000074
#13094  pc=0040003c cycle=25716 insn=02c78063
#13095  pc=00400040 cycle=25719 insn=ffc7a683
#13096  pc=00400044 cycle=25722 insn=0007a703   x14(a4)=80f68da3
#13097  pc=00400048 cycle=25725 insn=fed758e3
#13098  pc=0040004c cycle=25731 insn=00d7a023
#13099  pc=00400050 cycle=25734 insn=fee7ae23
#13100  pc=00400054 cycle=25734 insn=00088813
#13101  pc=00400058 cycle=25734 insn=fe1ff06f
#13102  pc=00400038 cycle=25735 insn=00478793   x15(a5)=10000078
#13103  pc=0040003c cycle=25738 insn=02c78063
#13104  pc=00400040 cycle=25741 insn=ffc7a683
#13105  pc=00400044 cycle=25742 insn=0007a703   x14(a4)=82f2d29c
#13106  pc=00400048 cycle=25745 insn=fed758e3
#13107  pc=00400038 cycle=25751 insn=00478793   x15(a5)=1000007c
#13108  pc=0040003c cycle=25754 insn=02c78063
#13109  pc=00400040 cycle=25756 insn=ffc7a683
#13110  pc=00400044 cycle=25757 insn=0007a703
#13111  pc=00400048 cycle=25760 insn=fed758e3
#13112  pc=00400038 cycle=25760 insn=00478793   x15(a5)=10000080
#13113  pc=0040003c cycle=25761 insn=02c78063
#13114  pc=00400040 cycle=25763 insn=ffc7a683
#13115  pc=00400044 cycle=25766 insn=0007a703
#13116  pc=00400048 cycle=25769 insn=fed758e3
#13117  pc=00400038 cycle=25769 insn=00478793   x15(a5)=10000084
#13118  pc=0040003c cycle=25769 insn=02c78063
#13119  pc=00400040 cycle=25772 insn=ffc7a683
#13120  pc=00400044 cycle=25775 insn=0007a703
#13121  pc=00400048 cycle=25778 insn=fed758e3
#13122  pc=00400038 cycle=25778 insn=00478793   x15(a5)=10000088
#13123  pc=0040003c cycle=25778 insn=02c78063
#13124  pc=00400040 cycle=25781 insn=ffc7a683
#13125  pc=00400044 cycle=25784 insn=0007a703
#13126  pc=00400048 cycle=25787 insn=fed758e3
#13127  pc=00400038 cycle=25787 insn=00478793   x15(a5)=1000008c
#13128  pc=0040003c cycle=25787 insn=02c78063
#13129  pc=00400040 cycle=25790 insn=ffc7a683
#13130  pc=00400044 cycle=25793 insn=0007a703
#13131  pc=00400048 cycle=25796 insn=fed758e3
#13132  pc=00400038 cycle=25796 insn=00478793   x15(a5)=10000090
#13133  pc=0040003c cycle=25796 insn=02c78063
#13134  pc=00400040 cycle=25799 insn=ffc7a683
#13135  pc=00400044 cycle=25802 insn=0007a703   x14(a4)=84c36ccd
#13136  pc=00400048 cycle=25805 insn=fed758e3
#13137  pc=00400038 cycle=25805 insn=00478793   x15(a5)=10000094
#13138  pc=0040003c cycle=25805 insn=02c78063
#13139  pc=00400040 cycle=25808 insn=ffc7a683   x13(a3)=84c36ccd
#13140  pc=00400044 cycle=25811 insn=0007a703
#13141  pc=00400048 cycle=25814 insn=fed758e3
#13142  pc=00400038 cycle=25814 insn=00478793   x15(a5)=10000098
#13143  pc=0040003c cycle=25814 insn=02c78063
#13144  pc=00400040 cycle=25817 insn=ffc7a683
#13145  pc=00400044 cycle=25820 insn=0007a703
#13146  pc=00400048 cycle=25823 insn=fed758e3
#13147  pc=00400038 cycle=25823 insn=00478793   x15(a5)=1000009c
#13148  pc=0040003c cycle=25823 insn=02c78063
#13149  pc=00400040 cycle=25826 insn=ffc7a683
#13150  pc=00400044 cycle=25829 insn=0007a703
#13151  pc=00400048 cycle=25832 insn=fed758e3
#13152  pc=00400038 cycle=25832 insn=00478793   x15(a5)=100000a0
#13153  pc=0040003c cycle=25832 insn=02c78063
#13154  pc=00400040 cycle=25835 insn=ffc7a683
#13155  pc=00400044 cycle=25838 insn=0007a703
#13156  pc=00400048 cycle=25841 insn=fed758e3
#13157  pc=00400038 cycle=25841 insn=00478793   x15(a5)=100000a4
#13158  pc=0040003c cycle=25841 insn=02c78063
#13159  pc=00400040 cycle=25844 insn=ffc7a683
#13160  pc=00400044 cycle=25847 insn=0007a703
#13161  pc=00400048 cycle=25850 insn=fed758e3
#13162  pc=00400038 cycle=25850 insn=00478793   x15(a5)=100000a8
#13163  pc=0040003c cycle=25850 insn=02c78063
#13164  pc=00400040 cycle=25853 insn=ffc7a683
#13165  pc=00400044 cycle=25856 insn=0007a703
#13166  pc=00400048 cycle=25859 insn=fed758e3
#13167  pc=00400038 cycle=25859 insn=00478793   x15(a5)=100000ac
#13168  pc=0040003c cycle=25859 insn=02c78063
#13169  pc=00400040 cycle=25862 insn=ffc7a683
#13170  pc=00400044 cycle=25865 insn=0007a703
#13171  pc=00400048 cycle=25868 insn=fed758e3
#13172  pc=00400038 cycle=25868 insn=00478793   x15(a5)=100000b0
#13173  pc=0040003c cycle=25868 insn=02c78063
#13174  pc=00400040 cycle=25871 insn=ffc7a683
#13175  pc=00400044 cycle=25874 insn=0007a703
#13176  pc=00400048 cycle=25877 insn=fed758e3
#13177  pc=00400038 cycle=25877 insn=00478793   x15(a5)=100000b4
#13178  pc=0040003c cycle=25877 insn=02c78063
#13179  pc=00400040 cycle=25880 insn=ffc7a683
#13180  pc=00400044 cycle=25883 insn=0007a703
#13181  pc=00400048 cycle=25886 insn=fed758e3
#13182  pc=00400038 cycle=25886 insn=00478793   x15(a5)=100000b8
#13183  pc=0040003c cycle=25886 insn=02c78063
#13184  pc=00400040 cycle=25889 insn=ffc7a683
#13185  pc=00400044 cycle=25892 insn=0007a703
#13186  pc=00400048 cycle=25895 insn=fed758e3
#13187  pc=00400038 cycle=25895 insn=00478793   x15(a5)=100000bc
#13188  pc=0040003c cycle=25895 insn=02c78063
#13189  pc=00400040 cycle=25898 insn=ffc7a683
#13190  pc=00400044 cycle=25901 insn=0007a703
#13191  pc=00400048 cycle=25904 insn=fed758e3
#13192  pc=00400038 cycle=25904 insn=00478793   x15(a5)=100000c0
#13193  pc=0040003c cycle=25904 insn=02c78063
#13194  pc=0040005c cycle=25908 insn=ffc60613   x12(a2)=100000bc
#13195  pc=00400060 cycle=25910 insn=fc0812e3
#13196  pc=00400024 cycle=25912 insn=fff58593   x11(a1)=0000002e
#13197  pc=00400028 cycle=25915 insn=02b05e63
#13198  pc=0040002c cycle=25915 insn=00450793   x15(a5)=10000004
#13199  pc=00400030 cycle=25915 insn=00030813   x16(a6)=00000000
#13200  pc=00400034 cycle=25916 insn=00c0006f
#13201  pc=00400040 cycle=25921 insn=ffc7a683   x13(a3)=859babf3
#13202  pc=00400044 cycle=25922 insn=0007a703   x14(a4)=859babf3
#13203  pc=00400048 cycle=25925 insn=fed758e3
#13204  pc=00400038 cycle=25925 insn=00478793   x15(a5)=10000008
#13205  pc=0040003c cycle=25926 insn=02c78063
#13206  pc=00400040 cycle=25928 insn=ffc7a683
#13207  pc=00400044 cycle=25931 insn=0007a703
#13208  pc=00400048 cycle=25934 insn=fed758e3
#13209  pc=00400038 cycle=25934 insn=00478793   x15(a5)=1000000c
#13210  pc=0040003c cycle=25934 insn=02c78063
#13211  pc=00400040 cycle=25937 insn=ffc7a683
#13212  pc=00400044 cycle=25940 insn=0007a703
#13213  pc=00400048 cycle=25943 insn=fed758e3
#13214  pc=00400038 cycle=25943 insn=00478793   x15(a5)=10000010
#13215  pc=0040003c cycle=25943 insn=02c78063
#13216  pc=00400040 cycle=25946 insn=ffc7a683
#13217  pc=00400044 cycle=25949 insn=0007a703   x14(a4)=82f2d29c
#13218  pc=00400048 cycle=25952 insn=fed758e3
#13219  pc=0040004c cycle=25958 insn=00d7a023
#13220  pc=00400050 cycle=25961 insn=fee7ae23
#13221  pc=00400054 cycle=25961 insn=00088813   x16(a6)=00000001
#13222  pc=00400058 cycle=25961 insn=fe1ff06f
#13223  pc=00400038 cycle=25962 insn=00478793   x15(a5)=10000014
#13224  pc=0040003c cycle=25965 insn=02c78063
#13225  pc=00400040 cycle=25968 insn=ffc7a683
#13226  pc=00400044 cycle=25969 insn=0007a703
#13227  pc=00400048 cycle=25972 insn=fed758e3
#13228  pc=0040004c cycle=25973 insn=00d7a023
#13229  pc=00400050 cycle=25976 insn=fee7ae23
#13230  pc=00400054 cycle=25976 insn=00088813
#13231  pc=00400058 cycle=25976 insn=fe1ff06f
#13232  pc=00400038 cycle=25976 insn=00478793   x15(a5)=10000018
#13233  pc=0040003c cycle=25980 insn=02c78063
#13234  pc=00400040 cycle=25983 insn=ffc7a683   x13(a3)=82f2d29c
#13235  pc=00400044 cycle=25984 insn=0007a703
#13236  pc=00400048 cycle=25987 insn=fed758e3
#13237  pc=00400038 cycle=25993 insn=00478793   x15(a5)=1000001c
#13238  pc=0040003c cycle=25996 insn=02c78063
#13239  pc=00400040 cycle=25998 insn=ffc7a683
#13240  pc=00400044 cycle=25999 insn=0007a703
#13241  pc=00400048 cycle=26002 insn=fed758e3
#13242  pc=00400038 cycle=26002 insn=00478793   x15(a5)=10000020
#13243  pc=0040003c cycle=26003 insn=02c78063
#13244  pc=00400040 cycle=26005 insn=ffc7a683
#13245  pc=00400044 cycle=26008 insn=0007a703
#13246  pc=00400048 cycle=26011 insn=fed758e3
#13247  pc=00400038 cycle=26011 insn=00478793   x15(a5)=10000024
#13248  pc=0040003c cycle=26011 insn=02c78063
#13249  pc=00400040 cycle=26014 insn=ffc7a683
#13250  pc=00400044 cycle=26017 insn=0007a703
#13251  pc=00400048 cycle=26020 insn=fed758e3
#13252  pc=00400038 cycle=26020 insn=00478793   x15(a5)=10000028
#13253  pc=0040003c cycle=26020 insn=02c78063
#13254  pc=00400040 cycle=26023 insn=ffc7a683
#13255  pc=00400044 cycle=26026 insn=0007a703
#13256  pc=00400048 cycle=26029 insn=fed758e3
#13257  pc=00400038 cycle=26029 insn=00478793   x15(a5)=1000002c
#13258  pc=0040003c cycle=26029 insn=02c78063
#13259  pc=00400040 cycle=26032 insn=ffc7a683
#13260  pc=00400044 cycle=26035 insn=0007a703
#13261  pc=00400048 cycle=26038 insn=fed758e3
#13262  pc=00400038 cycle=26038 insn=00478793   x15(a5)=10000030
#13263  pc=0040003c cycle=26038 insn=02c78063
#13264  pc=00400040 cycle=26041 insn=ffc7a683
#13265  pc=00400044 cycle=26044 insn=0007a703
#13266  pc=00400048 cycle=26047 insn=fed758e3
#13267  pc=00400038 cycle=26047 insn=00478793   x15(a5)=10000034
#13268  pc=0040003c cycle=26047 insn=02c78063
#13269  pc=00400040 cycle=26050 insn=ffc7a683
#13270  pc=00400044 cycle=26053 insn=0007a703
#13271  pc=00400048 cycle=26056 insn=fed758e3
#13272  pc=00400038 cycle=26056 insn=00478793   x15(a5)=10000038
#13273  pc=0040003c cycle=26056 insn=02c78063
#13274  pc=00400040 cycle=26059 insn=ffc7a683
#13275  pc=00400044 cycle=26062 insn=0007a703
#13276  pc=00400048 cycle=26065 insn=fed758e3
#13277  pc=00400038 cycle=26065 insn=00478793   x15(a5)=1000003c
#13278  pc=0040003c cycle=26065 insn=02c78063
#13279  pc=00400040 cycle=26068 insn=ffc7a683
#13280  pc=00400044 cycle=26071 insn=0007a703
#13281  pc=00400048 cycle=26074 insn=fed758e3
#13282  pc=00400038 cycle=26074 insn=00478793   x15(a5)=10000040
#13283  pc=0040003c cycle=26074 insn=02c78063
#13284  pc=00400040 cycle=26077 insn=ffc7a683
#13285  pc=00400044 cycle=26080 insn=0007a703
#13286  pc=00400048 cycle=26083 insn=fed758e3
#13287  pc=00400038 cycle=26083 insn=00478793   x15(a5)=10000044
#13288  pc=0040003c cycle=26083 insn=02c78063
#13289  pc=00400040 cycle=26086 insn=ffc7a683
#13290  pc=00400044 cycle=26089 insn=0007a703
#13291  pc=00400048 cycle=26092 insn=fed758e3
#13292  pc=00400038 cycle=26092 insn=00478793   x15(a5)=10000048
#13293  pc=0040003c cycle=26092 insn=02c78063
#13294  pc=00400040 cycle=26095 insn=ffc7a683
#13295  pc=00400044 cycle=26098 insn=0007a703
#13296  pc=00400048 cycle=26101 insn=fed758e3
#13297  pc=00400038 cycle=26101 insn=00478793   x15(a5)=1000004c
#13298  pc=0040003c cycle=26101 insn=02c78063
#13299  pc=00400040 cycle=26104 insn=ffc7a683
#13300  pc=00400044 cycle=26107 insn=0007a703
#13301  pc=00400048 cycle=26110 insn=fed758e3
#13302  pc=00400038 cycle=26110 insn=00478793   x15(a5)=10000050
#13303  pc=0040003c cycle=26110 insn=02c78063
#13304  pc=00400040 cycle=26113 insn=ffc7a683
#13305  pc=00400044 cycle=26116 insn=0007a703
#13306  pc=00400048 cycle=26119 insn=fed758e3
#13307  pc=00400038 cycle=26119 insn=00478793   x15(a5)=10000054
#13308  pc=0040003c cycle=26119 insn=02c78063
#13309  pc=00400040 cycle=26122 insn=ffc7a683
#13310  pc=00400044 cycle=26125 insn=0007a703
#13311  pc=00400048 cycle=26128 insn=fed758e3
#13312  pc=00400038 cycle=26128 insn=00478793   x15(a5)=10000058
#13313  pc=0040003c cycle=26128 insn=02c78063
#13314  pc=00400040 cycle=26131 insn=ffc7a683
#13315  pc=00400044 cycle=26134 insn=0007a703
#13316  pc=00400048 cycle=26137 insn=fed758e3
#13317  pc=00400038 cycle=26137 insn=00478793   x15(a5)=1000005c
#13318  pc=0040003c cycle=26137 insn=02c78063
#13319  pc=00400040 cycle=26140 insn=ffc7a683
#13320  pc=00400044 cycle=26143 insn=0007a703
#13321  pc=00400048 cycle=26146 insn=fed758e3
#13322  pc=00400038 cycle=26146 insn=00478793   x15(a5)=10000060
#13323  pc=0040003c cycle=26146 insn=02c78063
#13324  pc=00400040 cycle=26149 insn=ffc7a683
#13325  pc=00400044 cycle=26152 insn=0007a703
#13326  pc=00400048 cycle=26155 insn=fed758e3
#13327  pc=00400038 cycle=26155 insn=00478793   x15(a5)=10000064
#13328  pc=0040003c cycle=26155 insn=02c78063
#13329  pc=00400040 cycle=26158 insn=ffc7a683
#13330  pc=00400044 cycle=26161 insn=0007a703
#13331  pc=00400048 cycle=26164 insn=fed758e3
#13332  pc=00400038 cycle=26164 insn=00478793   x15(a5)=10000068
#13333  pc=0040003c cycle=26164 insn=02c78063
#13334  pc=00400040 cycle=26167 insn=ffc7a683
#13335  pc=00400044 cycle=26170 insn=0007a703
#13336  pc=00400048 cycle=26173 insn=fed758e3
#13337  pc=00400038 cycle=26173 insn=00478793   x15(a5)=1000006c
#13338  pc=0040003c cycle=26173 insn=02c78063
#13339  pc=00400040 cycle=26176 insn=ffc7a683
#13340  pc=00400044 cycle=26179 insn=0007a703
#13341  pc=00400048 cycle=26182 insn=fed758e3
#13342  pc=00400038 cycle=26182 insn=00478793   x15(a5)=10000070
#13343  pc=0040003c cycle=26182 insn=02c78063
#13344  pc=00400040 cycle=26185 insn=ffc7a683
#13345  pc=00400044 cycle=26188 insn=0007a703   x14(a4)=80f68da3
#13346  pc=00400048 cycle=26191 insn=fed758e3
#13347  pc=0040004c cycle=26197 insn=00d7a023
#13348  pc=00400050 cycle=26200 insn=fee7ae23
#13349  pc=00400054 cycle=26200 insn=00088813
#13350  pc=00400058 cycle=26200 insn=fe1ff06f
#13351  pc=00400038 cycle=26201 insn=00478793   x15(a5)=10000074
#13352  pc=0040003c cycle=26204 insn=02c78063
#13353  pc=00400040 cycle=26207 insn=ffc7a683
#13354  pc=00400044 cycle=26208 insn=0007a703   x14(a4)=82f2d29c
#13355  pc=00400048 cycle=26211 insn=fed758e3
#13356  pc=00400038 cycle=26217 insn=00478793   x15(a5)=10000078
#13357  pc=0040003c cycle=26220 insn=02c78063
#13358  pc=00400040 cycle=26222 insn=ffc7a683
#13359  pc=00400044 cycle=26223 insn=0007a703
#13360  pc=00400048 cycle=26226 insn=fed758e3
#13361  pc=00400038 cycle=26226 insn=00478793   x15(a5)=1000007c
#13362  pc=0040003c cycle=26227 insn=02c78063
#13363  pc=00400040 cycle=26229 insn=ffc7a683
#13364  pc=00400044 cycle=26232 insn=0007a703
#13365  pc=00400048 cycle=26235 insn=fed758e3
#13366  pc=00400038 cycle=26235 insn=00478793   x15(a5)=10000080
#13367  pc=0040003c cycle=26235 insn=02c78063
#13368  pc=00400040 cycle=26238 insn=ffc7a683
#13369  pc=00400044 cycle=26241 insn=0007a703
#13370  pc=00400048 cycle=26244 insn=fed758e3
#13371  pc=00400038 cycle=26244 insn=00478793   x15(a5)=10000084
#13372  pc=0040003c cycle=26244 insn=02c78063
#13373  pc=00400040 cycle=26247 insn=ffc7a683
#13374  pc=00400044 cycle=26250 insn=0007a703
#13375  pc=00400048 cycle=26253 insn=fed758e3
#13376  pc=00400038 cycle=26253 insn=00478793   x15(a5)=10000088
#13377  pc=0040003c cycle=26253 insn=02c78063
#13378  pc=00400040 cycle=26256 insn=ffc7a683
#13379  pc=00400044 cycle=26259 insn=0007a703
#13380  pc=00400048 cycle=26262 insn=fed758e3
#13381  pc=00400038 cycle=26262 insn=00478793   x15(a5)=1000008c
#13382  pc=0040003c cycle=26262 insn=02c78063
#13383  pc=00400040 cycle=26265 insn=ffc7a683
#13384  pc=00400044 cycle=26268 insn=0007a703
#13385  pc=00400048 cycle=26271 insn=fed758e3
#13386  pc=00400038 cycle=26271 insn=00478793   x15(a5)=10000090
#13387  pc=0040003c cycle=26271 insn=02c78063
#13388  pc=00400040 cycle=26274 insn=ffc7a683
#13389  pc=00400044 cycle=26277 insn=0007a703   x14(a4)=84c36ccd
#13390  pc=00400048 cycle=26280 insn=fed758e3
#13391  pc=00400038 cycle=26280 insn=00478793   x15(a5)=10000094
#13392  pc=0040003c cycle=26280 insn=02c78063
#13393  pc=00400040 cycle=26283 insn=ffc7a683   x13(a3)=84c36ccd
#13394  pc=00400044 cycle=26286 insn=0007a703
#13395  pc=00400048 cycle=26289 insn=fed758e3
#13396  pc=00400038 cycle=26289 insn=00478793   x15(a5)=10000098
#13397  pc=0040003c cycle=26289 insn=02c78063
#13398  pc=00400040 cycle=26292 insn=ffc7a683
#13399  pc=00400044 cycle=26295 insn=0007a703
#13400  pc=00400048 cycle=26298 insn=fed758e3
#13401  pc=00400038 cycle=26298 insn=00478793   x15(a5)=1000009c
#13402  pc=0040003c cycle=26298 insn=02c78063
#13403  pc=00400040 cycle=26301 insn=ffc7a683
#13404  pc=00400044 cycle=26304 insn=0007a703
#13405  pc=00400048 cycle=26307 insn=fed758e3
#13406  pc=00400038 cycle=26307 insn=00478793   x15(a5)=100000a0
#13407  pc=0040003c cycle=26307 insn=02c78063
#13408  pc=00400040 cycle=26310 insn=ffc7a683
#13409  pc=00400044 cycle=26313 insn=0007a703
#13410  pc=00400048 cycle=26316 insn=fed758e3
#13411  pc=00400038 cycle=26316 insn=00478793   x15(a5)=100000a4
#13412  pc=0040003c cycle=26316 insn=02c78063
#13413  pc=00400040 cycle=26319 insn=ffc7a683
#13414  pc=00400044 cycle=26322 insn=0007a703
#13415  pc=00400048 cycle=26325 insn=fed758e3
#13416  pc=00400038 cycle=26325 insn=00478793   x15(a5)=100000a8
#13417  pc=0040003c cycle=26325 insn=02c78063
#13418  pc=00400040 cycle=26328 insn=ffc7a683
#13419  pc=00400044 cycle=26331 insn=0007a703
#13420  pc=00400048 cycle=26334 insn=fed758e3
#13421  pc=00400038 cycle=26334 insn=00478793   x15(a5)=100000ac
#13422  pc=0040003c cycle=26334 insn=02c78063
#13423  pc=00400040 cycle=26337 insn=ffc7a683
#13424  pc=00400044 cycle=26340 insn=0007a703
#13425  pc=00400048 cycle=26343 insn=fed758e3
#13426  pc=00400038 cycle=26343 insn=00478793   x15(a5)=100000b0
#13427  pc=0040003c cycle=26343 insn=02c78063
#13428  pc=00400040 cycle=26346 insn=ffc7a683
#13429  pc=00400044 cycle=26349 insn=0007a703
#13430  pc=00400048 cycle=26352 insn=fed758e3
#13431  pc=00400038 cycle=26352 insn=00478793   x15(a5)=100000b4
#13432  pc=0040003c cycle=26352 insn=02c78063
#13433  pc=00400040 cycle=26355 insn=ffc7a683
#13434  pc=00400044 cycle=26358 insn=0007a703
#13435  pc=00400048 cycle=26361 insn=fed758e3
#13436  pc=00400038 cycle=26361 insn=00478793   x15(a5)=100000b8
#13437  pc=0040003c cycle=26361 insn=02c78063
#13438  pc=00400040 cycle=26364 insn=ffc7a683
#13439  pc=00400044 cycle=26367 insn=0007a703
#13440  pc=00400048 cycle=26370 insn=fed758e3
#13441  pc=00400038 cycle=26370 insn=00478793   x15(a5)=100000bc
#13442  pc=0040003c cycle=26370 insn=02c78063
#13443  pc=0040005c cycle=26374 insn=ffc60613   x12(a2)=100000b8
#13444  pc=00400060 cycle=26376 insn=fc0812e3
#13445  pc=00400024 cycle=26378 insn=fff58593   x11(a1)=0000002d
#13446  pc=00400028 cycle=26381 insn=02b05e63
#13447  pc=0040002c cycle=26381 insn=00450793   x15(a5)=10000004
#13448  pc=00400030 cycle=26381 insn=00030813   x16(a6)=00000000
#13449  pc=00400034 cycle=26382 insn=00c0006f
#13450  pc=00400040 cycle=26387 insn=ffc7a683   x13(a3)=859babf3
#13451  pc=00400044 cycle=26388 insn=0007a703   x14(a4)=859babf3
#13452  pc=00400048 cycle=26391 insn=fed758e3
#13453  pc=00400038 cycle=26391 insn=00478793   x15(a5)=10000008
#13454  pc=0040003c cycle=26392 insn=02c78063
#13455  pc=00400040 cycle=26394 insn=ffc7a683
#13456  pc=00400044 cycle=26397 insn=0007a703
#13457  pc=00400048 cycle=26400 insn=fed758e3
#13458  pc=00400038 cycle=26400 insn=00478793   x15(a5)=1000000c
#13459  pc=0040003c cycle=26400 insn=02c78063
#13460  pc=00400040 cycle=26403 insn=ffc7a683
#13461  pc=00400044 cycle=26406 insn=0007a703   x14(a4)=82f2d29c
#13462  pc=00400048 cycle=26409 insn=fed758e3
#13463  pc=0040004c cycle=26415 insn=00d7a023
#13464  pc=00400050 cycle=26418 insn=fee7ae23
#13465  pc=00400054 cycle=26418 insn=00088813   x16(a6)=00000001
#13466  pc=00400058 cycle=26418 insn=fe1ff06f
#13467  pc=00400038 cycle=26419 insn=00478793   x15(a5)=10000010
#13468  pc=0040003c cycle=26422 insn=02c78063
#13469  pc=00400040 cycle=26425 insn=ffc7a683
#13470  pc=00400044 cycle=26426 insn=0007a703
#13471  pc=00400048 cycle=26429 insn=fed758e3
#13472  pc=0040004c cycle=26430 insn=00d7a023
#13473  pc=00400050 cycle=26433 insn=fee7ae23
#13474  pc=00400054 cycle=26433 insn=00088813
#13475  pc=00400058 cycle=26433 insn=fe1ff06f
#13476  pc=00400038 cycle=26433 insn=00478793   x15(a5)=10000014
#13477  pc=0040003c cycle=26437 insn=02c78063
#13478  pc=00400040 cycle=26440 insn=ffc7a683   x13(a3)=82f2d29c
#13479  pc=00400044 cycle=26441 insn=0007a703
#13480  pc=00400048 cycle=26444 insn=fed758e3
#13481  pc=00400038 cycle=26450 insn=00478793   x15(a5)=10000018
#13482  pc=0040003c cycle=26453 insn=02c78063
#13483  pc=00400040 cycle=26455 insn=ffc7a683
#13484  pc=00400044 cycle=26456 insn=0007a703
#13485  pc=00400048 cycle=26459 insn=fed758e3
#13486  pc=00400038 cycle=26459 insn=00478793   x15(a5)=1000001c
#13487  pc=0040003c cycle=26460 insn=02c78063
#13488  pc=00400040 cycle=26462 insn=ffc7a683
#13489  pc=00400044 cycle=26465 insn=0007a703
#13490  pc=00400048 cycle=26468 insn=fed758e3
#13491  pc=00400038 cycle=26468 insn=00478793   x15(a5)=10000020
#13492  pc=0040003c cycle=26468 insn=02c78063
#13493  pc=00400040 cycle=26471 insn=ffc7a683
#13494  pc=00400044 cycle=26474 insn=0007a703
#13495  pc=00400048 cycle=26477 insn=fed758e3
#13496  pc=00400038 cycle=26477 insn=00478793   x15(a5)=10000024
#13497  pc=0040003c cycle=26477 insn=02c78063
#13498  pc=00400040 cycle=26480 insn=ffc7a683
#13499  pc=00400044 cycle=26483 insn=0007a703
#13500  pc=00400048 cycle=26486 insn=fed758e3
#13501  pc=00400038 cycle=26486 insn=00478793   x15(a5)=10000028
#13502  pc=0040003c cycle=26486 insn=02c78063
#13503  pc=00400040 cycle=26489 insn=ffc7a683
#13504  pc=00400044 cycle=26492 insn=0007a703
#13505  pc=00400048 cycle=26495 insn=fed758e3
#13506  pc=00400038 cycle=26495 insn=00478793   x15(a5)=1000002c
#13507  pc=0040003c cycle=26495 insn=02c78063
#13508  pc=00400040 cycle=26498 insn=ffc7a683
#13509  pc=00400044 cycle=26501 insn=0007a703
#13510  pc=00400048 cycle=26504 insn=fed758e3
#13511  pc=00400038 cycle=26504 insn=00478793   x15(a5)=10000030
#13512  pc=0040003c cycle=26504 insn=02c78063
#13513  pc=00400040 cycle=26507 insn=ffc7a683
#13514  pc=00400044 cycle=26510 insn=0007a703
#13515  pc=00400048 cycle=26513 insn=fed758e3
#13516  pc=00400038 cycle=26513 insn=00478793   x15(a5)=10000034
#13517  pc=0040003c cycle=26513 insn=02c78063
#13518  pc=00400040 cycle=26516 insn=ffc7a683
#13519  pc=00400044 cycle=26519 insn=0007a703
#13520  pc=00400048 cycle=26522 insn=fed758e3
#13521  pc=00400038 cycle=26522 insn=00478793   x15(a5)=10000038
#13522  pc=0040003c cycle=26522 insn=02c78063
#13523  pc=00400040 cycle=26525 insn=ffc7a683
#13524  pc=00400044 cycle=26528 insn=0007a703
#13525  pc=00400048 cycle=26531 insn=fed758e3
#13526  pc=00400038 cycle=26531 insn=00478793   x15(a5)=1000003c
#13527  pc=0040003c cycle=26531 insn=02c78063
#13528  pc=00400040 cycle=26534 insn=ffc7a683
#13529  pc=00400044 cycle=26537 insn=0007a703
#13530  pc=00400048 cycle=26540 insn=fed758e3
#13531  pc=00400038 cycle=26540 insn=00478793   x15(a5)=10000040
#13532  pc=0040003c cycle=26540 insn=02c78063
#13533  pc=00400040 cycle=26543 insn=ffc7a683
#13534  pc=00400044 cycle=26546 insn=0007a703
#13535  pc=00400048 cycle=26549 insn=fed758e3
#13536  pc=00400038 cycle=26549 insn=00478793   x15(a5)=10000044
#13537  pc=0040003c cycle=26549 insn=02c78063
#13538  pc=00400040 cycle=26552 insn=ffc7a683
#13539  pc=00400044 cycle=26555 insn=0007a703
#13540  pc=00400048 cycle=26558 insn=fed758e3
#13541  pc=00400038 cycle=26558 insn=00478793   x15(a5)=10000048
#13542  pc=0040003c cycle=26558 insn=02c78063
#13543  pc=00400040 cycle=26561 insn=ffc7a683
#13544  pc=00400044 cycle=26564 insn=0007a703
#13545  pc=00400048 cycle=26567 insn=fed758e3
#13546  pc=00400038 cycle=26567 insn=00478793   x15(a5)=1000004c
#13547  pc=0040003c cycle=26567 insn=02c78063
#13548  pc=00400040 cycle=26570 insn=ffc7a683
#13549  pc=00400044 cycle=26573 insn=0007a703
#13550  pc=00400048 cycle=26576 insn=fed758e3
#13551  pc=00400038 cycle=26576 insn=00478793   x15(a5)=10000050
#13552  pc=0040003c cycle=26576 insn=02c78063
#13553  pc=00400040 cycle=26579 insn=ffc7a683
#13554  pc=00400044 cycle=26582 insn=0007a703
#13555  pc=00400048 cycle=26585 insn=fed758e3
#13556  pc=00400038 cycle=26585 insn=00478793   x15(a5)=10000054
#13557  pc=0040003c cycle=26585 insn=02c78063
#13558  pc=00400040 cycle=26588 insn=ffc7a683
#13559  pc=00400044 cycle=26591 insn=0007a703
#13560  pc=00400048 cycle=26594 insn=fed758e3
#13561  pc=00400038 cycle=26594 insn=00478793   x15(a5)=10000058
#13562  pc=0040003c cycle=26594 insn=02c78063
#13563  pc=00400040 cycle=26597 insn=ffc7a683
#13564  pc=00400044 cycle=26600 insn=0007a703
#13565  pc=00400048 cycle=26603 insn=fed758e3
#13566  pc=00400038 cycle=26603 insn=00478793   x15(a5)=1000005c
#13567  pc=0040003c cycle=26603 insn=02c78063
#13568  pc=00400040 cycle=26606 insn=ffc7a683
#13569  pc=00400044 cycle=26609 insn=0007a703
#13570  pc=00400048 cycle=26612 insn=fed758e3
#13571  pc=00400038 cycle=26612 insn=00478793   x15(a5)=10000060
#13572  pc=0040003c cycle=26612 insn=02c78063
#13573  pc=00400040 cycle=26615 insn=ffc7a683
#13574  pc=00400044 cycle=26618 insn=0007a703
#13575  pc=00400048 cycle=26621 insn=fed758e3
#13576  pc=00400038 cycle=26621 insn=00478793   x15(a5)=10000064
#13577  pc=0040003c cycle=26621 insn=02c78063
#13578  pc=00400040 cycle=26624 insn=ffc7a683
#13579  pc=00400044 cycle=26627 insn=0007a703
#13580  pc=00400048 cycle=26630 insn=fed758e3
#13581  pc=00400038 cycle=26630 insn=00478793   x15(a5)=10000068
#13582  pc=0040003c cycle=26630 insn=02c78063
#13583  pc=00400040 cycle=26633 insn=ffc7a683
#13584  pc=00400044 cycle=26636 insn=0007a703
#13585  pc=00400048 cycle=26639 insn=fed758e3
#13586  pc=00400038 cycle=26639 insn=00478793   x15(a5)=1000006c
#13587  pc=0040003c cycle=26639 insn=02c78063
#13588  pc=00400040 cycle=26642 insn=ffc7a683
#13589  pc=00400044 cycle=26645 insn=0007a703   x14(a4)=80f68da3
#13590  pc=00400048 cycle=26648 insn=fed758e3
#13591  pc=0040004c cycle=26654 insn=00d7a023
#13592  pc=00400050 cycle=26657 insn=fee7ae23
#13593  pc=00400054 cycle=26657 insn=00088813
#13594  pc=00400058 cycle=26657 insn=fe1ff06f
#13595  pc=00400038 cycle=26658 insn=00478793   x15(a5)=10000070
#13596  pc=0040003c cycle=26661 insn=02c78063
#13597  pc=00400040 cycle=26664 insn=ffc7a683
#13598  pc=00400044 cycle=26665 insn=0007a703   x14(a4)=82f2d29c
#13599  pc=00400048 cycle=26668 insn=fed758e3
#13600  pc=00400038 cycle=26674 insn=00478793   x15(a5)=10000074
#13601  pc=0040003c cycle=26677 insn=02c78063
#13602  pc=00400040 cycle=26679 insn=ffc7a683
#13603  pc=00400044 cycle=26680 insn=0007a703
#13604  pc=00400048 cycle=26683 insn=fed758e3
#13605  pc=00400038 cycle=26683 insn=00478793   x15(a5)=10000078
#13606  pc=0040003c cycle=26684 insn=02c78063
#13607  pc=00400040 cycle=26686 insn=ffc7a683
#13608  pc=00400044 cycle=26689 insn=0007a703
#13609  pc=00400048 cycle=26692 insn=fed758e3
#13610  pc=00400038 cycle=26692 insn=00478793   x15(a5)=1000007c
#13611  pc=0040003c cycle=26692 insn=02c78063
#13612  pc=00400040 cycle=26695 insn=ffc7a683
#13613  pc=00400044 cycle=26698 insn=0007a703
#13614  pc=00400048 cycle=26701 insn=fed758e3
#13615  pc=00400038 cycle=26701 insn=00478793   x15(a5)=10000080
#13616  pc=0040003c cycle=26701 insn=02c78063
#13617  pc=00400040 cycle=26704 insn=ffc7a683
#13618  pc=00400044 cycle=26707 insn=0007a703
#13619  pc=00400048 cycle=26710 insn=fed758e3
#13620  pc=00400038 cycle=26710 insn=00478793   x15(a5)=10000084
#13621  pc=0040003c cycle=26710 insn=02c78063
#13622  pc=00400040 cycle=26713 insn=ffc7a683
#13623  pc=00400044 cycle=26716 insn=0007a703
#13624  pc=00400048 cycle=26719 insn=fed758e3
#13625  pc=00400038 cycle=26719 insn=00478793   x15(a5)=10000088
#13626  pc=0040003c cycle=26719 insn=02c78063
#13627  pc=00400040 cycle=26722 insn=ffc7a683
#13628  pc=00400044 cycle=26725 insn=0007a703
#13629  pc=00400048 cycle=26728 insn=fed758e3
#13630  pc=00400038 cycle=26728 insn=00478793   x15(a5)=1000008c
#13631  pc=0040003c cycle=26728 insn=02c78063
#13632  pc=00400040 cycle=26731 insn=ffc7a683
#13633  pc=00400044 cycle=26734 insn=0007a703
#13634  pc=00400048 cycle=26737 insn=fed758e3
#13635  pc=00400038 cycle=26737 insn=00478793   x15(a5)=10000090
#13636  pc=0040003c cycle=26737 insn=02c78063
#13637  pc=00400040 cycle=26740 insn=ffc7a683
#13638  pc=00400044 cycle=26743 insn=0007a703   x14(a4)=84c36ccd
#13639  pc=00400048 cycle=26746 insn=fed758e3
#13640  pc=00400038 cycle=26746 insn=00478793   x15(a5)=10000094
#13641  pc=0040003c cycle=26746 insn=02c78063
#13642  pc=00400040 cycle=26749 insn=ffc7a683   x13(a3)=84c36ccd
#13643  pc=00400044 cycle=26752 insn=0007a703
#13644  pc=00400048 cycle=26755 insn=fed758e3
#13645  pc=00400038 cycle=26755 insn=00478793   x15(a5)=10000098
#13646  pc=0040003c cycle=26755 insn=02c78063
#13647  pc=00400040 cycle=26758 insn=ffc7a683
#13648  pc=00400044 cycle=26761 insn=0007a703
#13649  pc=00400048 cycle=26764 insn=fed758e3
#13650  pc=00400038 cycle=26764 insn=00478793   x15(a5)=1000009c
#13651  pc=0040003c cycle=26764 insn=02c78063
#13652  pc=00400040 cycle=26767 insn=ffc7a683
#13653  pc=00400044 cycle=26770 insn=0007a703
#13654  pc=00400048 cycle=26773 insn=fed758e3
#13655  pc=00400038 cycle=26773 insn=00478793   x15(a5)=100000a0
#13656  pc=0040003c cycle=26773 insn=02c78063
#13657  pc=00400040 cycle=26776 insn=ffc7a683
#13658  pc=00400044 cycle=26779 insn=0007a703
#13659  pc=00400048 cycle=26782 insn=fed758e3
#13660  pc=00400038 cycle=26782 insn=00478793   x15(a5)=100000a4
#13661  pc=0040003c cycle=26782 insn=02c78063
#13662  pc=00400040 cycle=26785 insn=ffc7a683
#13663  pc=00400044 cycle=26788 insn=0007a703
#13664  pc=00400048 cycle=26791 insn=fed758e3
#13665  pc=00400038 cycle=26791 insn=00478793   x15(a5)=100000a8
#13666  pc=0040003c cycle=26791 insn=02c78063
#13667  pc=00400040 cycle=26794 insn=ffc7a683
#13668  pc=00400044 cycle=26797 insn=0007a703
#13669  pc=00400048 cycle=26800 insn=fed758e3
#13670  pc=00400038 cycle=26800 insn=00478793   x15(a5)=100000ac
#13671  pc=0040003c cycle=26800 insn=02c78063
#13672  pc=00400040 cycle=26803 insn=ffc7a683
#13673  pc=00400044 cycle=26806 insn=0007a703
#13674  pc=00400048 cycle=26809 insn=fed758e3
#13675  pc=00400038 cycle=26809 insn=00478793   x15(a5)=100000b0
#13676  pc=0040003c cycle=26809 insn=02c78063
#13677  pc=00400040 cycle=26812 insn=ffc7a683
#13678  pc=00400044 cycle=26815 insn=0007a703
#13679  pc=00400048 cycle=26818 insn=fed758e3
#13680  pc=00400038 cycle=26818 insn=00478793   x15(a5)=100000b4
#13681  pc=0040003c cycle=26818 insn=02c78063
#13682  pc=00400040 cycle=26821 insn=ffc7a683
#13683  pc=00400044 cycle=26824 insn=0007a703
#13684  pc=00400048 cycle=26827 insn=fed758e3
#13685  pc=00400038 cycle=26827 insn=00478793   x15(a5)=100000b8
#13686  pc=0040003c cycle=26827 insn=02c78063
#13687  pc=0040005c cycle=26831 insn=ffc60613   x12(a2)=100000b4
#13688  pc=00400060 cycle=26833 insn=fc0812e3
#13689  pc=00400024 cycle=26835 insn=fff58593   x11(a1)=0000002c
#13690  pc=00400028 cycle=26838 insn=02b05e63
#13691  pc=0040002c cycle=26838 insn=00450793   x15(a5)=10000004
#13692  pc=00400030 cycle=26838 insn=00030813   x16(a6)=00000000
#13693  pc=00400034 cycle=26839 insn=00c0006f
#13694  pc=00400040 cycle=26844 insn=ffc7a683   x13(a3)=859babf3
#13695  pc=00400044 cycle=26845 insn=0007a703   x14(a4)=859babf3
#13696  pc=00400048 cycle=26848 insn=fed758e3
#13697  pc=00400038 cycle=26848 insn=00478793   x15(a5)=10000008
#13698  pc=0040003c cycle=26849 insn=02c78063
#13699  pc=00400040 cycle=26851 insn=ffc7a683
#13700  pc=00400044 cycle=26854 insn=0007a703   x14(a4)=82f2d29c
#13701  pc=00400048 cycle=26857 insn=fed758e3
#13702  pc=0040004c cycle=26863 insn=00d7a023
#13703  pc=00400050 cycle=26866 insn=fee7ae23
#13704  pc=00400054 cycle=26866 insn=00088813   x16(a6)=00000001
#13705  pc=00400058 cycle=26866 insn=fe1ff06f
#13706  pc=00400038 cycle=26867 insn=00478793   x15(a5)=1000000c
#13707  pc=0040003c cycle=26870 insn=02c78063
#13708  pc=00400040 cycle=26873 insn=ffc7a683
#13709  pc=00400044 cycle=26874 insn=0007a703
#13710  pc=00400048 cycle=26877 insn=fed758e3
#13711  pc=0040004c cycle=26878 insn=00d7a023
#13712  pc=00400050 cycle=26881 insn=fee7ae23
#13713  pc=00400054 cycle=26881 insn=00088813
#13714  pc=00400058 cycle=26881 insn=fe1ff06f
#13715  pc=00400038 cycle=26881 insn=00478793   x15(a5)=10000010
#13716  pc=0040003c cycle=26885 insn=02c78063
#13717  pc=00400040 cycle=26888 insn=ffc7a683   x13(a3)=82f2d29c
#13718  pc=00400044 cycle=26889 insn=0007a703
#13719  pc=00400048 cycle=26892 insn=fed758e3
#13720  pc=00400038 cycle=26898 insn=00478793   x15(a5)=10000014
#13721  pc=0040003c cycle=26901 insn=02c78063
#13722  pc=00400040 cycle=26903 insn=ffc7a683
#13723  pc=00400044 cycle=26904 insn=0007a703
#13724  pc=00400048 cycle=26907 insn=fed758e3
#13725  pc=00400038 cycle=26907 insn=00478793   x15(a5)=10000018
#13726  pc=0040003c cycle=26908 insn=02c78063
#13727  pc=00400040 cycle=26910 insn=ffc7a683
#13728  pc=00400044 cycle=26913 insn=0007a703
#13729  pc=00400048 cycle=26916 insn=fed758e3
#13730  pc=00400038 cycle=26916 insn=00478793   x15(a5)=1000001c
#13731  pc=0040003c cycle=26916 insn=02c78063
#13732  pc=00400040 cycle=26919 insn=ffc7a683
#13733  pc=00400044 cycle=26922 insn=0007a703
#13734  pc=00400048 cycle=26925 insn=fed758e3
#13735  pc=00400038 cycle=26925 insn=00478793   x15(a5)=10000020
#13736  pc=0040003c cycle=26925 insn=02c78063
#13737  pc=00400040 cycle=26928 insn=ffc7a683
#13738  pc=00400044 cycle=26931 insn=0007a703
#13739  pc=00400048 cycle=26934 insn=fed758e3
#13740  pc=00400038 cycle=26934 insn=00478793   x15(a5)=10000024
#13741  pc=0040003c cycle=26934 insn=02c78063
#13742  pc=00400040 cycle=26937 insn=ffc7a683
#13743  pc=00400044 cycle=26940 insn=0007a703
#13744  pc=00400048 cycle=26943 insn=fed758e3
#13745  pc=00400038 cycle=26943 insn=00478793   x15(a5)=10000028
#13746  pc=0040003c cycle=26943 insn=02c78063
#13747  pc=00400040 cycle=26946 insn=ffc7a683
#13748  pc=00400044 cycle=26949 insn=0007a703
#13749  pc=00400048 cycle=26952 insn=fed758e3
#13750  pc=00400038 cycle=26952 insn=00478793   x15(a5)=1000002c
#13751  pc=0040003c cycle=26952 insn=02c78063
#13752  pc=00400040 cycle=26955 insn=ffc7a683
#13753  pc=00400044 cycle=26958 insn=0007a703
#13754  pc=00400048 cycle=26961 insn=fed758e3
#13755  pc=00400038 cycle=26961 insn=00478793   x15(a5)=10000030
#13756  pc=0040003c cycle=26961 insn=02c78063
#13757  pc=00400040 cycle=26964 insn=ffc7a683
#13758  pc=00400044 cycle=26967 insn=0007a703
#13759  pc=00400048 cycle=26970 insn=fed758e3
#13760  pc=00400038 cycle=26970 insn=00478793   x15(a5)=10000034
#13761  pc=0040003c cycle=26970 insn=02c78063
#13762  pc=00400040 cycle=26973 insn=ffc7a683
#13763  pc=00400044 cycle=26976 insn=0007a703
#13764  pc=00400048 cycle=26979 insn=fed758e3
#13765  pc=00400038 cycle=26979 insn=00478793   x15(a5)=10000038
#13766  pc=0040003c cycle=26979 insn=02c78063
#13767  pc=00400040 cycle=26982 insn=ffc7a683
#13768  pc=00400044 cycle=26985 insn=0007a703
#13769  pc=00400048 cycle=26988 insn=fed758e3
#13770  pc=00400038 cycle=26988 insn=00478793   x15(a5)=1000003c
#13771  pc=0040003c cycle=26988 insn=02c78063
#13772  pc=00400040 cycle=26991 insn=ffc7a683
#13773  pc=00400044 cycle=26994 insn=0007a703
#13774  pc=00400048 cycle=26997 insn=fed758e3
#13775  pc=00400038 cycle=26997 insn=00478793   x15(a5)=10000040
#13776  pc=0040003c cycle=26997 insn=02c78063
#13777  pc=00400040 cycle=27000 insn=ffc7a683
#13778  pc=00400044 cycle=27003 insn=0007a703
#13779  pc=00400048 cycle=27006 insn=fed758e3
#13780  pc=00400038 cycle=27006 insn=00478793   x15(a5)=10000044
#13781  pc=0040003c cycle=27006 insn=02c78063
#13782  pc=00400040 cycle=27009 insn=ffc7a683
#13783  pc=00400044 cycle=27012 insn=0007a703
#13784  pc=00400048 cycle=27015 insn=fed758e3
#13785  pc=00400038 cycle=27015 insn=00478793   x15(a5)=10000048
#13786  pc=0040003c cycle=27015 insn=02c78063
#13787  pc=00400040 cycle=27018 insn=ffc7a683
#13788  pc=00400044 cycle=27021 insn=0007a703
#13789  pc=00400048 cycle=27024 insn=fed758e3
#13790  pc=00400038 cycle=27024 insn=00478793   x15(a5)=1000004c
#13791  pc=0040003c cycle=27024 insn=02c78063
#13792  pc=00400040 cycle=27027 insn=ffc7a683
#13793  pc=00400044 cycle=27030 insn=0007a703
#13794  pc=00400048 cycle=27033 insn=fed758e3
#13795  pc=00400038 cycle=27033 insn=00478793   x15(a5)=10000050
#13796  pc=0040003c cycle=27033 insn=02c78063
#13797  pc=00400040 cycle=27036 insn=ffc7a683
#13798  pc=00400044 cycle=27039 insn=0007a703
#13799  pc=00400048 cycle=27042 insn=fed758e3
#13800  pc=00400038 cycle=27042 insn=00478793   x15(a5)=10000054
#13801  pc=0040003c cycle=27042 insn=02c78063
#13802  pc=00400040 cycle=27045 insn=ffc7a683
#13803  pc=00400044 cycle=27048 insn=0007a703
#13804  pc=00400048 cycle=27051 insn=fed758e3
#13805  pc=00400038 cycle=27051 insn=00478793   x15(a5)=10000058
#13806  pc=0040003c cycle=27051 insn=02c78063
#13807  pc=00400040 cycle=27054 insn=ffc7a683
#13808  pc=00400044 cycle=27057 insn=0007a703
#13809  pc=00400048 cycle=27060 insn=fed758e3
#13810  pc=00400038 cycle=27060 insn=00478793   x15(a5)=1000005c
#13811  pc=0040003c cycle=27060 insn=02c78063
#13812  pc=00400040 cycle=27063 insn=ffc7a683
#13813  pc=00400044 cycle=27066 insn=0007a703
#13814  pc=00400048 cycle=27069 insn=fed758e3
#13815  pc=00400038 cycle=27069 insn=00478793   x15(a5)=10000060
#13816  pc=0040003c cycle=27069 insn=02c78063
#13817  pc=00400040 cycle=27072 insn=ffc7a683
#13818  pc=00400044 cycle=27075 insn=0007a703
#13819  pc=00400048 cycle=27078 insn=fed758e3
#13820  pc=00400038 cycle=27078 insn=00478793   x15(a5)=10000064
#13821  pc=0040003c cycle=27078 insn=02c78063
#13822  pc=00400040 cycle=27081 insn=ffc7a683
#13823  pc=00400044 cycle=27084 insn=0007a703
#13824  pc=00400048 cycle=27087 insn=fed758e3
#13825  pc=00400038 cycle=27087 insn=00478793   x15(a5)=10000068
#13826  pc=0040003c cycle=27087 insn=02c78063
#13827  pc=00400040 cycle=27090 insn=ffc7a683
#13828  pc=00400044 cycle=27093 insn=0007a703   x14(a4)=80f68da3
#13829  pc=00400048 cycle=27096 insn=fed758e3
#13830  pc=0040004c cycle=27102 insn=00d7a023
#13831  pc=00400050 cycle=27105 insn=fee7ae23
#13832  pc=00400054 cycle=27105 insn=00088813
#13833  pc=00400058 cycle=27105 insn=fe1ff06f
#13834  pc=00400038 cycle=27106 insn=00478793   x15(a5)=1000006c
#13835  pc=0040003c cycle=27109 insn=02c78063
#13836  pc=00400040 cycle=27112 insn=ffc7a683
#13837  pc=00400044 cycle=27113 insn=0007a703   x14(a4)=82f2d29c
#13838  pc=00400048 cycle=27116 insn=fed758e3
#13839  pc=00400038 cycle=27122 insn=00478793   x15(a5)=10000070
#13840  pc=0040003c cycle=27125 insn=02c78063
#13841  pc=00400040 cycle=27127 insn=ffc7a683
#13842  pc=00400044 cycle=27128 insn=0007a703
#13843  pc=00400048 cycle=27131 insn=fed758e3
#13844  pc=00400038 cycle=27131 insn=00478793   x15(a5)=10000074
#13845  pc=0040003c cycle=27132 insn=02c78063
#13846  pc=00400040 cycle=27134 insn=ffc7a683
#13847  pc=00400044 cycle=27137 insn=0007a703
#13848  pc=00400048 cycle=27140 insn=fed758e3
#13849  pc=00400038 cycle=27140 insn=00478793   x15(a5)=10000078
#13850  pc=0040003c cycle=27140 insn=02c78063
#13851  pc=00400040 cycle=27143 insn=ffc7a683
#13852  pc=00400044 cycle=27146 insn=0007a703
#13853  pc=00400048 cycle=27149 insn=fed758e3
#13854  pc=00400038 cycle=27149 insn=00478793   x15(a5)=1000007c
#13855  pc=0040003c cycle=27149 insn=02c78063
#13856  pc=00400040 cycle=27152 insn=ffc7a683
#13857  pc=00400044 cycle=27155 insn=0007a703
#13858  pc=00400048 cycle=27158 insn=fed758e3
#13859  pc=00400038 cycle=27158 insn=00478793   x15(a5)=10000080
#13860  pc=0040003c cycle=27158 insn=02c78063
#13861  pc=00400040 cycle=27161 insn=ffc7a683
#13862  pc=00400044 cycle=27164 insn=0007a703
#13863  pc=00400048 cycle=27167 insn=fed758e3
#13864  pc=00400038 cycle=27167 insn=00478793   x15(a5)=10000084
#13865  pc=0040003c cycle=27167 insn=02c78063
#13866  pc=00400040 cycle=27170 insn=ffc7a683
#13867  pc=00400044 cycle=27173 insn=0007a703
#13868  pc=00400048 cycle=27176 insn=fed758e3
#13869  pc=00400038 cycle=27176 insn=00478793   x15(a5)=10000088
#13870  pc=0040003c cycle=27176 insn=02c78063
#13871  pc=00400040 cycle=27179 insn=ffc7a683
#13872  pc=00400044 cycle=27182 insn=0007a703
#13873  pc=00400048 cycle=27185 insn=fed758e3
#13874  pc=00400038 cycle=27185 insn=00478793   x15(a5)=1000008c
#13875  pc=0040003c cycle=27185 insn=02c78063
#13876  pc=00400040 cycle=27188 insn=ffc7a683
#13877  pc=00400044 cycle=27191 insn=0007a703
#13878  pc=00400048 cycle=27194 insn=fed758e3
#13879  pc=00400038 cycle=27194 insn=00478793   x15(a5)=10000090
#13880  pc=0040003c cycle=27194 insn=02c78063
#13881  pc=00400040 cycle=27197 insn=ffc7a683
#13882  pc=00400044 cycle=27200 insn=0007a703   x14(a4)=84c36ccd
#13883  pc=00400048 cycle=27203 insn=fed758e3
#13884  pc=00400038 cycle=27203 insn=00478793   x15(a5)=10000094
#13885  pc=0040003c cycle=27203 insn=02c78063
#13886  pc=00400040 cycle=27206 insn=ffc7a683   x13(a3)=84c36ccd
#13887  pc=00400044 cycle=27209 insn=0007a703
#13888  pc=00400048 cycle=27212 insn=fed758e3
#13889  pc=00400038 cycle=27212 insn=00478793   x15(a5)=10000098
#13890  pc=0040003c cycle=27212 insn=02c78063
#13891  pc=00400040 cycle=27215 insn=ffc7a683
#13892  pc=00400044 cycle=27218 insn=0007a703
#13893  pc=00400048 cycle=27221 insn=fed758e3
#13894  pc=00400038 cycle=27221 insn=00478793   x15(a5)=1000009c
#13895  pc=0040003c cycle=27221 insn=02c78063
#13896  pc=00400040 cycle=27224 insn=ffc7a683
#13897  pc=00400044 cycle=27227 insn=0007a703
#13898  pc=00400048 cycle=27230 insn=fed758e3
#13899  pc=00400038 cycle=27230 insn=00478793   x15(a5)=100000a0
#13900  pc=0040003c cycle=27230 insn=02c78063
#13901  pc=00400040 cycle=27233 insn=ffc7a683
#13902  pc=00400044 cycle=27236 insn=0007a703
#13903  pc=00400048 cycle=27239 insn=fed758e3
#13904  pc=00400038 cycle=27239 insn=00478793   x15(a5)=100000a4
#13905  pc=0040003c cycle=27239 insn=02c78063
#13906  pc=00400040 cycle=27242 insn=ffc7a683
#13907  pc=00400044 cycle=27245 insn=0007a703
#13908  pc=00400048 cycle=27248 insn=fed758e3
#13909  pc=00400038 cycle=27248 insn=00478793   x15(a5)=100000a8
#13910  pc=0040003c cycle=27248 insn=02c78063
#13911  pc=00400040 cycle=27251 insn=ffc7a683
#13912  pc=00400044 cycle=27254 insn=0007a703
#13913  pc=00400048 cycle=27257 insn=fed758e3
#13914  pc=00400038 cycle=27257 insn=00478793   x15(a5)=100000ac
#13915  pc=0040003c cycle=27257 insn=02c78063
#13916  pc=00400040 cycle=27260 insn=ffc7a683
#13917  pc=00400044 cycle=27263 insn=0007a703
#13918  pc=00400048 cycle=27266 insn=fed758e3
#13919  pc=00400038 cycle=27266 insn=00478793   x15(a5)=100000b0
#13920  pc=0040003c cycle=27266 insn=02c78063
#13921  pc=00400040 cycle=27269 insn=ffc7a683
#13922  pc=00400044 cycle=27272 insn=0007a703
#13923  pc=00400048 cycle=27275 insn=fed758e3
#13924  pc=00400038 cycle=27275 insn=00478793   x15(a5)=100000b4
#13925  pc=0040003c cycle=27275 insn=02c78063
#13926  pc=0040005c cycle=27279 insn=ffc60613   x12(a2)=100000b0
#13927  pc=00400060 cycle=27281 insn=fc0812e3
#13928  pc=00400024 cycle=27283 insn=fff58593   x11(a1)=0000002b
#13929  pc=00400028 cycle=27286 insn=02b05e63
#13930  pc=0040002c cycle=27286 insn=00450793   x15(a5)=10000004
#13931  pc=00400030 cycle=27286 insn=00030813   x16(a6)=00000000
#13932  pc=00400034 cycle=27287 insn=00c0006f
#13933  pc=00400040 cycle=27292 insn=ffc7a683   x13(a3)=859babf3
#13934  pc=00400044 cycle=27293 insn=0007a703   x14(a4)=82f2d29c
#13935  pc=00400048 cycle=27296 insn=fed758e3
#13936  pc=0040004c cycle=27302 insn=00d7a023
#13937  pc=00400050 cycle=27305 insn=fee7ae23
#13938  pc=00400054 cycle=27305 insn=00088813   x16(a6)=00000001
#13939  pc=00400058 cycle=27305 insn=fe1ff06f
#13940  pc=00400038 cycle=27306 insn=00478793   x15(a5)=10000008
#13941  pc=0040003c cycle=27309 insn=02c78063
#13942  pc=00400040 cycle=27312 insn=ffc7a683
#13943  pc=00400044 cycle=27313 insn=0007a703
#13944  pc=00400048 cycle=27316 insn=fed758e3
#13945  pc=0040004c cycle=27317 insn=00d7a023
#13946  pc=00400050 cycle=27320 insn=fee7ae23
#13947  pc=00400054 cycle=27320 insn=00088813
#13948  pc=00400058 cycle=27320 insn=fe1ff06f
#13949  pc=00400038 cycle=27320 insn=00478793   x15(a5)=1000000c
#13950  pc=0040003c cycle=27324 insn=02c78063
#13951  pc=00400040 cycle=27327 insn=ffc7a683   x13(a3)=82f2d29c
#13952  pc=00400044 cycle=27328 insn=0007a703
#13953  pc=00400048 cycle=27331 insn=fed758e3
#13954  pc=00400038 cycle=27337 insn=00478793   x15(a5)=10000010
#13955  pc=0040003c cycle=27340 insn=02c78063
#13956  pc=00400040 cycle=27342 insn=ffc7a683
#13957  pc=00400044 cycle=27343 insn=0007a703
#13958  pc=00400048 cycle=27346 insn=fed758e3
#13959  pc=00400038 cycle=27346 insn=00478793   x15(a5)=10000014
#13960  pc=0040003c cycle=27347 insn=02c78063
#13961  pc=00400040 cycle=27349 insn=ffc7a683
#13962  pc=00400044 cycle=27352 insn=0007a703
#13963  pc=00400048 cycle=27355 insn=fed758e3
#13964  pc=00400038 cycle=27355 insn=00478793   x15(a5)=10000018
#13965  pc=0040003c cycle=27355 insn=02c78063
#13966  pc=00400040 cycle=27358 insn=ffc7a683
#13967  pc=00400044 cycle=27361 insn=0007a703
#13968  pc=00400048 cycle=27364 insn=fed758e3
#13969  pc=00400038 cycle=27364 insn=00478793   x15(a5)=1000001c
#13970  pc=0040003c cycle=27364 insn=02c78063
#13971  pc=00400040 cycle=27367 insn=ffc7a683
#13972  pc=00400044 cycle=27370 insn=0007a703
#13973  pc=00400048 cycle=27373 insn=fed758e3
#13974  pc=00400038 cycle=27373 insn=00478793   x15(a5)=10000020
#13975  pc=0040003c cycle=27373 insn=02c78063
#13976  pc=00400040 cycle=27376 insn=ffc7a683
#13977  pc=00400044 cycle=27379 insn=0007a703
#13978  pc=00400048 cycle=27382 insn=fed758e3
#13979  pc=00400038 cycle=27382 insn=00478793   x15(a5)=10000024
#13980  pc=0040003c cycle=27382 insn=02c78063
#13981  pc=00400040 cycle=27385 insn=ffc7a683
#13982  pc=00400044 cycle=27388 insn=0007a703
#13983  pc=00400048 cycle=27391 insn=fed758e3
#13984  pc=00400038 cycle=27391 insn=00478793   x15(a5)=10000028
#13985  pc=0040003c cycle=27391 insn=02c78063
#13986  pc=00400040 cycle=27394 insn=ffc7a683
#13987  pc=00400044 cycle=27397 insn=0007a703
#13988  pc=00400048 cycle=27400 insn=fed758e3
#13989  pc=00400038 cycle=27400 insn=00478793   x15(a5)=1000002c
#13990  pc=0040003c cycle=27400 insn=02c78063
#13991  pc=00400040 cycle=27403 insn=ffc7a683
#13992  pc=00400044 cycle=27406 insn=0007a703
#13993  pc=00400048 cycle=27409 insn=fed758e3
#13994  pc=00400038 cycle=27409 insn=00478793   x15(a5)=10000030
#13995  pc=0040003c cycle=27409 insn=02c78063
#13996  pc=00400040 cycle=27412 insn=ffc7a683
#13997  pc=00400044 cycle=27415 insn=0007a703
#13998  pc=00400048 cycle=27418 insn=fed758e3
#13999  pc=00400038 cycle=27418 insn=00478793   x15(a5)=10000034
#14000  pc=0040003c cycle=27418 insn=02c78063
#14001  pc=00400040 cycle=27421 insn=ffc7a683
#14002  pc=00400044 cycle=27424 insn=0007a703
#14003  pc=00400048 cycle=27427 insn=fed758e3
#14004  pc=00400038 cycle=27427 insn=00478793   x15(a5)=10000038
#14005  pc=0040003c cycle=27427 insn=02c78063
#14006  pc=00400040 cycle=27430 insn=ffc7a683
#14007  pc=00400044 cycle=27433 insn=0007a703
#14008  pc=00400048 cycle=27436 insn=fed758e3
#14009  pc=00400038 cycle=27436 insn=00478793   x15(a5)=1000003c
#14010  pc=0040003c cycle=27436 insn=02c78063
#14011  pc=00400040 cycle=27439 insn=ffc7a683
#14012  pc=00400044 cycle=27442 insn=0007a703
#14013  pc=00400048 cycle=27445 insn=fed758e3
#14014  pc=00400038 cycle=27445 insn=00478793   x15(a5)=10000040
#14015  pc=0040003c cycle=27445 insn=02c78063
#14016  pc=00400040 cycle=27448 insn=ffc7a683
#14017  pc=00400044 cycle=27451 insn=0007a703
#14018  pc=00400048 cycle=27454 insn=fed758e3
#14019  pc=00400038 cycle=27454 insn=00478793   x15(a5)=10000044
#14020  pc=0040003c cycle=27454 insn=02c78063
#14021  pc=00400040 cycle=27457 insn=ffc7a683
#14022  pc=00400044 cycle=27460 insn=0007a703
#14023  pc=00400048 cycle=27463 insn=fed758e3
#14024  pc=00400038 cycle=27463 insn=00478793   x15(a5)=10000048
#14025  pc=0040003c cycle=27463 insn=02c78063
#14026  pc=00400040 cycle=27466 insn=ffc7a683
#14027  pc=00400044 cycle=27469 insn=0007a703
#14028  pc=00400048 cycle=27472 insn=fed758e3
#14029  pc=00400038 cycle=27472 insn=00478793   x15(a5)=1000004c
#14030  pc=0040003c cycle=27472 insn=02c78063
#14031  pc=00400040 cycle=27475 insn=ffc7a683
#14032  pc=00400044 cycle=27478 insn=0007a703
#14033  pc=00400048 cycle=27481 insn=fed758e3
#14034  pc=00400038 cycle=27481 insn=00478793   x15(a5)=10000050
#14035  pc=0040003c cycle=27481 insn=02c78063
#14036  pc=00400040 cycle=27484 insn=ffc7a683
#14037  pc=00400044 cycle=27487 insn=0007a703
#14038  pc=00400048 cycle=27490 insn=fed758e3
#14039  pc=00400038 cycle=27490 insn=00478793   x15(a5)=10000054
#14040  pc=0040003c cycle=27490 insn=02c78063
#14041  pc=00400040 cycle=27493 insn=ffc7a683
#14042  pc=00400044 cycle=27496 insn=0007a703
#14043  pc=00400048 cycle=27499 insn=fed758e3
#14044  pc=00400038 cycle=27499 insn=00478793   x15(a5)=10000058
#14045  pc=0040003c cycle=27499 insn=02c78063
#14046  pc=00400040 cycle=27502 insn=ffc7a683
#14047  pc=00400044 cycle=27505 insn=0007a703
#14048  pc=00400048 cycle=27508 insn=fed758e3
#14049  pc=00400038 cycle=27508 insn=00478793   x15(a5)=1000005c
#14050  pc=0040003c cycle=27508 insn=02c78063
#14051  pc=00400040 cycle=27511 insn=ffc7a683
#14052  pc=00400044 cycle=27514 insn=0007a703
#14053  pc=00400048 cycle=27517 insn=fed758e3
#14054  pc=00400038 cycle=27517 insn=00478793   x15(a5)=10000060
#14055  pc=0040003c cycle=27517 insn=02c78063
#14056  pc=00400040 cycle=27520 insn=ffc7a683
#14057  pc=00400044 cycle=27523 insn=0007a703
#14058  pc=00400048 cycle=27526 insn=fed758e3
#14059  pc=00400038 cycle=27526 insn=00478793   x15(a5)=10000064
#14060  pc=0040003c cycle=27526 insn=02c78063
#14061  pc=00400040 cycle=27529 insn=ffc7a683
#14062  pc=00400044 cycle=27532 insn=0007a703   x14(a4)=80f68da3
#14063  pc=00400048 cycle=27535 insn=fed758e3
#14064  pc=0040004c cycle=27541 insn=00d7a023
#14065  pc=00400050 cycle=27544 insn=fee7ae23
#14066  pc=00400054 cycle=27544 insn=00088813
#14067  pc=00400058 cycle=27544 insn=fe1ff06f
#14068  pc=00400038 cycle=27545 insn=00478793   x15(a5)=10000068
#14069  pc=0040003c cycle=27548 insn=02c78063
#14070  pc=00400040 cycle=27551 insn=ffc7a683
#14071  pc=00400044 cycle=27552 insn=0007a703   x14(a4)=82f2d29c
#14072  pc=00400048 cycle=27555 insn=fed758e3
#14073  pc=00400038 cycle=27561 insn=00478793   x15(a5)=1000006c
#14074  pc=0040003c cycle=27564 insn=02c78063
#14075  pc=00400040 cycle=27566 insn=ffc7a683
#14076  pc=00400044 cycle=27567 insn=0007a703
#14077  pc=00400048 cycle=27570 insn=fed758e3
#14078  pc=00400038 cycle=27570 insn=00478793   x15(a5)=10000070
#14079  pc=0040003c cycle=27571 insn=02c78063
#14080  pc=00400040 cycle=27573 insn=ffc7a683
#14081  pc=00400044 cycle=27576 insn=0007a703
#14082  pc=00400048 cycle=27579 insn=fed758e3
#14083  pc=00400038 cycle=27579 insn=00478793   x15(a5)=10000074
#14084  pc=0040003c cycle=27579 insn=02c78063
#14085  pc=00400040 cycle=27582 insn=ffc7a683
#14086  pc=00400044 cycle=27585 insn=0007a703
#14087  pc=00400048 cycle=27588 insn=fed758e3
#14088  pc=00400038 cycle=27588 insn=00478793   x15(a5)=10000078
#14089  pc=0040003c cycle=27588 insn=02c78063
#14090  pc=00400040 cycle=27591 insn=ffc7a683
#14091  pc=00400044 cycle=27594 insn=0007a703
#14092  pc=00400048 cycle=27597 insn=fed758e3
#14093  pc=00400038 cycle=27597 insn=00478793   x15(a5)=1000007c
#14094  pc=0040003c cycle=27597 insn=02c78063
#14095  pc=00400040 cycle=27600 insn=ffc7a683
#14096  pc=00400044 cycle=27603 insn=0007a703
#14097  pc=00400048 cycle=27606 insn=fed758e3
#14098  pc=00400038 cycle=27606 insn=00478793   x15(a5)=10000080
#14099  pc=0040003c cycle=27606 insn=02c78063
#14100  pc=00400040 cycle=27609 insn=ffc7a683
#14101  pc=00400044 cycle=27612 insn=0007a703
#14102  pc=00400048 cycle=27615 insn=fed758e3
#14103  pc=00400038 cycle=27615 insn=00478793   x15(a5)=10000084
#14104  pc=0040003c cycle=27615 insn=02c78063
#14105  pc=00400040 cycle=27618 insn=ffc7a683
#14106  pc=00400044 cycle=27621 insn=0007a703
#14107  pc=00400048 cycle=27624 insn=fed758e3
#14108  pc=00400038 cycle=27624 insn=00478793   x15(a5)=10000088
#14109  pc=0040003c cycle=27624 insn=02c78063
#14110  pc=00400040 cycle=27627 insn=ffc7a683
#14111  pc=00400044 cycle=27630 insn=0007a703
#14112  pc=00400048 cycle=27633 insn=fed758e3
#14113  pc=00400038 cycle=27633 insn=00478793   x15(a5)=1000008c
#14114  pc=0040003c cycle=27633 insn=02c78063
#14115  pc=00400040 cycle=27636 insn=ffc7a683
#14116  pc=00400044 cycle=27639 insn=0007a703
#14117  pc=00400048 cycle=27642 insn=fed758e3
#14118  pc=00400038 cycle=27642 insn=00478793   x15(a5)=10000090
#14119  pc=0040003c cycle=27642 insn=02c78063
#14120  pc=00400040 cycle=27645 insn=ffc7a683
#14121  pc=00400044 cycle=27648 insn=0007a703   x14(a4)=84c36ccd
#14122  pc=00400048 cycle=27651 insn=fed758e3
#14123  pc=00400038 cycle=27651 insn=00478793   x15(a5)=10000094
#14124  pc=0040003c cycle=27651 insn=02c78063
#14125  pc=00400040 cycle=27654 insn=ffc7a683   x13(a3)=84c36ccd
#14126  pc=00400044 cycle=27657 insn=0007a703
#14127  pc=00400048 cycle=27660 insn=fed758e3
#14128  pc=00400038 cycle=27660 insn=00478793   x15(a5)=10000098
#14129  pc=0040003c cycle=27660 insn=02c78063
#14130  pc=00400040 cycle=27663 insn=ffc7a683
#14131  pc=00400044 cycle=27666 insn=0007a703
#14132  pc=00400048 cycle=27669 insn=fed758e3
#14133  pc=00400038 cycle=27669 insn=00478793   x15(a5)=1000009c
#14134  pc=0040003c cycle=27669 insn=02c78063
#14135  pc=00400040 cycle=27672 insn=ffc7a683
#14136  pc=00400044 cycle=27675 insn=0007a703
#14137  pc=00400048 cycle=27678 insn=fed758e3
#14138  pc=00400038 cycle=27678 insn=00478793   x15(a5)=100000a0
#14139  pc=0040003c cycle=27678 insn=02c78063
#14140  pc=00400040 cycle=27681 insn=ffc7a683
#14141  pc=00400044 cycle=27684 insn=0007a703
#14142  pc=00400048 cycle=27687 insn=fed758e3
#14143  pc=00400038 cycle=27687 insn=00478793   x15(a5)=100000a4
#14144  pc=0040003c cycle=27687 insn=02c78063
#14145  pc=00400040 cycle=27690 insn=ffc7a683
#14146  pc=00400044 cycle=27693 insn=0007a703
#14147  pc=00400048 cycle=27696 insn=fed758e3
#14148  pc=00400038 cycle=27696 insn=00478793   x15(a5)=100000a8
#14149  pc=0040003c cycle=27696 insn=02c78063
#14150  pc=00400040 cycle=27699 insn=ffc7a683
#14151  pc=00400044 cycle=27702 insn=0007a703
#14152  pc=00400048 cycle=27705 insn=fed758e3
#14153  pc=00400038 cycle=27705 insn=00478793   x15(a5)=100000ac
#14154  pc=0040003c cycle=27705 insn=02c78063
#14155  pc=00400040 cycle=27708 insn=ffc7a683
#14156  pc=00400044 cycle=27711 insn=0007a703
#14157  pc=00400048 cycle=27714 insn=fed758e3
#14158  pc=00400038 cycle=27714 insn=00478793   x15(a5)=100000b0
#14159  pc=0040003c cycle=27714 insn=02c78063
#14160  pc=0040005c cycle=27718 insn=ffc60613   x12(a2)=100000ac
#14161  pc=00400060 cycle=27720 insn=fc0812e3
#14162  pc=00400024 cycle=27722 insn=fff58593   x11(a1)=0000002a
#14163  pc=00400028 cycle=27725 insn=02b05e63
#14164  pc=0040002c cycle=27725 insn=00450793   x15(a5)=10000004
#14165  pc=00400030 cycle=27725 insn=00030813   x16(a6)=00000000
#14166  pc=00400034 cycle=27726 insn=00c0006f
#14167  pc=00400040 cycle=27731 insn=ffc7a683   x13(a3)=82f2d29c
#14168  pc=00400044 cycle=27732 insn=0007a703   x14(a4)=82f2d29c
#14169  pc=00400048 cycle=27735 insn=fed758e3
#14170  pc=00400038 cycle=27735 insn=00478793   x15(a5)=10000008
#14171  pc=0040003c cycle=27736 insn=02c78063
#14172  pc=00400040 cycle=27738 insn=ffc7a683
#14173  pc=00400044 cycle=27741 insn=0007a703
#14174  pc=00400048 cycle=27744 insn=fed758e3
#14175  pc=00400038 cycle=27744 insn=00478793   x15(a5)=1000000c
#14176  pc=0040003c cycle=27744 insn=02c78063
#14177  pc=00400040 cycle=27747 insn=ffc7a683
#14178  pc=00400044 cycle=27750 insn=0007a703
#14179  pc=00400048 cycle=27753 insn=fed758e3
#14180  pc=00400038 cycle=27753 insn=00478793   x15(a5)=10000010
#14181  pc=0040003c cycle=27753 insn=02c78063
#14182  pc=00400040 cycle=27756 insn=ffc7a683
#14183  pc=00400044 cycle=27759 insn=0007a703
#14184  pc=00400048 cycle=27762 insn=fed758e3
#14185  pc=00400038 cycle=27762 insn=00478793   x15(a5)=10000014
#14186  pc=0040003c cycle=27762 insn=02c78063
#14187  pc=00400040 cycle=27765 insn=ffc7a683
#14188  pc=00400044 cycle=27768 insn=0007a703
#14189  pc=00400048 cycle=27771 insn=fed758e3
#14190  pc=00400038 cycle=27771 insn=00478793   x15(a5)=10000018
#14191  pc=0040003c cycle=27771 insn=02c78063
#14192  pc=00400040 cycle=27774 insn=ffc7a683
#14193  pc=00400044 cycle=27777 insn=0007a703
#14194  pc=00400048 cycle=27780 insn=fed758e3
#14195  pc=00400038 cycle=27780 insn=00478793   x15(a5)=1000001c
#14196  pc=0040003c cycle=27780 insn=02c78063
#14197  pc=00400040 cycle=27783 insn=ffc7a683
#14198  pc=00400044 cycle=27786 insn=0007a703
#14199  pc=00400048 cycle=27789 insn=fed758e3
#14200  pc=00400038 cycle=27789 insn=00478793   x15(a5)=10000020
#14201  pc=0040003c cycle=27789 insn=02c78063
#14202  pc=00400040 cycle=27792 insn=ffc7a683
#14203  pc=00400044 cycle=27795 insn=0007a703
#14204  pc=00400048 cycle=27798 insn=fed758e3
#14205  pc=00400038 cycle=27798 insn=00478793   x15(a5)=10000024
#14206  pc=0040003c cycle=27798 insn=02c78063
#14207  pc=00400040 cycle=27801 insn=ffc7a683
#14208  pc=00400044 cycle=27804 insn=0007a703
#14209  pc=00400048 cycle=27807 insn=fed758e3
#14210  pc=00400038 cycle=27807 insn=00478793   x15(a5)=10000028
#14211  pc=0040003c cycle=27807 insn=02c78063
#14212  pc=00400040 cycle=27810 insn=ffc7a683
#14213  pc=00400044 cycle=27813 insn=0007a703
#14214  pc=00400048 cycle=27816 insn=fed758e3
#14215  pc=00400038 cycle=27816 insn=00478793   x15(a5)=1000002c
#14216  pc=0040003c cycle=27816 insn=02c78063
#14217  pc=00400040 cycle=27819 insn=ffc7a683
#14218  pc=00400044 cycle=27822 insn=0007a703
#14219  pc=00400048 cycle=27825 insn=fed758e3
#14220  pc=00400038 cycle=27825 insn=00478793   x15(a5)=10000030
#14221  pc=0040003c cycle=27825 insn=02c78063
#14222  pc=00400040 cycle=27828 insn=ffc7a683
#14223  pc=00400044 cycle=27831 insn=0007a703
#14224  pc=00400048 cycle=27834 insn=fed758e3
#14225  pc=00400038 cycle=27834 insn=00478793   x15(a5)=10000034
#14226  pc=0040003c cycle=27834 insn=02c78063
#14227  pc=00400040 cycle=27837 insn=ffc7a683
#14228  pc=00400044 cycle=27840 insn=0007a703
#14229  pc=00400048 cycle=27843 insn=fed758e3
#14230  pc=00400038 cycle=27843 insn=00478793   x15(a5)=10000038
#14231  pc=0040003c cycle=27843 insn=02c78063
#14232  pc=00400040 cycle=27846 insn=ffc7a683
#14233  pc=00400044 cycle=27849 insn=0007a703
#14234  pc=00400048 cycle=27852 insn=fed758e3
#14235  pc=00400038 cycle=27852 insn=00478793   x15(a5)=1000003c
#14236  pc=0040003c cycle=27852 insn=02c78063
#14237  pc=00400040 cycle=27855 insn=ffc7a683
#14238  pc=00400044 cycle=27858 insn=0007a703
#14239  pc=00400048 cycle=27861 insn=fed758e3
#14240  pc=00400038 cycle=27861 insn=00478793   x15(a5)=10000040
#14241  pc=0040003c cycle=27861 insn=02c78063
#14242  pc=00400040 cycle=27864 insn=ffc7a683
#14243  pc=00400044 cycle=27867 insn=0007a703
#14244  pc=00400048 cycle=27870 insn=fed758e3
#14245  pc=00400038 cycle=27870 insn=00478793   x15(a5)=10000044
#14246  pc=0040003c cycle=27870 insn=02c78063
#14247  pc=00400040 cycle=27873 insn=ffc7a683
#14248  pc=00400044 cycle=27876 insn=0007a703
#14249  pc=00400048 cycle=27879 insn=fed758e3
#14250  pc=00400038 cycle=27879 insn=00478793   x15(a5)=10000048
#14251  pc=0040003c cycle=27879 insn=02c78063
#14252  pc=00400040 cycle=27882 insn=ffc7a683
#14253  pc=00400044 cycle=27885 insn=0007a703
#14254  pc=00400048 cycle=27888 insn=fed758e3
#14255  pc=00400038 cycle=27888 insn=00478793   x15(a5)=1000004c
#14256  pc=0040003c cycle=27888 insn=02c78063
#14257  pc=00400040 cycle=27891 insn=ffc7a683
#14258  pc=00400044 cycle=27894 insn=0007a703
#14259  pc=00400048 cycle=27897 insn=fed758e3
#14260  pc=00400038 cycle=27897 insn=00478793   x15(a5)=10000050
#14261  pc=0040003c cycle=27897 insn=02c78063
#14262  pc=00400040 cycle=27900 insn=ffc7a683
#14263  pc=00400044 cycle=27903 insn=0007a703
#14264  pc=00400048 cycle=27906 insn=fed758e3
#14265  pc=00400038 cycle=27906 insn=00478793   x15(a5)=10000054
#14266  pc=0040003c cycle=27906 insn=02c78063
#14267  pc=00400040 cycle=27909 insn=ffc7a683
#14268  pc=00400044 cycle=27912 insn=0007a703
#14269  pc=00400048 cycle=27915 insn=fed758e3
#14270  pc=00400038 cycle=27915 insn=00478793   x15(a5)=10000058
#14271  pc=0040003c cycle=27915 insn=02c78063
#14272  pc=00400040 cycle=27918 insn=ffc7a683
#14273  pc=00400044 cycle=27921 insn=0007a703
#14274  pc=00400048 cycle=27924 insn=fed758e3
#14275  pc=00400038 cycle=27924 insn=00478793   x15(a5)=1000005c
#14276  pc=0040003c cycle=27924 insn=02c78063
#14277  pc=00400040 cycle=27927 insn=ffc7a683
#14278  pc=00400044 cycle=27930 insn=0007a703
#14279  pc=00400048 cycle=27933 insn=fed758e3
#14280  pc=00400038 cycle=27933 insn=00478793   x15(a5)=10000060
#14281  pc=0040003c cycle=27933 insn=02c78063
#14282  pc=00400040 cycle=27936 insn=ffc7a683
#14283  pc=00400044 cycle=27939 insn=0007a703   x14(a4)=80f68da3
#14284  pc=00400048 cycle=27942 insn=fed758e3
#14285  pc=0040004c cycle=27948 insn=00d7a023
#14286  pc=00400050 cycle=27951 insn=fee7ae23
#14287  pc=00400054 cycle=27951 insn=00088813   x16(a6)=00000001
#14288  pc=00400058 cycle=27951 insn=fe1ff06f
#14289  pc=00400038 cycle=27952 insn=00478793   x15(a5)=10000064
#14290  pc=0040003c cycle=27955 insn=02c78063
#14291  pc=00400040 cycle=27958 insn=ffc7a683
#14292  pc=00400044 cycle=27959 insn=0007a703   x14(a4)=82f2d29c
#14293  pc=00400048 cycle=27962 insn=fed758e3
#14294  pc=00400038 cycle=27968 insn=00478793   x15(a5)=10000068
#14295  pc=0040003c cycle=27971 insn=02c78063
#14296  pc=00400040 cycle=27973 insn=ffc7a683
#14297  pc=00400044 cycle=27974 insn=0007a703
#14298  pc=00400048 cycle=27977 insn=fed758e3
#14299  pc=00400038 cycle=27977 insn=00478793   x15(a5)=1000006c
#14300  pc=0040003c cycle=27978 insn=02c78063
#14301  pc=00400040 cycle=27980 insn=ffc7a683
#14302  pc=00400044 cycle=27983 insn=0007a703
#14303  pc=00400048 cycle=27986 insn=fed758e3
#14304  pc=00400038 cycle=27986 insn=00478793   x15(a5)=10000070
#14305  pc=0040003c cycle=27986 insn=02c78063
#14306  pc=00400040 cycle=27989 insn=ffc7a683
#14307  pc=00400044 cycle=27992 insn=0007a703
#14308  pc=00400048 cycle=27995 insn=fed758e3
#14309  pc=00400038 cycle=27995 insn=00478793   x15(a5)=10000074
#14310  pc=0040003c cycle=27995 insn=02c78063
#14311  pc=00400040 cycle=27998 insn=ffc7a683
#14312  pc=00400044 cycle=28001 insn=0007a703
#14313  pc=00400048 cycle=28004 insn=fed758e3
#14314  pc=00400038 cycle=28004 insn=00478793   x15(a5)=10000078
#14315  pc=0040003c cycle=28004 insn=02c78063
#14316  pc=00400040 cycle=28007 insn=ffc7a683
#14317  pc=00400044 cycle=28010 insn=0007a703
#14318  pc=00400048 cycle=28013 insn=fed758e3
#14319  pc=00400038 cycle=28013 insn=00478793   x15(a5)=1000007c
#14320  pc=0040003c cycle=28013 insn=02c78063
#14321  pc=00400040 cycle=28016 insn=ffc7a683
#14322  pc=00400044 cycle=28019 insn=0007a703
#14323  pc=00400048 cycle=28022 insn=fed758e3
#14324  pc=00400038 cycle=28022 insn=00478793   x15(a5)=10000080
#14325  pc=0040003c cycle=28022 insn=02c78063
#14326  pc=00400040 cycle=28025 insn=ffc7a683
#14327  pc=00400044 cycle=28028 insn=0007a703
#14328  pc=00400048 cycle=28031 insn=fed758e3
#14329  pc=00400038 cycle=28031 insn=00478793   x15(a5)=10000084
#14330  pc=0040003c cycle=28031 insn=02c78063
#14331  pc=00400040 cycle=28034 insn=ffc7a683
#14332  pc=00400044 cycle=28037 insn=0007a703
#14333  pc=00400048 cycle=28040 insn=fed758e3
#14334  pc=00400038 cycle=28040 insn=00478793   x15(a5)=10000088
#14335  pc=0040003c cycle=28040 insn=02c78063
#14336  pc=00400040 cycle=28043 insn=ffc7a683
#14337  pc=00400044 cycle=28046 insn=0007a703
#14338  pc=00400048 cycle=28049 insn=fed758e3
#14339  pc=00400038 cycle=28049 insn=00478793   x15(a5)=1000008c
#14340  pc=0040003c cycle=28049 insn=02c78063
#14341  pc=00400040 cycle=28052 insn=ffc7a683
#14342  pc=00400044 cycle=28055 insn=0007a703
#14343  pc=00400048 cycle=28058 insn=fed758e3
#14344  pc=00400038 cycle=28058 insn=00478793   x15(a5)=10000090
#14345  pc=0040003c cycle=28058 insn=02c78063
#14346  pc=00400040 cycle=28061 insn=ffc7a683
#14347  pc=00400044 cycle=28064 insn=0007a703   x14(a4)=84c36ccd
#14348  pc=00400048 cycle=28067 insn=fed758e3
#14349  pc=00400038 cycle=28067 insn=00478793   x15(a5)=10000094
#14350  pc=0040003c cycle=28067 insn=02c78063
#14351  pc=00400040 cycle=28070 insn=ffc7a683   x13(a3)=84c36ccd
#14352  pc=00400044 cycle=28073 insn=0007a703
#14353  pc=00400048 cycle=28076 insn=fed758e3
#14354  pc=00400038 cycle=28076 insn=00478793   x15(a5)=10000098
#14355  pc=0040003c cycle=28076 insn=02c78063
#14356  pc=00400040 cycle=28079 insn=ffc7a683
#14357  pc=00400044 cycle=28082 insn=0007a703
#14358  pc=00400048 cycle=28085 insn=fed758e3
#14359  pc=00400038 cycle=28085 insn=00478793   x15(a5)=1000009c
#14360  pc=0040003c cycle=28085 insn=02c78063
#14361  pc=00400040 cycle=28088 insn=ffc7a683
#14362  pc=00400044 cycle=28091 insn=0007a703
#14363  pc=00400048 cycle=28094 insn=fed758e3
#14364  pc=00400038 cycle=28094 insn=00478793   x15(a5)=100000a0
#14365  pc=0040003c cycle=28094 insn=02c78063
#14366  pc=00400040 cycle=28097 insn=ffc7a683
#14367  pc=00400044 cycle=28100 insn=0007a703
#14368  pc=00400048 cycle=28103 insn=fed758e3
#14369  pc=00400038 cycle=28103 insn=00478793   x15(a5)=100000a4
#14370  pc=0040003c cycle=28103 insn=02c78063
#14371  pc=00400040 cycle=28106 insn=ffc7a683
#14372  pc=00400044 cycle=28109 insn=0007a703
#14373  pc=00400048 cycle=28112 insn=fed758e3
#14374  pc=00400038 cycle=28112 insn=00478793   x15(a5)=100000a8
#14375  pc=0040003c cycle=28112 insn=02c78063
#14376  pc=00400040 cycle=28115 insn=ffc7a683
#14377  pc=00400044 cycle=28118 insn=0007a703
#14378  pc=00400048 cycle=28121 insn=fed758e3
#14379  pc=00400038 cycle=28121 insn=00478793   x15(a5)=100000ac
#14380  pc=0040003c cycle=28121 insn=02c78063
#14381  pc=0040005c cycle=28125 insn=ffc60613   x12(a2)=100000a8
#14382  pc=00400060 cycle=28127 insn=fc0812e3
#14383  pc=00400024 cycle=28129 insn=fff58593   x11(a1)=00000029
#14384  pc=00400028 cycle=28132 insn=02b05e63
#14385  pc=0040002c cycle=28132 insn=00450793   x15(a5)=10000004
#14386  pc=00400030 cycle=28132 insn=00030813   x16(a6)=00000000
#14387  pc=00400034 cycle=28133 insn=00c0006f
#14388  pc=00400040 cycle=28138 insn=ffc7a683   x13(a3)=82f2d29c
#14389  pc=00400044 cycle=28139 insn=0007a703   x14(a4)=82f2d29c
#14390  pc=00400048 cycle=28142 insn=fed758e3
#14391  pc=00400038 cycle=28142 insn=00478793   x15(a5)=10000008
#14392  pc=0040003c cycle=28143 insn=02c78063
#14393  pc=00400040 cycle=28145 insn=ffc7a683
#14394  pc=00400044 cycle=28148 insn=0007a703
#14395  pc=00400048 cycle=28151 insn=fed758e3
#14396  pc=00400038 cycle=28151 insn=00478793   x15(a5)=1000000c
#14397  pc=0040003c cycle=28151 insn=02c78063
#14398  pc=00400040 cycle=28154 insn=ffc7a683
#14399  pc=00400044 cycle=28157 insn=0007a703
#14400  pc=00400048 cycle=28160 insn=fed758e3
#14401  pc=00400038 cycle=28160 insn=00478793   x15(a5)=10000010
#14402  pc=0040003c cycle=28160 insn=02c78063
#14403  pc=00400040 cycle=28163 insn=ffc7a683
#14404  pc=00400044 cycle=28166 insn=0007a703
#14405  pc=00400048 cycle=28169 insn=fed758e3
#14406  pc=00400038 cycle=28169 insn=00478793   x15(a5)=10000014
#14407  pc=0040003c cycle=28169 insn=02c78063
#14408  pc=00400040 cycle=28172 insn=ffc7a683
#14409  pc=00400044 cycle=28175 insn=0007a703
#14410  pc=00400048 cycle=28178 insn=fed758e3
#14411  pc=00400038 cycle=28178 insn=00478793   x15(a5)=10000018
#14412  pc=0040003c cycle=28178 insn=02c78063
#14413  pc=00400040 cycle=28181 insn=ffc7a683
#14414  pc=00400044 cycle=28184 insn=0007a703
#14415  pc=00400048 cycle=28187 insn=fed758e3
#14416  pc=00400038 cycle=28187 insn=00478793   x15(a5)=1000001c
#14417  pc=0040003c cycle=28187 insn=02c78063
#14418  pc=00400040 cycle=28190 insn=ffc7a683
#14419  pc=00400044 cycle=28193 insn=0007a703
#14420  pc=00400048 cycle=28196 insn=fed758e3
#14421  pc=00400038 cycle=28196 insn=00478793   x15(a5)=10000020
#14422  pc=0040003c cycle=28196 insn=02c78063
#14423  pc=00400040 cycle=28199 insn=ffc7a683
#14424  pc=00400044 cycle=28202 insn=0007a703
#14425  pc=00400048 cycle=28205 insn=fed758e3
#14426  pc=00400038 cycle=28205 insn=00478793   x15(a5)=10000024
#14427  pc=0040003c cycle=28205 insn=02c78063
#14428  pc=00400040 cycle=28208 insn=ffc7a683
#14429  pc=00400044 cycle=28211 insn=0007a703
#14430  pc=00400048 cycle=28214 insn=fed758e3
#14431  pc=00400038 cycle=28214 insn=00478793   x15(a5)=10000028
#14432  pc=0040003c cycle=28214 insn=02c78063
#14433  pc=00400040 cycle=28217 insn=ffc7a683
#14434  pc=00400044 cycle=28220 insn=0007a703
#14435  pc=00400048 cycle=28223 insn=fed758e3
#14436  pc=00400038 cycle=28223 insn=00478793   x15(a5)=1000002c
#14437  pc=0040003c cycle=28223 insn=02c78063
#14438  pc=00400040 cycle=28226 insn=ffc7a683
#14439  pc=00400044 cycle=28229 insn=0007a703
#14440  pc=00400048 cycle=28232 insn=fed758e3
#14441  pc=00400038 cycle=28232 insn=00478793   x15(a5)=10000030
#14442  pc=0040003c cycle=28232 insn=02c78063
#14443  pc=00400040 cycle=28235 insn=ffc7a683
#14444  pc=00400044 cycle=28238 insn=0007a703
#14445  pc=00400048 cycle=28241 insn=fed758e3
#14446  pc=00400038 cycle=28241 insn=00478793   x15(a5)=10000034
#14447  pc=0040003c cycle=28241 insn=02c78063
#14448  pc=00400040 cycle=28244 insn=ffc7a683
#14449  pc=00400044 cycle=28247 insn=0007a703
#14450  pc=00400048 cycle=28250 insn=fed758e3
#14451  pc=00400038 cycle=28250 insn=00478793   x15(a5)=10000038
#14452  pc=0040003c cycle=28250 insn=02c78063
#14453  pc=00400040 cycle=28253 insn=ffc7a683
#14454  pc=00400044 cycle=28256 insn=0007a703
#14455  pc=00400048 cycle=28259 insn=fed758e3
#14456  pc=00400038 cycle=28259 insn=00478793   x15(a5)=1000003c
#14457  pc=0040003c cycle=28259 insn=02c78063
#14458  pc=00400040 cycle=28262 insn=ffc7a683
#14459  pc=00400044 cycle=28265 insn=0007a703
#14460  pc=00400048 cycle=28268 insn=fed758e3
#14461  pc=00400038 cycle=28268 insn=00478793   x15(a5)=10000040
#14462  pc=0040003c cycle=28268 insn=02c78063
#14463  pc=00400040 cycle=28271 insn=ffc7a683
#14464  pc=00400044 cycle=28274 insn=0007a703
#14465  pc=00400048 cycle=28277 insn=fed758e3
#14466  pc=00400038 cycle=28277 insn=00478793   x15(a5)=10000044
#14467  pc=0040003c cycle=28277 insn=02c78063
#14468  pc=00400040 cycle=28280 insn=ffc7a683
#14469  pc=00400044 cycle=28283 insn=0007a703
#14470  pc=00400048 cycle=28286 insn=fed758e3
#14471  pc=00400038 cycle=28286 insn=00478793   x15(a5)=10000048
#14472  pc=0040003c cycle=28286 insn=02c78063
#14473  pc=00400040 cycle=28289 insn=ffc7a683
#14474  pc=00400044 cycle=28292 insn=0007a703
#14475  pc=00400048 cycle=28295 insn=fed758e3
#14476  pc=00400038 cycle=28295 insn=00478793   x15(a5)=1000004c
#14477  pc=0040003c cycle=28295 insn=02c78063
#14478  pc=00400040 cycle=28298 insn=ffc7a683
#14479  pc=00400044 cycle=28301 insn=0007a703
#14480  pc=00400048 cycle=28304 insn=fed758e3
#14481  pc=00400038 cycle=28304 insn=00478793   x15(a5)=10000050
#14482  pc=0040003c cycle=28304 insn=02c78063
#14483  pc=00400040 cycle=28307 insn=ffc7a683
#14484  pc=00400044 cycle=28310 insn=0007a703
#14485  pc=00400048 cycle=28313 insn=fed758e3
#14486  pc=00400038 cycle=28313 insn=00478793   x15(a5)=10000054
#14487  pc=0040003c cycle=28313 insn=02c78063
#14488  pc=00400040 cycle=28316 insn=ffc7a683
#14489  pc=00400044 cycle=28319 insn=0007a703
#14490  pc=00400048 cycle=28322 insn=fed758e3
#14491  pc=00400038 cycle=28322 insn=00478793   x15(a5)=10000058
#14492  pc=0040003c cycle=28322 insn=02c78063
#14493  pc=00400040 cycle=28325 insn=ffc7a683
#14494  pc=00400044 cycle=28328 insn=0007a703
#14495  pc=00400048 cycle=28331 insn=fed758e3
#14496  pc=00400038 cycle=28331 insn=00478793   x15(a5)=1000005c
#14497  pc=0040003c cycle=28331 insn=02c78063
#14498  pc=00400040 cycle=28334 insn=ffc7a683
#14499  pc=00400044 cycle=28337 insn=0007a703   x14(a4)=80f68da3
#14500  pc=00400048 cycle=28340 insn=fed758e3
#14501  pc=0040004c cycle=28346 insn=00d7a023
#14502  pc=00400050 cycle=28349 insn=fee7ae23
#14503  pc=00400054 cycle=28349 insn=00088813   x16(a6)=00000001
#14504  pc=00400058 cycle=28349 insn=fe1ff06f
#14505  pc=00400038 cycle=28350 insn=00478793   x15(a5)=10000060
#14506  pc=0040003c cycle=28353 insn=02c78063
#14507  pc=00400040 cycle=28356 insn=ffc7a683
#14508  pc=00400044 cycle=28357 insn=0007a703   x14(a4)=82f2d29c
#14509  pc=00400048 cycle=28360 insn=fed758e3
#14510  pc=00400038 cycle=28366 insn=00478793   x15(a5)=10000064
#14511  pc=0040003c cycle=28369 insn=02c78063
#14512  pc=00400040 cycle=28371 insn=ffc7a683
#14513  pc=00400044 cycle=28372 insn=0007a703
#14514  pc=00400048 cycle=28375 insn=fed758e3
#14515  pc=00400038 cycle=28375 insn=00478793   x15(a5)=10000068
#14516  pc=0040003c cycle=28376 insn=02c78063
#14517  pc=00400040 cycle=28378 insn=ffc7a683
#14518  pc=00400044 cycle=28381 insn=0007a703
#14519  pc=00400048 cycle=28384 insn=fed758e3
#14520  pc=00400038 cycle=28384 insn=00478793   x15(a5)=1000006c
#14521  pc=0040003c cycle=28384 insn=02c78063
#14522  pc=00400040 cycle=28387 insn=ffc7a683
#14523  pc=00400044 cycle=28390 insn=0007a703
#14524  pc=00400048 cycle=28393 insn=fed758e3
#14525  pc=00400038 cycle=28393 insn=00478793   x15(a5)=10000070
#14526  pc=0040003c cycle=28393 insn=02c78063
#14527  pc=00400040 cycle=28396 insn=ffc7a683
#14528  pc=00400044 cycle=28399 insn=0007a703
#14529  pc=00400048 cycle=28402 insn=fed758e3
#14530  pc=00400038 cycle=28402 insn=00478793   x15(a5)=10000074
#14531  pc=0040003c cycle=28402 insn=02c78063
#14532  pc=00400040 cycle=28405 insn=ffc7a683
#14533  pc=00400044 cycle=28408 insn=0007a703
#14534  pc=00400048 cycle=28411 insn=fed758e3
#14535  pc=00400038 cycle=28411 insn=00478793   x15(a5)=10000078
#14536  pc=0040003c cycle=28411 insn=02c78063
#14537  pc=00400040 cycle=28414 insn=ffc7a683
#14538  pc=00400044 cycle=28417 insn=0007a703
#14539  pc=00400048 cycle=28420 insn=fed758e3
#14540  pc=00400038 cycle=28420 insn=00478793   x15(a5)=1000007c
#14541  pc=0040003c cycle=28420 insn=02c78063
#14542  pc=00400040 cycle=28423 insn=ffc7a683
#14543  pc=00400044 cycle=28426 insn=0007a703
#14544  pc=00400048 cycle=28429 insn=fed758e3
#14545  pc=00400038 cycle=28429 insn=00478793   x15(a5)=10000080
#14546  pc=0040003c cycle=28429 insn=02c78063
#14547  pc=00400040 cycle=28432 insn=ffc7a683
#14548  pc=00400044 cycle=28435 insn=0007a703
#14549  pc=00400048 cycle=28438 insn=fed758e3
#14550  pc=00400038 cycle=28438 insn=00478793   x15(a5)=10000084
#14551  pc=0040003c cycle=28438 insn=02c78063
#14552  pc=00400040 cycle=28441 insn=ffc7a683
#14553  pc=00400044 cycle=28444 insn=0007a703
#14554  pc=00400048 cycle=28447 insn=fed758e3
#14555  pc=00400038 cycle=28447 insn=00478793   x15(a5)=10000088
#14556  pc=0040003c cycle=28447 insn=02c78063
#14557  pc=00400040 cycle=28450 insn=ffc7a683
#14558  pc=00400044 cycle=28453 insn=0007a703
#14559  pc=00400048 cycle=28456 insn=fed758e3
#14560  pc=00400038 cycle=28456 insn=00478793   x15(a5)=1000008c
#14561  pc=0040003c cycle=28456 insn=02c78063
#14562  pc=00400040 cycle=28459 insn=ffc7a683
#14563  pc=00400044 cycle=28462 insn=0007a703
#14564  pc=00400048 cycle=28465 insn=fed758e3
#14565  pc=00400038 cycle=28465 insn=00478793   x15(a5)=10000090
#14566  pc=0040003c cycle=28465 insn=02c78063
#14567  pc=00400040 cycle=28468 insn=ffc7a683
#14568  pc=00400044 cycle=28471 insn=0007a703   x14(a4)=84c36ccd
#14569  pc=00400048 cycle=28474 insn=fed758e3
#14570  pc=00400038 cycle=28474 insn=00478793   x15(a5)=10000094
#14571  pc=0040003c cycle=28474 insn=02c78063
#14572  pc=00400040 cycle=28477 insn=ffc7a683   x13(a3)=84c36ccd
#14573  pc=00400044 cycle=28480 insn=0007a703
#14574  pc=00400048 cycle=28483 insn=fed758e3
#14575  pc=00400038 cycle=28483 insn=00478793   x15(a5)=10000098
#14576  pc=0040003c cycle=28483 insn=02c78063
#14577  pc=00400040 cycle=28486 insn=ffc7a683
#14578  pc=00400044 cycle=28489 insn=0007a703
#14579  pc=00400048 cycle=28492 insn=fed758e3
#14580  pc=00400038 cycle=28492 insn=00478793   x15(a5)=1000009c
#14581  pc=0040003c cycle=28492 insn=02c78063
#14582  pc=00400040 cycle=28495 insn=ffc7a683
#14583  pc=00400044 cycle=28498 insn=0007a703
#14584  pc=00400048 cycle=28501 insn=fed758e3
#14585  pc=00400038 cycle=28501 insn=00478793   x15(a5)=100000a0
#14586  pc=0040003c cycle=28501 insn=02c78063
#14587  pc=00400040 cycle=28504 insn=ffc7a683
#14588  pc=00400044 cycle=28507 insn=0007a703
#14589  pc=00400048 cycle=28510 insn=fed758e3
#14590  pc=00400038 cycle=28510 insn=00478793   x15(a5)=100000a4
#14591  pc=0040003c cycle=28510 insn=02c78063
#14592  pc=00400040 cycle=28513 insn=ffc7a683
#14593  pc=00400044 cycle=28516 insn=0007a703
#14594  pc=00400048 cycle=28519 insn=fed758e3
#14595  pc=00400038 cycle=28519 insn=00478793   x15(a5)=100000a8
#14596  pc=0040003c cycle=28519 insn=02c78063
#14597  pc=0040005c cycle=28523 insn=ffc60613   x12(a2)=100000a4
#14598  pc=00400060 cycle=28525 insn=fc0812e3
#14599  pc=00400024 cycle=28527 insn=fff58593   x11(a1)=00000028
#14600  pc=00400028 cycle=28530 insn=02b05e63
#14601  pc=0040002c cycle=28530 insn=00450793   x15(a5)=10000004
#14602  pc=00400030 cycle=28530 insn=00030813   x16(a6)=00000000
#14603  pc=00400034 cycle=28531 insn=00c0006f
#14604  pc=00400040 cycle=28536 insn=ffc7a683   x13(a3)=82f2d29c
#14605  pc=00400044 cycle=28537 insn=0007a703   x14(a4)=82f2d29c
#14606  pc=00400048 cycle=28540 insn=fed758e3
#14607  pc=00400038 cycle=28540 insn=00478793   x15(a5)=10000008
#14608  pc=0040003c cycle=28541 insn=02c78063
#14609  pc=00400040 cycle=28543 insn=ffc7a683
#14610  pc=00400044 cycle=28546 insn=0007a703
#14611  pc=00400048 cycle=28549 insn=fed758e3
#14612  pc=00400038 cycle=28549 insn=00478793   x15(a5)=1000000c
#14613  pc=0040003c cycle=28549 insn=02c78063
#14614  pc=00400040 cycle=28552 insn=ffc7a683
#14615  pc=00400044 cycle=28555 insn=0007a703
#14616  pc=00400048 cycle=28558 insn=fed758e3
#14617  pc=00400038 cycle=28558 insn=00478793   x15(a5)=10000010
#14618  pc=0040003c cycle=28558 insn=02c78063
#14619  pc=00400040 cycle=28561 insn=ffc7a683
#14620  pc=00400044 cycle=28564 insn=0007a703
#14621  pc=00400048 cycle=28567 insn=fed758e3
#14622  pc=00400038 cycle=28567 insn=00478793   x15(a5)=10000014
#14623  pc=0040003c cycle=28567 insn=02c78063
#14624  pc=00400040 cycle=28570 insn=ffc7a683
#14625  pc=00400044 cycle=28573 insn=0007a703
#14626  pc=00400048 cycle=28576 insn=fed758e3
#14627  pc=00400038 cycle=28576 insn=00478793   x15(a5)=10000018
#14628  pc=0040003c cycle=28576 insn=02c78063
#14629  pc=00400040 cycle=28579 insn=ffc7a683
#14630  pc=00400044 cycle=28582 insn=0007a703
#14631  pc=00400048 cycle=28585 insn=fed758e3
#14632  pc=00400038 cycle=28585 insn=00478793   x15(a5)=1000001c
#14633  pc=0040003c cycle=28585 insn=02c78063
#14634  pc=00400040 cycle=28588 insn=ffc7a683
#14635  pc=00400044 cycle=28591 insn=0007a703
#14636  pc=00400048 cycle=28594 insn=fed758e3
#14637  pc=00400038 cycle=28594 insn=00478793   x15(a5)=10000020
#14638  pc=0040003c cycle=28594 insn=02c78063
#14639  pc=00400040 cycle=28597 insn=ffc7a683
#14640  pc=00400044 cycle=28600 insn=0007a703
#14641  pc=00400048 cycle=28603 insn=fed758e3
#14642  pc=00400038 cycle=28603 insn=00478793   x15(a5)=10000024
#14643  pc=0040003c cycle=28603 insn=02c78063
#14644  pc=00400040 cycle=28606 insn=ffc7a683
#14645  pc=00400044 cycle=28609 insn=0007a703
#14646  pc=00400048 cycle=28612 insn=fed758e3
#14647  pc=00400038 cycle=28612 insn=00478793   x15(a5)=10000028
#14648  pc=0040003c cycle=28612 insn=02c78063
#14649  pc=00400040 cycle=28615 insn=ffc7a683
#14650  pc=00400044 cycle=28618 insn=0007a703
#14651  pc=00400048 cycle=28621 insn=fed758e3
#14652  pc=00400038 cycle=28621 insn=00478793   x15(a5)=1000002c
#14653  pc=0040003c cycle=28621 insn=02c78063
#14654  pc=00400040 cycle=28624 insn=ffc7a683
#14655  pc=00400044 cycle=28627 insn=0007a703
#14656  pc=00400048 cycle=28630 insn=fed758e3
#14657  pc=00400038 cycle=28630 insn=00478793   x15(a5)=10000030
#14658  pc=0040003c cycle=28630 insn=02c78063
#14659  pc=00400040 cycle=28633 insn=ffc7a683
#14660  pc=00400044 cycle=28636 insn=0007a703
#14661  pc=00400048 cycle=28639 insn=fed758e3
#14662  pc=00400038 cycle=28639 insn=00478793   x15(a5)=10000034
#14663  pc=0040003c cycle=28639 insn=02c78063
#14664  pc=00400040 cycle=28642 insn=ffc7a683
#14665  pc=00400044 cycle=28645 insn=0007a703
#14666  pc=00400048 cycle=28648 insn=fed758e3
#14667  pc=00400038 cycle=28648 insn=00478793   x15(a5)=10000038
#14668  pc=0040003c cycle=28648 insn=02c78063
#14669  pc=00400040 cycle=28651 insn=ffc7a683
#14670  pc=00400044 cycle=28654 insn=0007a703
#14671  pc=00400048 cycle=28657 insn=fed758e3
#14672  pc=00400038 cycle=28657 insn=00478793   x15(a5)=1000003c
#14673  pc=0040003c cycle=28657 insn=02c78063
#14674  pc=00400040 cycle=28660 insn=ffc7a683
#14675  pc=00400044 cycle=28663 insn=0007a703
#14676  pc=00400048 cycle=28666 insn=fed758e3
#14677  pc=00400038 cycle=28666 insn=00478793   x15(a5)=10000040
#14678  pc=0040003c cycle=28666 insn=02c78063
#14679  pc=00400040 cycle=28669 insn=ffc7a683
#14680  pc=00400044 cycle=28672 insn=0007a703
#14681  pc=00400048 cycle=28675 insn=fed758e3
#14682  pc=00400038 cycle=28675 insn=00478793   x15(a5)=10000044
#14683  pc=0040003c cycle=28675 insn=02c78063
#14684  pc=00400040 cycle=28678 insn=ffc7a683
#14685  pc=00400044 cycle=28681 insn=0007a703
#14686  pc=00400048 cycle=28684 insn=fed758e3
#14687  pc=00400038 cycle=28684 insn=00478793   x15(a5)=10000048
#14688  pc=0040003c cycle=28684 insn=02c78063
#14689  pc=00400040 cycle=28687 insn=ffc7a683
#14690  pc=00400044 cycle=28690 insn=0007a703
#14691  pc=00400048 cycle=28693 insn=fed758e3
#14692  pc=00400038 cycle=28693 insn=00478793   x15(a5)=1000004c
#14693  pc=0040003c cycle=28693 insn=02c78063
#14694  pc=00400040 cycle=28696 insn=ffc7a683
#14695  pc=00400044 cycle=28699 insn=0007a703
#14696  pc=00400048 cycle=28702 insn=fed758e3
#14697  pc=00400038 cycle=28702 insn=00478793   x15(a5)=10000050
#14698  pc=0040003c cycle=28702 insn=02c78063
#14699  pc=00400040 cycle=28705 insn=ffc7a683
#14700  pc=00400044 cycle=28708 insn=0007a703
#14701  pc=00400048 cycle=28711 insn=fed758e3
#14702  pc=00400038 cycle=28711 insn=00478793   x15(a5)=10000054
#14703  pc=0040003c cycle=28711 insn=02c78063
#14704  pc=00400040 cycle=28714 insn=ffc7a683
#14705  pc=00400044 cycle=28717 insn=0007a703
#14706  pc=00400048 cycle=28720 insn=fed758e3
#14707  pc=00400038 cycle=28720 insn=00478793   x15(a5)=10000058
#14708  pc=0040003c cycle=28720 insn=02c78063
#14709  pc=00400040 cycle=28723 insn=ffc7a683
#14710  pc=00400044 cycle=28726 insn=0007a703   x14(a4)=80f68da3
#14711  pc=00400048 cycle=28729 insn=fed758e3
#14712  pc=0040004c cycle=28735 insn=00d7a023
#14713  pc=00400050 cycle=28738 insn=fee7ae23
#14714  pc=00400054 cycle=28738 insn=00088813   x16(a6)=00000001
#14715  pc=00400058 cycle=28738 insn=fe1ff06f
#14716  pc=00400038 cycle=28739 insn=00478793   x15(a5)=1000005c
#14717  pc=0040003c cycle=28742 insn=02c78063
#14718  pc=00400040 cycle=28745 insn=ffc7a683
#14719  pc=00400044 cycle=28746 insn=0007a703   x14(a4)=82f2d29c
#14720  pc=00400048 cycle=28749 insn=fed758e3
#14721  pc=00400038 cycle=28755 insn=00478793   x15(a5)=10000060
#14722  pc=0040003c cycle=28758 insn=02c78063
#14723  pc=00400040 cycle=28760 insn=ffc7a683
#14724  pc=00400044 cycle=28761 insn=0007a703
#14725  pc=00400048 cycle=28764 insn=fed758e3
#14726  pc=00400038 cycle=28764 insn=00478793   x15(a5)=10000064
#14727  pc=0040003c cycle=28765 insn=02c78063
#14728  pc=00400040 cycle=28767 insn=ffc7a683
#14729  pc=00400044 cycle=28770 insn=0007a703
#14730  pc=00400048 cycle=28773 insn=fed758e3
#14731  pc=00400038 cycle=28773 insn=00478793   x15(a5)=10000068
#14732  pc=0040003c cycle=28773 insn=02c78063
#14733  pc=00400040 cycle=28776 insn=ffc7a683
#14734  pc=00400044 cycle=28779 insn=0007a703
#14735  pc=00400048 cycle=28782 insn=fed758e3
#14736  pc=00400038 cycle=28782 insn=00478793   x15(a5)=1000006c
#14737  pc=0040003c cycle=28782 insn=02c78063
#14738  pc=00400040 cycle=28785 insn=ffc7a683
#14739  pc=00400044 cycle=28788 insn=0007a703
#14740  pc=00400048 cycle=28791 insn=fed758e3
#14741  pc=00400038 cycle=28791 insn=00478793   x15(a5)=10000070
#14742  pc=0040003c cycle=28791 insn=02c78063
#14743  pc=00400040 cycle=28794 insn=ffc7a683
#14744  pc=00400044 cycle=28797 insn=0007a703
#14745  pc=00400048 cycle=28800 insn=fed758e3
#14746  pc=00400038 cycle=28800 insn=00478793   x15(a5)=10000074
#14747  pc=0040003c cycle=28800 insn=02c78063
#14748  pc=00400040 cycle=28803 insn=ffc7a683
#14749  pc=00400044 cycle=28806 insn=0007a703
#14750  pc=00400048 cycle=28809 insn=fed758e3
#14751  pc=00400038 cycle=28809 insn=00478793   x15(a5)=10000078
#14752  pc=0040003c cycle=28809 insn=02c78063
#14753  pc=00400040 cycle=28812 insn=ffc7a683
#14754  pc=00400044 cycle=28815 insn=0007a703
#14755  pc=00400048 cycle=28818 insn=fed758e3
#14756  pc=00400038 cycle=28818 insn=00478793   x15(a5)=1000007c
#14757  pc=0040003c cycle=28818 insn=02c78063
#14758  pc=00400040 cycle=28821 insn=ffc7a683
#14759  pc=00400044 cycle=28824 insn=0007a703
#14760  pc=00400048 cycle=28827 insn=fed758e3
#14761  pc=00400038 cycle=28827 insn=00478793   x15(a5)=10000080
#14762  pc=0040003c cycle=28827 insn=02c78063
#14763  pc=00400040 cycle=28830 insn=ffc7a683
#14764  pc=00400044 cycle=28833 insn=0007a703
#14765  pc=00400048 cycle=28836 insn=fed758e3
#14766  pc=00400038 cycle=28836 insn=00478793   x15(a5)=10000084
#14767  pc=0040003c cycle=28836 insn=02c78063
#14768  pc=00400040 cycle=28839 insn=ffc7a683
#14769  pc=00400044 cycle=28842 insn=0007a703
#14770  pc=00400048 cycle=28845 insn=fed758e3
#14771  pc=00400038 cycle=28845 insn=00478793   x15(a5)=10000088
#14772  pc=0040003c cycle=28845 insn=02c78063
#14773  pc=00400040 cycle=28848 insn=ffc7a683
#14774  pc=00400044 cycle=28851 insn=0007a703
#14775  pc=00400048 cycle=28854 insn=fed758e3
#14776  pc=00400038 cycle=28854 insn=00478793   x15(a5)=1000008c
#14777  pc=0040003c cycle=28854 insn=02c78063
#14778  pc=00400040 cycle=28857 insn=ffc7a683
#14779  pc=00400044 cycle=28860 insn=0007a703
#14780  pc=00400048 cycle=28863 insn=fed758e3
#14781  pc=00400038 cycle=28863 insn=00478793   x15(a5)=10000090
#14782  pc=0040003c cycle=28863 insn=02c78063
#14783  pc=00400040 cycle=28866 insn=ffc7a683
#14784  pc=00400044 cycle=28869 insn=0007a703   x14(a4)=84c36ccd
#14785  pc=00400048 cycle=28872 insn=fed758e3
#14786  pc=00400038 cycle=28872 insn=00478793   x15(a5)=10000094
#14787  pc=0040003c cycle=28872 insn=02c78063
#14788  pc=00400040 cycle=28875 insn=ffc7a683   x13(a3)=84c36ccd
#14789  pc=00400044 cycle=28878 insn=0007a703
#14790  pc=00400048 cycle=28881 insn=fed758e3
#14791  pc=00400038 cycle=28881 insn=00478793   x15(a5)=10000098
#14792  pc=0040003c cycle=28881 insn=02c78063
#14793  pc=00400040 cycle=28884 insn=ffc7a683
#14794  pc=00400044 cycle=28887 insn=0007a703
#14795  pc=00400048 cycle=28890 insn=fed758e3
#14796  pc=00400038 cycle=28890 insn=00478793   x15(a5)=1000009c
#14797  pc=0040003c cycle=28890 insn=02c78063
#14798  pc=00400040 cycle=28893 insn=ffc7a683
#14799  pc=00400044 cycle=28896 insn=0007a703
#14800  pc=00400048 cycle=28899 insn=fed758e3
#14801  pc=00400038 cycle=28899 insn=00478793   x15(a5)=100000a0
#14802  pc=0040003c cycle=28899 insn=02c78063
#14803  pc=00400040 cycle=28902 insn=ffc7a683
#14804  pc=00400044 cycle=28905 insn=0007a703
#14805  pc=00400048 cycle=28908 insn=fed758e3
#14806  pc=00400038 cycle=28908 insn=00478793   x15(a5)=100000a4
#14807  pc=0040003c cycle=28908 insn=02c78063
#14808  pc=0040005c cycle=28912 insn=ffc60613   x12(a2)=100000a0
#14809  pc=00400060 cycle=28914 insn=fc0812e3
#14810  pc=00400024 cycle=28916 insn=fff58593   x11(a1)=00000027
#14811  pc=00400028 cycle=28919 insn=02b05e63
#14812  pc=0040002c cycle=28919 insn=00450793   x15(a5)=10000004
#14813  pc=00400030 cycle=28919 insn=00030813   x16(a6)=00000000
#14814  pc=00400034 cycle=28920 insn=00c0006f
#14815  pc=00400040 cycle=28925 insn=ffc7a683   x13(a3)=82f2d29c
#14816  pc=00400044 cycle=28926 insn=0007a703   x14(a4)=82f2d29c
#14817  pc=00400048 cycle=28929 insn=fed758e3
#14818  pc=00400038 cycle=28929 insn=00478793   x15(a5)=10000008
#14819  pc=0040003c cycle=28930 insn=02c78063
#14820  pc=00400040 cycle=28932 insn=ffc7a683
#14821  pc=00400044 cycle=28935 insn=0007a703
#14822  pc=00400048 cycle=28938 insn=fed758e3
#14823  pc=00400038 cycle=28938 insn=00478793   x15(a5)=1000000c
#14824  pc=0040003c cycle=28938 insn=02c78063
#14825  pc=00400040 cycle=28941 insn=ffc7a683
#14826  pc=00400044 cycle=28944 insn=0007a703
#14827  pc=00400048 cycle=28947 insn=fed758e3
#14828  pc=00400038 cycle=28947 insn=00478793   x15(a5)=10000010
#14829  pc=0040003c cycle=28947 insn=02c78063
#14830  pc=00400040 cycle=28950 insn=ffc7a683
#14831  pc=00400044 cycle=28953 insn=0007a703
#14832  pc=00400048 cycle=28956 insn=fed758e3
#14833  pc=00400038 cycle=28956 insn=00478793   x15(a5)=10000014
#14834  pc=0040003c cycle=28956 insn=02c78063
#14835  pc=00400040 cycle=28959 insn=ffc7a683
#14836  pc=00400044 cycle=28962 insn=0007a703
#14837  pc=00400048 cycle=28965 insn=fed758e3
#14838  pc=00400038 cycle=28965 insn=00478793   x15(a5)=10000018
#14839  pc=0040003c cycle=28965 insn=02c78063
#14840  pc=00400040 cycle=28968 insn=ffc7a683
#14841  pc=00400044 cycle=28971 insn=0007a703
#14842  pc=00400048 cycle=28974 insn=fed758e3
#14843  pc=00400038 cycle=28974 insn=00478793   x15(a5)=1000001c
#14844  pc=0040003c cycle=28974 insn=02c78063
#14845  pc=00400040 cycle=28977 insn=ffc7a683
#14846  pc=00400044 cycle=28980 insn=0007a703
#14847  pc=00400048 cycle=28983 insn=fed758e3
#14848  pc=00400038 cycle=28983 insn=00478793   x15(a5)=10000020
#14849  pc=0040003c cycle=28983 insn=02c78063
#14850  pc=00400040 cycle=28986 insn=ffc7a683
#14851  pc=00400044 cycle=28989 insn=0007a703
#14852  pc=00400048 cycle=28992 insn=fed758e3
#14853  pc=00400038 cycle=28992 insn=00478793   x15(a5)=10000024
#14854  pc=0040003c cycle=28992 insn=02c78063
#14855  pc=00400040 cycle=28995 insn=ffc7a683
#14856  pc=00400044 cycle=28998 insn=0007a703
#14857  pc=00400048 cycle=29001 insn=fed758e3
#14858  pc=00400038 cycle=29001 insn=00478793   x15(a5)=10000028
#14859  pc=0040003c cycle=29001 insn=02c78063
#14860  pc=00400040 cycle=29004 insn=ffc7a683
#14861  pc=00400044 cycle=29007 insn=0007a703
#14862  pc=00400048 cycle=29010 insn=fed758e3
#14863  pc=00400038 cycle=29010 insn=00478793   x15(a5)=1000002c
#14864  pc=0040003c cycle=29010 insn=02c78063
#14865  pc=00400040 cycle=29013 insn=ffc7a683
#14866  pc=00400044 cycle=29016 insn=0007a703
#14867  pc=00400048 cycle=29019 insn=fed758e3
#14868  pc=00400038 cycle=29019 insn=00478793   x15(a5)=10000030
#14869  pc=0040003c cycle=29019 insn=02c78063
#14870  pc=00400040 cycle=29022 insn=ffc7a683
#14871  pc=00400044 cycle=29025 insn=0007a703
#14872  pc=00400048 cycle=29028 insn=fed758e3
#14873  pc=00400038 cycle=29028 insn=00478793   x15(a5)=10000034
#14874  pc=0040003c cycle=29028 insn=02c78063
#14875  pc=00400040 cycle=29031 insn=ffc7a683
#14876  pc=00400044 cycle=29034 insn=0007a703
#14877  pc=00400048 cycle=29037 insn=fed758e3
#14878  pc=00400038 cycle=29037 insn=00478793   x15(a5)=10000038
#14879  pc=0040003c cycle=29037 insn=02c78063
#14880  pc=00400040 cycle=29040 insn=ffc7a683
#14881  pc=00400044 cycle=29043 insn=0007a703
#14882  pc=00400048 cycle=29046 insn=fed758e3
#14883  pc=00400038 cycle=29046 insn=00478793   x15(a5)=1000003c
#14884  pc=0040003c cycle=29046 insn=02c78063
#14885  pc=00400040 cycle=29049 insn=ffc7a683
#14886  pc=00400044 cycle=29052 insn=0007a703
#14887  pc=00400048 cycle=29055 insn=fed758e3
#14888  pc=00400038 cycle=29055 insn=00478793   x15(a5)=10000040
#14889  pc=0040003c cycle=29055 insn=02c78063
#14890  pc=00400040 cycle=29058 insn=ffc7a683
#14891  pc=00400044 cycle=29061 insn=0007a703
#14892  pc=00400048 cycle=29064 insn=fed758e3
#14893  pc=00400038 cycle=29064 insn=00478793   x15(a5)=10000044
#14894  pc=0040003c cycle=29064 insn=02c78063
#14895  pc=00400040 cycle=29067 insn=ffc7a683
#14896  pc=00400044 cycle=29070 insn=0007a703
#14897  pc=00400048 cycle=29073 insn=fed758e3
#14898  pc=00400038 cycle=29073 insn=00478793   x15(a5)=10000048
#14899  pc=0040003c cycle=29073 insn=02c78063
#14900  pc=00400040 cycle=29076 insn=ffc7a683
#14901  pc=00400044 cycle=29079 insn=0007a703
#14902  pc=00400048 cycle=29082 insn=fed758e3
#14903  pc=00400038 cycle=29082 insn=00478793   x15(a5)=1000004c
#14904  pc=0040003c cycle=29082 insn=02c78063
#14905  pc=00400040 cycle=29085 insn=ffc7a683
#14906  pc=00400044 cycle=29088 insn=0007a703
#14907  pc=00400048 cycle=29091 insn=fed758e3
#14908  pc=00400038 cycle=29091 insn=00478793   x15(a5)=10000050
#14909  pc=0040003c cycle=29091 insn=02c78063
#14910  pc=00400040 cycle=29094 insn=ffc7a683
#14911  pc=00400044 cycle=29097 insn=0007a703
#14912  pc=00400048 cycle=29100 insn=fed758e3
#14913  pc=00400038 cycle=29100 insn=00478793   x15(a5)=10000054
#14914  pc=0040003c cycle=29100 insn=02c78063
#14915  pc=00400040 cycle=29103 insn=ffc7a683
#14916  pc=00400044 cycle=29106 insn=0007a703   x14(a4)=80f68da3
#14917  pc=00400048 cycle=29109 insn=fed758e3
#14918  pc=0040004c cycle=29115 insn=00d7a023
#14919  pc=00400050 cycle=29118 insn=fee7ae23
#14920  pc=00400054 cycle=29118 insn=00088813   x16(a6)=00000001
#14921  pc=00400058 cycle=29118 insn=fe1ff06f
#14922  pc=00400038 cycle=29119 insn=00478793   x15(a5)=10000058
#14923  pc=0040003c cycle=29122 insn=02c78063
#14924  pc=00400040 cycle=29125 insn=ffc7a683
#14925  pc=00400044 cycle=29126 insn=0007a703   x14(a4)=82f2d29c
#14926  pc=00400048 cycle=29129 insn=fed758e3
#14927  pc=00400038 cycle=29135 insn=00478793   x15(a5)=1000005c
#14928  pc=0040003c cycle=29138 insn=02c78063
#14929  pc=00400040 cycle=29140 insn=ffc7a683
#14930  pc=00400044 cycle=29141 insn=0007a703
#14931  pc=00400048 cycle=29144 insn=fed758e3
#14932  pc=00400038 cycle=29144 insn=00478793   x15(a5)=10000060
#14933  pc=0040003c cycle=29145 insn=02c78063
#14934  pc=00400040 cycle=29147 insn=ffc7a683
#14935  pc=00400044 cycle=29150 insn=0007a703
#14936  pc=00400048 cycle=29153 insn=fed758e3
#14937  pc=00400038 cycle=29153 insn=00478793   x15(a5)=10000064
#14938  pc=0040003c cycle=29153 insn=02c78063
#14939  pc=00400040 cycle=29156 insn=ffc7a683
#14940  pc=00400044 cycle=29159 insn=0007a703
#14941  pc=00400048 cycle=29162 insn=fed758e3
#14942  pc=00400038 cycle=29162 insn=00478793   x15(a5)=10000068
#14943  pc=0040003c cycle=29162 insn=02c78063
#14944  pc=00400040 cycle=29165 insn=ffc7a683
#14945  pc=00400044 cycle=29168 insn=0007a703
#14946  pc=00400048 cycle=29171 insn=fed758e3
#14947  pc=00400038 cycle=29171 insn=00478793   x15(a5)=1000006c
#14948  pc=0040003c cycle=29171 insn=02c78063
#14949  pc=00400040 cycle=29174 insn=ffc7a683
#14950  pc=00400044 cycle=29177 insn=0007a703
#14951  pc=00400048 cycle=29180 insn=fed758e3
#14952  pc=00400038 cycle=29180 insn=00478793   x15(a5)=10000070
#14953  pc=0040003c cycle=29180 insn=02c78063
#14954  pc=00400040 cycle=29183 insn=ffc7a683
#14955  pc=00400044 cycle=29186 insn=0007a703
#14956  pc=00400048 cycle=29189 insn=fed758e3
#14957  pc=00400038 cycle=29189 insn=00478793   x15(a5)=10000074
#14958  pc=0040003c cycle=29189 insn=02c78063
#14959  pc=00400040 cycle=29192 insn=ffc7a683
#14960  pc=00400044 cycle=29195 insn=0007a703
#14961  pc=00400048 cycle=29198 insn=fed758e3
#14962  pc=00400038 cycle=29198 insn=00478793   x15(a5)=10000078
#14963  pc=0040003c cycle=29198 insn=02c78063
#14964  pc=00400040 cycle=29201 insn=ffc7a683
#14965  pc=00400044 cycle=29204 insn=0007a703
#14966  pc=00400048 cycle=29207 insn=fed758e3
#14967  pc=00400038 cycle=29207 insn=00478793   x15(a5)=1000007c
#14968  pc=0040003c cycle=29207 insn=02c78063
#14969  pc=00400040 cycle=29210 insn=ffc7a683
#14970  pc=00400044 cycle=29213 insn=0007a703
#14971  pc=00400048 cycle=29216 insn=fed758e3
#14972  pc=00400038 cycle=29216 insn=00478793   x15(a5)=10000080
#14973  pc=0040003c cycle=29216 insn=02c78063
#14974  pc=00400040 cycle=29219 insn=ffc7a683
#14975  pc=00400044 cycle=29222 insn=0007a703
#14976  pc=00400048 cycle=29225 insn=fed758e3
#14977  pc=00400038 cycle=29225 insn=00478793   x15(a5)=10000084
#14978  pc=0040003c cycle=29225 insn=02c78063
#14979  pc=00400040 cycle=29228 insn=ffc7a683
#14980  pc=00400044 cycle=29231 insn=0007a703
#14981  pc=00400048 cycle=29234 insn=fed758e3
#14982  pc=00400038 cycle=29234 insn=00478793   x15(a5)=10000088
#14983  pc=0040003c cycle=29234 insn=02c78063
#14984  pc=00400040 cycle=29237 insn=ffc7a683
#14985  pc=00400044 cycle=29240 insn=0007a703
#14986  pc=00400048 cycle=29243 insn=fed758e3
#14987  pc=00400038 cycle=29243 insn=00478793   x15(a5)=1000008c
#14988  pc=0040003c cycle=29243 insn=02c78063
#14989  pc=00400040 cycle=29246 insn=ffc7a683
#14990  pc=00400044 cycle=29249 insn=0007a703
#14991  pc=00400048 cycle=29252 insn=fed758e3
#14992  pc=00400038 cycle=29252 insn=00478793   x15(a5)=10000090
#14993  pc=0040003c cycle=29252 insn=02c78063
#14994  pc=00400040 cycle=29255 insn=ffc7a683
#14995  pc=00400044 cycle=29258 insn=0007a703   x14(a4)=84c36ccd
#14996  pc=00400048 cycle=29261 insn=fed758e3
#14997  pc=00400038 cycle=29261 insn=00478793   x15(a5)=10000094
#14998  pc=0040003c cycle=29261 insn=02c78063
#14999  pc=00400040 cycle=29264 insn=ffc7a683   x13(a3)=84c36ccd
#15000  pc=00400044 cycle=29267 insn=0007a703
#15001  pc=00400048 cycle=29270 insn=fed758e3
#15002  pc=00400038 cycle=29270 insn=00478793   x15(a5)=10000098
#15003  pc=0040003c cycle=29270 insn=02c78063
#15004  pc=00400040 cycle=29273 insn=ffc7a683
#15005  pc=00400044 cycle=29276 insn=0007a703
#15006  pc=00400048 cycle=29279 insn=fed758e3
#15007  pc=00400038 cycle=29279 insn=00478793   x15(a5)=1000009c
#15008  pc=0040003c cycle=29279 insn=02c78063
#15009  pc=00400040 cycle=29282 insn=ffc7a683
#15010  pc=00400044 cycle=29285 insn=0007a703
#15011  pc=00400048 cycle=29288 insn=fed758e3
#15012  pc=00400038 cycle=29288 insn=00478793   x15(a5)=100000a0
#15013  pc=0040003c cycle=29288 insn=02c78063
#15014  pc=0040005c cycle=29292 insn=ffc60613   x12(a2)=1000009c
#15015  pc=00400060 cycle=29294 insn=fc0812e3
#15016  pc=00400024 cycle=29296 insn=fff58593   x11(a1)=00000026
#15017  pc=00400028 cycle=29299 insn=02b05e63
#15018  pc=0040002c cycle=29299 insn=00450793   x15(a5)=10000004
#15019  pc=00400030 cycle=29299 insn=00030813   x16(a6)=00000000
#15020  pc=00400034 cycle=29300 insn=00c0006f
#15021  pc=00400040 cycle=29305 insn=ffc7a683   x13(a3)=82f2d29c
#15022  pc=00400044 cycle=29306 insn=0007a703   x14(a4)=82f2d29c
#15023  pc=00400048 cycle=29309 insn=fed758e3
#15024  pc=00400038 cycle=29309 insn=00478793   x15(a5)=10000008
#15025  pc=0040003c cycle=29310 insn=02c78063
#15026  pc=00400040 cycle=29312 insn=ffc7a683
#15027  pc=00400044 cycle=29315 insn=0007a703
#15028  pc=00400048 cycle=29318 insn=fed758e3
#15029  pc=00400038 cycle=29318 insn=00478793   x15(a5)=1000000c
#15030  pc=0040003c cycle=29318 insn=02c78063
#15031  pc=00400040 cycle=29321 insn=ffc7a683
#15032  pc=00400044 cycle=29324 insn=0007a703
#15033  pc=00400048 cycle=29327 insn=fed758e3
#15034  pc=00400038 cycle=29327 insn=00478793   x15(a5)=10000010
#15035  pc=0040003c cycle=29327 insn=02c78063
#15036  pc=00400040 cycle=29330 insn=ffc7a683
#15037  pc=00400044 cycle=29333 insn=0007a703
#15038  pc=00400048 cycle=29336 insn=fed758e3
#15039  pc=00400038 cycle=29336 insn=00478793   x15(a5)=10000014
#15040  pc=0040003c cycle=29336 insn=02c78063
#15041  pc=00400040 cycle=29339 insn=ffc7a683
#15042  pc=00400044 cycle=29342 insn=0007a703
#15043  pc=00400048 cycle=29345 insn=fed758e3
#15044  pc=00400038 cycle=29345 insn=00478793   x15(a5)=10000018
#15045  pc=0040003c cycle=29345 insn=02c78063
#15046  pc=00400040 cycle=29348 insn=ffc7a683
#15047  pc=00400044 cycle=29351 insn=0007a703
#15048  pc=00400048 cycle=29354 insn=fed758e3
#15049  pc=00400038 cycle=29354 insn=00478793   x15(a5)=1000001c
#15050  pc=0040003c cycle=29354 insn=02c78063
#15051  pc=00400040 cycle=29357 insn=ffc7a683
#15052  pc=00400044 cycle=29360 insn=0007a703
#15053  pc=00400048 cycle=29363 insn=fed758e3
#15054  pc=00400038 cycle=29363 insn=00478793   x15(a5)=10000020
#15055  pc=0040003c cycle=29363 insn=02c78063
#15056  pc=00400040 cycle=29366 insn=ffc7a683
#15057  pc=00400044 cycle=29369 insn=0007a703
#15058  pc=00400048 cycle=29372 insn=fed758e3
#15059  pc=00400038 cycle=29372 insn=00478793   x15(a5)=10000024
#15060  pc=0040003c cycle=29372 insn=02c78063
#15061  pc=00400040 cycle=29375 insn=ffc7a683
#15062  pc=00400044 cycle=29378 insn=0007a703
#15063  pc=00400048 cycle=29381 insn=fed758e3
#15064  pc=00400038 cycle=29381 insn=00478793   x15(a5)=10000028
#15065  pc=0040003c cycle=29381 insn=02c78063
#15066  pc=00400040 cycle=29384 insn=ffc7a683
#15067  pc=00400044 cycle=29387 insn=0007a703
#15068  pc=00400048 cycle=29390 insn=fed758e3
#15069  pc=00400038 cycle=29390 insn=00478793   x15(a5)=1000002c
#15070  pc=0040003c cycle=29390 insn=02c78063
#15071  pc=00400040 cycle=29393 insn=ffc7a683
#15072  pc=00400044 cycle=29396 insn=0007a703
#15073  pc=00400048 cycle=29399 insn=fed758e3
#15074  pc=00400038 cycle=29399 insn=00478793   x15(a5)=10000030
#15075  pc=0040003c cycle=29399 insn=02c78063
#15076  pc=00400040 cycle=29402 insn=ffc7a683
#15077  pc=00400044 cycle=29405 insn=0007a703
#15078  pc=00400048 cycle=29408 insn=fed758e3
#15079  pc=00400038 cycle=29408 insn=00478793   x15(a5)=10000034
#15080  pc=0040003c cycle=29408 insn=02c78063
#15081  pc=00400040 cycle=29411 insn=ffc7a683
#15082  pc=00400044 cycle=29414 insn=0007a703
#15083  pc=00400048 cycle=29417 insn=fed758e3
#15084  pc=00400038 cycle=29417 insn=00478793   x15(a5)=10000038
#15085  pc=0040003c cycle=29417 insn=02c78063
#15086  pc=00400040 cycle=29420 insn=ffc7a683
#15087  pc=00400044 cycle=29423 insn=0007a703
#15088  pc=00400048 cycle=29426 insn=fed758e3
#15089  pc=00400038 cycle=29426 insn=00478793   x15(a5)=1000003c
#15090  pc=0040003c cycle=29426 insn=02c78063
#15091  pc=00400040 cycle=29429 insn=ffc7a683
#15092  pc=00400044 cycle=29432 insn=0007a703
#15093  pc=00400048 cycle=29435 insn=fed758e3
#15094  pc=00400038 cycle=29435 insn=00478793   x15(a5)=10000040
#15095  pc=0040003c cycle=29435 insn=02c78063
#15096  pc=00400040 cycle=29438 insn=ffc7a683
#15097  pc=00400044 cycle=29441 insn=0007a703
#15098  pc=00400048 cycle=29444 insn=fed758e3
#15099  pc=00400038 cycle=29444 insn=00478793   x15(a5)=10000044
#15100  pc=0040003c cycle=29444 insn=02c78063
#15101  pc=00400040 cycle=29447 insn=ffc7a683
#15102  pc=00400044 cycle=29450 insn=0007a703
#15103  pc=00400048 cycle=29453 insn=fed758e3
#15104  pc=00400038 cycle=29453 insn=00478793   x15(a5)=10000048
#15105  pc=0040003c cycle=29453 insn=02c78063
#15106  pc=00400040 cycle=29456 insn=ffc7a683
#15107  pc=00400044 cycle=29459 insn=0007a703
#15108  pc=00400048 cycle=29462 insn=fed758e3
#15109  pc=00400038 cycle=29462 insn=00478793   x15(a5)=1000004c
#15110  pc=0040003c cycle=29462 insn=02c78063
#15111  pc=00400040 cycle=29465 insn=ffc7a683
#15112  pc=00400044 cycle=29468 insn=0007a703
#15113  pc=00400048 cycle=29471 insn=fed758e3
#15114  pc=00400038 cycle=29471 insn=00478793   x15(a5)=10000050
#15115  pc=0040003c cycle=29471 insn=02c78063
#15116  pc=00400040 cycle=29474 insn=ffc7a683
#15117  pc=00400044 cycle=29477 insn=0007a703   x14(a4)=80f68da3
#15118  pc=00400048 cycle=29480 insn=fed758e3
#15119  pc=0040004c cycle=29486 insn=00d7a023
#15120  pc=00400050 cycle=29489 insn=fee7ae23
#15121  pc=00400054 cycle=29489 insn=00088813   x16(a6)=00000001
#15122  pc=00400058 cycle=29489 insn=fe1ff06f
#15123  pc=00400038 cycle=29490 insn=00478793   x15(a5)=10000054
#15124  pc=0040003c cycle=29493 insn=02c78063
#15125  pc=00400040 cycle=29496 insn=ffc7a683
#15126  pc=00400044 cycle=29497 insn=0007a703   x14(a4)=82f2d29c
#15127  pc=00400048 cycle=29500 insn=fed758e3
#15128  pc=00400038 cycle=29506 insn=00478793   x15(a5)=10000058
#15129  pc=0040003c cycle=29509 insn=02c78063
#15130  pc=00400040 cycle=29511 insn=ffc7a683
#15131  pc=00400044 cycle=29512 insn=0007a703
#15132  pc=00400048 cycle=29515 insn=fed758e3
#15133  pc=00400038 cycle=29515 insn=00478793   x15(a5)=1000005c
#15134  pc=0040003c cycle=29516 insn=02c78063
#15135  pc=00400040 cycle=29518 insn=ffc7a683
#15136  pc=00400044 cycle=29521 insn=0007a703
#15137  pc=00400048 cycle=29524 insn=fed758e3
#15138  pc=00400038 cycle=29524 insn=00478793   x15(a5)=10000060
#15139  pc=0040003c cycle=29524 insn=02c78063
#15140  pc=00400040 cycle=29527 insn=ffc7a683
#15141  pc=00400044 cycle=29530 insn=0007a703
#15142  pc=00400048 cycle=29533 insn=fed758e3
#15143  pc=00400038 cycle=29533 insn=00478793   x15(a5)=10000064
#15144  pc=0040003c cycle=29533 insn=02c78063
#15145  pc=00400040 cycle=29536 insn=ffc7a683
#15146  pc=00400044 cycle=29539 insn=0007a703
#15147  pc=00400048 cycle=29542 insn=fed758e3
#15148  pc=00400038 cycle=29542 insn=00478793   x15(a5)=10000068
#15149  pc=0040003c cycle=29542 insn=02c78063
#15150  pc=00400040 cycle=29545 insn=ffc7a683
#15151  pc=00400044 cycle=29548 insn=0007a703
#15152  pc=00400048 cycle=29551 insn=fed758e3
#15153  pc=00400038 cycle=29551 insn=00478793   x15(a5)=1000006c
#15154  pc=0040003c cycle=29551 insn=02c78063
#15155  pc=00400040 cycle=29554 insn=ffc7a683
#15156  pc=00400044 cycle=29557 insn=0007a703
#15157  pc=00400048 cycle=29560 insn=fed758e3
#15158  pc=00400038 cycle=29560 insn=00478793   x15(a5)=10000070
#15159  pc=0040003c cycle=29560 insn=02c78063
#15160  pc=00400040 cycle=29563 insn=ffc7a683
#15161  pc=00400044 cycle=29566 insn=0007a703
#15162  pc=00400048 cycle=29569 insn=fed758e3
#15163  pc=00400038 cycle=29569 insn=00478793   x15(a5)=10000074
#15164  pc=0040003c cycle=29569 insn=02c78063
#15165  pc=00400040 cycle=29572 insn=ffc7a683
#15166  pc=00400044 cycle=29575 insn=0007a703
#15167  pc=00400048 cycle=29578 insn=fed758e3
#15168  pc=00400038 cycle=29578 insn=00478793   x15(a5)=10000078
#15169  pc=0040003c cycle=29578 insn=02c78063
#15170  pc=00400040 cycle=29581 insn=ffc7a683
#15171  pc=00400044 cycle=29584 insn=0007a703
#15172  pc=00400048 cycle=29587 insn=fed758e3
#15173  pc=00400038 cycle=29587 insn=00478793   x15(a5)=1000007c
#15174  pc=0040003c cycle=29587 insn=02c78063
#15175  pc=00400040 cycle=29590 insn=ffc7a683
#15176  pc=00400044 cycle=29593 insn=0007a703
#15177  pc=00400048 cycle=29596 insn=fed758e3
#15178  pc=00400038 cycle=29596 insn=00478793   x15(a5)=10000080
#15179  pc=0040003c cycle=29596 insn=02c78063
#15180  pc=00400040 cycle=29599 insn=ffc7a683
#15181  pc=00400044 cycle=29602 insn=0007a703
#15182  pc=00400048 cycle=29605 insn=fed758e3
#15183  pc=00400038 cycle=29605 insn=00478793   x15(a5)=10000084
#15184  pc=0040003c cycle=29605 insn=02c78063
#15185  pc=00400040 cycle=29608 insn=ffc7a683
#15186  pc=00400044 cycle=29611 insn=0007a703
#15187  pc=00400048 cycle=29614 insn=fed758e3
#15188  pc=00400038 cycle=29614 insn=00478793   x15(a5)=10000088
#15189  pc=0040003c cycle=29614 insn=02c78063
#15190  pc=00400040 cycle=29617 insn=ffc7a683
#15191  pc=00400044 cycle=29620 insn=0007a703
#15192  pc=00400048 cycle=29623 insn=fed758e3
#15193  pc=00400038 cycle=29623 insn=00478793   x15(a5)=1000008c
#15194  pc=0040003c cycle=29623 insn=02c78063
#15195  pc=00400040 cycle=29626 insn=ffc7a683
#15196  pc=00400044 cycle=29629 insn=0007a703
#15197  pc=00400048 cycle=29632 insn=fed758e3
#15198  pc=00400038 cycle=29632 insn=00478793   x15(a5)=10000090
#15199  pc=0040003c cycle=29632 insn=02c78063
#15200  pc=00400040 cycle=29635 insn=ffc7a683
#15201  pc=00400044 cycle=29638 insn=0007a703   x14(a4)=84c36ccd
#15202  pc=00400048 cycle=29641 insn=fed758e3
#15203  pc=00400038 cycle=29641 insn=00478793   x15(a5)=10000094
#15204  pc=0040003c cycle=29641 insn=02c78063
#15205  pc=00400040 cycle=29644 insn=ffc7a683   x13(a3)=84c36ccd
#15206  pc=00400044 cycle=29647 insn=0007a703
#15207  pc=00400048 cycle=29650 insn=fed758e3
#15208  pc=00400038 cycle=29650 insn=00478793   x15(a5)=10000098
#15209  pc=0040003c cycle=29650 insn=02c78063
#15210  pc=00400040 cycle=29653 insn=ffc7a683
#15211  pc=00400044 cycle=29656 insn=0007a703
#15212  pc=00400048 cycle=29659 insn=fed758e3
#15213  pc=00400038 cycle=29659 insn=00478793   x15(a5)=1000009c
#15214  pc=0040003c cycle=29659 insn=02c78063
#15215  pc=0040005c cycle=29663 insn=ffc60613   x12(a2)=10000098
#15216  pc=00400060 cycle=29665 insn=fc0812e3
#15217  pc=00400024 cycle=29667 insn=fff58593   x11(a1)=00000025
#15218  pc=00400028 cycle=29670 insn=02b05e63
#15219  pc=0040002c cycle=29670 insn=00450793   x15(a5)=10000004
#15220  pc=00400030 cycle=29670 insn=00030813   x16(a6)=00000000
#15221  pc=00400034 cycle=29671 insn=00c0006f
#15222  pc=00400040 cycle=29676 insn=ffc7a683   x13(a3)=82f2d29c
#15223  pc=00400044 cycle=29677 insn=0007a703   x14(a4)=82f2d29c
#15224  pc=00400048 cycle=29680 insn=fed758e3
#15225  pc=00400038 cycle=29680 insn=00478793   x15(a5)=10000008
#15226  pc=0040003c cycle=29681 insn=02c78063
#15227  pc=00400040 cycle=29683 insn=ffc7a683
#15228  pc=00400044 cycle=29686 insn=0007a703
#15229  pc=00400048 cycle=29689 insn=fed758e3
#15230  pc=00400038 cycle=29689 insn=00478793   x15(a5)=1000000c
#15231  pc=0040003c cycle=29689 insn=02c78063
#15232  pc=00400040 cycle=29692 insn=ffc7a683
#15233  pc=00400044 cycle=29695 insn=0007a703
#15234  pc=00400048 cycle=29698 insn=fed758e3
#15235  pc=00400038 cycle=29698 insn=00478793   x15(a5)=10000010
#15236  pc=0040003c cycle=29698 insn=02c78063
#15237  pc=00400040 cycle=29701 insn=ffc7a683
#15238  pc=00400044 cycle=29704 insn=0007a703
#15239  pc=00400048 cycle=29707 insn=fed758e3
#15240  pc=00400038 cycle=29707 insn=00478793   x15(a5)=10000014
#15241  pc=0040003c cycle=29707 insn=02c78063
#15242  pc=00400040 cycle=29710 insn=ffc7a683
#15243  pc=00400044 cycle=29713 insn=0007a703
#15244  pc=00400048 cycle=29716 insn=fed758e3
#15245  pc=00400038 cycle=29716 insn=00478793   x15(a5)=10000018
#15246  pc=0040003c cycle=29716 insn=02c78063
#15247  pc=00400040 cycle=29719 insn=ffc7a683
#15248  pc=00400044 cycle=29722 insn=0007a703
#15249  pc=00400048 cycle=29725 insn=fed758e3
#15250  pc=00400038 cycle=29725 insn=00478793   x15(a5)=1000001c
#15251  pc=0040003c cycle=29725 insn=02c78063
#15252  pc=00400040 cycle=29728 insn=ffc7a683
#15253  pc=00400044 cycle=29731 insn=0007a703
#15254  pc=00400048 cycle=29734 insn=fed758e3
#15255  pc=00400038 cycle=29734 insn=00478793   x15(a5)=10000020
#15256  pc=0040003c cycle=29734 insn=02c78063
#15257  pc=00400040 cycle=29737 insn=ffc7a683
#15258  pc=00400044 cycle=29740 insn=0007a703
#15259  pc=00400048 cycle=29743 insn=fed758e3
#15260  pc=00400038 cycle=29743 insn=00478793   x15(a5)=10000024
#15261  pc=0040003c cycle=29743 insn=02c78063
#15262  pc=00400040 cycle=29746 insn=ffc7a683
#15263  pc=00400044 cycle=29749 insn=0007a703
#15264  pc=00400048 cycle=29752 insn=fed758e3
#15265  pc=00400038 cycle=29752 insn=00478793   x15(a5)=10000028
#15266  pc=0040003c cycle=29752 insn=02c78063
#15267  pc=00400040 cycle=29755 insn=ffc7a683
#15268  pc=00400044 cycle=29758 insn=0007a703
#15269  pc=00400048 cycle=29761 insn=fed758e3
#15270  pc=00400038 cycle=29761 insn=00478793   x15(a5)=1000002c
#15271  pc=0040003c cycle=29761 insn=02c78063
#15272  pc=00400040 cycle=29764 insn=ffc7a683
#15273  pc=00400044 cycle=29767 insn=0007a703
#15274  pc=00400048 cycle=29770 insn=fed758e3
#15275  pc=00400038 cycle=29770 insn=00478793   x15(a5)=10000030
#15276  pc=0040003c cycle=29770 insn=02c78063
#15277  pc=00400040 cycle=29773 insn=ffc7a683
#15278  pc=00400044 cycle=29776 insn=0007a703
#15279  pc=00400048 cycle=29779 insn=fed758e3
#15280  pc=00400038 cycle=29779 insn=00478793   x15(a5)=10000034
#15281  pc=0040003c cycle=29779 insn=02c78063
#15282  pc=00400040 cycle=29782 insn=ffc7a683
#15283  pc=00400044 cycle=29785 insn=0007a703
#15284  pc=00400048 cycle=29788 insn=fed758e3
#15285  pc=00400038 cycle=29788 insn=00478793   x15(a5)=10000038
#15286  pc=0040003c cycle=29788 insn=02c78063
#15287  pc=00400040 cycle=29791 insn=ffc7a683
#15288  pc=00400044 cycle=29794 insn=0007a703
#15289  pc=00400048 cycle=29797 insn=fed758e3
#15290  pc=00400038 cycle=29797 insn=00478793   x15(a5)=1000003c
#15291  pc=0040003c cycle=29797 insn=02c78063
#15292  pc=00400040 cycle=29800 insn=ffc7a683
#15293  pc=00400044 cycle=29803 insn=0007a703
#15294  pc=00400048 cycle=29806 insn=fed758e3
#15295  pc=00400038 cycle=29806 insn=00478793   x15(a5)=10000040
#15296  pc=0040003c cycle=29806 insn=02c78063
#15297  pc=00400040 cycle=29809 insn=ffc7a683
#15298  pc=00400044 cycle=29812 insn=0007a703
#15299  pc=00400048 cycle=29815 insn=fed758e3
#15300  pc=00400038 cycle=29815 insn=00478793   x15(a5)=10000044
#15301  pc=0040003c cycle=29815 insn=02c78063
#15302  pc=00400040 cycle=29818 insn=ffc7a683
#15303  pc=00400044 cycle=29821 insn=0007a703
#15304  pc=00400048 cycle=29824 insn=fed758e3
#15305  pc=00400038 cycle=29824 insn=00478793   x15(a5)=10000048
#15306  pc=0040003c cycle=29824 insn=02c78063
#15307  pc=00400040 cycle=29827 insn=ffc7a683
#15308  pc=00400044 cycle=29830 insn=0007a703
#15309  pc=00400048 cycle=29833 insn=fed758e3
#15310  pc=00400038 cycle=29833 insn=00478793   x15(a5)=1000004c
#15311  pc=0040003c cycle=29833 insn=02c78063
#15312  pc=00400040 cycle=29836 insn=ffc7a683
#15313  pc=00400044 cycle=29839 insn=0007a703   x14(a4)=80f68da3
#15314  pc=00400048 cycle=29842 insn=fed758e3
#15315  pc=0040004c cycle=29848 insn=00d7a023
#15316  pc=00400050 cycle=29851 insn=fee7ae23
#15317  pc=00400054 cycle=29851 insn=00088813   x16(a6)=00000001
#15318  pc=00400058 cycle=29851 insn=fe1ff06f
#15319  pc=00400038 cycle=29852 insn=00478793   x15(a5)=10000050
#15320  pc=0040003c cycle=29855 insn=02c78063
#15321  pc=00400040 cycle=29858 insn=ffc7a683
#15322  pc=00400044 cycle=29859 insn=0007a703   x14(a4)=82f2d29c
#15323  pc=00400048 cycle=29862 insn=fed758e3
#15324  pc=00400038 cycle=29868 insn=00478793   x15(a5)=10000054
#15325  pc=0040003c cycle=29871 insn=02c78063
#15326  pc=00400040 cycle=29873 insn=ffc7a683
#15327  pc=00400044 cycle=29874 insn=0007a703
#15328  pc=00400048 cycle=29877 insn=fed758e3
#15329  pc=00400038 cycle=29877 insn=00478793   x15(a5)=10000058
#15330  pc=0040003c cycle=29878 insn=02c78063
#15331  pc=00400040 cycle=29880 insn=ffc7a683
#15332  pc=00400044 cycle=29883 insn=0007a703
#15333  pc=00400048 cycle=29886 insn=fed758e3
#15334  pc=00400038 cycle=29886 insn=00478793   x15(a5)=1000005c
#15335  pc=0040003c cycle=29886 insn=02c78063
#15336  pc=00400040 cycle=29889 insn=ffc7a683
#15337  pc=00400044 cycle=29892 insn=0007a703
#15338  pc=00400048 cycle=29895 insn=fed758e3
#15339  pc=00400038 cycle=29895 insn=00478793   x15(a5)=10000060
#15340  pc=0040003c cycle=29895 insn=02c78063
#15341  pc=00400040 cycle=29898 insn=ffc7a683
#15342  pc=00400044 cycle=29901 insn=0007a703
#15343  pc=00400048 cycle=29904 insn=fed758e3
#15344  pc=00400038 cycle=29904 insn=00478793   x15(a5)=10000064
#15345  pc=0040003c cycle=29904 insn=02c78063
#15346  pc=00400040 cycle=29907 insn=ffc7a683
#15347  pc=00400044 cycle=29910 insn=0007a703
#15348  pc=00400048 cycle=29913 insn=fed758e3
#15349  pc=00400038 cycle=29913 insn=00478793   x15(a5)=10000068
#15350  pc=0040003c cycle=29913 insn=02c78063
#15351  pc=00400040 cycle=29916 insn=ffc7a683
#15352  pc=00400044 cycle=29919 insn=0007a703
#15353  pc=00400048 cycle=29922 insn=fed758e3
#15354  pc=00400038 cycle=29922 insn=00478793   x15(a5)=1000006c
#15355  pc=0040003c cycle=29922 insn=02c78063
#15356  pc=00400040 cycle=29925 insn=ffc7a683
#15357  pc=00400044 cycle=29928 insn=0007a703
#15358  pc=00400048 cycle=29931 insn=fed758e3
#15359  pc=00400038 cycle=29931 insn=00478793   x15(a5)=10000070
#15360  pc=0040003c cycle=29931 insn=02c78063
#15361  pc=00400040 cycle=29934 insn=ffc7a683
#15362  pc=00400044 cycle=29937 insn=0007a703
#15363  pc=00400048 cycle=29940 insn=fed758e3
#15364  pc=00400038 cycle=29940 insn=00478793   x15(a5)=10000074
#15365  pc=0040003c cycle=29940 insn=02c78063
#15366  pc=00400040 cycle=29943 insn=ffc7a683
#15367  pc=00400044 cycle=29946 insn=0007a703
#15368  pc=00400048 cycle=29949 insn=fed758e3
#15369  pc=00400038 cycle=29949 insn=00478793   x15(a5)=10000078
#15370  pc=0040003c cycle=29949 insn=02c78063
#15371  pc=00400040 cycle=29952 insn=ffc7a683
#15372  pc=00400044 cycle=29955 insn=0007a703
#15373  pc=00400048 cycle=29958 insn=fed758e3
#15374  pc=00400038 cycle=29958 insn=00478793   x15(a5)=1000007c
#15375  pc=0040003c cycle=29958 insn=02c78063
#15376  pc=00400040 cycle=29961 insn=ffc7a683
#15377  pc=00400044 cycle=29964 insn=0007a703
#15378  pc=00400048 cycle=29967 insn=fed758e3
#15379  pc=00400038 cycle=29967 insn=00478793   x15(a5)=10000080
#15380  pc=0040003c cycle=29967 insn=02c78063
#15381  pc=00400040 cycle=29970 insn=ffc7a683
#15382  pc=00400044 cycle=29973 insn=0007a703
#15383  pc=00400048 cycle=29976 insn=fed758e3
#15384  pc=00400038 cycle=29976 insn=00478793   x15(a5)=10000084
#15385  pc=0040003c cycle=29976 insn=02c78063
#15386  pc=00400040 cycle=29979 insn=ffc7a683
#15387  pc=00400044 cycle=29982 insn=0007a703
#15388  pc=00400048 cycle=29985 insn=fed758e3
#15389  pc=00400038 cycle=29985 insn=00478793   x15(a5)=10000088
#15390  pc=0040003c cycle=29985 insn=02c78063
#15391  pc=00400040 cycle=29988 insn=ffc7a683
#15392  pc=00400044 cycle=29991 insn=0007a703
#15393  pc=00400048 cycle=29994 insn=fed758e3
#15394  pc=00400038 cycle=29994 insn=00478793   x15(a5)=1000008c
#15395  pc=0040003c cycle=29994 insn=02c78063
#15396  pc=00400040 cycle=29997 insn=ffc7a683
#15397  pc=00400044 cycle=30000 insn=0007a703
#15398  pc=00400048 cycle=30003 insn=fed758e3
#15399  pc=00400038 cycle=30003 insn=00478793   x15(a5)=10000090
#15400  pc=0040003c cycle=30003 insn=02c78063
#15401  pc=00400040 cycle=30006 insn=ffc7a683
#15402  pc=00400044 cycle=30009 insn=0007a703   x14(a4)=84c36ccd
#15403  pc=00400048 cycle=30012 insn=fed758e3
#15404  pc=00400038 cycle=30012 insn=00478793   x15(a5)=10000094
#15405  pc=0040003c cycle=30012 insn=02c78063
#15406  pc=00400040 cycle=30015 insn=ffc7a683   x13(a3)=84c36ccd
#15407  pc=00400044 cycle=30018 insn=0007a703
#15408  pc=00400048 cycle=30021 insn=fed758e3
#15409  pc=00400038 cycle=30021 insn=00478793   x15(a5)=10000098
#15410  pc=0040003c cycle=30021 insn=02c78063
#15411  pc=0040005c cycle=30025 insn=ffc60613   x12(a2)=10000094
#15412  pc=00400060 cycle=30027 insn=fc0812e3
#15413  pc=00400024 cycle=30029 insn=fff58593   x11(a1)=00000024
#15414  pc=00400028 cycle=30032 insn=02b05e63
#15415  pc=0040002c cycle=30032 insn=00450793   x15(a5)=10000004
#15416  pc=00400030 cycle=30032 insn=00030813   x16(a6)=00000000
#15417  pc=00400034 cycle=30033 insn=00c0006f
#15418  pc=00400040 cycle=30038 insn=ffc7a683   x13(a3)=82f2d29c
#15419  pc=00400044 cycle=30039 insn=0007a703   x14(a4)=82f2d29c
#15420  pc=00400048 cycle=30042 insn=fed758e3
#15421  pc=00400038 cycle=30042 insn=00478793   x15(a5)=10000008
#15422  pc=0040003c cycle=30043 insn=02c78063
#15423  pc=00400040 cycle=30045 insn=ffc7a683
#15424  pc=00400044 cycle=30048 insn=0007a703
#15425  pc=00400048 cycle=30051 insn=fed758e3
#15426  pc=00400038 cycle=30051 insn=00478793   x15(a5)=1000000c
#15427  pc=0040003c cycle=30051 insn=02c78063
#15428  pc=00400040 cycle=30054 insn=ffc7a683
#15429  pc=00400044 cycle=30057 insn=0007a703
#15430  pc=00400048 cycle=30060 insn=fed758e3
#15431  pc=00400038 cycle=30060 insn=00478793   x15(a5)=10000010
#15432  pc=0040003c cycle=30060 insn=02c78063
#15433  pc=00400040 cycle=30063 insn=ffc7a683
#15434  pc=00400044 cycle=30066 insn=0007a703
#15435  pc=00400048 cycle=30069 insn=fed758e3
#15436  pc=00400038 cycle=30069 insn=00478793   x15(a5)=10000014
#15437  pc=0040003c cycle=30069 insn=02c78063
#15438  pc=00400040 cycle=30072 insn=ffc7a683
#15439  pc=00400044 cycle=30075 insn=0007a703
#15440  pc=00400048 cycle=30078 insn=fed758e3
#15441  pc=00400038 cycle=30078 insn=00478793   x15(a5)=10000018
#15442  pc=0040003c cycle=30078 insn=02c78063
#15443  pc=00400040 cycle=30081 insn=ffc7a683
#15444  pc=00400044 cycle=30084 insn=0007a703
#15445  pc=00400048 cycle=30087 insn=fed758e3
#15446  pc=00400038 cycle=30087 insn=00478793   x15(a5)=1000001c
#15447  pc=0040003c cycle=30087 insn=02c78063
#15448  pc=00400040 cycle=30090 insn=ffc7a683
#15449  pc=00400044 cycle=30093 insn=0007a703
#15450  pc=00400048 cycle=30096 insn=fed758e3
#15451  pc=00400038 cycle=30096 insn=00478793   x15(a5)=10000020
#15452  pc=0040003c cycle=30096 insn=02c78063
#15453  pc=00400040 cycle=30099 insn=ffc7a683
#15454  pc=00400044 cycle=30102 insn=0007a703
#15455  pc=00400048 cycle=30105 insn=fed758e3
#15456  pc=00400038 cycle=30105 insn=00478793   x15(a5)=10000024
#15457  pc=0040003c cycle=30105 insn=02c78063
#15458  pc=00400040 cycle=30108 insn=ffc7a683
#15459  pc=00400044 cycle=30111 insn=0007a703
#15460  pc=00400048 cycle=30114 insn=fed758e3
#15461  pc=00400038 cycle=30114 insn=00478793   x15(a5)=10000028
#15462  pc=0040003c cycle=30114 insn=02c78063
#15463  pc=00400040 cycle=30117 insn=ffc7a683
#15464  pc=00400044 cycle=30120 insn=0007a703
#15465  pc=00400048 cycle=30123 insn=fed758e3
#15466  pc=00400038 cycle=30123 insn=00478793   x15(a5)=1000002c
#15467  pc=0040003c cycle=30123 insn=02c78063
#15468  pc=00400040 cycle=30126 insn=ffc7a683
#15469  pc=00400044 cycle=30129 insn=0007a703
#15470  pc=00400048 cycle=30132 insn=fed758e3
#15471  pc=00400038 cycle=30132 insn=00478793   x15(a5)=10000030
#15472  pc=0040003c cycle=30132 insn=02c78063
#15473  pc=00400040 cycle=30135 insn=ffc7a683
#15474  pc=00400044 cycle=30138 insn=0007a703
#15475  pc=00400048 cycle=30141 insn=fed758e3
#15476  pc=00400038 cycle=30141 insn=00478793   x15(a5)=10000034
#15477  pc=0040003c cycle=30141 insn=02c78063
#15478  pc=00400040 cycle=30144 insn=ffc7a683
#15479  pc=00400044 cycle=30147 insn=0007a703
#15480  pc=00400048 cycle=30150 insn=fed758e3
#15481  pc=00400038 cycle=30150 insn=00478793   x15(a5)=10000038
#15482  pc=0040003c cycle=30150 insn=02c78063
#15483  pc=00400040 cycle=30153 insn=ffc7a683
#15484  pc=00400044 cycle=30156 insn=0007a703
#15485  pc=00400048 cycle=30159 insn=fed758e3
#15486  pc=00400038 cycle=30159 insn=00478793   x15(a5)=1000003c
#15487  pc=0040003c cycle=30159 insn=02c78063
#15488  pc=00400040 cycle=30162 insn=ffc7a683
#15489  pc=00400044 cycle=30165 insn=0007a703
#15490  pc=00400048 cycle=30168 insn=fed758e3
#15491  pc=00400038 cycle=30168 insn=00478793   x15(a5)=10000040
#15492  pc=0040003c cycle=30168 insn=02c78063
#15493  pc=00400040 cycle=30171 insn=ffc7a683
#15494  pc=00400044 cycle=30174 insn=0007a703
#15495  pc=00400048 cycle=30177 insn=fed758e3
#15496  pc=00400038 cycle=30177 insn=00478793   x15(a5)=10000044
#15497  pc=0040003c cycle=30177 insn=02c78063
#15498  pc=00400040 cycle=30180 insn=ffc7a683
#15499  pc=00400044 cycle=30183 insn=0007a703
#15500  pc=00400048 cycle=30186 insn=fed758e3
#15501  pc=00400038 cycle=30186 insn=00478793   x15(a5)=10000048
#15502  pc=0040003c cycle=30186 insn=02c78063
#15503  pc=00400040 cycle=30189 insn=ffc7a683
#15504  pc=00400044 cycle=30192 insn=0007a703   x14(a4)=80f68da3
#15505  pc=00400048 cycle=30195 insn=fed758e3
#15506  pc=0040004c cycle=30201 insn=00d7a023
#15507  pc=00400050 cycle=30204 insn=fee7ae23
#15508  pc=00400054 cycle=30204 insn=00088813   x16(a6)=00000001
#15509  pc=00400058 cycle=30204 insn=fe1ff06f
#15510  pc=00400038 cycle=30205 insn=00478793   x15(a5)=1000004c
#15511  pc=0040003c cycle=30208 insn=02c78063
#15512  pc=00400040 cycle=30211 insn=ffc7a683
#15513  pc=00400044 cycle=30212 insn=0007a703   x14(a4)=82f2d29c
#15514  pc=00400048 cycle=30215 insn=fed758e3
#15515  pc=00400038 cycle=30221 insn=00478793   x15(a5)=10000050
#15516  pc=0040003c cycle=30224 insn=02c78063
#15517  pc=00400040 cycle=30226 insn=ffc7a683
#15518  pc=00400044 cycle=30227 insn=0007a703
#15519  pc=00400048 cycle=30230 insn=fed758e3
#15520  pc=00400038 cycle=30230 insn=00478793   x15(a5)=10000054
#15521  pc=0040003c cycle=30231 insn=02c78063
#15522  pc=00400040 cycle=30233 insn=ffc7a683
#15523  pc=00400044 cycle=30236 insn=0007a703
#15524  pc=00400048 cycle=30239 insn=fed758e3
#15525  pc=00400038 cycle=30239 insn=00478793   x15(a5)=10000058
#15526  pc=0040003c cycle=30239 insn=02c78063
#15527  pc=00400040 cycle=30242 insn=ffc7a683
#15528  pc=00400044 cycle=30245 insn=0007a703
#15529  pc=00400048 cycle=30248 insn=fed758e3
#15530  pc=00400038 cycle=30248 insn=00478793   x15(a5)=1000005c
#15531  pc=0040003c cycle=30248 insn=02c78063
#15532  pc=00400040 cycle=30251 insn=ffc7a683
#15533  pc=00400044 cycle=30254 insn=0007a703
#15534  pc=00400048 cycle=30257 insn=fed758e3
#15535  pc=00400038 cycle=30257 insn=00478793   x15(a5)=10000060
#15536  pc=0040003c cycle=30257 insn=02c78063
#15537  pc=00400040 cycle=30260 insn=ffc7a683
#15538  pc=00400044 cycle=30263 insn=0007a703
#15539  pc=00400048 cycle=30266 insn=fed758e3
#15540  pc=00400038 cycle=30266 insn=00478793   x15(a5)=10000064
#15541  pc=0040003c cycle=30266 insn=02c78063
#15542  pc=00400040 cycle=30269 insn=ffc7a683
#15543  pc=00400044 cycle=30272 insn=0007a703
#15544  pc=00400048 cycle=30275 insn=fed758e3
#15545  pc=00400038 cycle=30275 insn=00478793   x15(a5)=10000068
#15546  pc=0040003c cycle=30275 insn=02c78063
#15547  pc=00400040 cycle=30278 insn=ffc7a683
#15548  pc=00400044 cycle=30281 insn=0007a703
#15549  pc=00400048 cycle=30284 insn=fed758e3
#15550  pc=00400038 cycle=30284 insn=00478793   x15(a5)=1000006c
#15551  pc=0040003c cycle=30284 insn=02c78063
#15552  pc=00400040 cycle=30287 insn=ffc7a683
#15553  pc=00400044 cycle=30290 insn=0007a703
#15554  pc=00400048 cycle=30293 insn=fed758e3
#15555  pc=00400038 cycle=30293 insn=00478793   x15(a5)=10000070
#15556  pc=0040003c cycle=30293 insn=02c78063
#15557  pc=00400040 cycle=30296 insn=ffc7a683
#15558  pc=00400044 cycle=30299 insn=0007a703
#15559  pc=00400048 cycle=30302 insn=fed758e3
#15560  pc=00400038 cycle=30302 insn=00478793   x15(a5)=10000074
#15561  pc=0040003c cycle=30302 insn=02c78063
#15562  pc=00400040 cycle=30305 insn=ffc7a683
#15563  pc=00400044 cycle=30308 insn=0007a703
#15564  pc=00400048 cycle=30311 insn=fed758e3
#15565  pc=00400038 cycle=30311 insn=00478793   x15(a5)=10000078
#15566  pc=0040003c cycle=30311 insn=02c78063
#15567  pc=00400040 cycle=30314 insn=ffc7a683
#15568  pc=00400044 cycle=30317 insn=0007a703
#15569  pc=00400048 cycle=30320 insn=fed758e3
#15570  pc=00400038 cycle=30320 insn=00478793   x15(a5)=1000007c
#15571  pc=0040003c cycle=30320 insn=02c78063
#15572  pc=00400040 cycle=30323 insn=ffc7a683
#15573  pc=00400044 cycle=30326 insn=0007a703
#15574  pc=00400048 cycle=30329 insn=fed758e3
#15575  pc=00400038 cycle=30329 insn=00478793   x15(a5)=10000080
#15576  pc=0040003c cycle=30329 insn=02c78063
#15577  pc=00400040 cycle=30332 insn=ffc7a683
#15578  pc=00400044 cycle=30335 insn=0007a703
#15579  pc=00400048 cycle=30338 insn=fed758e3
#15580  pc=00400038 cycle=30338 insn=00478793   x15(a5)=10000084
#15581  pc=0040003c cycle=30338 insn=02c78063
#15582  pc=00400040 cycle=30341 insn=ffc7a683
#15583  pc=00400044 cycle=30344 insn=0007a703
#15584  pc=00400048 cycle=30347 insn=fed758e3
#15585  pc=00400038 cycle=30347 insn=00478793   x15(a5)=10000088
#15586  pc=0040003c cycle=30347 insn=02c78063
#15587  pc=00400040 cycle=30350 insn=ffc7a683
#15588  pc=00400044 cycle=30353 insn=0007a703
#15589  pc=00400048 cycle=30356 insn=fed758e3
#15590  pc=00400038 cycle=30356 insn=00478793   x15(a5)=1000008c
#15591  pc=0040003c cycle=30356 insn=02c78063
#15592  pc=00400040 cycle=30359 insn=ffc7a683
#15593  pc=00400044 cycle=30362 insn=0007a703
#15594  pc=00400048 cycle=30365 insn=fed758e3
#15595  pc=00400038 cycle=30365 insn=00478793   x15(a5)=10000090
#15596  pc=0040003c cycle=30365 insn=02c78063
#15597  pc=00400040 cycle=30368 insn=ffc7a683
#15598  pc=00400044 cycle=30371 insn=0007a703   x14(a4)=84c36ccd
#15599  pc=00400048 cycle=30374 insn=fed758e3
#15600  pc=00400038 cycle=30374 insn=00478793   x15(a5)=10000094
#15601  pc=0040003c cycle=30374 insn=02c78063
#15602  pc=0040005c cycle=30378 insn=ffc60613   x12(a2)=10000090
#15603  pc=00400060 cycle=30380 insn=fc0812e3
#15604  pc=00400024 cycle=30382 insn=fff58593   x11(a1)=00000023
#15605  pc=00400028 cycle=30385 insn=02b05e63
#15606  pc=0040002c cycle=30385 insn=00450793   x15(a5)=10000004
#15607  pc=00400030 cycle=30385 insn=00030813   x16(a6)=00000000
#15608  pc=00400034 cycle=30386 insn=00c0006f
#15609  pc=00400040 cycle=30391 insn=ffc7a683
#15610  pc=00400044 cycle=30392 insn=0007a703   x14(a4)=82f2d29c
#15611  pc=00400048 cycle=30395 insn=fed758e3
#15612  pc=00400038 cycle=30395 insn=00478793   x15(a5)=10000008
#15613  pc=0040003c cycle=30396 insn=02c78063
#15614  pc=00400040 cycle=30398 insn=ffc7a683
#15615  pc=00400044 cycle=30401 insn=0007a703
#15616  pc=00400048 cycle=30404 insn=fed758e3
#15617  pc=00400038 cycle=30404 insn=00478793   x15(a5)=1000000c
#15618  pc=0040003c cycle=30404 insn=02c78063
#15619  pc=00400040 cycle=30407 insn=ffc7a683
#15620  pc=00400044 cycle=30410 insn=0007a703
#15621  pc=00400048 cycle=30413 insn=fed758e3
#15622  pc=00400038 cycle=30413 insn=00478793   x15(a5)=10000010
#15623  pc=0040003c cycle=30413 insn=02c78063
#15624  pc=00400040 cycle=30416 insn=ffc7a683
#15625  pc=00400044 cycle=30419 insn=0007a703
#15626  pc=00400048 cycle=30422 insn=fed758e3
#15627  pc=00400038 cycle=30422 insn=00478793   x15(a5)=10000014
#15628  pc=0040003c cycle=30422 insn=02c78063
#15629  pc=00400040 cycle=30425 insn=ffc7a683
#15630  pc=00400044 cycle=30428 insn=0007a703
#15631  pc=00400048 cycle=30431 insn=fed758e3
#15632  pc=00400038 cycle=30431 insn=00478793   x15(a5)=10000018
#15633  pc=0040003c cycle=30431 insn=02c78063
#15634  pc=00400040 cycle=30434 insn=ffc7a683
#15635  pc=00400044 cycle=30437 insn=0007a703
#15636  pc=00400048 cycle=30440 insn=fed758e3
#15637  pc=00400038 cycle=30440 insn=00478793   x15(a5)=1000001c
#15638  pc=0040003c cycle=30440 insn=02c78063
#15639  pc=00400040 cycle=30443 insn=ffc7a683
#15640  pc=00400044 cycle=30446 insn=0007a703
#15641  pc=00400048 cycle=30449 insn=fed758e3
#15642  pc=00400038 cycle=30449 insn=00478793   x15(a5)=10000020
#15643  pc=0040003c cycle=30449 insn=02c78063
#15644  pc=00400040 cycle=30452 insn=ffc7a683
#15645  pc=00400044 cycle=30455 insn=0007a703
#15646  pc=00400048 cycle=30458 insn=fed758e3
#15647  pc=00400038 cycle=30458 insn=00478793   x15(a5)=10000024
#15648  pc=0040003c cycle=30458 insn=02c78063
#15649  pc=00400040 cycle=30461 insn=ffc7a683
#15650  pc=00400044 cycle=30464 insn=0007a703
#15651  pc=00400048 cycle=30467 insn=fed758e3
#15652  pc=00400038 cycle=30467 insn=00478793   x15(a5)=10000028
#15653  pc=0040003c cycle=30467 insn=02c78063
#15654  pc=00400040 cycle=30470 insn=ffc7a683
#15655  pc=00400044 cycle=30473 insn=0007a703
#15656  pc=00400048 cycle=30476 insn=fed758e3
#15657  pc=00400038 cycle=30476 insn=00478793   x15(a5)=1000002c
#15658  pc=0040003c cycle=30476 insn=02c78063
#15659  pc=00400040 cycle=30479 insn=ffc7a683
#15660  pc=00400044 cycle=30482 insn=0007a703
#15661  pc=00400048 cycle=30485 insn=fed758e3
#15662  pc=00400038 cycle=30485 insn=00478793   x15(a5)=10000030
#15663  pc=0040003c cycle=30485 insn=02c78063
#15664  pc=00400040 cycle=30488 insn=ffc7a683
#15665  pc=00400044 cycle=30491 insn=0007a703
#15666  pc=00400048 cycle=30494 insn=fed758e3
#15667  pc=00400038 cycle=30494 insn=00478793   x15(a5)=10000034
#15668  pc=0040003c cycle=30494 insn=02c78063
#15669  pc=00400040 cycle=30497 insn=ffc7a683
#15670  pc=00400044 cycle=30500 insn=0007a703
#15671  pc=00400048 cycle=30503 insn=fed758e3
#15672  pc=00400038 cycle=30503 insn=00478793   x15(a5)=10000038
#15673  pc=0040003c cycle=30503 insn=02c78063
#15674  pc=00400040 cycle=30506 insn=ffc7a683
#15675  pc=00400044 cycle=30509 insn=0007a703
#15676  pc=00400048 cycle=30512 insn=fed758e3
#15677  pc=00400038 cycle=30512 insn=00478793   x15(a5)=1000003c
#15678  pc=0040003c cycle=30512 insn=02c78063
#15679  pc=00400040 cycle=30515 insn=ffc7a683
#15680  pc=00400044 cycle=30518 insn=0007a703
#15681  pc=00400048 cycle=30521 insn=fed758e3
#15682  pc=00400038 cycle=30521 insn=00478793   x15(a5)=10000040
#15683  pc=0040003c cycle=30521 insn=02c78063
#15684  pc=00400040 cycle=30524 insn=ffc7a683
#15685  pc=00400044 cycle=30527 insn=0007a703
#15686  pc=00400048 cycle=30530 insn=fed758e3
#15687  pc=00400038 cycle=30530 insn=00478793   x15(a5)=10000044
#15688  pc=0040003c cycle=30530 insn=02c78063
#15689  pc=00400040 cycle=30533 insn=ffc7a683
#15690  pc=00400044 cycle=30536 insn=0007a703   x14(a4)=80f68da3
#15691  pc=00400048 cycle=30539 insn=fed758e3
#15692  pc=0040004c cycle=30545 insn=00d7a023
#15693  pc=00400050 cycle=30548 insn=fee7ae23
#15694  pc=00400054 cycle=30548 insn=00088813   x16(a6)=00000001
#15695  pc=00400058 cycle=30548 insn=fe1ff06f
#15696  pc=00400038 cycle=30549 insn=00478793   x15(a5)=10000048
#15697  pc=0040003c cycle=30552 insn=02c78063
#15698  pc=00400040 cycle=30555 insn=ffc7a683
#15699  pc=00400044 cycle=30556 insn=0007a703   x14(a4)=82f2d29c
#15700  pc=00400048 cycle=30559 insn=fed758e3
#15701  pc=00400038 cycle=30565 insn=00478793   x15(a5)=1000004c
#15702  pc=0040003c cycle=30568 insn=02c78063
#15703  pc=00400040 cycle=30570 insn=ffc7a683
#15704  pc=00400044 cycle=30571 insn=0007a703
#15705  pc=00400048 cycle=30574 insn=fed758e3
#15706  pc=00400038 cycle=30574 insn=00478793   x15(a5)=10000050
#15707  pc=0040003c cycle=30575 insn=02c78063
#15708  pc=00400040 cycle=30577 insn=ffc7a683
#15709  pc=00400044 cycle=30580 insn=0007a703
#15710  pc=00400048 cycle=30583 insn=fed758e3
#15711  pc=00400038 cycle=30583 insn=00478793   x15(a5)=10000054
#15712  pc=0040003c cycle=30583 insn=02c78063
#15713  pc=00400040 cycle=30586 insn=ffc7a683
#15714  pc=00400044 cycle=30589 insn=0007a703
#15715  pc=00400048 cycle=30592 insn=fed758e3
#15716  pc=00400038 cycle=30592 insn=00478793   x15(a5)=10000058
#15717  pc=0040003c cycle=30592 insn=02c78063
#15718  pc=00400040 cycle=30595 insn=ffc7a683
#15719  pc=00400044 cycle=30598 insn=0007a703
#15720  pc=00400048 cycle=30601 insn=fed758e3
#15721  pc=00400038 cycle=30601 insn=00478793   x15(a5)=1000005c
#15722  pc=0040003c cycle=30601 insn=02c78063
#15723  pc=00400040 cycle=30604 insn=ffc7a683
#15724  pc=00400044 cycle=30607 insn=0007a703
#15725  pc=00400048 cycle=30610 insn=fed758e3
#15726  pc=00400038 cycle=30610 insn=00478793   x15(a5)=10000060
#15727  pc=0040003c cycle=30610 insn=02c78063
#15728  pc=00400040 cycle=30613 insn=ffc7a683
#15729  pc=00400044 cycle=30616 insn=0007a703
#15730  pc=00400048 cycle=30619 insn=fed758e3
#15731  pc=00400038 cycle=30619 insn=00478793   x15(a5)=10000064
#15732  pc=0040003c cycle=30619 insn=02c78063
#15733  pc=00400040 cycle=30622 insn=ffc7a683
#15734  pc=00400044 cycle=30625 insn=0007a703
#15735  pc=00400048 cycle=30628 insn=fed758e3
#15736  pc=00400038 cycle=30628 insn=00478793   x15(a5)=10000068
#15737  pc=0040003c cycle=30628 insn=02c78063
#15738  pc=00400040 cycle=30631 insn=ffc7a683
#15739  pc=00400044 cycle=30634 insn=0007a703
#15740  pc=00400048 cycle=30637 insn=fed758e3
#15741  pc=00400038 cycle=30637 insn=00478793   x15(a5)=1000006c
#15742  pc=0040003c cycle=30637 insn=02c78063
#15743  pc=00400040 cycle=30640 insn=ffc7a683
#15744  pc=00400044 cycle=30643 insn=0007a703
#15745  pc=00400048 cycle=30646 insn=fed758e3
#15746  pc=00400038 cycle=30646 insn=00478793   x15(a5)=10000070
#15747  pc=0040003c cycle=30646 insn=02c78063
#15748  pc=00400040 cycle=30649 insn=ffc7a683
#15749  pc=00400044 cycle=30652 insn=0007a703
#15750  pc=00400048 cycle=30655 insn=fed758e3
#15751  pc=00400038 cycle=30655 insn=00478793   x15(a5)=10000074
#15752  pc=0040003c cycle=30655 insn=02c78063
#15753  pc=00400040 cycle=30658 insn=ffc7a683
#15754  pc=00400044 cycle=30661 insn=0007a703
#15755  pc=00400048 cycle=30664 insn=fed758e3
#15756  pc=00400038 cycle=30664 insn=00478793   x15(a5)=10000078
#15757  pc=0040003c cycle=30664 insn=02c78063
#15758  pc=00400040 cycle=30667 insn=ffc7a683
#15759  pc=00400044 cycle=30670 insn=0007a703
#15760  pc=00400048 cycle=30673 insn=fed758e3
#15761  pc=00400038 cycle=30673 insn=00478793   x15(a5)=1000007c
#15762  pc=0040003c cycle=30673 insn=02c78063
#15763  pc=00400040 cycle=30676 insn=ffc7a683
#15764  pc=00400044 cycle=30679 insn=0007a703
#15765  pc=00400048 cycle=30682 insn=fed758e3
#15766  pc=00400038 cycle=30682 insn=00478793   x15(a5)=10000080
#15767  pc=0040003c cycle=30682 insn=02c78063
#15768  pc=00400040 cycle=30685 insn=ffc7a683
#15769  pc=00400044 cycle=30688 insn=0007a703
#15770  pc=00400048 cycle=30691 insn=fed758e3
#15771  pc=00400038 cycle=30691 insn=00478793   x15(a5)=10000084
#15772  pc=0040003c cycle=30691 insn=02c78063
#15773  pc=00400040 cycle=30694 insn=ffc7a683
#15774  pc=00400044 cycle=30697 insn=0007a703
#15775  pc=00400048 cycle=30700 insn=fed758e3
#15776  pc=00400038 cycle=30700 insn=00478793   x15(a5)=10000088
#15777  pc=0040003c cycle=30700 insn=02c78063
#15778  pc=00400040 cycle=30703 insn=ffc7a683
#15779  pc=00400044 cycle=30706 insn=0007a703
#15780  pc=00400048 cycle=30709 insn=fed758e3
#15781  pc=00400038 cycle=30709 insn=00478793   x15(a5)=1000008c
#15782  pc=0040003c cycle=30709 insn=02c78063
#15783  pc=00400040 cycle=30712 insn=ffc7a683
#15784  pc=00400044 cycle=30715 insn=0007a703
#15785  pc=00400048 cycle=30718 insn=fed758e3
#15786  pc=00400038 cycle=30718 insn=00478793   x15(a5)=10000090
#15787  pc=0040003c cycle=30718 insn=02c78063
#15788  pc=0040005c cycle=30722 insn=ffc60613   x12(a2)=1000008c
#15789  pc=00400060 cycle=30724 insn=fc0812e3
#15790  pc=00400024 cycle=30726 insn=fff58593   x11(a1)=00000022
#15791  pc=00400028 cycle=30729 insn=02b05e63
#15792  pc=0040002c cycle=30729 insn=00450793   x15(a5)=10000004
#15793  pc=00400030 cycle=30729 insn=00030813   x16(a6)=00000000
#15794  pc=00400034 cycle=30730 insn=00c0006f
#15795  pc=00400040 cycle=30735 insn=ffc7a683
#15796  pc=00400044 cycle=30736 insn=0007a703
#15797  pc=00400048 cycle=30739 insn=fed758e3
#15798  pc=00400038 cycle=30739 insn=00478793   x15(a5)=10000008
#15799  pc=0040003c cycle=30740 insn=02c78063
#15800  pc=00400040 cycle=30742 insn=ffc7a683
#15801  pc=00400044 cycle=30745 insn=0007a703
#15802  pc=00400048 cycle=30748 insn=fed758e3
#15803  pc=00400038 cycle=30748 insn=00478793   x15(a5)=1000000c
#15804  pc=0040003c cycle=30748 insn=02c78063
#15805  pc=00400040 cycle=30751 insn=ffc7a683
#15806  pc=00400044 cycle=30754 insn=0007a703
#15807  pc=00400048 cycle=30757 insn=fed758e3
#15808  pc=00400038 cycle=30757 insn=00478793   x15(a5)=10000010
#15809  pc=0040003c cycle=30757 insn=02c78063
#15810  pc=00400040 cycle=30760 insn=ffc7a683
#15811  pc=00400044 cycle=30763 insn=0007a703
#15812  pc=00400048 cycle=30766 insn=fed758e3
#15813  pc=00400038 cycle=30766 insn=00478793   x15(a5)=10000014
#15814  pc=0040003c cycle=30766 insn=02c78063
#15815  pc=00400040 cycle=30769 insn=ffc7a683
#15816  pc=00400044 cycle=30772 insn=0007a703
#15817  pc=00400048 cycle=30775 insn=fed758e3
#15818  pc=00400038 cycle=30775 insn=00478793   x15(a5)=10000018
#15819  pc=0040003c cycle=30775 insn=02c78063
#15820  pc=00400040 cycle=30778 insn=ffc7a683
#15821  pc=00400044 cycle=30781 insn=0007a703
#15822  pc=00400048 cycle=30784 insn=fed758e3
#15823  pc=00400038 cycle=30784 insn=00478793   x15(a5)=1000001c
#15824  pc=0040003c cycle=30784 insn=02c78063
#15825  pc=00400040 cycle=30787 insn=ffc7a683
#15826  pc=00400044 cycle=30790 insn=0007a703
#15827  pc=00400048 cycle=30793 insn=fed758e3
#15828  pc=00400038 cycle=30793 insn=00478793   x15(a5)=10000020
#15829  pc=0040003c cycle=30793 insn=02c78063
#15830  pc=00400040 cycle=30796 insn=ffc7a683
#15831  pc=00400044 cycle=30799 insn=0007a703
#15832  pc=00400048 cycle=30802 insn=fed758e3
#15833  pc=00400038 cycle=30802 insn=00478793   x15(a5)=10000024
#15834  pc=0040003c cycle=30802 insn=02c78063
#15835  pc=00400040 cycle=30805 insn=ffc7a683
#15836  pc=00400044 cycle=30808 insn=0007a703
#15837  pc=00400048 cycle=30811 insn=fed758e3
#15838  pc=00400038 cycle=30811 insn=00478793   x15(a5)=10000028
#15839  pc=0040003c cycle=30811 insn=02c78063
#15840  pc=00400040 cycle=30814 insn=ffc7a683
#15841  pc=00400044 cycle=30817 insn=0007a703
#15842  pc=00400048 cycle=30820 insn=fed758e3
#15843  pc=00400038 cycle=30820 insn=00478793   x15(a5)=1000002c
#15844  pc=0040003c cycle=30820 insn=02c78063
#15845  pc=00400040 cycle=30823 insn=ffc7a683
#15846  pc=00400044 cycle=30826 insn=0007a703
#15847  pc=00400048 cycle=30829 insn=fed758e3
#15848  pc=00400038 cycle=30829 insn=00478793   x15(a5)=10000030
#15849  pc=0040003c cycle=30829 insn=02c78063
#15850  pc=00400040 cycle=30832 insn=ffc7a683
#15851  pc=00400044 cycle=30835 insn=0007a703
#15852  pc=00400048 cycle=30838 insn=fed758e3
#15853  pc=00400038 cycle=30838 insn=00478793   x15(a5)=10000034
#15854  pc=0040003c cycle=30838 insn=02c78063
#15855  pc=00400040 cycle=30841 insn=ffc7a683
#15856  pc=00400044 cycle=30844 insn=0007a703
#15857  pc=00400048 cycle=30847 insn=fed758e3
#15858  pc=00400038 cycle=30847 insn=00478793   x15(a5)=10000038
#15859  pc=0040003c cycle=30847 insn=02c78063
#15860  pc=00400040 cycle=30850 insn=ffc7a683
#15861  pc=00400044 cycle=30853 insn=0007a703
#15862  pc=00400048 cycle=30856 insn=fed758e3
#15863  pc=00400038 cycle=30856 insn=00478793   x15(a5)=1000003c
#15864  pc=0040003c cycle=30856 insn=02c78063
#15865  pc=00400040 cycle=30859 insn=ffc7a683
#15866  pc=00400044 cycle=30862 insn=0007a703
#15867  pc=00400048 cycle=30865 insn=fed758e3
#15868  pc=00400038 cycle=30865 insn=00478793   x15(a5)=10000040
#15869  pc=0040003c cycle=30865 insn=02c78063
#15870  pc=00400040 cycle=30868 insn=ffc7a683
#15871  pc=00400044 cycle=30871 insn=0007a703   x14(a4)=80f68da3
#15872  pc=00400048 cycle=30874 insn=fed758e3
#15873  pc=0040004c cycle=30880 insn=00d7a023
#15874  pc=00400050 cycle=30883 insn=fee7ae23
#15875  pc=00400054 cycle=30883 insn=00088813   x16(a6)=00000001
#15876  pc=00400058 cycle=30883 insn=fe1ff06f
#15877  pc=00400038 cycle=30884 insn=00478793   x15(a5)=10000044
#15878  pc=0040003c cycle=30887 insn=02c78063
#15879  pc=00400040 cycle=30890 insn=ffc7a683
#15880  pc=00400044 cycle=30891 insn=0007a703   x14(a4)=82f2d29c
#15881  pc=00400048 cycle=30894 insn=fed758e3
#15882  pc=00400038 cycle=30900 insn=00478793   x15(a5)=10000048
#15883  pc=0040003c cycle=30903 insn=02c78063
#15884  pc=00400040 cycle=30905 insn=ffc7a683
#15885  pc=00400044 cycle=30906 insn=0007a703
#15886  pc=00400048 cycle=30909 insn=fed758e3
#15887  pc=00400038 cycle=30909 insn=00478793   x15(a5)=1000004c
#15888  pc=0040003c cycle=30910 insn=02c78063
#15889  pc=00400040 cycle=30912 insn=ffc7a683
#15890  pc=00400044 cycle=30915 insn=0007a703
#15891  pc=00400048 cycle=30918 insn=fed758e3
#15892  pc=00400038 cycle=30918 insn=00478793   x15(a5)=10000050
#15893  pc=0040003c cycle=30918 insn=02c78063
#15894  pc=00400040 cycle=30921 insn=ffc7a683
#15895  pc=00400044 cycle=30924 insn=0007a703
#15896  pc=00400048 cycle=30927 insn=fed758e3
#15897  pc=00400038 cycle=30927 insn=00478793   x15(a5)=10000054
#15898  pc=0040003c cycle=30927 insn=02c78063
#15899  pc=00400040 cycle=30930 insn=ffc7a683
#15900  pc=00400044 cycle=30933 insn=0007a703
#15901  pc=00400048 cycle=30936 insn=fed758e3
#15902  pc=00400038 cycle=30936 insn=00478793   x15(a5)=10000058
#15903  pc=0040003c cycle=30936 insn=02c78063
#15904  pc=00400040 cycle=30939 insn=ffc7a683
#15905  pc=00400044 cycle=30942 insn=0007a703
#15906  pc=00400048 cycle=30945 insn=fed758e3
#15907  pc=00400038 cycle=30945 insn=00478793   x15(a5)=1000005c
#15908  pc=0040003c cycle=30945 insn=02c78063
#15909  pc=00400040 cycle=30948 insn=ffc7a683
#15910  pc=00400044 cycle=30951 insn=0007a703
#15911  pc=00400048 cycle=30954 insn=fed758e3
#15912  pc=00400038 cycle=30954 insn=00478793   x15(a5)=10000060
#15913  pc=0040003c cycle=30954 insn=02c78063
#15914  pc=00400040 cycle=30957 insn=ffc7a683
#15915  pc=00400044 cycle=30960 insn=0007a703
#15916  pc=00400048 cycle=30963 insn=fed758e3
#15917  pc=00400038 cycle=30963 insn=00478793   x15(a5)=10000064
#15918  pc=0040003c cycle=30963 insn=02c78063
#15919  pc=00400040 cycle=30966 insn=ffc7a683
#15920  pc=00400044 cycle=30969 insn=0007a703
#15921  pc=00400048 cycle=30972 insn=fed758e3
#15922  pc=00400038 cycle=30972 insn=00478793   x15(a5)=10000068
#15923  pc=0040003c cycle=30972 insn=02c78063
#15924  pc=00400040 cycle=30975 insn=ffc7a683
#15925  pc=00400044 cycle=30978 insn=0007a703
#15926  pc=00400048 cycle=30981 insn=fed758e3
#15927  pc=00400038 cycle=30981 insn=00478793   x15(a5)=1000006c
#15928  pc=0040003c cycle=30981 insn=02c78063
#15929  pc=00400040 cycle=30984 insn=ffc7a683
#15930  pc=00400044 cycle=30987 insn=0007a703
#15931  pc=00400048 cycle=30990 insn=fed758e3
#15932  pc=00400038 cycle=30990 insn=00478793   x15(a5)=10000070
#15933  pc=0040003c cycle=30990 insn=02c78063
#15934  pc=00400040 cycle=30993 insn=ffc7a683
#15935  pc=00400044 cycle=30996 insn=0007a703
#15936  pc=00400048 cycle=30999 insn=fed758e3
#15937  pc=00400038 cycle=30999 insn=00478793   x15(a5)=10000074
#15938  pc=0040003c cycle=30999 insn=02c78063
#15939  pc=00400040 cycle=31002 insn=ffc7a683
#15940  pc=00400044 cycle=31005 insn=0007a703
#15941  pc=00400048 cycle=31008 insn=fed758e3
#15942  pc=00400038 cycle=31008 insn=00478793   x15(a5)=10000078
#15943  pc=0040003c cycle=31008 insn=02c78063
#15944  pc=00400040 cycle=31011 insn=ffc7a683
#15945  pc=00400044 cycle=31014 insn=0007a703
#15946  pc=00400048 cycle=31017 insn=fed758e3
#15947  pc=00400038 cycle=31017 insn=00478793   x15(a5)=1000007c
#15948  pc=0040003c cycle=31017 insn=02c78063
#15949  pc=00400040 cycle=31020 insn=ffc7a683
#15950  pc=00400044 cycle=31023 insn=0007a703
#15951  pc=00400048 cycle=31026 insn=fed758e3
#15952  pc=00400038 cycle=31026 insn=00478793   x15(a5)=10000080
#15953  pc=0040003c cycle=31026 insn=02c78063
#15954  pc=00400040 cycle=31029 insn=ffc7a683
#15955  pc=00400044 cycle=31032 insn=0007a703
#15956  pc=00400048 cycle=31035 insn=fed758e3
#15957  pc=00400038 cycle=31035 insn=00478793   x15(a5)=10000084
#15958  pc=0040003c cycle=31035 insn=02c78063
#15959  pc=00400040 cycle=31038 insn=ffc7a683
#15960  pc=00400044 cycle=31041 insn=0007a703
#15961  pc=00400048 cycle=31044 insn=fed758e3
#15962  pc=00400038 cycle=31044 insn=00478793   x15(a5)=10000088
#15963  pc=0040003c cycle=31044 insn=02c78063
#15964  pc=00400040 cycle=31047 insn=ffc7a683
#15965  pc=00400044 cycle=31050 insn=0007a703
#15966  pc=00400048 cycle=31053 insn=fed758e3
#15967  pc=00400038 cycle=31053 insn=00478793   x15(a5)=1000008c
#15968  pc=0040003c cycle=31053 insn=02c78063
#15969  pc=0040005c cycle=31057 insn=ffc60613   x12(a2)=10000088
#15970  pc=00400060 cycle=31059 insn=fc0812e3
#15971  pc=00400024 cycle=31061 insn=fff58593   x11(a1)=00000021
#15972  pc=00400028 cycle=31064 insn=02b05e63
#15973  pc=0040002c cycle=31064 insn=00450793   x15(a5)=10000004
#15974  pc=00400030 cycle=31064 insn=00030813   x16(a6)=00000000
#15975  pc=00400034 cycle=31065 insn=00c0006f
#15976  pc=00400040 cycle=31070 insn=ffc7a683
#15977  pc=00400044 cycle=31071 insn=0007a703
#15978  pc=00400048 cycle=31074 insn=fed758e3
#15979  pc=00400038 cycle=31074 insn=00478793   x15(a5)=10000008
#15980  pc=0040003c cycle=31075 insn=02c78063
#15981  pc=00400040 cycle=31077 insn=ffc7a683
#15982  pc=00400044 cycle=31080 insn=0007a703
#15983  pc=00400048 cycle=31083 insn=fed758e3
#15984  pc=00400038 cycle=31083 insn=00478793   x15(a5)=1000000c
#15985  pc=0040003c cycle=31083 insn=02c78063
#15986  pc=00400040 cycle=31086 insn=ffc7a683
#15987  pc=00400044 cycle=31089 insn=0007a703
#15988  pc=00400048 cycle=31092 insn=fed758e3
#15989  pc=00400038 cycle=31092 insn=00478793   x15(a5)=10000010
#15990  pc=0040003c cycle=31092 insn=02c78063
#15991  pc=00400040 cycle=31095 insn=ffc7a683
#15992  pc=00400044 cycle=31098 insn=0007a703
#15993  pc=00400048 cycle=31101 insn=fed758e3
#15994  pc=00400038 cycle=31101 insn=00478793   x15(a5)=10000014
#15995  pc=0040003c cycle=31101 insn=02c78063
#15996  pc=00400040 cycle=31104 insn=ffc7a683
#15997  pc=00400044 cycle=31107 insn=0007a703
#15998  pc=00400048 cycle=31110 insn=fed758e3
#15999  pc=00400038 cycle=31110 insn=00478793   x15(a5)=10000018
#16000  pc=0040003c cycle=31110 insn=02c78063
#16001  pc=00400040 cycle=31113 insn=ffc7a683
#16002  pc=00400044 cycle=31116 insn=0007a703
#16003  pc=00400048 cycle=31119 insn=fed758e3
#16004  pc=00400038 cycle=31119 insn=00478793   x15(a5)=1000001c
#16005  pc=0040003c cycle=31119 insn=02c78063
#16006  pc=00400040 cycle=31122 insn=ffc7a683
#16007  pc=00400044 cycle=31125 insn=0007a703
#16008  pc=00400048 cycle=31128 insn=fed758e3
#16009  pc=00400038 cycle=31128 insn=00478793   x15(a5)=10000020
#16010  pc=0040003c cycle=31128 insn=02c78063
#16011  pc=00400040 cycle=31131 insn=ffc7a683
#16012  pc=00400044 cycle=31134 insn=0007a703
#16013  pc=00400048 cycle=31137 insn=fed758e3
#16014  pc=00400038 cycle=31137 insn=00478793   x15(a5)=10000024
#16015  pc=0040003c cycle=31137 insn=02c78063
#16016  pc=00400040 cycle=31140 insn=ffc7a683
#16017  pc=00400044 cycle=31143 insn=0007a703
#16018  pc=00400048 cycle=31146 insn=fed758e3
#16019  pc=00400038 cycle=31146 insn=00478793   x15(a5)=10000028
#16020  pc=0040003c cycle=31146 insn=02c78063
#16021  pc=00400040 cycle=31149 insn=ffc7a683
#16022  pc=00400044 cycle=31152 insn=0007a703
#16023  pc=00400048 cycle=31155 insn=fed758e3
#16024  pc=00400038 cycle=31155 insn=00478793   x15(a5)=1000002c
#16025  pc=0040003c cycle=31155 insn=02c78063
#16026  pc=00400040 cycle=31158 insn=ffc7a683
#16027  pc=00400044 cycle=31161 insn=0007a703
#16028  pc=00400048 cycle=31164 insn=fed758e3
#16029  pc=00400038 cycle=31164 insn=00478793   x15(a5)=10000030
#16030  pc=0040003c cycle=31164 insn=02c78063
#16031  pc=00400040 cycle=31167 insn=ffc7a683
#16032  pc=00400044 cycle=31170 insn=0007a703
#16033  pc=00400048 cycle=31173 insn=fed758e3
#16034  pc=00400038 cycle=31173 insn=00478793   x15(a5)=10000034
#16035  pc=0040003c cycle=31173 insn=02c78063
#16036  pc=00400040 cycle=31176 insn=ffc7a683
#16037  pc=00400044 cycle=31179 insn=0007a703
#16038  pc=00400048 cycle=31182 insn=fed758e3
#16039  pc=00400038 cycle=31182 insn=00478793   x15(a5)=10000038
#16040  pc=0040003c cycle=31182 insn=02c78063
#16041  pc=00400040 cycle=31185 insn=ffc7a683
#16042  pc=00400044 cycle=31188 insn=0007a703
#16043  pc=00400048 cycle=31191 insn=fed758e3
#16044  pc=00400038 cycle=31191 insn=00478793   x15(a5)=1000003c
#16045  pc=0040003c cycle=31191 insn=02c78063
#16046  pc=00400040 cycle=31194 insn=ffc7a683
#16047  pc=00400044 cycle=31197 insn=0007a703   x14(a4)=80f68da3
#16048  pc=00400048 cycle=31200 insn=fed758e3
#16049  pc=0040004c cycle=31206 insn=00d7a023
#16050  pc=00400050 cycle=31209 insn=fee7ae23
#16051  pc=00400054 cycle=31209 insn=00088813   x16(a6)=00000001
#16052  pc=00400058 cycle=31209 insn=fe1ff06f
#16053  pc=00400038 cycle=31210 insn=00478793   x15(a5)=10000040
#16054  pc=0040003c cycle=31213 insn=02c78063
#16055  pc=00400040 cycle=31216 insn=ffc7a683
#16056  pc=00400044 cycle=31217 insn=0007a703   x14(a4)=82f2d29c
#16057  pc=00400048 cycle=31220 insn=fed758e3
#16058  pc=00400038 cycle=31226 insn=00478793   x15(a5)=10000044
#16059  pc=0040003c cycle=31229 insn=02c78063
#16060  pc=00400040 cycle=31231 insn=ffc7a683
#16061  pc=00400044 cycle=31232 insn=0007a703
#16062  pc=00400048 cycle=31235 insn=fed758e3
#16063  pc=00400038 cycle=31235 insn=00478793   x15(a5)=10000048
#16064  pc=0040003c cycle=31236 insn=02c78063
#16065  pc=00400040 cycle=31238 insn=ffc7a683
#16066  pc=00400044 cycle=31241 insn=0007a703
#16067  pc=00400048 cycle=31244 insn=fed758e3
#16068  pc=00400038 cycle=31244 insn=00478793   x15(a5)=1000004c
#16069  pc=0040003c cycle=31244 insn=02c78063
#16070  pc=00400040 cycle=31247 insn=ffc7a683
#16071  pc=00400044 cycle=31250 insn=0007a703
#16072  pc=00400048 cycle=31253 insn=fed758e3
#16073  pc=00400038 cycle=31253 insn=00478793   x15(a5)=10000050
#16074  pc=0040003c cycle=31253 insn=02c78063
#16075  pc=00400040 cycle=31256 insn=ffc7a683
#16076  pc=00400044 cycle=31259 insn=0007a703
#16077  pc=00400048 cycle=31262 insn=fed758e3
#16078  pc=00400038 cycle=31262 insn=00478793   x15(a5)=10000054
#16079  pc=0040003c cycle=31262 insn=02c78063
#16080  pc=00400040 cycle=31265 insn=ffc7a683
#16081  pc=00400044 cycle=31268 insn=0007a703
#16082  pc=00400048 cycle=31271 insn=fed758e3
#16083  pc=00400038 cycle=31271 insn=00478793   x15(a5)=10000058
#16084  pc=0040003c cycle=31271 insn=02c78063
#16085  pc=00400040 cycle=31274 insn=ffc7a683
#16086  pc=00400044 cycle=31277 insn=0007a703
#16087  pc=00400048 cycle=31280 insn=fed758e3
#16088  pc=00400038 cycle=31280 insn=00478793   x15(a5)=1000005c
#16089  pc=0040003c cycle=31280 insn=02c78063
#16090  pc=00400040 cycle=31283 insn=ffc7a683
#16091  pc=00400044 cycle=31286 insn=0007a703
#16092  pc=00400048 cycle=31289 insn=fed758e3
#16093  pc=00400038 cycle=31289 insn=00478793   x15(a5)=10000060
#16094  pc=0040003c cycle=31289 insn=02c78063
#16095  pc=00400040 cycle=31292 insn=ffc7a683
#16096  pc=00400044 cycle=31295 insn=0007a703
#16097  pc=00400048 cycle=31298 insn=fed758e3
#16098  pc=00400038 cycle=31298 insn=00478793   x15(a5)=10000064
#16099  pc=0040003c cycle=31298 insn=02c78063
#16100  pc=00400040 cycle=31301 insn=ffc7a683
#16101  pc=00400044 cycle=31304 insn=0007a703
#16102  pc=00400048 cycle=31307 insn=fed758e3
#16103  pc=00400038 cycle=31307 insn=00478793   x15(a5)=10000068
#16104  pc=0040003c cycle=31307 insn=02c78063
#16105  pc=00400040 cycle=31310 insn=ffc7a683
#16106  pc=00400044 cycle=31313 insn=0007a703
#16107  pc=00400048 cycle=31316 insn=fed758e3
#16108  pc=00400038 cycle=31316 insn=00478793   x15(a5)=1000006c
#16109  pc=0040003c cycle=31316 insn=02c78063
#16110  pc=00400040 cycle=31319 insn=ffc7a683
#16111  pc=00400044 cycle=31322 insn=0007a703
#16112  pc=00400048 cycle=31325 insn=fed758e3
#16113  pc=00400038 cycle=31325 insn=00478793   x15(a5)=10000070
#16114  pc=0040003c cycle=31325 insn=02c78063
#16115  pc=00400040 cycle=31328 insn=ffc7a683
#16116  pc=00400044 cycle=31331 insn=0007a703
#16117  pc=00400048 cycle=31334 insn=fed758e3
#16118  pc=00400038 cycle=31334 insn=00478793   x15(a5)=10000074
#16119  pc=0040003c cycle=31334 insn=02c78063
#16120  pc=00400040 cycle=31337 insn=ffc7a683
#16121  pc=00400044 cycle=31340 insn=0007a703
#16122  pc=00400048 cycle=31343 insn=fed758e3
#16123  pc=00400038 cycle=31343 insn=00478793   x15(a5)=10000078
#16124  pc=0040003c cycle=31343 insn=02c78063
#16125  pc=00400040 cycle=31346 insn=ffc7a683
#16126  pc=00400044 cycle=31349 insn=0007a703
#16127  pc=00400048 cycle=31352 insn=fed758e3
#16128  pc=00400038 cycle=31352 insn=00478793   x15(a5)=1000007c
#16129  pc=0040003c cycle=31352 insn=02c78063
#16130  pc=00400040 cycle=31355 insn=ffc7a683
#16131  pc=00400044 cycle=31358 insn=0007a703
#16132  pc=00400048 cycle=31361 insn=fed758e3
#16133  pc=00400038 cycle=31361 insn=00478793   x15(a5)=10000080
#16134  pc=0040003c cycle=31361 insn=02c78063
#16135  pc=00400040 cycle=31364 insn=ffc7a683
#16136  pc=00400044 cycle=31367 insn=0007a703
#16137  pc=00400048 cycle=31370 insn=fed758e3
#16138  pc=00400038 cycle=31370 insn=00478793   x15(a5)=10000084
#16139  pc=0040003c cycle=31370 insn=02c78063
#16140  pc=00400040 cycle=31373 insn=ffc7a683
#16141  pc=00400044 cycle=31376 insn=0007a703
#16142  pc=00400048 cycle=31379 insn=fed758e3
#16143  pc=00400038 cycle=31379 insn=00478793   x15(a5)=10000088
#16144  pc=0040003c cycle=31379 insn=02c78063
#16145  pc=0040005c cycle=31383 insn=ffc60613   x12(a2)=10000084
#16146  pc=00400060 cycle=31385 insn=fc0812e3
#16147  pc=00400024 cycle=31387 insn=fff58593   x11(a1)=00000020
#16148  pc=00400028 cycle=31390 insn=02b05e63
#16149  pc=0040002c cycle=31390 insn=00450793   x15(a5)=10000004
#16150  pc=00400030 cycle=31390 insn=00030813   x16(a6)=00000000
#16151  pc=00400034 cycle=31391 insn=00c0006f
#16152  pc=00400040 cycle=31396 insn=ffc7a683
#16153  pc=00400044 cycle=31397 insn=0007a703
#16154  pc=00400048 cycle=31400 insn=fed758e3
#16155  pc=00400038 cycle=31400 insn=00478793   x15(a5)=10000008
#16156  pc=0040003c cycle=31401 insn=02c78063
#16157  pc=00400040 cycle=31403 insn=ffc7a683
#16158  pc=00400044 cycle=31406 insn=0007a703
#16159  pc=00400048 cycle=31409 insn=fed758e3
#16160  pc=00400038 cycle=31409 insn=00478793   x15(a5)=1000000c
#16161  pc=0040003c cycle=31409 insn=02c78063
#16162  pc=00400040 cycle=31412 insn=ffc7a683
#16163  pc=00400044 cycle=31415 insn=0007a703
#16164  pc=00400048 cycle=31418 insn=fed758e3
#16165  pc=00400038 cycle=31418 insn=00478793   x15(a5)=10000010
#16166  pc=0040003c cycle=31418 insn=02c78063
#16167  pc=00400040 cycle=31421 insn=ffc7a683
#16168  pc=00400044 cycle=31424 insn=0007a703
#16169  pc=00400048 cycle=31427 insn=fed758e3
#16170  pc=00400038 cycle=31427 insn=00478793   x15(a5)=10000014
#16171  pc=0040003c cycle=31427 insn=02c78063
#16172  pc=00400040 cycle=31430 insn=ffc7a683
#16173  pc=00400044 cycle=31433 insn=0007a703
#16174  pc=00400048 cycle=31436 insn=fed758e3
#16175  pc=00400038 cycle=31436 insn=00478793   x15(a5)=10000018
#16176  pc=0040003c cycle=31436 insn=02c78063
#16177  pc=00400040 cycle=31439 insn=ffc7a683
#16178  pc=00400044 cycle=31442 insn=0007a703
#16179  pc=00400048 cycle=31445 insn=fed758e3
#16180  pc=00400038 cycle=31445 insn=00478793   x15(a5)=1000001c
#16181  pc=0040003c cycle=31445 insn=02c78063
#16182  pc=00400040 cycle=31448 insn=ffc7a683
#16183  pc=00400044 cycle=31451 insn=0007a703
#16184  pc=00400048 cycle=31454 insn=fed758e3
#16185  pc=00400038 cycle=31454 insn=00478793   x15(a5)=10000020
#16186  pc=0040003c cycle=31454 insn=02c78063
#16187  pc=00400040 cycle=31457 insn=ffc7a683
#16188  pc=00400044 cycle=31460 insn=0007a703
#16189  pc=00400048 cycle=31463 insn=fed758e3
#16190  pc=00400038 cycle=31463 insn=00478793   x15(a5)=10000024
#16191  pc=0040003c cycle=31463 insn=02c78063
#16192  pc=00400040 cycle=31466 insn=ffc7a683
#16193  pc=00400044 cycle=31469 insn=0007a703
#16194  pc=00400048 cycle=31472 insn=fed758e3
#16195  pc=00400038 cycle=31472 insn=00478793   x15(a5)=10000028
#16196  pc=0040003c cycle=31472 insn=02c78063
#16197  pc=00400040 cycle=31475 insn=ffc7a683
#16198  pc=00400044 cycle=31478 insn=0007a703
#16199  pc=00400048 cycle=31481 insn=fed758e3
#16200  pc=00400038 cycle=31481 insn=00478793   x15(a5)=1000002c
#16201  pc=0040003c cycle=31481 insn=02c78063
#16202  pc=00400040 cycle=31484 insn=ffc7a683
#16203  pc=00400044 cycle=31487 insn=0007a703
#16204  pc=00400048 cycle=31490 insn=fed758e3
#16205  pc=00400038 cycle=31490 insn=00478793   x15(a5)=10000030
#16206  pc=0040003c cycle=31490 insn=02c78063
#16207  pc=00400040 cycle=31493 insn=ffc7a683
#16208  pc=00400044 cycle=31496 insn=0007a703
#16209  pc=00400048 cycle=31499 insn=fed758e3
#16210  pc=00400038 cycle=31499 insn=00478793   x15(a5)=10000034
#16211  pc=0040003c cycle=31499 insn=02c78063
#16212  pc=00400040 cycle=31502 insn=ffc7a683
#16213  pc=00400044 cycle=31505 insn=0007a703
#16214  pc=00400048 cycle=31508 insn=fed758e3
#16215  pc=00400038 cycle=31508 insn=00478793   x15(a5)=10000038
#16216  pc=0040003c cycle=31508 insn=02c78063
#16217  pc=00400040 cycle=31511 insn=ffc7a683
#16218  pc=00400044 cycle=31514 insn=0007a703   x14(a4)=80f68da3
#16219  pc=00400048 cycle=31517 insn=fed758e3
#16220  pc=0040004c cycle=31523 insn=00d7a023
#16221  pc=00400050 cycle=31526 insn=fee7ae23
#16222  pc=00400054 cycle=31526 insn=00088813   x16(a6)=00000001
#16223  pc=00400058 cycle=31526 insn=fe1ff06f
#16224  pc=00400038 cycle=31527 insn=00478793   x15(a5)=1000003c
#16225  pc=0040003c cycle=31530 insn=02c78063
#16226  pc=00400040 cycle=31533 insn=ffc7a683
#16227  pc=00400044 cycle=31534 insn=0007a703   x14(a4)=82f2d29c
#16228  pc=00400048 cycle=31537 insn=fed758e3
#16229  pc=00400038 cycle=31543 insn=00478793   x15(a5)=10000040
#16230  pc=0040003c cycle=31546 insn=02c78063
#16231  pc=00400040 cycle=31548 insn=ffc7a683
#16232  pc=00400044 cycle=31549 insn=0007a703
#16233  pc=00400048 cycle=31552 insn=fed758e3
#16234  pc=00400038 cycle=31552 insn=00478793   x15(a5)=10000044
#16235  pc=0040003c cycle=31553 insn=02c78063
#16236  pc=00400040 cycle=31555 insn=ffc7a683
#16237  pc=00400044 cycle=31558 insn=0007a703
#16238  pc=00400048 cycle=31561 insn=fed758e3
#16239  pc=00400038 cycle=31561 insn=00478793   x15(a5)=10000048
#16240  pc=0040003c cycle=31561 insn=02c78063
#16241  pc=00400040 cycle=31564 insn=ffc7a683
#16242  pc=00400044 cycle=31567 insn=0007a703
#16243  pc=00400048 cycle=31570 insn=fed758e3
#16244  pc=00400038 cycle=31570 insn=00478793   x15(a5)=1000004c
#16245  pc=0040003c cycle=31570 insn=02c78063
#16246  pc=00400040 cycle=31573 insn=ffc7a683
#16247  pc=00400044 cycle=31576 insn=0007a703
#16248  pc=00400048 cycle=31579 insn=fed758e3
#16249  pc=00400038 cycle=31579 insn=00478793   x15(a5)=10000050
#16250  pc=0040003c cycle=31579 insn=02c78063
#16251  pc=00400040 cycle=31582 insn=ffc7a683
#16252  pc=00400044 cycle=31585 insn=0007a703
#16253  pc=00400048 cycle=31588 insn=fed758e3
#16254  pc=00400038 cycle=31588 insn=00478793   x15(a5)=10000054
#16255  pc=0040003c cycle=31588 insn=02c78063
#16256  pc=00400040 cycle=31591 insn=ffc7a683
#16257  pc=00400044 cycle=31594 insn=0007a703
#16258  pc=00400048 cycle=31597 insn=fed758e3
#16259  pc=00400038 cycle=31597 insn=00478793   x15(a5)=10000058
#16260  pc=0040003c cycle=31597 insn=02c78063
#16261  pc=00400040 cycle=31600 insn=ffc7a683
#16262  pc=00400044 cycle=31603 insn=0007a703
#16263  pc=00400048 cycle=31606 insn=fed758e3
#16264  pc=00400038 cycle=31606 insn=00478793   x15(a5)=1000005c
#16265  pc=0040003c cycle=31606 insn=02c78063
#16266  pc=00400040 cycle=31609 insn=ffc7a683
#16267  pc=00400044 cycle=31612 insn=0007a703
#16268  pc=00400048 cycle=31615 insn=fed758e3
#16269  pc=00400038 cycle=31615 insn=00478793   x15(a5)=10000060
#16270  pc=0040003c cycle=31615 insn=02c78063
#16271  pc=00400040 cycle=31618 insn=ffc7a683
#16272  pc=00400044 cycle=31621 insn=0007a703
#16273  pc=00400048 cycle=31624 insn=fed758e3
#16274  pc=00400038 cycle=31624 insn=00478793   x15(a5)=10000064
#16275  pc=0040003c cycle=31624 insn=02c78063
#16276  pc=00400040 cycle=31627 insn=ffc7a683
#16277  pc=00400044 cycle=31630 insn=0007a703
#16278  pc=00400048 cycle=31633 insn=fed758e3
#16279  pc=00400038 cycle=31633 insn=00478793   x15(a5)=10000068
#16280  pc=0040003c cycle=31633 insn=02c78063
#16281  pc=00400040 cycle=31636 insn=ffc7a683
#16282  pc=00400044 cycle=31639 insn=0007a703
#16283  pc=00400048 cycle=31642 insn=fed758e3
#16284  pc=00400038 cycle=31642 insn=00478793   x15(a5)=1000006c
#16285  pc=0040003c cycle=31642 insn=02c78063
#16286  pc=00400040 cycle=31645 insn=ffc7a683
#16287  pc=00400044 cycle=31648 insn=0007a703
#16288  pc=00400048 cycle=31651 insn=fed758e3
#16289  pc=00400038 cycle=31651 insn=00478793   x15(a5)=10000070
#16290  pc=0040003c cycle=31651 insn=02c78063
#16291  pc=00400040 cycle=31654 insn=ffc7a683
#16292  pc=00400044 cycle=31657 insn=0007a703
#16293  pc=00400048 cycle=31660 insn=fed758e3
#16294  pc=00400038 cycle=31660 insn=00478793   x15(a5)=10000074
#16295  pc=0040003c cycle=31660 insn=02c78063
#16296  pc=00400040 cycle=31663 insn=ffc7a683
#16297  pc=00400044 cycle=31666 insn=0007a703
#16298  pc=00400048 cycle=31669 insn=fed758e3
#16299  pc=00400038 cycle=31669 insn=00478793   x15(a5)=10000078
#16300  pc=0040003c cycle=31669 insn=02c78063
#16301  pc=00400040 cycle=31672 insn=ffc7a683
#16302  pc=00400044 cycle=31675 insn=0007a703
#16303  pc=00400048 cycle=31678 insn=fed758e3
#16304  pc=00400038 cycle=31678 insn=00478793   x15(a5)=1000007c
#16305  pc=0040003c cycle=31678 insn=02c78063
#16306  pc=00400040 cycle=31681 insn=ffc7a683
#16307  pc=00400044 cycle=31684 insn=0007a703
#16308  pc=00400048 cycle=31687 insn=fed758e3
#16309  pc=00400038 cycle=31687 insn=00478793   x15(a5)=10000080
#16310  pc=0040003c cycle=31687 insn=02c78063
#16311  pc=00400040 cycle=31690 insn=ffc7a683
#16312  pc=00400044 cycle=31693 insn=0007a703
#16313  pc=00400048 cycle=31696 insn=fed758e3
#16314  pc=00400038 cycle=31696 insn=00478793   x15(a5)=10000084
#16315  pc=0040003c cycle=31696 insn=02c78063
#16316  pc=0040005c cycle=31700 insn=ffc60613   x12(a2)=10000080
#16317  pc=00400060 cycle=31702 insn=fc0812e3
#16318  pc=00400024 cycle=31704 insn=fff58593   x11(a1)=0000001f
#16319  pc=00400028 cycle=31707 insn=02b05e63
#16320  pc=0040002c cycle=31707 insn=00450793   x15(a5)=10000004
#16321  pc=00400030 cycle=31707 insn=00030813   x16(a6)=00000000
#16322  pc=00400034 cycle=31708 insn=00c0006f
#16323  pc=00400040 cycle=31713 insn=ffc7a683
#16324  pc=00400044 cycle=31714 insn=0007a703
#16325  pc=00400048 cycle=31717 insn=fed758e3
#16326  pc=00400038 cycle=31717 insn=00478793   x15(a5)=10000008
#16327  pc=0040003c cycle=31718 insn=02c78063
#16328  pc=00400040 cycle=31720 insn=ffc7a683
#16329  pc=00400044 cycle=31723 insn=0007a703
#16330  pc=00400048 cycle=31726 insn=fed758e3
#16331  pc=00400038 cycle=31726 insn=00478793   x15(a5)=1000000c
#16332  pc=0040003c cycle=31726 insn=02c78063
#16333  pc=00400040 cycle=31729 insn=ffc7a683
#16334  pc=00400044 cycle=31732 insn=0007a703
#16335  pc=00400048 cycle=31735 insn=fed758e3
#16336  pc=00400038 cycle=31735 insn=00478793   x15(a5)=10000010
#16337  pc=0040003c cycle=31735 insn=02c78063
#16338  pc=00400040 cycle=31738 insn=ffc7a683
#16339  pc=00400044 cycle=31741 insn=0007a703
#16340  pc=00400048 cycle=31744 insn=fed758e3
#16341  pc=00400038 cycle=31744 insn=00478793   x15(a5)=10000014
#16342  pc=0040003c cycle=31744 insn=02c78063
#16343  pc=00400040 cycle=31747 insn=ffc7a683
#16344  pc=00400044 cycle=31750 insn=0007a703
#16345  pc=00400048 cycle=31753 insn=fed758e3
#16346  pc=00400038 cycle=31753 insn=00478793   x15(a5)=10000018
#16347  pc=0040003c cycle=31753 insn=02c78063
#16348  pc=00400040 cycle=31756 insn=ffc7a683
#16349  pc=00400044 cycle=31759 insn=0007a703
#16350  pc=00400048 cycle=31762 insn=fed758e3
#16351  pc=00400038 cycle=31762 insn=00478793   x15(a5)=1000001c
#16352  pc=0040003c cycle=31762 insn=02c78063
#16353  pc=00400040 cycle=31765 insn=ffc7a683
#16354  pc=00400044 cycle=31768 insn=0007a703
#16355  pc=00400048 cycle=31771 insn=fed758e3
#16356  pc=00400038 cycle=31771 insn=00478793   x15(a5)=10000020
#16357  pc=0040003c cycle=31771 insn=02c78063
#16358  pc=00400040 cycle=31774 insn=ffc7a683
#16359  pc=00400044 cycle=31777 insn=0007a703
#16360  pc=00400048 cycle=31780 insn=fed758e3
#16361  pc=00400038 cycle=31780 insn=00478793   x15(a5)=10000024
#16362  pc=0040003c cycle=31780 insn=02c78063
#16363  pc=00400040 cycle=31783 insn=ffc7a683
#16364  pc=00400044 cycle=31786 insn=0007a703
#16365  pc=00400048 cycle=31789 insn=fed758e3
#16366  pc=00400038 cycle=31789 insn=00478793   x15(a5)=10000028
#16367  pc=0040003c cycle=31789 insn=02c78063
#16368  pc=00400040 cycle=31792 insn=ffc7a683
#16369  pc=00400044 cycle=31795 insn=0007a703
#16370  pc=00400048 cycle=31798 insn=fed758e3
#16371  pc=00400038 cycle=31798 insn=00478793   x15(a5)=1000002c
#16372  pc=0040003c cycle=31798 insn=02c78063
#16373  pc=00400040 cycle=31801 insn=ffc7a683
#16374  pc=00400044 cycle=31804 insn=0007a703
#16375  pc=00400048 cycle=31807 insn=fed758e3
#16376  pc=00400038 cycle=31807 insn=00478793   x15(a5)=10000030
#16377  pc=0040003c cycle=31807 insn=02c78063
#16378  pc=00400040 cycle=31810 insn=ffc7a683
#16379  pc=00400044 cycle=31813 insn=0007a703
#16380  pc=00400048 cycle=31816 insn=fed758e3
#16381  pc=00400038 cycle=31816 insn=00478793   x15(a5)=10000034
#16382  pc=0040003c cycle=31816 insn=02c78063
#16383  pc=00400040 cycle=31819 insn=ffc7a683
#16384  pc=00400044 cycle=31822 insn=0007a703   x14(a4)=80f68da3
#16385  pc=00400048 cycle=31825 insn=fed758e3
#16386  pc=0040004c cycle=31831 insn=00d7a023
#16387  pc=00400050 cycle=31834 insn=fee7ae23
#16388  pc=00400054 cycle=31834 insn=00088813   x16(a6)=00000001
#16389  pc=00400058 cycle=31834 insn=fe1ff06f
#16390  pc=00400038 cycle=31835 insn=00478793   x15(a5)=10000038
#16391  pc=0040003c cycle=31838 insn=02c78063
#16392  pc=00400040 cycle=31841 insn=ffc7a683
#16393  pc=00400044 cycle=31842 insn=0007a703   x14(a4)=82f2d29c
#16394  pc=00400048 cycle=31845 insn=fed758e3
#16395  pc=00400038 cycle=31851 insn=00478793   x15(a5)=1000003c
#16396  pc=0040003c cycle=31854 insn=02c78063
#16397  pc=00400040 cycle=31856 insn=ffc7a683
#16398  pc=00400044 cycle=31857 insn=0007a703
#16399  pc=00400048 cycle=31860 insn=fed758e3
#16400  pc=00400038 cycle=31860 insn=00478793   x15(a5)=10000040
#16401  pc=0040003c cycle=31861 insn=02c78063
#16402  pc=00400040 cycle=31863 insn=ffc7a683
#16403  pc=00400044 cycle=31866 insn=0007a703
#16404  pc=00400048 cycle=31869 insn=fed758e3
#16405  pc=00400038 cycle=31869 insn=00478793   x15(a5)=10000044
#16406  pc=0040003c cycle=31869 insn=02c78063
#16407  pc=00400040 cycle=31872 insn=ffc7a683
#16408  pc=00400044 cycle=31875 insn=0007a703
#16409  pc=00400048 cycle=31878 insn=fed758e3
#16410  pc=00400038 cycle=31878 insn=00478793   x15(a5)=10000048
#16411  pc=0040003c cycle=31878 insn=02c78063
#16412  pc=00400040 cycle=31881 insn=ffc7a683
#16413  pc=00400044 cycle=31884 insn=0007a703
#16414  pc=00400048 cycle=31887 insn=fed758e3
#16415  pc=00400038 cycle=31887 insn=00478793   x15(a5)=1000004c
#16416  pc=0040003c cycle=31887 insn=02c78063
#16417  pc=00400040 cycle=31890 insn=ffc7a683
#16418  pc=00400044 cycle=31893 insn=0007a703
#16419  pc=00400048 cycle=31896 insn=fed758e3
#16420  pc=00400038 cycle=31896 insn=00478793   x15(a5)=10000050
#16421  pc=0040003c cycle=31896 insn=02c78063
#16422  pc=00400040 cycle=31899 insn=ffc7a683
#16423  pc=00400044 cycle=31902 insn=0007a703
#16424  pc=00400048 cycle=31905 insn=fed758e3
#16425  pc=00400038 cycle=31905 insn=00478793   x15(a5)=10000054
#16426  pc=0040003c cycle=31905 insn=02c78063
#16427  pc=00400040 cycle=31908 insn=ffc7a683
#16428  pc=00400044 cycle=31911 insn=0007a703
#16429  pc=00400048 cycle=31914 insn=fed758e3
#16430  pc=00400038 cycle=31914 insn=00478793   x15(a5)=10000058
#16431  pc=0040003c cycle=31914 insn=02c78063
#16432  pc=00400040 cycle=31917 insn=ffc7a683
#16433  pc=00400044 cycle=31920 insn=0007a703
#16434  pc=00400048 cycle=31923 insn=fed758e3
#16435  pc=00400038 cycle=31923 insn=00478793   x15(a5)=1000005c
#16436  pc=0040003c cycle=31923 insn=02c78063
#16437  pc=00400040 cycle=31926 insn=ffc7a683
#16438  pc=00400044 cycle=31929 insn=0007a703
#16439  pc=00400048 cycle=31932 insn=fed758e3
#16440  pc=00400038 cycle=31932 insn=00478793   x15(a5)=10000060
#16441  pc=0040003c cycle=31932 insn=02c78063
#16442  pc=00400040 cycle=31935 insn=ffc7a683
#16443  pc=00400044 cycle=31938 insn=0007a703
#16444  pc=00400048 cycle=31941 insn=fed758e3
#16445  pc=00400038 cycle=31941 insn=00478793   x15(a5)=10000064
#16446  pc=0040003c cycle=31941 insn=02c78063
#16447  pc=00400040 cycle=31944 insn=ffc7a683
#16448  pc=00400044 cycle=31947 insn=0007a703
#16449  pc=00400048 cycle=31950 insn=fed758e3
#16450  pc=00400038 cycle=31950 insn=00478793   x15(a5)=10000068
#16451  pc=0040003c cycle=31950 insn=02c78063
#16452  pc=00400040 cycle=31953 insn=ffc7a683
#16453  pc=00400044 cycle=31956 insn=0007a703
#16454  pc=00400048 cycle=31959 insn=fed758e3
#16455  pc=00400038 cycle=31959 insn=00478793   x15(a5)=1000006c
#16456  pc=0040003c cycle=31959 insn=02c78063
#16457  pc=00400040 cycle=31962 insn=ffc7a683
#16458  pc=00400044 cycle=31965 insn=0007a703
#16459  pc=00400048 cycle=31968 insn=fed758e3
#16460  pc=00400038 cycle=31968 insn=00478793   x15(a5)=10000070
#16461  pc=0040003c cycle=31968 insn=02c78063
#16462  pc=00400040 cycle=31971 insn=ffc7a683
#16463  pc=00400044 cycle=31974 insn=0007a703
#16464  pc=00400048 cycle=31977 insn=fed758e3
#16465  pc=00400038 cycle=31977 insn=00478793   x15(a5)=10000074
#16466  pc=0040003c cycle=31977 insn=02c78063
#16467  pc=00400040 cycle=31980 insn=ffc7a683
#16468  pc=00400044 cycle=31983 insn=0007a703
#16469  pc=00400048 cycle=31986 insn=fed758e3
#16470  pc=00400038 cycle=31986 insn=00478793   x15(a5)=10000078
#16471  pc=0040003c cycle=31986 insn=02c78063
#16472  pc=00400040 cycle=31989 insn=ffc7a683
#16473  pc=00400044 cycle=31992 insn=0007a703
#16474  pc=00400048 cycle=31995 insn=fed758e3
#16475  pc=00400038 cycle=31995 insn=00478793   x15(a5)=1000007c
#16476  pc=0040003c cycle=31995 insn=02c78063
#16477  pc=00400040 cycle=31998 insn=ffc7a683
#16478  pc=00400044 cycle=32001 insn=0007a703
#16479  pc=00400048 cycle=32004 insn=fed758e3
#16480  pc=00400038 cycle=32004 insn=00478793   x15(a5)=10000080
#16481  pc=0040003c cycle=32004 insn=02c78063
#16482  pc=0040005c cycle=32008 insn=ffc60613   x12(a2)=1000007c
#16483  pc=00400060 cycle=32010 insn=fc0812e3
#16484  pc=00400024 cycle=32012 insn=fff58593   x11(a1)=0000001e
#16485  pc=00400028 cycle=32015 insn=02b05e63
#16486  pc=0040002c cycle=32015 insn=00450793   x15(a5)=10000004
#16487  pc=00400030 cycle=32015 insn=00030813   x16(a6)=00000000
#16488  pc=00400034 cycle=32016 insn=00c0006f
#16489  pc=00400040 cycle=32021 insn=ffc7a683
#16490  pc=00400044 cycle=32022 insn=0007a703
#16491  pc=00400048 cycle=32025 insn=fed758e3
#16492  pc=00400038 cycle=32025 insn=00478793   x15(a5)=10000008
#16493  pc=0040003c cycle=32026 insn=02c78063
#16494  pc=00400040 cycle=32028 insn=ffc7a683
#16495  pc=00400044 cycle=32031 insn=0007a703
#16496  pc=00400048 cycle=32034 insn=fed758e3
#16497  pc=00400038 cycle=32034 insn=00478793   x15(a5)=1000000c
#16498  pc=0040003c cycle=32034 insn=02c78063
#16499  pc=00400040 cycle=32037 insn=ffc7a683
#16500  pc=00400044 cycle=32040 insn=0007a703
#16501  pc=00400048 cycle=32043 insn=fed758e3
#16502  pc=00400038 cycle=32043 insn=00478793   x15(a5)=10000010
#16503  pc=0040003c cycle=32043 insn=02c78063
#16504  pc=00400040 cycle=32046 insn=ffc7a683
#16505  pc=00400044 cycle=32049 insn=0007a703
#16506  pc=00400048 cycle=32052 insn=fed758e3
#16507  pc=00400038 cycle=32052 insn=00478793   x15(a5)=10000014
#16508  pc=0040003c cycle=32052 insn=02c78063
#16509  pc=00400040 cycle=32055 insn=ffc7a683
#16510  pc=00400044 cycle=32058 insn=0007a703
#16511  pc=00400048 cycle=32061 insn=fed758e3
#16512  pc=00400038 cycle=32061 insn=00478793   x15(a5)=10000018
#16513  pc=0040003c cycle=32061 insn=02c78063
#16514  pc=00400040 cycle=32064 insn=ffc7a683
#16515  pc=00400044 cycle=32067 insn=0007a703
#16516  pc=00400048 cycle=32070 insn=fed758e3
#16517  pc=00400038 cycle=32070 insn=00478793   x15(a5)=1000001c
#16518  pc=0040003c cycle=32070 insn=02c78063
#16519  pc=00400040 cycle=32073 insn=ffc7a683
#16520  pc=00400044 cycle=32076 insn=0007a703
#16521  pc=00400048 cycle=32079 insn=fed758e3
#16522  pc=00400038 cycle=32079 insn=00478793   x15(a5)=10000020
#16523  pc=0040003c cycle=32079 insn=02c78063
#16524  pc=00400040 cycle=32082 insn=ffc7a683
#16525  pc=00400044 cycle=32085 insn=0007a703
#16526  pc=00400048 cycle=32088 insn=fed758e3
#16527  pc=00400038 cycle=32088 insn=00478793   x15(a5)=10000024
#16528  pc=0040003c cycle=32088 insn=02c78063
#16529  pc=00400040 cycle=32091 insn=ffc7a683
#16530  pc=00400044 cycle=32094 insn=0007a703
#16531  pc=00400048 cycle=32097 insn=fed758e3
#16532  pc=00400038 cycle=32097 insn=00478793   x15(a5)=10000028
#16533  pc=0040003c cycle=32097 insn=02c78063
#16534  pc=00400040 cycle=32100 insn=ffc7a683
#16535  pc=00400044 cycle=32103 insn=0007a703
#16536  pc=00400048 cycle=32106 insn=fed758e3
#16537  pc=00400038 cycle=32106 insn=00478793   x15(a5)=1000002c
#16538  pc=0040003c cycle=32106 insn=02c78063
#16539  pc=00400040 cycle=32109 insn=ffc7a683
#16540  pc=00400044 cycle=32112 insn=0007a703
#16541  pc=00400048 cycle=32115 insn=fed758e3
#16542  pc=00400038 cycle=32115 insn=00478793   x15(a5)=10000030
#16543  pc=0040003c cycle=32115 insn=02c78063
#16544  pc=00400040 cycle=32118 insn=ffc7a683
#16545  pc=00400044 cycle=32121 insn=0007a703   x14(a4)=80f68da3
#16546  pc=00400048 cycle=32124 insn=fed758e3
#16547  pc=0040004c cycle=32130 insn=00d7a023
#16548  pc=00400050 cycle=32133 insn=fee7ae23
#16549  pc=00400054 cycle=32133 insn=00088813   x16(a6)=00000001
#16550  pc=00400058 cycle=32133 insn=fe1ff06f
#16551  pc=00400038 cycle=32134 insn=00478793   x15(a5)=10000034
#16552  pc=0040003c cycle=32137 insn=02c78063
#16553  pc=00400040 cycle=32140 insn=ffc7a683
#16554  pc=00400044 cycle=32141 insn=0007a703   x14(a4)=82f2d29c
#16555  pc=00400048 cycle=32144 insn=fed758e3
#16556  pc=00400038 cycle=32150 insn=00478793   x15(a5)=10000038
#16557  pc=0040003c cycle=32153 insn=02c78063
#16558  pc=00400040 cycle=32155 insn=ffc7a683
#16559  pc=00400044 cycle=32156 insn=0007a703
#16560  pc=00400048 cycle=32159 insn=fed758e3
#16561  pc=00400038 cycle=32159 insn=00478793   x15(a5)=1000003c
#16562  pc=0040003c cycle=32160 insn=02c78063
#16563  pc=00400040 cycle=32162 insn=ffc7a683
#16564  pc=00400044 cycle=32165 insn=0007a703
#16565  pc=00400048 cycle=32168 insn=fed758e3
#16566  pc=00400038 cycle=32168 insn=00478793   x15(a5)=10000040
#16567  pc=0040003c cycle=32168 insn=02c78063
#16568  pc=00400040 cycle=32171 insn=ffc7a683
#16569  pc=00400044 cycle=32174 insn=0007a703
#16570  pc=00400048 cycle=32177 insn=fed758e3
#16571  pc=00400038 cycle=32177 insn=00478793   x15(a5)=10000044
#16572  pc=0040003c cycle=32177 insn=02c78063
#16573  pc=00400040 cycle=32180 insn=ffc7a683
#16574  pc=00400044 cycle=32183 insn=0007a703
#16575  pc=00400048 cycle=32186 insn=fed758e3
#16576  pc=00400038 cycle=32186 insn=00478793   x15(a5)=10000048
#16577  pc=0040003c cycle=32186 insn=02c78063
#16578  pc=00400040 cycle=32189 insn=ffc7a683
#16579  pc=00400044 cycle=32192 insn=0007a703
#16580  pc=00400048 cycle=32195 insn=fed758e3
#16581  pc=00400038 cycle=32195 insn=00478793   x15(a5)=1000004c
#16582  pc=0040003c cycle=32195 insn=02c78063
#16583  pc=00400040 cycle=32198 insn=ffc7a683
#16584  pc=00400044 cycle=32201 insn=0007a703
#16585  pc=00400048 cycle=32204 insn=fed758e3
#16586  pc=00400038 cycle=32204 insn=00478793   x15(a5)=10000050
#16587  pc=0040003c cycle=32204 insn=02c78063
#16588  pc=00400040 cycle=32207 insn=ffc7a683
#16589  pc=00400044 cycle=32210 insn=0007a703
#16590  pc=00400048 cycle=32213 insn=fed758e3
#16591  pc=00400038 cycle=32213 insn=00478793   x15(a5)=10000054
#16592  pc=0040003c cycle=32213 insn=02c78063
#16593  pc=00400040 cycle=32216 insn=ffc7a683
#16594  pc=00400044 cycle=32219 insn=0007a703
#16595  pc=00400048 cycle=32222 insn=fed758e3
#16596  pc=00400038 cycle=32222 insn=00478793   x15(a5)=10000058
#16597  pc=0040003c cycle=32222 insn=02c78063
#16598  pc=00400040 cycle=32225 insn=ffc7a683
#16599  pc=00400044 cycle=32228 insn=0007a703
#16600  pc=00400048 cycle=32231 insn=fed758e3
#16601  pc=00400038 cycle=32231 insn=00478793   x15(a5)=1000005c
#16602  pc=0040003c cycle=32231 insn=02c78063
#16603  pc=00400040 cycle=32234 insn=ffc7a683
#16604  pc=00400044 cycle=32237 insn=0007a703
#16605  pc=00400048 cycle=32240 insn=fed758e3
#16606  pc=00400038 cycle=32240 insn=00478793   x15(a5)=10000060
#16607  pc=0040003c cycle=32240 insn=02c78063
#16608  pc=00400040 cycle=32243 insn=ffc7a683
#16609  pc=00400044 cycle=32246 insn=0007a703
#16610  pc=00400048 cycle=32249 insn=fed758e3
#16611  pc=00400038 cycle=32249 insn=00478793   x15(a5)=10000064
#16612  pc=0040003c cycle=32249 insn=02c78063
#16613  pc=00400040 cycle=32252 insn=ffc7a683
#16614  pc=00400044 cycle=32255 insn=0007a703
#16615  pc=00400048 cycle=32258 insn=fed758e3
#16616  pc=00400038 cycle=32258 insn=00478793   x15(a5)=10000068
#16617  pc=0040003c cycle=32258 insn=02c78063
#16618  pc=00400040 cycle=32261 insn=ffc7a683
#16619  pc=00400044 cycle=32264 insn=0007a703
#16620  pc=00400048 cycle=32267 insn=fed758e3
#16621  pc=00400038 cycle=32267 insn=00478793   x15(a5)=1000006c
#16622  pc=0040003c cycle=32267 insn=02c78063
#16623  pc=00400040 cycle=32270 insn=ffc7a683
#16624  pc=00400044 cycle=32273 insn=0007a703
#16625  pc=00400048 cycle=32276 insn=fed758e3
#16626  pc=00400038 cycle=32276 insn=00478793   x15(a5)=10000070
#16627  pc=0040003c cycle=32276 insn=02c78063
#16628  pc=00400040 cycle=32279 insn=ffc7a683
#16629  pc=00400044 cycle=32282 insn=0007a703
#16630  pc=00400048 cycle=32285 insn=fed758e3
#16631  pc=00400038 cycle=32285 insn=00478793   x15(a5)=10000074
#16632  pc=0040003c cycle=32285 insn=02c78063
#16633  pc=00400040 cycle=32288 insn=ffc7a683
#16634  pc=00400044 cycle=32291 insn=0007a703
#16635  pc=00400048 cycle=32294 insn=fed758e3
#16636  pc=00400038 cycle=32294 insn=00478793   x15(a5)=10000078
#16637  pc=0040003c cycle=32294 insn=02c78063
#16638  pc=00400040 cycle=32297 insn=ffc7a683
#16639  pc=00400044 cycle=32300 insn=0007a703
#16640  pc=00400048 cycle=32303 insn=fed758e3
#16641  pc=00400038 cycle=32303 insn=00478793   x15(a5)=1000007c
#16642  pc=0040003c cycle=32303 insn=02c78063
#16643  pc=0040005c cycle=32307 insn=ffc60613   x12(a2)=10000078
#16644  pc=00400060 cycle=32309 insn=fc0812e3
#16645  pc=00400024 cycle=32311 insn=fff58593   x11(a1)=0000001d
#16646  pc=00400028 cycle=32314 insn=02b05e63
#16647  pc=0040002c cycle=32314 insn=00450793   x15(a5)=10000004
#16648  pc=00400030 cycle=32314 insn=00030813   x16(a6)=00000000
#16649  pc=00400034 cycle=32315 insn=00c0006f
#16650  pc=00400040 cycle=32320 insn=ffc7a683
#16651  pc=00400044 cycle=32321 insn=0007a703
#16652  pc=00400048 cycle=32324 insn=fed758e3
#16653  pc=00400038 cycle=32324 insn=00478793   x15(a5)=10000008
#16654  pc=0040003c cycle=32325 insn=02c78063
#16655  pc=00400040 cycle=32327 insn=ffc7a683
#16656  pc=00400044 cycle=32330 insn=0007a703
#16657  pc=00400048 cycle=32333 insn=fed758e3
#16658  pc=00400038 cycle=32333 insn=00478793   x15(a5)=1000000c
#16659  pc=0040003c cycle=32333 insn=02c78063
#16660  pc=00400040 cycle=32336 insn=ffc7a683
#16661  pc=00400044 cycle=32339 insn=0007a703
#16662  pc=00400048 cycle=32342 insn=fed758e3
#16663  pc=00400038 cycle=32342 insn=00478793   x15(a5)=10000010
#16664  pc=0040003c cycle=32342 insn=02c78063
#16665  pc=00400040 cycle=32345 insn=ffc7a683
#16666  pc=00400044 cycle=32348 insn=0007a703
#16667  pc=00400048 cycle=32351 insn=fed758e3
#16668  pc=00400038 cycle=32351 insn=00478793   x15(a5)=10000014
#16669  pc=0040003c cycle=32351 insn=02c78063
#16670  pc=00400040 cycle=32354 insn=ffc7a683
#16671  pc=00400044 cycle=32357 insn=0007a703
#16672  pc=00400048 cycle=32360 insn=fed758e3
#16673  pc=00400038 cycle=32360 insn=00478793   x15(a5)=10000018
#16674  pc=0040003c cycle=32360 insn=02c78063
#16675  pc=00400040 cycle=32363 insn=ffc7a683
#16676  pc=00400044 cycle=32366 insn=0007a703
#16677  pc=00400048 cycle=32369 insn=fed758e3
#16678  pc=00400038 cycle=32369 insn=00478793   x15(a5)=1000001c
#16679  pc=0040003c cycle=32369 insn=02c78063
#16680  pc=00400040 cycle=32372 insn=ffc7a683
#16681  pc=00400044 cycle=32375 insn=0007a703
#16682  pc=00400048 cycle=32378 insn=fed758e3
#16683  pc=00400038 cycle=32378 insn=00478793   x15(a5)=10000020
#16684  pc=0040003c cycle=32378 insn=02c78063
#16685  pc=00400040 cycle=32381 insn=ffc7a683
#16686  pc=00400044 cycle=32384 insn=0007a703
#16687  pc=00400048 cycle=32387 insn=fed758e3
#16688  pc=00400038 cycle=32387 insn=00478793   x15(a5)=10000024
#16689  pc=0040003c cycle=32387 insn=02c78063
#16690  pc=00400040 cycle=32390 insn=ffc7a683
#16691  pc=00400044 cycle=32393 insn=0007a703
#16692  pc=00400048 cycle=32396 insn=fed758e3
#16693  pc=00400038 cycle=32396 insn=00478793   x15(a5)=10000028
#16694  pc=0040003c cycle=32396 insn=02c78063
#16695  pc=00400040 cycle=32399 insn=ffc7a683
#16696  pc=00400044 cycle=32402 insn=0007a703
#16697  pc=00400048 cycle=32405 insn=fed758e3
#16698  pc=00400038 cycle=32405 insn=00478793   x15(a5)=1000002c
#16699  pc=0040003c cycle=32405 insn=02c78063
#16700  pc=00400040 cycle=32408 insn=ffc7a683
#16701  pc=00400044 cycle=32411 insn=0007a703   x14(a4)=80f68da3
#16702  pc=00400048 cycle=32414 insn=fed758e3
#16703  pc=0040004c cycle=32420 insn=00d7a023
#16704  pc=00400050 cycle=32423 insn=fee7ae23
#16705  pc=00400054 cycle=32423 insn=00088813   x16(a6)=00000001
#16706  pc=00400058 cycle=32423 insn=fe1ff06f
#16707  pc=00400038 cycle=32424 insn=00478793   x15(a5)=10000030
#16708  pc=0040003c cycle=32427 insn=02c78063
#16709  pc=00400040 cycle=32430 insn=ffc7a683
#16710  pc=00400044 cycle=32431 insn=0007a703   x14(a4)=82f2d29c
#16711  pc=00400048 cycle=32434 insn=fed758e3
#16712  pc=00400038 cycle=32440 insn=00478793   x15(a5)=10000034
#16713  pc=0040003c cycle=32443 insn=02c78063
#16714  pc=00400040 cycle=32445 insn=ffc7a683
#16715  pc=00400044 cycle=32446 insn=0007a703
#16716  pc=00400048 cycle=32449 insn=fed758e3
#16717  pc=00400038 cycle=32449 insn=00478793   x15(a5)=10000038
#16718  pc=0040003c cycle=32450 insn=02c78063
#16719  pc=00400040 cycle=32452 insn=ffc7a683
#16720  pc=00400044 cycle=32455 insn=0007a703
#16721  pc=00400048 cycle=32458 insn=fed758e3
#16722  pc=00400038 cycle=32458 insn=00478793   x15(a5)=1000003c
#16723  pc=0040003c cycle=32458 insn=02c78063
#16724  pc=00400040 cycle=32461 insn=ffc7a683
#16725  pc=00400044 cycle=32464 insn=0007a703
#16726  pc=00400048 cycle=32467 insn=fed758e3
#16727  pc=00400038 cycle=32467 insn=00478793   x15(a5)=10000040
#16728  pc=0040003c cycle=32467 insn=02c78063
#16729  pc=00400040 cycle=32470 insn=ffc7a683
#16730  pc=00400044 cycle=32473 insn=0007a703
#16731  pc=00400048 cycle=32476 insn=fed758e3
#16732  pc=00400038 cycle=32476 insn=00478793   x15(a5)=10000044
#16733  pc=0040003c cycle=32476 insn=02c78063
#16734  pc=00400040 cycle=32479 insn=ffc7a683
#16735  pc=00400044 cycle=32482 insn=0007a703
#16736  pc=00400048 cycle=32485 insn=fed758e3
#16737  pc=00400038 cycle=32485 insn=00478793   x15(a5)=10000048
#16738  pc=0040003c cycle=32485 insn=02c78063
#16739  pc=00400040 cycle=32488 insn=ffc7a683
#16740  pc=00400044 cycle=32491 insn=0007a703
#16741  pc=00400048 cycle=32494 insn=fed758e3
#16742  pc=00400038 cycle=32494 insn=00478793   x15(a5)=1000004c
#16743  pc=0040003c cycle=32494 insn=02c78063
#16744  pc=00400040 cycle=32497 insn=ffc7a683
#16745  pc=00400044 cycle=32500 insn=0007a703
#16746  pc=00400048 cycle=32503 insn=fed758e3
#16747  pc=00400038 cycle=32503 insn=00478793   x15(a5)=10000050
#16748  pc=0040003c cycle=32503 insn=02c78063
#16749  pc=00400040 cycle=32506 insn=ffc7a683
#16750  pc=00400044 cycle=32509 insn=0007a703
#16751  pc=00400048 cycle=32512 insn=fed758e3
#16752  pc=00400038 cycle=32512 insn=00478793   x15(a5)=10000054
#16753  pc=0040003c cycle=32512 insn=02c78063
#16754  pc=00400040 cycle=32515 insn=ffc7a683
#16755  pc=00400044 cycle=32518 insn=0007a703
#16756  pc=00400048 cycle=32521 insn=fed758e3
#16757  pc=00400038 cycle=32521 insn=00478793   x15(a5)=10000058
#16758  pc=0040003c cycle=32521 insn=02c78063
#16759  pc=00400040 cycle=32524 insn=ffc7a683
#16760  pc=00400044 cycle=32527 insn=0007a703
#16761  pc=00400048 cycle=32530 insn=fed758e3
#16762  pc=00400038 cycle=32530 insn=00478793   x15(a5)=1000005c
#16763  pc=0040003c cycle=32530 insn=02c78063
#16764  pc=00400040 cycle=32533 insn=ffc7a683
#16765  pc=00400044 cycle=32536 insn=0007a703
#16766  pc=00400048 cycle=32539 insn=fed758e3
#16767  pc=00400038 cycle=32539 insn=00478793   x15(a5)=10000060
#16768  pc=0040003c cycle=32539 insn=02c78063
#16769  pc=00400040 cycle=32542 insn=ffc7a683
#16770  pc=00400044 cycle=32545 insn=0007a703
#16771  pc=00400048 cycle=32548 insn=fed758e3
#16772  pc=00400038 cycle=32548 insn=00478793   x15(a5)=10000064
#16773  pc=0040003c cycle=32548 insn=02c78063
#16774  pc=00400040 cycle=32551 insn=ffc7a683
#16775  pc=00400044 cycle=32554 insn=0007a703
#16776  pc=00400048 cycle=32557 insn=fed758e3
#16777  pc=00400038 cycle=32557 insn=00478793   x15(a5)=10000068
#16778  pc=0040003c cycle=32557 insn=02c78063
#16779  pc=00400040 cycle=32560 insn=ffc7a683
#16780  pc=00400044 cycle=32563 insn=0007a703
#16781  pc=00400048 cycle=32566 insn=fed758e3
#16782  pc=00400038 cycle=32566 insn=00478793   x15(a5)=1000006c
#16783  pc=0040003c cycle=32566 insn=02c78063
#16784  pc=00400040 cycle=32569 insn=ffc7a683
#16785  pc=00400044 cycle=32572 insn=0007a703
#16786  pc=00400048 cycle=32575 insn=fed758e3
#16787  pc=00400038 cycle=32575 insn=00478793   x15(a5)=10000070
#16788  pc=0040003c cycle=32575 insn=02c78063
#16789  pc=00400040 cycle=32578 insn=ffc7a683
#16790  pc=00400044 cycle=32581 insn=0007a703
#16791  pc=00400048 cycle=32584 insn=fed758e3
#16792  pc=00400038 cycle=32584 insn=00478793   x15(a5)=10000074
#16793  pc=0040003c cycle=32584 insn=02c78063
#16794  pc=00400040 cycle=32587 insn=ffc7a683
#16795  pc=00400044 cycle=32590 insn=0007a703
#16796  pc=00400048 cycle=32593 insn=fed758e3
#16797  pc=00400038 cycle=32593 insn=00478793   x15(a5)=10000078
#16798  pc=0040003c cycle=32593 insn=02c78063
#16799  pc=0040005c cycle=32597 insn=ffc60613   x12(a2)=10000074
#16800  pc=00400060 cycle=32599 insn=fc0812e3
#16801  pc=00400024 cycle=32601 insn=fff58593   x11(a1)=0000001c
#16802  pc=00400028 cycle=32604 insn=02b05e63
#16803  pc=0040002c cycle=32604 insn=00450793   x15(a5)=10000004
#16804  pc=00400030 cycle=32604 insn=00030813   x16(a6)=00000000
#16805  pc=00400034 cycle=32605 insn=00c0006f
#16806  pc=00400040 cycle=32610 insn=ffc7a683
#16807  pc=00400044 cycle=32611 insn=0007a703
#16808  pc=00400048 cycle=32614 insn=fed758e3
#16809  pc=00400038 cycle=32614 insn=00478793   x15(a5)=10000008
#16810  pc=0040003c cycle=32615 insn=02c78063
#16811  pc=00400040 cycle=32617 insn=ffc7a683
#16812  pc=00400044 cycle=32620 insn=0007a703
#16813  pc=00400048 cycle=32623 insn=fed758e3
#16814  pc=00400038 cycle=32623 insn=00478793   x15(a5)=1000000c
#16815  pc=0040003c cycle=32623 insn=02c78063
#16816  pc=00400040 cycle=32626 insn=ffc7a683
#16817  pc=00400044 cycle=32629 insn=0007a703
#16818  pc=00400048 cycle=32632 insn=fed758e3
#16819  pc=00400038 cycle=32632 insn=00478793   x15(a5)=10000010
#16820  pc=0040003c cycle=32632 insn=02c78063
#16821  pc=00400040 cycle=32635 insn=ffc7a683
#16822  pc=00400044 cycle=32638 insn=0007a703
#16823  pc=00400048 cycle=32641 insn=fed758e3
#16824  pc=00400038 cycle=32641 insn=00478793   x15(a5)=10000014
#16825  pc=0040003c cycle=32641 insn=02c78063
#16826  pc=00400040 cycle=32644 insn=ffc7a683
#16827  pc=00400044 cycle=32647 insn=0007a703
#16828  pc=00400048 cycle=32650 insn=fed758e3
#16829  pc=00400038 cycle=32650 insn=00478793   x15(a5)=10000018
#16830  pc=0040003c cycle=32650 insn=02c78063
#16831  pc=00400040 cycle=32653 insn=ffc7a683
#16832  pc=00400044 cycle=32656 insn=0007a703
#16833  pc=00400048 cycle=32659 insn=fed758e3
#16834  pc=00400038 cycle=32659 insn=00478793   x15(a5)=1000001c
#16835  pc=0040003c cycle=32659 insn=02c78063
#16836  pc=00400040 cycle=32662 insn=ffc7a683
#16837  pc=00400044 cycle=32665 insn=0007a703
#16838  pc=00400048 cycle=32668 insn=fed758e3
#16839  pc=00400038 cycle=32668 insn=00478793   x15(a5)=10000020
#16840  pc=0040003c cycle=32668 insn=02c78063
#16841  pc=00400040 cycle=32671 insn=ffc7a683
#16842  pc=00400044 cycle=32674 insn=0007a703
#16843  pc=00400048 cycle=32677 insn=fed758e3
#16844  pc=00400038 cycle=32677 insn=00478793   x15(a5)=10000024
#16845  pc=0040003c cycle=32677 insn=02c78063
#16846  pc=00400040 cycle=32680 insn=ffc7a683
#16847  pc=00400044 cycle=32683 insn=0007a703
#16848  pc=00400048 cycle=32686 insn=fed758e3
#16849  pc=00400038 cycle=32686 insn=00478793   x15(a5)=10000028
#16850  pc=0040003c cycle=32686 insn=02c78063
#16851  pc=00400040 cycle=32689 insn=ffc7a683
#16852  pc=00400044 cycle=32692 insn=0007a703   x14(a4)=80f68da3
#16853  pc=00400048 cycle=32695 insn=fed758e3
#16854  pc=0040004c cycle=32701 insn=00d7a023
#16855  pc=00400050 cycle=32704 insn=fee7ae23
#16856  pc=00400054 cycle=32704 insn=00088813   x16(a6)=00000001
#16857  pc=00400058 cycle=32704 insn=fe1ff06f
#16858  pc=00400038 cycle=32705 insn=00478793   x15(a5)=1000002c
#16859  pc=0040003c cycle=32708 insn=02c78063
#16860  pc=00400040 cycle=32711 insn=ffc7a683
#16861  pc=00400044 cycle=32712 insn=0007a703   x14(a4)=82f2d29c
#16862  pc=00400048 cycle=32715 insn=fed758e3
#16863  pc=00400038 cycle=32721 insn=00478793   x15(a5)=10000030
#16864  pc=0040003c cycle=32724 insn=02c78063
#16865  pc=00400040 cycle=32726 insn=ffc7a683
#16866  pc=00400044 cycle=32727 insn=0007a703
#16867  pc=00400048 cycle=32730 insn=fed758e3
#16868  pc=00400038 cycle=32730 insn=00478793   x15(a5)=10000034
#16869  pc=0040003c cycle=32731 insn=02c78063
#16870  pc=00400040 cycle=32733 insn=ffc7a683
#16871  pc=00400044 cycle=32736 insn=0007a703
#16872  pc=00400048 cycle=32739 insn=fed758e3
#16873  pc=00400038 cycle=32739 insn=00478793   x15(a5)=10000038
#16874  pc=0040003c cycle=32739 insn=02c78063
#16875  pc=00400040 cycle=32742 insn=ffc7a683
#16876  pc=00400044 cycle=32745 insn=0007a703
#16877  pc=00400048 cycle=32748 insn=fed758e3
#16878  pc=00400038 cycle=32748 insn=00478793   x15(a5)=1000003c
#16879  pc=0040003c cycle=32748 insn=02c78063
#16880  pc=00400040 cycle=32751 insn=ffc7a683
#16881  pc=00400044 cycle=32754 insn=0007a703
#16882  pc=00400048 cycle=32757 insn=fed758e3
#16883  pc=00400038 cycle=32757 insn=00478793   x15(a5)=10000040
#16884  pc=0040003c cycle=32757 insn=02c78063
#16885  pc=00400040 cycle=32760 insn=ffc7a683
#16886  pc=00400044 cycle=32763 insn=0007a703
#16887  pc=00400048 cycle=32766 insn=fed758e3
#16888  pc=00400038 cycle=32766 insn=00478793   x15(a5)=10000044
#16889  pc=0040003c cycle=32766 insn=02c78063
#16890  pc=00400040 cycle=32769 insn=ffc7a683
#16891  pc=00400044 cycle=32772 insn=0007a703
#16892  pc=00400048 cycle=32775 insn=fed758e3
#16893  pc=00400038 cycle=32775 insn=00478793   x15(a5)=10000048
#16894  pc=0040003c cycle=32775 insn=02c78063
#16895  pc=00400040 cycle=32778 insn=ffc7a683
#16896  pc=00400044 cycle=32781 insn=0007a703
#16897  pc=00400048 cycle=32784 insn=fed758e3
#16898  pc=00400038 cycle=32784 insn=00478793   x15(a5)=1000004c
#16899  pc=0040003c cycle=32784 insn=02c78063
#16900  pc=00400040 cycle=32787 insn=ffc7a683
#16901  pc=00400044 cycle=32790 insn=0007a703
#16902  pc=00400048 cycle=32793 insn=fed758e3
#16903  pc=00400038 cycle=32793 insn=00478793   x15(a5)=10000050
#16904  pc=0040003c cycle=32793 insn=02c78063
#16905  pc=00400040 cycle=32796 insn=ffc7a683
#16906  pc=00400044 cycle=32799 insn=0007a703
#16907  pc=00400048 cycle=32802 insn=fed758e3
#16908  pc=00400038 cycle=32802 insn=00478793   x15(a5)=10000054
#16909  pc=0040003c cycle=32802 insn=02c78063
#16910  pc=00400040 cycle=32805 insn=ffc7a683
#16911  pc=00400044 cycle=32808 insn=0007a703
#16912  pc=00400048 cycle=32811 insn=fed758e3
#16913  pc=00400038 cycle=32811 insn=00478793   x15(a5)=10000058
#16914  pc=0040003c cycle=32811 insn=02c78063
#16915  pc=00400040 cycle=32814 insn=ffc7a683
#16916  pc=00400044 cycle=32817 insn=0007a703
#16917  pc=00400048 cycle=32820 insn=fed758e3
#16918  pc=00400038 cycle=32820 insn=00478793   x15(a5)=1000005c
#16919  pc=0040003c cycle=32820 insn=02c78063
#16920  pc=00400040 cycle=32823 insn=ffc7a683
#16921  pc=00400044 cycle=32826 insn=0007a703
#16922  pc=00400048 cycle=32829 insn=fed758e3
#16923  pc=00400038 cycle=32829 insn=00478793   x15(a5)=10000060
#16924  pc=0040003c cycle=32829 insn=02c78063
#16925  pc=00400040 cycle=32832 insn=ffc7a683
#16926  pc=00400044 cycle=32835 insn=0007a703
#16927  pc=00400048 cycle=32838 insn=fed758e3
#16928  pc=00400038 cycle=32838 insn=00478793   x15(a5)=10000064
#16929  pc=0040003c cycle=32838 insn=02c78063
#16930  pc=00400040 cycle=32841 insn=ffc7a683
#16931  pc=00400044 cycle=32844 insn=0007a703
#16932  pc=00400048 cycle=32847 insn=fed758e3
#16933  pc=00400038 cycle=32847 insn=00478793   x15(a5)=10000068
#16934  pc=0040003c cycle=32847 insn=02c78063
#16935  pc=00400040 cycle=32850 insn=ffc7a683
#16936  pc=00400044 cycle=32853 insn=0007a703
#16937  pc=00400048 cycle=32856 insn=fed758e3
#16938  pc=00400038 cycle=32856 insn=00478793   x15(a5)=1000006c
#16939  pc=0040003c cycle=32856 insn=02c78063
#16940  pc=00400040 cycle=32859 insn=ffc7a683
#16941  pc=00400044 cycle=32862 insn=0007a703
#16942  pc=00400048 cycle=32865 insn=fed758e3
#16943  pc=00400038 cycle=32865 insn=00478793   x15(a5)=10000070
#16944  pc=0040003c cycle=32865 insn=02c78063
#16945  pc=00400040 cycle=32868 insn=ffc7a683
#16946  pc=00400044 cycle=32871 insn=0007a703
#16947  pc=00400048 cycle=32874 insn=fed758e3
#16948  pc=00400038 cycle=32874 insn=00478793   x15(a5)=10000074
#16949  pc=0040003c cycle=32874 insn=02c78063
#16950  pc=0040005c cycle=32878 insn=ffc60613   x12(a2)=10000070
#16951  pc=00400060 cycle=32880 insn=fc0812e3
#16952  pc=00400024 cycle=32882 insn=fff58593   x11(a1)=0000001b
#16953  pc=00400028 cycle=32885 insn=02b05e63
#16954  pc=0040002c cycle=32885 insn=00450793   x15(a5)=10000004
#16955  pc=00400030 cycle=32885 insn=00030813   x16(a6)=00000000
#16956  pc=00400034 cycle=32886 insn=00c0006f
#16957  pc=00400040 cycle=32891 insn=ffc7a683
#16958  pc=00400044 cycle=32892 insn=0007a703
#16959  pc=00400048 cycle=32895 insn=fed758e3
#16960  pc=00400038 cycle=32895 insn=00478793   x15(a5)=10000008
#16961  pc=0040003c cycle=32896 insn=02c78063
#16962  pc=00400040 cycle=32898 insn=ffc7a683
#16963  pc=00400044 cycle=32901 insn=0007a703
#16964  pc=00400048 cycle=32904 insn=fed758e3
#16965  pc=00400038 cycle=32904 insn=00478793   x15(a5)=1000000c
#16966  pc=0040003c cycle=32904 insn=02c78063
#16967  pc=00400040 cycle=32907 insn=ffc7a683
#16968  pc=00400044 cycle=32910 insn=0007a703
#16969  pc=00400048 cycle=32913 insn=fed758e3
#16970  pc=00400038 cycle=32913 insn=00478793   x15(a5)=10000010
#16971  pc=0040003c cycle=32913 insn=02c78063
#16972  pc=00400040 cycle=32916 insn=ffc7a683
#16973  pc=00400044 cycle=32919 insn=0007a703
#16974  pc=00400048 cycle=32922 insn=fed758e3
#16975  pc=00400038 cycle=32922 insn=00478793   x15(a5)=10000014
#16976  pc=0040003c cycle=32922 insn=02c78063
#16977  pc=00400040 cycle=32925 insn=ffc7a683
#16978  pc=00400044 cycle=32928 insn=0007a703
#16979  pc=00400048 cycle=32931 insn=fed758e3
#16980  pc=00400038 cycle=32931 insn=00478793   x15(a5)=10000018
#16981  pc=0040003c cycle=32931 insn=02c78063
#16982  pc=00400040 cycle=32934 insn=ffc7a683
#16983  pc=00400044 cycle=32937 insn=0007a703
#16984  pc=00400048 cycle=32940 insn=fed758e3
#16985  pc=00400038 cycle=32940 insn=00478793   x15(a5)=1000001c
#16986  pc=0040003c cycle=32940 insn=02c78063
#16987  pc=00400040 cycle=32943 insn=ffc7a683
#16988  pc=00400044 cycle=32946 insn=0007a703
#16989  pc=00400048 cycle=32949 insn=fed758e3
#16990  pc=00400038 cycle=32949 insn=00478793   x15(a5)=10000020
#16991  pc=0040003c cycle=32949 insn=02c78063
#16992  pc=00400040 cycle=32952 insn=ffc7a683
#16993  pc=00400044 cycle=32955 insn=0007a703
#16994  pc=00400048 cycle=32958 insn=fed758e3
#16995  pc=00400038 cycle=32958 insn=00478793   x15(a5)=10000024
#16996  pc=0040003c cycle=32958 insn=02c78063
#16997  pc=00400040 cycle=32961 insn=ffc7a683
#16998  pc=00400044 cycle=32964 insn=0007a703   x14(a4)=80f68da3
#16999  pc=00400048 cycle=32967 insn=fed758e3
#17000  pc=0040004c cycle=32973 insn=00d7a023
#17001  pc=00400050 cycle=32976 insn=fee7ae23
#17002  pc=00400054 cycle=32976 insn=00088813   x16(a6)=00000001
#17003  pc=00400058 cycle=32976 insn=fe1ff06f
#17004  pc=00400038 cycle=32977 insn=00478793   x15(a5)=10000028
#17005  pc=0040003c cycle=32980 insn=02c78063
#17006  pc=00400040 cycle=32983 insn=ffc7a683
#17007  pc=00400044 cycle=32984 insn=0007a703   x14(a4)=82f2d29c
#17008  pc=00400048 cycle=32987 insn=fed758e3
#17009  pc=00400038 cycle=32993 insn=00478793   x15(a5)=1000002c
#17010  pc=0040003c cycle=32996 insn=02c78063
#17011  pc=00400040 cycle=32998 insn=ffc7a683
#17012  pc=00400044 cycle=32999 insn=0007a703
#17013  pc=00400048 cycle=33002 insn=fed758e3
#17014  pc=00400038 cycle=33002 insn=00478793   x15(a5)=10000030
#17015  pc=0040003c cycle=33003 insn=02c78063
#17016  pc=00400040 cycle=33005 insn=ffc7a683
#17017  pc=00400044 cycle=33008 insn=0007a703
#17018  pc=00400048 cycle=33011 insn=fed758e3
#17019  pc=00400038 cycle=33011 insn=00478793   x15(a5)=10000034
#17020  pc=0040003c cycle=33011 insn=02c78063
#17021  pc=00400040 cycle=33014 insn=ffc7a683
#17022  pc=00400044 cycle=33017 insn=0007a703
#17023  pc=00400048 cycle=33020 insn=fed758e3
#17024  pc=00400038 cycle=33020 insn=00478793   x15(a5)=10000038
#17025  pc=0040003c cycle=33020 insn=02c78063
#17026  pc=00400040 cycle=33023 insn=ffc7a683
#17027  pc=00400044 cycle=33026 insn=0007a703
#17028  pc=00400048 cycle=33029 insn=fed758e3
#17029  pc=00400038 cycle=33029 insn=00478793   x15(a5)=1000003c
#17030  pc=0040003c cycle=33029 insn=02c78063
#17031  pc=00400040 cycle=33032 insn=ffc7a683
#17032  pc=00400044 cycle=33035 insn=0007a703
#17033  pc=00400048 cycle=33038 insn=fed758e3
#17034  pc=00400038 cycle=33038 insn=00478793   x15(a5)=10000040
#17035  pc=0040003c cycle=33038 insn=02c78063
#17036  pc=00400040 cycle=33041 insn=ffc7a683
#17037  pc=00400044 cycle=33044 insn=0007a703
#17038  pc=00400048 cycle=33047 insn=fed758e3
#17039  pc=00400038 cycle=33047 insn=00478793   x15(a5)=10000044
#17040  pc=0040003c cycle=33047 insn=02c78063
#17041  pc=00400040 cycle=33050 insn=ffc7a683
#17042  pc=00400044 cycle=33053 insn=0007a703
#17043  pc=00400048 cycle=33056 insn=fed758e3
#17044  pc=00400038 cycle=33056 insn=00478793   x15(a5)=10000048
#17045  pc=0040003c cycle=33056 insn=02c78063
#17046  pc=00400040 cycle=33059 insn=ffc7a683
#17047  pc=00400044 cycle=33062 insn=0007a703
#17048  pc=00400048 cycle=33065 insn=fed758e3
#17049  pc=00400038 cycle=33065 insn=00478793   x15(a5)=1000004c
#17050  pc=0040003c cycle=33065 insn=02c78063
#17051  pc=00400040 cycle=33068 insn=ffc7a683
#17052  pc=00400044 cycle=33071 insn=0007a703
#17053  pc=00400048 cycle=33074 insn=fed758e3
#17054  pc=00400038 cycle=33074 insn=00478793   x15(a5)=10000050
#17055  pc=0040003c cycle=33074 insn=02c78063
#17056  pc=00400040 cycle=33077 insn=ffc7a683
#17057  pc=00400044 cycle=33080 insn=0007a703
#17058  pc=00400048 cycle=33083 insn=fed758e3
#17059  pc=00400038 cycle=33083 insn=00478793   x15(a5)=10000054
#17060  pc=0040003c cycle=33083 insn=02c78063
#17061  pc=00400040 cycle=33086 insn=ffc7a683
#17062  pc=00400044 cycle=33089 insn=0007a703
#17063  pc=00400048 cycle=33092 insn=fed758e3
#17064  pc=00400038 cycle=33092 insn=00478793   x15(a5)=10000058
#17065  pc=0040003c cycle=33092 insn=02c78063
#17066  pc=00400040 cycle=33095 insn=ffc7a683
#17067  pc=00400044 cycle=33098 insn=0007a703
#17068  pc=00400048 cycle=33101 insn=fed758e3
#17069  pc=00400038 cycle=33101 insn=00478793   x15(a5)=1000005c
#17070  pc=0040003c cycle=33101 insn=02c78063
#17071  pc=00400040 cycle=33104 insn=ffc7a683
#17072  pc=00400044 cycle=33107 insn=0007a703
#17073  pc=00400048 cycle=33110 insn=fed758e3
#17074  pc=00400038 cycle=33110 insn=00478793   x15(a5)=10000060
#17075  pc=0040003c cycle=33110 insn=02c78063
#17076  pc=00400040 cycle=33113 insn=ffc7a683
#17077  pc=00400044 cycle=33116 insn=0007a703
#17078  pc=00400048 cycle=33119 insn=fed758e3
#17079  pc=00400038 cycle=33119 insn=00478793   x15(a5)=10000064
#17080  pc=0040003c cycle=33119 insn=02c78063
#17081  pc=00400040 cycle=33122 insn=ffc7a683
#17082  pc=00400044 cycle=33125 insn=0007a703
#17083  pc=00400048 cycle=33128 insn=fed758e3
#17084  pc=00400038 cycle=33128 insn=00478793   x15(a5)=10000068
#17085  pc=0040003c cycle=33128 insn=02c78063
#17086  pc=00400040 cycle=33131 insn=ffc7a683
#17087  pc=00400044 cycle=33134 insn=0007a703
#17088  pc=00400048 cycle=33137 insn=fed758e3
#17089  pc=00400038 cycle=33137 insn=00478793   x15(a5)=1000006c
#17090  pc=0040003c cycle=33137 insn=02c78063
#17091  pc=00400040 cycle=33140 insn=ffc7a683
#17092  pc=00400044 cycle=33143 insn=0007a703
#17093  pc=00400048 cycle=33146 insn=fed758e3
#17094  pc=00400038 cycle=33146 insn=00478793   x15(a5)=10000070
#17095  pc=0040003c cycle=33146 insn=02c78063
#17096  pc=0040005c cycle=33150 insn=ffc60613   x12(a2)=1000006c
#17097  pc=00400060 cycle=33152 insn=fc0812e3
#17098  pc=00400024 cycle=33154 insn=fff58593   x11(a1)=0000001a
#17099  pc=00400028 cycle=33157 insn=02b05e63
#17100  pc=0040002c cycle=33157 insn=00450793   x15(a5)=10000004
#17101  pc=00400030 cycle=33157 insn=00030813   x16(a6)=00000000
#17102  pc=00400034 cycle=33158 insn=00c0006f
#17103  pc=00400040 cycle=33163 insn=ffc7a683
#17104  pc=00400044 cycle=33164 insn=0007a703
#17105  pc=00400048 cycle=33167 insn=fed758e3
#17106  pc=00400038 cycle=33167 insn=00478793   x15(a5)=10000008
#17107  pc=0040003c cycle=33168 insn=02c78063
#17108  pc=00400040 cycle=33170 insn=ffc7a683
#17109  pc=00400044 cycle=33173 insn=0007a703
#17110  pc=00400048 cycle=33176 insn=fed758e3
#17111  pc=00400038 cycle=33176 insn=00478793   x15(a5)=1000000c
#17112  pc=0040003c cycle=33176 insn=02c78063
#17113  pc=00400040 cycle=33179 insn=ffc7a683
#17114  pc=00400044 cycle=33182 insn=0007a703
#17115  pc=00400048 cycle=33185 insn=fed758e3
#17116  pc=00400038 cycle=33185 insn=00478793   x15(a5)=10000010
#17117  pc=0040003c cycle=33185 insn=02c78063
#17118  pc=00400040 cycle=33188 insn=ffc7a683
#17119  pc=00400044 cycle=33191 insn=0007a703
#17120  pc=00400048 cycle=33194 insn=fed758e3
#17121  pc=00400038 cycle=33194 insn=00478793   x15(a5)=10000014
#17122  pc=0040003c cycle=33194 insn=02c78063
#17123  pc=00400040 cycle=33197 insn=ffc7a683
#17124  pc=00400044 cycle=33200 insn=0007a703
#17125  pc=00400048 cycle=33203 insn=fed758e3
#17126  pc=00400038 cycle=33203 insn=00478793   x15(a5)=10000018
#17127  pc=0040003c cycle=33203 insn=02c78063
#17128  pc=00400040 cycle=33206 insn=ffc7a683
#17129  pc=00400044 cycle=33209 insn=0007a703
#17130  pc=00400048 cycle=33212 insn=fed758e3
#17131  pc=00400038 cycle=33212 insn=00478793   x15(a5)=1000001c
#17132  pc=0040003c cycle=33212 insn=02c78063
#17133  pc=00400040 cycle=33215 insn=ffc7a683
#17134  pc=00400044 cycle=33218 insn=0007a703
#17135  pc=00400048 cycle=33221 insn=fed758e3
#17136  pc=00400038 cycle=33221 insn=00478793   x15(a5)=10000020
#17137  pc=0040003c cycle=33221 insn=02c78063
#17138  pc=00400040 cycle=33224 insn=ffc7a683
#17139  pc=00400044 cycle=33227 insn=0007a703   x14(a4)=80f68da3
#17140  pc=00400048 cycle=33230 insn=fed758e3
#17141  pc=0040004c cycle=33236 insn=00d7a023
#17142  pc=00400050 cycle=33239 insn=fee7ae23
#17143  pc=00400054 cycle=33239 insn=00088813   x16(a6)=00000001
#17144  pc=00400058 cycle=33239 insn=fe1ff06f
#17145  pc=00400038 cycle=33240 insn=00478793   x15(a5)=10000024
#17146  pc=0040003c cycle=33243 insn=02c78063
#17147  pc=00400040 cycle=33246 insn=ffc7a683
#17148  pc=00400044 cycle=33247 insn=0007a703   x14(a4)=82f2d29c
#17149  pc=00400048 cycle=33250 insn=fed758e3
#17150  pc=00400038 cycle=33256 insn=00478793   x15(a5)=10000028
#17151  pc=0040003c cycle=33259 insn=02c78063
#17152  pc=00400040 cycle=33261 insn=ffc7a683
#17153  pc=00400044 cycle=33262 insn=0007a703
#17154  pc=00400048 cycle=33265 insn=fed758e3
#17155  pc=00400038 cycle=33265 insn=00478793   x15(a5)=1000002c
#17156  pc=0040003c cycle=33266 insn=02c78063
#17157  pc=00400040 cycle=33268 insn=ffc7a683
#17158  pc=00400044 cycle=33271 insn=0007a703
#17159  pc=00400048 cycle=33274 insn=fed758e3
#17160  pc=00400038 cycle=33274 insn=00478793   x15(a5)=10000030
#17161  pc=0040003c cycle=33274 insn=02c78063
#17162  pc=00400040 cycle=33277 insn=ffc7a683
#17163  pc=00400044 cycle=33280 insn=0007a703
#17164  pc=00400048 cycle=33283 insn=fed758e3
#17165  pc=00400038 cycle=33283 insn=00478793   x15(a5)=10000034
#17166  pc=0040003c cycle=33283 insn=02c78063
#17167  pc=00400040 cycle=33286 insn=ffc7a683
#17168  pc=00400044 cycle=33289 insn=0007a703
#17169  pc=00400048 cycle=33292 insn=fed758e3
#17170  pc=00400038 cycle=33292 insn=00478793   x15(a5)=10000038
#17171  pc=0040003c cycle=33292 insn=02c78063
#17172  pc=00400040 cycle=33295 insn=ffc7a683
#17173  pc=00400044 cycle=33298 insn=0007a703
#17174  pc=00400048 cycle=33301 insn=fed758e3
#17175  pc=00400038 cycle=33301 insn=00478793   x15(a5)=1000003c
#17176  pc=0040003c cycle=33301 insn=02c78063
#17177  pc=00400040 cycle=33304 insn=ffc7a683
#17178  pc=00400044 cycle=33307 insn=0007a703
#17179  pc=00400048 cycle=33310 insn=fed758e3
#17180  pc=00400038 cycle=33310 insn=00478793   x15(a5)=10000040
#17181  pc=0040003c cycle=33310 insn=02c78063
#17182  pc=00400040 cycle=33313 insn=ffc7a683
#17183  pc=00400044 cycle=33316 insn=0007a703
#17184  pc=00400048 cycle=33319 insn=fed758e3
#17185  pc=00400038 cycle=33319 insn=00478793   x15(a5)=10000044
#17186  pc=0040003c cycle=33319 insn=02c78063
#17187  pc=00400040 cycle=33322 insn=ffc7a683
#17188  pc=00400044 cycle=33325 insn=0007a703
#17189  pc=00400048 cycle=33328 insn=fed758e3
#17190  pc=00400038 cycle=33328 insn=00478793   x15(a5)=10000048
#17191  pc=0040003c cycle=33328 insn=02c78063
#17192  pc=00400040 cycle=33331 insn=ffc7a683
#17193  pc=00400044 cycle=33334 insn=0007a703
#17194  pc=00400048 cycle=33337 insn=fed758e3
#17195  pc=00400038 cycle=33337 insn=00478793   x15(a5)=1000004c
#17196  pc=0040003c cycle=33337 insn=02c78063
#17197  pc=00400040 cycle=33340 insn=ffc7a683
#17198  pc=00400044 cycle=33343 insn=0007a703
#17199  pc=00400048 cycle=33346 insn=fed758e3
#17200  pc=00400038 cycle=33346 insn=00478793   x15(a5)=10000050
#17201  pc=0040003c cycle=33346 insn=02c78063
#17202  pc=00400040 cycle=33349 insn=ffc7a683
#17203  pc=00400044 cycle=33352 insn=0007a703
#17204  pc=00400048 cycle=33355 insn=fed758e3
#17205  pc=00400038 cycle=33355 insn=00478793   x15(a5)=10000054
#17206  pc=0040003c cycle=33355 insn=02c78063
#17207  pc=00400040 cycle=33358 insn=ffc7a683
#17208  pc=00400044 cycle=33361 insn=0007a703
#17209  pc=00400048 cycle=33364 insn=fed758e3
#17210  pc=00400038 cycle=33364 insn=00478793   x15(a5)=10000058
#17211  pc=0040003c cycle=33364 insn=02c78063
#17212  pc=00400040 cycle=33367 insn=ffc7a683
#17213  pc=00400044 cycle=33370 insn=0007a703
#17214  pc=00400048 cycle=33373 insn=fed758e3
#17215  pc=00400038 cycle=33373 insn=00478793   x15(a5)=1000005c
#17216  pc=0040003c cycle=33373 insn=02c78063
#17217  pc=00400040 cycle=33376 insn=ffc7a683
#17218  pc=00400044 cycle=33379 insn=0007a703
#17219  pc=00400048 cycle=33382 insn=fed758e3
#17220  pc=00400038 cycle=33382 insn=00478793   x15(a5)=10000060
#17221  pc=0040003c cycle=33382 insn=02c78063
#17222  pc=00400040 cycle=33385 insn=ffc7a683
#17223  pc=00400044 cycle=33388 insn=0007a703
#17224  pc=00400048 cycle=33391 insn=fed758e3
#17225  pc=00400038 cycle=33391 insn=00478793   x15(a5)=10000064
#17226  pc=0040003c cycle=33391 insn=02c78063
#17227  pc=00400040 cycle=33394 insn=ffc7a683
#17228  pc=00400044 cycle=33397 insn=0007a703
#17229  pc=00400048 cycle=33400 insn=fed758e3
#17230  pc=00400038 cycle=33400 insn=00478793   x15(a5)=10000068
#17231  pc=0040003c cycle=33400 insn=02c78063
#17232  pc=00400040 cycle=33403 insn=ffc7a683
#17233  pc=00400044 cycle=33406 insn=0007a703
#17234  pc=00400048 cycle=33409 insn=fed758e3
#17235  pc=00400038 cycle=33409 insn=00478793   x15(a5)=1000006c
#17236  pc=0040003c cycle=33409 insn=02c78063
#17237  pc=0040005c cycle=33413 insn=ffc60613   x12(a2)=10000068
#17238  pc=00400060 cycle=33415 insn=fc0812e3
#17239  pc=00400024 cycle=33417 insn=fff58593   x11(a1)=00000019
#17240  pc=00400028 cycle=33420 insn=02b05e63
#17241  pc=0040002c cycle=33420 insn=00450793   x15(a5)=10000004
#17242  pc=00400030 cycle=33420 insn=00030813   x16(a6)=00000000
#17243  pc=00400034 cycle=33421 insn=00c0006f
#17244  pc=00400040 cycle=33426 insn=ffc7a683
#17245  pc=00400044 cycle=33427 insn=0007a703
#17246  pc=00400048 cycle=33430 insn=fed758e3
#17247  pc=00400038 cycle=33430 insn=00478793   x15(a5)=10000008
#17248  pc=0040003c cycle=33431 insn=02c78063
#17249  pc=00400040 cycle=33433 insn=ffc7a683
#17250  pc=00400044 cycle=33436 insn=0007a703
#17251  pc=00400048 cycle=33439 insn=fed758e3
#17252  pc=00400038 cycle=33439 insn=00478793   x15(a5)=1000000c
#17253  pc=0040003c cycle=33439 insn=02c78063
#17254  pc=00400040 cycle=33442 insn=ffc7a683
#17255  pc=00400044 cycle=33445 insn=0007a703
#17256  pc=00400048 cycle=33448 insn=fed758e3
#17257  pc=00400038 cycle=33448 insn=00478793   x15(a5)=10000010
#17258  pc=0040003c cycle=33448 insn=02c78063
#17259  pc=00400040 cycle=33451 insn=ffc7a683
#17260  pc=00400044 cycle=33454 insn=0007a703
#17261  pc=00400048 cycle=33457 insn=fed758e3
#17262  pc=00400038 cycle=33457 insn=00478793   x15(a5)=10000014
#17263  pc=0040003c cycle=33457 insn=02c78063
#17264  pc=00400040 cycle=33460 insn=ffc7a683
#17265  pc=00400044 cycle=33463 insn=0007a703
#17266  pc=00400048 cycle=33466 insn=fed758e3
#17267  pc=00400038 cycle=33466 insn=00478793   x15(a5)=10000018
#17268  pc=0040003c cycle=33466 insn=02c78063
#17269  pc=00400040 cycle=33469 insn=ffc7a683
#17270  pc=00400044 cycle=33472 insn=0007a703
#17271  pc=00400048 cycle=33475 insn=fed758e3
#17272  pc=00400038 cycle=33475 insn=00478793   x15(a5)=1000001c
#17273  pc=0040003c cycle=33475 insn=02c78063
#17274  pc=00400040 cycle=33478 insn=ffc7a683
#17275  pc=00400044 cycle=33481 insn=0007a703   x14(a4)=80f68da3
#17276  pc=00400048 cycle=33484 insn=fed758e3
#17277  pc=0040004c cycle=33490 insn=00d7a023
#17278  pc=00400050 cycle=33493 insn=fee7ae23
#17279  pc=00400054 cycle=33493 insn=00088813   x16(a6)=00000001
#17280  pc=00400058 cycle=33493 insn=fe1ff06f
#17281  pc=00400038 cycle=33494 insn=00478793   x15(a5)=10000020
#17282  pc=0040003c cycle=33497 insn=02c78063
#17283  pc=00400040 cycle=33500 insn=ffc7a683
#17284  pc=00400044 cycle=33501 insn=0007a703   x14(a4)=82f2d29c
#17285  pc=00400048 cycle=33504 insn=fed758e3
#17286  pc=00400038 cycle=33510 insn=00478793   x15(a5)=10000024
#17287  pc=0040003c cycle=33513 insn=02c78063
#17288  pc=00400040 cycle=33515 insn=ffc7a683
#17289  pc=00400044 cycle=33516 insn=0007a703
#17290  pc=00400048 cycle=33519 insn=fed758e3
#17291  pc=00400038 cycle=33519 insn=00478793   x15(a5)=10000028
#17292  pc=0040003c cycle=33520 insn=02c78063
#17293  pc=00400040 cycle=33522 insn=ffc7a683
#17294  pc=00400044 cycle=33525 insn=0007a703
#17295  pc=00400048 cycle=33528 insn=fed758e3
#17296  pc=00400038 cycle=33528 insn=00478793   x15(a5)=1000002c
#17297  pc=0040003c cycle=33528 insn=02c78063
#17298  pc=00400040 cycle=33531 insn=ffc7a683
#17299  pc=00400044 cycle=33534 insn=0007a703
#17300  pc=00400048 cycle=33537 insn=fed758e3
#17301  pc=00400038 cycle=33537 insn=00478793   x15(a5)=10000030
#17302  pc=0040003c cycle=33537 insn=02c78063
#17303  pc=00400040 cycle=33540 insn=ffc7a683
#17304  pc=00400044 cycle=33543 insn=0007a703
#17305  pc=00400048 cycle=33546 insn=fed758e3
#17306  pc=00400038 cycle=33546 insn=00478793   x15(a5)=10000034
#17307  pc=0040003c cycle=33546 insn=02c78063
#17308  pc=00400040 cycle=33549 insn=ffc7a683
#17309  pc=00400044 cycle=33552 insn=0007a703
#17310  pc=00400048 cycle=33555 insn=fed758e3
#17311  pc=00400038 cycle=33555 insn=00478793   x15(a5)=10000038
#17312  pc=0040003c cycle=33555 insn=02c78063
#17313  pc=00400040 cycle=33558 insn=ffc7a683
#17314  pc=00400044 cycle=33561 insn=0007a703
#17315  pc=00400048 cycle=33564 insn=fed758e3
#17316  pc=00400038 cycle=33564 insn=00478793   x15(a5)=1000003c
#17317  pc=0040003c cycle=33564 insn=02c78063
#17318  pc=00400040 cycle=33567 insn=ffc7a683
#17319  pc=00400044 cycle=33570 insn=0007a703
#17320  pc=00400048 cycle=33573 insn=fed758e3
#17321  pc=00400038 cycle=33573 insn=00478793   x15(a5)=10000040
#17322  pc=0040003c cycle=33573 insn=02c78063
#17323  pc=00400040 cycle=33576 insn=ffc7a683
#17324  pc=00400044 cycle=33579 insn=0007a703
#17325  pc=00400048 cycle=33582 insn=fed758e3
#17326  pc=00400038 cycle=33582 insn=00478793   x15(a5)=10000044
#17327  pc=0040003c cycle=33582 insn=02c78063
#17328  pc=00400040 cycle=33585 insn=ffc7a683
#17329  pc=00400044 cycle=33588 insn=0007a703
#17330  pc=00400048 cycle=33591 insn=fed758e3
#17331  pc=00400038 cycle=33591 insn=00478793   x15(a5)=10000048
#17332  pc=0040003c cycle=33591 insn=02c78063
#17333  pc=00400040 cycle=33594 insn=ffc7a683
#17334  pc=00400044 cycle=33597 insn=0007a703
#17335  pc=00400048 cycle=33600 insn=fed758e3
#17336  pc=00400038 cycle=33600 insn=00478793   x15(a5)=1000004c
#17337  pc=0040003c cycle=33600 insn=02c78063
#17338  pc=00400040 cycle=33603 insn=ffc7a683
#17339  pc=00400044 cycle=33606 insn=0007a703
#17340  pc=00400048 cycle=33609 insn=fed758e3
#17341  pc=00400038 cycle=33609 insn=00478793   x15(a5)=10000050
#17342  pc=0040003c cycle=33609 insn=02c78063
#17343  pc=00400040 cycle=33612 insn=ffc7a683
#17344  pc=00400044 cycle=33615 insn=0007a703
#17345  pc=00400048 cycle=33618 insn=fed758e3
#17346  pc=00400038 cycle=33618 insn=00478793   x15(a5)=10000054
#17347  pc=0040003c cycle=33618 insn=02c78063
#17348  pc=00400040 cycle=33621 insn=ffc7a683
#17349  pc=00400044 cycle=33624 insn=0007a703
#17350  pc=00400048 cycle=33627 insn=fed758e3
#17351  pc=00400038 cycle=33627 insn=00478793   x15(a5)=10000058
#17352  pc=0040003c cycle=33627 insn=02c78063
#17353  pc=00400040 cycle=33630 insn=ffc7a683
#17354  pc=00400044 cycle=33633 insn=0007a703
#17355  pc=00400048 cycle=33636 insn=fed758e3
#17356  pc=00400038 cycle=33636 insn=00478793   x15(a5)=1000005c
#17357  pc=0040003c cycle=33636 insn=02c78063
#17358  pc=00400040 cycle=33639 insn=ffc7a683
#17359  pc=00400044 cycle=33642 insn=0007a703
#17360  pc=00400048 cycle=33645 insn=fed758e3
#17361  pc=00400038 cycle=33645 insn=00478793   x15(a5)=10000060
#17362  pc=0040003c cycle=33645 insn=02c78063
#17363  pc=00400040 cycle=33648 insn=ffc7a683
#17364  pc=00400044 cycle=33651 insn=0007a703
#17365  pc=00400048 cycle=33654 insn=fed758e3
#17366  pc=00400038 cycle=33654 insn=00478793   x15(a5)=10000064
#17367  pc=0040003c cycle=33654 insn=02c78063
#17368  pc=00400040 cycle=33657 insn=ffc7a683
#17369  pc=00400044 cycle=33660 insn=0007a703
#17370  pc=00400048 cycle=33663 insn=fed758e3
#17371  pc=00400038 cycle=33663 insn=00478793   x15(a5)=10000068
#17372  pc=0040003c cycle=33663 insn=02c78063
#17373  pc=0040005c cycle=33667 insn=ffc60613   x12(a2)=10000064
#17374  pc=00400060 cycle=33669 insn=fc0812e3
#17375  pc=00400024 cycle=33671 insn=fff58593   x11(a1)=00000018
#17376  pc=00400028 cycle=33674 insn=02b05e63
#17377  pc=0040002c cycle=33674 insn=00450793   x15(a5)=10000004
#17378  pc=00400030 cycle=33674 insn=00030813   x16(a6)=00000000
#17379  pc=00400034 cycle=33675 insn=00c0006f
#17380  pc=00400040 cycle=33680 insn=ffc7a683
#17381  pc=00400044 cycle=33681 insn=0007a703
#17382  pc=00400048 cycle=33684 insn=fed758e3
#17383  pc=00400038 cycle=33684 insn=00478793   x15(a5)=10000008
#17384  pc=0040003c cycle=33685 insn=02c78063
#17385  pc=00400040 cycle=33687 insn=ffc7a683
#17386  pc=00400044 cycle=33690 insn=0007a703
#17387  pc=00400048 cycle=33693 insn=fed758e3
#17388  pc=00400038 cycle=33693 insn=00478793   x15(a5)=1000000c
#17389  pc=0040003c cycle=33693 insn=02c78063
#17390  pc=00400040 cycle=33696 insn=ffc7a683
#17391  pc=00400044 cycle=33699 insn=0007a703
#17392  pc=00400048 cycle=33702 insn=fed758e3
#17393  pc=00400038 cycle=33702 insn=00478793   x15(a5)=10000010
#17394  pc=0040003c cycle=33702 insn=02c78063
#17395  pc=00400040 cycle=33705 insn=ffc7a683
#17396  pc=00400044 cycle=33708 insn=0007a703
#17397  pc=00400048 cycle=33711 insn=fed758e3
#17398  pc=00400038 cycle=33711 insn=00478793   x15(a5)=10000014
#17399  pc=0040003c cycle=33711 insn=02c78063
#17400  pc=00400040 cycle=33714 insn=ffc7a683
#17401  pc=00400044 cycle=33717 insn=0007a703
#17402  pc=00400048 cycle=33720 insn=fed758e3
#17403  pc=00400038 cycle=33720 insn=00478793   x15(a5)=10000018
#17404  pc=0040003c cycle=33720 insn=02c78063
#17405  pc=00400040 cycle=33723 insn=ffc7a683
#17406  pc=00400044 cycle=33726 insn=0007a703   x14(a4)=80f68da3
#17407  pc=00400048 cycle=33729 insn=fed758e3
#17408  pc=0040004c cycle=33735 insn=00d7a023
#17409  pc=00400050 cycle=33738 insn=fee7ae23
#17410  pc=00400054 cycle=33738 insn=00088813   x16(a6)=00000001
#17411  pc=00400058 cycle=33738 insn=fe1ff06f
#17412  pc=00400038 cycle=33739 insn=00478793   x15(a5)=1000001c
#17413  pc=0040003c cycle=33742 insn=02c78063
#17414  pc=00400040 cycle=33745 insn=ffc7a683
#17415  pc=00400044 cycle=33746 insn=0007a703   x14(a4)=82f2d29c
#17416  pc=00400048 cycle=33749 insn=fed758e3
#17417  pc=00400038 cycle=33755 insn=00478793   x15(a5)=10000020
#17418  pc=0040003c cycle=33758 insn=02c78063
#17419  pc=00400040 cycle=33760 insn=ffc7a683
#17420  pc=00400044 cycle=33761 insn=0007a703
#17421  pc=00400048 cycle=33764 insn=fed758e3
#17422  pc=00400038 cycle=33764 insn=00478793   x15(a5)=10000024
#17423  pc=0040003c cycle=33765 insn=02c78063
#17424  pc=00400040 cycle=33767 insn=ffc7a683
#17425  pc=00400044 cycle=33770 insn=0007a703
#17426  pc=00400048 cycle=33773 insn=fed758e3
#17427  pc=00400038 cycle=33773 insn=00478793   x15(a5)=10000028
#17428  pc=0040003c cycle=33773 insn=02c78063
#17429  pc=00400040 cycle=33776 insn=ffc7a683
#17430  pc=00400044 cycle=33779 insn=0007a703
#17431  pc=00400048 cycle=33782 insn=fed758e3
#17432  pc=00400038 cycle=33782 insn=00478793   x15(a5)=1000002c
#17433  pc=0040003c cycle=33782 insn=02c78063
#17434  pc=00400040 cycle=33785 insn=ffc7a683
#17435  pc=00400044 cycle=33788 insn=0007a703
#17436  pc=00400048 cycle=33791 insn=fed758e3
#17437  pc=00400038 cycle=33791 insn=00478793   x15(a5)=10000030
#17438  pc=0040003c cycle=33791 insn=02c78063
#17439  pc=00400040 cycle=33794 insn=ffc7a683
#17440  pc=00400044 cycle=33797 insn=0007a703
#17441  pc=00400048 cycle=33800 insn=fed758e3
#17442  pc=00400038 cycle=33800 insn=00478793   x15(a5)=10000034
#17443  pc=0040003c cycle=33800 insn=02c78063
#17444  pc=00400040 cycle=33803 insn=ffc7a683
#17445  pc=00400044 cycle=33806 insn=0007a703
#17446  pc=00400048 cycle=33809 insn=fed758e3
#17447  pc=00400038 cycle=33809 insn=00478793   x15(a5)=10000038
#17448  pc=0040003c cycle=33809 insn=02c78063
#17449  pc=00400040 cycle=33812 insn=ffc7a683
#17450  pc=00400044 cycle=33815 insn=0007a703
#17451  pc=00400048 cycle=33818 insn=fed758e3
#17452  pc=00400038 cycle=33818 insn=00478793   x15(a5)=1000003c
#17453  pc=0040003c cycle=33818 insn=02c78063
#17454  pc=00400040 cycle=33821 insn=ffc7a683
#17455  pc=00400044 cycle=33824 insn=0007a703
#17456  pc=00400048 cycle=33827 insn=fed758e3
#17457  pc=00400038 cycle=33827 insn=00478793   x15(a5)=10000040
#17458  pc=0040003c cycle=33827 insn=02c78063
#17459  pc=00400040 cycle=33830 insn=ffc7a683
#17460  pc=00400044 cycle=33833 insn=0007a703
#17461  pc=00400048 cycle=33836 insn=fed758e3
#17462  pc=00400038 cycle=33836 insn=00478793   x15(a5)=10000044
#17463  pc=0040003c cycle=33836 insn=02c78063
#17464  pc=00400040 cycle=33839 insn=ffc7a683
#17465  pc=00400044 cycle=33842 insn=0007a703
#17466  pc=00400048 cycle=33845 insn=fed758e3
#17467  pc=00400038 cycle=33845 insn=00478793   x15(a5)=10000048
#17468  pc=0040003c cycle=33845 insn=02c78063
#17469  pc=00400040 cycle=33848 insn=ffc7a683
#17470  pc=00400044 cycle=33851 insn=0007a703
#17471  pc=00400048 cycle=33854 insn=fed758e3
#17472  pc=00400038 cycle=33854 insn=00478793   x15(a5)=1000004c
#17473  pc=0040003c cycle=33854 insn=02c78063
#17474  pc=00400040 cycle=33857 insn=ffc7a683
#17475  pc=00400044 cycle=33860 insn=0007a703
#17476  pc=00400048 cycle=33863 insn=fed758e3
#17477  pc=00400038 cycle=33863 insn=00478793   x15(a5)=10000050
#17478  pc=0040003c cycle=33863 insn=02c78063
#17479  pc=00400040 cycle=33866 insn=ffc7a683
#17480  pc=00400044 cycle=33869 insn=0007a703
#17481  pc=00400048 cycle=33872 insn=fed758e3
#17482  pc=00400038 cycle=33872 insn=00478793   x15(a5)=10000054
#17483  pc=0040003c cycle=33872 insn=02c78063
#17484  pc=00400040 cycle=33875 insn=ffc7a683
#17485  pc=00400044 cycle=33878 insn=0007a703
#17486  pc=00400048 cycle=33881 insn=fed758e3
#17487  pc=00400038 cycle=33881 insn=00478793   x15(a5)=10000058
#17488  pc=0040003c cycle=33881 insn=02c78063
#17489  pc=00400040 cycle=33884 insn=ffc7a683
#17490  pc=00400044 cycle=33887 insn=0007a703
#17491  pc=00400048 cycle=33890 insn=fed758e3
#17492  pc=00400038 cycle=33890 insn=00478793   x15(a5)=1000005c
#17493  pc=0040003c cycle=33890 insn=02c78063
#17494  pc=00400040 cycle=33893 insn=ffc7a683
#17495  pc=00400044 cycle=33896 insn=0007a703
#17496  pc=00400048 cycle=33899 insn=fed758e3
#17497  pc=00400038 cycle=33899 insn=00478793   x15(a5)=10000060
#17498  pc=0040003c cycle=33899 insn=02c78063
#17499  pc=00400040 cycle=33902 insn=ffc7a683
#17500  pc=00400044 cycle=33905 insn=0007a703
#17501  pc=00400048 cycle=33908 insn=fed758e3
#17502  pc=00400038 cycle=33908 insn=00478793   x15(a5)=10000064
#17503  pc=0040003c cycle=33908 insn=02c78063
#17504  pc=0040005c cycle=33912 insn=ffc60613   x12(a2)=10000060
#17505  pc=00400060 cycle=33914 insn=fc0812e3
#17506  pc=00400024 cycle=33916 insn=fff58593   x11(a1)=00000017
#17507  pc=00400028 cycle=33919 insn=02b05e63
#17508  pc=0040002c cycle=33919 insn=00450793   x15(a5)=10000004
#17509  pc=00400030 cycle=33919 insn=00030813   x16(a6)=00000000
#17510  pc=00400034 cycle=33920 insn=00c0006f
#17511  pc=00400040 cycle=33925 insn=ffc7a683
#17512  pc=00400044 cycle=33926 insn=0007a703
#17513  pc=00400048 cycle=33929 insn=fed758e3
#17514  pc=00400038 cycle=33929 insn=00478793   x15(a5)=10000008
#17515  pc=0040003c cycle=33930 insn=02c78063
#17516  pc=00400040 cycle=33932 insn=ffc7a683
#17517  pc=00400044 cycle=33935 insn=0007a703
#17518  pc=00400048 cycle=33938 insn=fed758e3
#17519  pc=00400038 cycle=33938 insn=00478793   x15(a5)=1000000c
#17520  pc=0040003c cycle=33938 insn=02c78063
#17521  pc=00400040 cycle=33941 insn=ffc7a683
#17522  pc=00400044 cycle=33944 insn=0007a703
#17523  pc=00400048 cycle=33947 insn=fed758e3
#17524  pc=00400038 cycle=33947 insn=00478793   x15(a5)=10000010
#17525  pc=0040003c cycle=33947 insn=02c78063
#17526  pc=00400040 cycle=33950 insn=ffc7a683
#17527  pc=00400044 cycle=33953 insn=0007a703
#17528  pc=00400048 cycle=33956 insn=fed758e3
#17529  pc=00400038 cycle=33956 insn=00478793   x15(a5)=10000014
#17530  pc=0040003c cycle=33956 insn=02c78063
#17531  pc=00400040 cycle=33959 insn=ffc7a683
#17532  pc=00400044 cycle=33962 insn=0007a703   x14(a4)=80f68da3
#17533  pc=00400048 cycle=33965 insn=fed758e3
#17534  pc=0040004c cycle=33971 insn=00d7a023
#17535  pc=00400050 cycle=33974 insn=fee7ae23
#17536  pc=00400054 cycle=33974 insn=00088813   x16(a6)=00000001
#17537  pc=00400058 cycle=33974 insn=fe1ff06f
#17538  pc=00400038 cycle=33975 insn=00478793   x15(a5)=10000018
#17539  pc=0040003c cycle=33978 insn=02c78063
#17540  pc=00400040 cycle=33981 insn=ffc7a683
#17541  pc=00400044 cycle=33982 insn=0007a703   x14(a4)=82f2d29c
#17542  pc=00400048 cycle=33985 insn=fed758e3
#17543  pc=00400038 cycle=33991 insn=00478793   x15(a5)=1000001c
#17544  pc=0040003c cycle=33994 insn=02c78063
#17545  pc=00400040 cycle=33996 insn=ffc7a683
#17546  pc=00400044 cycle=33997 insn=0007a703
#17547  pc=00400048 cycle=34000 insn=fed758e3
#17548  pc=00400038 cycle=34000 insn=00478793   x15(a5)=10000020
#17549  pc=0040003c cycle=34001 insn=02c78063
#17550  pc=00400040 cycle=34003 insn=ffc7a683
#17551  pc=00400044 cycle=34006 insn=0007a703
#17552  pc=00400048 cycle=34009 insn=fed758e3
#17553  pc=00400038 cycle=34009 insn=00478793   x15(a5)=10000024
#17554  pc=0040003c cycle=34009 insn=02c78063
#17555  pc=00400040 cycle=34012 insn=ffc7a683
#17556  pc=00400044 cycle=34015 insn=0007a703
#17557  pc=00400048 cycle=34018 insn=fed758e3
#17558  pc=00400038 cycle=34018 insn=00478793   x15(a5)=10000028
#17559  pc=0040003c cycle=34018 insn=02c78063
#17560  pc=00400040 cycle=34021 insn=ffc7a683
#17561  pc=00400044 cycle=34024 insn=0007a703
#17562  pc=00400048 cycle=34027 insn=fed758e3
#17563  pc=00400038 cycle=34027 insn=00478793   x15(a5)=1000002c
#17564  pc=0040003c cycle=34027 insn=02c78063
#17565  pc=00400040 cycle=34030 insn=ffc7a683
#17566  pc=00400044 cycle=34033 insn=0007a703
#17567  pc=00400048 cycle=34036 insn=fed758e3
#17568  pc=00400038 cycle=34036 insn=00478793   x15(a5)=10000030
#17569  pc=0040003c cycle=34036 insn=02c78063
#17570  pc=00400040 cycle=34039 insn=ffc7a683
#17571  pc=00400044 cycle=34042 insn=0007a703
#17572  pc=00400048 cycle=34045 insn=fed758e3
#17573  pc=00400038 cycle=34045 insn=00478793   x15(a5)=10000034
#17574  pc=0040003c cycle=34045 insn=02c78063
#17575  pc=00400040 cycle=34048 insn=ffc7a683
#17576  pc=00400044 cycle=34051 insn=0007a703
#17577  pc=00400048 cycle=34054 insn=fed758e3
#17578  pc=00400038 cycle=34054 insn=00478793   x15(a5)=10000038
#17579  pc=0040003c cycle=34054 insn=02c78063
#17580  pc=00400040 cycle=34057 insn=ffc7a683
#17581  pc=00400044 cycle=34060 insn=0007a703
#17582  pc=00400048 cycle=34063 insn=fed758e3
#17583  pc=00400038 cycle=34063 insn=00478793   x15(a5)=1000003c
#17584  pc=0040003c cycle=34063 insn=02c78063
#17585  pc=00400040 cycle=34066 insn=ffc7a683
#17586  pc=00400044 cycle=34069 insn=0007a703
#17587  pc=00400048 cycle=34072 insn=fed758e3
#17588  pc=00400038 cycle=34072 insn=00478793   x15(a5)=10000040
#17589  pc=0040003c cycle=34072 insn=02c78063
#17590  pc=00400040 cycle=34075 insn=ffc7a683
#17591  pc=00400044 cycle=34078 insn=0007a703
#17592  pc=00400048 cycle=34081 insn=fed758e3
#17593  pc=00400038 cycle=34081 insn=00478793   x15(a5)=10000044
#17594  pc=0040003c cycle=34081 insn=02c78063
#17595  pc=00400040 cycle=34084 insn=ffc7a683
#17596  pc=00400044 cycle=34087 insn=0007a703
#17597  pc=00400048 cycle=34090 insn=fed758e3
#17598  pc=00400038 cycle=34090 insn=00478793   x15(a5)=10000048
#17599  pc=0040003c cycle=34090 insn=02c78063
#17600  pc=00400040 cycle=34093 insn=ffc7a683
#17601  pc=00400044 cycle=34096 insn=0007a703
#17602  pc=00400048 cycle=34099 insn=fed758e3
#17603  pc=00400038 cycle=34099 insn=00478793   x15(a5)=1000004c
#17604  pc=0040003c cycle=34099 insn=02c78063
#17605  pc=00400040 cycle=34102 insn=ffc7a683
#17606  pc=00400044 cycle=34105 insn=0007a703
#17607  pc=00400048 cycle=34108 insn=fed758e3
#17608  pc=00400038 cycle=34108 insn=00478793   x15(a5)=10000050
#17609  pc=0040003c cycle=34108 insn=02c78063
#17610  pc=00400040 cycle=34111 insn=ffc7a683
#17611  pc=00400044 cycle=34114 insn=0007a703
#17612  pc=00400048 cycle=34117 insn=fed758e3
#17613  pc=00400038 cycle=34117 insn=00478793   x15(a5)=10000054
#17614  pc=0040003c cycle=34117 insn=02c78063
#17615  pc=00400040 cycle=34120 insn=ffc7a683
#17616  pc=00400044 cycle=34123 insn=0007a703
#17617  pc=00400048 cycle=34126 insn=fed758e3
#17618  pc=00400038 cycle=34126 insn=00478793   x15(a5)=10000058
#17619  pc=0040003c cycle=34126 insn=02c78063
#17620  pc=00400040 cycle=34129 insn=ffc7a683
#17621  pc=00400044 cycle=34132 insn=0007a703
#17622  pc=00400048 cycle=34135 insn=fed758e3
#17623  pc=00400038 cycle=34135 insn=00478793   x15(a5)=1000005c
#17624  pc=0040003c cycle=34135 insn=02c78063
#17625  pc=00400040 cycle=34138 insn=ffc7a683
#17626  pc=00400044 cycle=34141 insn=0007a703
#17627  pc=00400048 cycle=34144 insn=fed758e3
#17628  pc=00400038 cycle=34144 insn=00478793   x15(a5)=10000060
#17629  pc=0040003c cycle=34144 insn=02c78063
#17630  pc=0040005c cycle=34148 insn=ffc60613   x12(a2)=1000005c
#17631  pc=00400060 cycle=34150 insn=fc0812e3
#17632  pc=00400024 cycle=34152 insn=fff58593   x11(a1)=00000016
#17633  pc=00400028 cycle=34155 insn=02b05e63
#17634  pc=0040002c cycle=34155 insn=00450793   x15(a5)=10000004
#17635  pc=00400030 cycle=34155 insn=00030813   x16(a6)=00000000
#17636  pc=00400034 cycle=34156 insn=00c0006f
#17637  pc=00400040 cycle=34161 insn=ffc7a683
#17638  pc=00400044 cycle=34162 insn=0007a703
#17639  pc=00400048 cycle=34165 insn=fed758e3
#17640  pc=00400038 cycle=34165 insn=00478793   x15(a5)=10000008
#17641  pc=0040003c cycle=34166 insn=02c78063
#17642  pc=00400040 cycle=34168 insn=ffc7a683
#17643  pc=00400044 cycle=34171 insn=0007a703
#17644  pc=00400048 cycle=34174 insn=fed758e3
#17645  pc=00400038 cycle=34174 insn=00478793   x15(a5)=1000000c
#17646  pc=0040003c cycle=34174 insn=02c78063
#17647  pc=00400040 cycle=34177 insn=ffc7a683
#17648  pc=00400044 cycle=34180 insn=0007a703
#17649  pc=00400048 cycle=34183 insn=fed758e3
#17650  pc=00400038 cycle=34183 insn=00478793   x15(a5)=10000010
#17651  pc=0040003c cycle=34183 insn=02c78063
#17652  pc=00400040 cycle=34186 insn=ffc7a683
#17653  pc=00400044 cycle=34189 insn=0007a703   x14(a4)=80f68da3
#17654  pc=00400048 cycle=34192 insn=fed758e3
#17655  pc=0040004c cycle=34198 insn=00d7a023
#17656  pc=00400050 cycle=34201 insn=fee7ae23
#17657  pc=00400054 cycle=34201 insn=00088813   x16(a6)=00000001
#17658  pc=00400058 cycle=34201 insn=fe1ff06f
#17659  pc=00400038 cycle=34202 insn=00478793   x15(a5)=10000014
#17660  pc=0040003c cycle=34205 insn=02c78063
#17661  pc=00400040 cycle=34208 insn=ffc7a683
#17662  pc=00400044 cycle=34209 insn=0007a703   x14(a4)=82f2d29c
#17663  pc=00400048 cycle=34212 insn=fed758e3
#17664  pc=00400038 cycle=34218 insn=00478793   x15(a5)=10000018
#17665  pc=0040003c cycle=34221 insn=02c78063
#17666  pc=00400040 cycle=34223 insn=ffc7a683
#17667  pc=00400044 cycle=34224 insn=0007a703
#17668  pc=00400048 cycle=34227 insn=fed758e3
#17669  pc=00400038 cycle=34227 insn=00478793   x15(a5)=1000001c
#17670  pc=0040003c cycle=34228 insn=02c78063
#17671  pc=00400040 cycle=34230 insn=ffc7a683
#17672  pc=00400044 cycle=34233 insn=0007a703
#17673  pc=00400048 cycle=34236 insn=fed758e3
#17674  pc=00400038 cycle=34236 insn=00478793   x15(a5)=10000020
#17675  pc=0040003c cycle=34236 insn=02c78063
#17676  pc=00400040 cycle=34239 insn=ffc7a683
#17677  pc=00400044 cycle=34242 insn=0007a703
#17678  pc=00400048 cycle=34245 insn=fed758e3
#17679  pc=00400038 cycle=34245 insn=00478793   x15(a5)=10000024
#17680  pc=0040003c cycle=34245 insn=02c78063
#17681  pc=00400040 cycle=34248 insn=ffc7a683
#17682  pc=00400044 cycle=34251 insn=0007a703
#17683  pc=00400048 cycle=34254 insn=fed758e3
#17684  pc=00400038 cycle=34254 insn=00478793   x15(a5)=10000028
#17685  pc=0040003c cycle=34254 insn=02c78063
#17686  pc=00400040 cycle=34257 insn=ffc7a683
#17687  pc=00400044 cycle=34260 insn=0007a703
#17688  pc=00400048 cycle=34263 insn=fed758e3
#17689  pc=00400038 cycle=34263 insn=00478793   x15(a5)=1000002c
#17690  pc=0040003c cycle=34263 insn=02c78063
#17691  pc=00400040 cycle=34266 insn=ffc7a683
#17692  pc=00400044 cycle=34269 insn=0007a703
#17693  pc=00400048 cycle=34272 insn=fed758e3
#17694  pc=00400038 cycle=34272 insn=00478793   x15(a5)=10000030
#17695  pc=0040003c cycle=34272 insn=02c78063
#17696  pc=00400040 cycle=34275 insn=ffc7a683
#17697  pc=00400044 cycle=34278 insn=0007a703
#17698  pc=00400048 cycle=34281 insn=fed758e3
#17699  pc=00400038 cycle=34281 insn=00478793   x15(a5)=10000034
#17700  pc=0040003c cycle=34281 insn=02c78063
#17701  pc=00400040 cycle=34284 insn=ffc7a683
#17702  pc=00400044 cycle=34287 insn=0007a703
#17703  pc=00400048 cycle=34290 insn=fed758e3
#17704  pc=00400038 cycle=34290 insn=00478793   x15(a5)=10000038
#17705  pc=0040003c cycle=34290 insn=02c78063
#17706  pc=00400040 cycle=34293 insn=ffc7a683
#17707  pc=00400044 cycle=34296 insn=0007a703
#17708  pc=00400048 cycle=34299 insn=fed758e3
#17709  pc=00400038 cycle=34299 insn=00478793   x15(a5)=1000003c
#17710  pc=0040003c cycle=34299 insn=02c78063
#17711  pc=00400040 cycle=34302 insn=ffc7a683
#17712  pc=00400044 cycle=34305 insn=0007a703
#17713  pc=00400048 cycle=34308 insn=fed758e3
#17714  pc=00400038 cycle=34308 insn=00478793   x15(a5)=10000040
#17715  pc=0040003c cycle=34308 insn=02c78063
#17716  pc=00400040 cycle=34311 insn=ffc7a683
#17717  pc=00400044 cycle=34314 insn=0007a703
#17718  pc=00400048 cycle=34317 insn=fed758e3
#17719  pc=00400038 cycle=34317 insn=00478793   x15(a5)=10000044
#17720  pc=0040003c cycle=34317 insn=02c78063
#17721  pc=00400040 cycle=34320 insn=ffc7a683
#17722  pc=00400044 cycle=34323 insn=0007a703
#17723  pc=00400048 cycle=34326 insn=fed758e3
#17724  pc=00400038 cycle=34326 insn=00478793   x15(a5)=10000048
#17725  pc=0040003c cycle=34326 insn=02c78063
#17726  pc=00400040 cycle=34329 insn=ffc7a683
#17727  pc=00400044 cycle=34332 insn=0007a703
#17728  pc=00400048 cycle=34335 insn=fed758e3
#17729  pc=00400038 cycle=34335 insn=00478793   x15(a5)=1000004c
#17730  pc=0040003c cycle=34335 insn=02c78063
#17731  pc=00400040 cycle=34338 insn=ffc7a683
#17732  pc=00400044 cycle=34341 insn=0007a703
#17733  pc=00400048 cycle=34344 insn=fed758e3
#17734  pc=00400038 cycle=34344 insn=00478793   x15(a5)=10000050
#17735  pc=0040003c cycle=34344 insn=02c78063
#17736  pc=00400040 cycle=34347 insn=ffc7a683
#17737  pc=00400044 cycle=34350 insn=0007a703
#17738  pc=00400048 cycle=34353 insn=fed758e3
#17739  pc=00400038 cycle=34353 insn=00478793   x15(a5)=10000054
#17740  pc=0040003c cycle=34353 insn=02c78063
#17741  pc=00400040 cycle=34356 insn=ffc7a683
#17742  pc=00400044 cycle=34359 insn=0007a703
#17743  pc=00400048 cycle=34362 insn=fed758e3
#17744  pc=00400038 cycle=34362 insn=00478793   x15(a5)=10000058
#17745  pc=0040003c cycle=34362 insn=02c78063
#17746  pc=00400040 cycle=34365 insn=ffc7a683
#17747  pc=00400044 cycle=34368 insn=0007a703
#17748  pc=00400048 cycle=34371 insn=fed758e3
#17749  pc=00400038 cycle=34371 insn=00478793   x15(a5)=1000005c
#17750  pc=0040003c cycle=34371 insn=02c78063
#17751  pc=0040005c cycle=34375 insn=ffc60613   x12(a2)=10000058
#17752  pc=00400060 cycle=34377 insn=fc0812e3
#17753  pc=00400024 cycle=34379 insn=fff58593   x11(a1)=00000015
#17754  pc=00400028 cycle=34382 insn=02b05e63
#17755  pc=0040002c cycle=34382 insn=00450793   x15(a5)=10000004
#17756  pc=00400030 cycle=34382 insn=00030813   x16(a6)=00000000
#17757  pc=00400034 cycle=34383 insn=00c0006f
#17758  pc=00400040 cycle=34388 insn=ffc7a683
#17759  pc=00400044 cycle=34389 insn=0007a703
#17760  pc=00400048 cycle=34392 insn=fed758e3
#17761  pc=00400038 cycle=34392 insn=00478793   x15(a5)=10000008
#17762  pc=0040003c cycle=34393 insn=02c78063
#17763  pc=00400040 cycle=34395 insn=ffc7a683
#17764  pc=00400044 cycle=34398 insn=0007a703
#17765  pc=00400048 cycle=34401 insn=fed758e3
#17766  pc=00400038 cycle=34401 insn=00478793   x15(a5)=1000000c
#17767  pc=0040003c cycle=34401 insn=02c78063
#17768  pc=00400040 cycle=34404 insn=ffc7a683
#17769  pc=00400044 cycle=34407 insn=0007a703   x14(a4)=80f68da3
#17770  pc=00400048 cycle=34410 insn=fed758e3
#17771  pc=0040004c cycle=34416 insn=00d7a023
#17772  pc=00400050 cycle=34419 insn=fee7ae23
#17773  pc=00400054 cycle=34419 insn=00088813   x16(a6)=00000001
#17774  pc=00400058 cycle=34419 insn=fe1ff06f
#17775  pc=00400038 cycle=34420 insn=00478793   x15(a5)=10000010
#17776  pc=0040003c cycle=34423 insn=02c78063
#17777  pc=00400040 cycle=34426 insn=ffc7a683
#17778  pc=00400044 cycle=34427 insn=0007a703   x14(a4)=82f2d29c
#17779  pc=00400048 cycle=34430 insn=fed758e3
#17780  pc=00400038 cycle=34436 insn=00478793   x15(a5)=10000014
#17781  pc=0040003c cycle=34439 insn=02c78063
#17782  pc=00400040 cycle=34441 insn=ffc7a683
#17783  pc=00400044 cycle=34442 insn=0007a703
#17784  pc=00400048 cycle=34445 insn=fed758e3
#17785  pc=00400038 cycle=34445 insn=00478793   x15(a5)=10000018
#17786  pc=0040003c cycle=34446 insn=02c78063
#17787  pc=00400040 cycle=34448 insn=ffc7a683
#17788  pc=00400044 cycle=34451 insn=0007a703
#17789  pc=00400048 cycle=34454 insn=fed758e3
#17790  pc=00400038 cycle=34454 insn=00478793   x15(a5)=1000001c
#17791  pc=0040003c cycle=34454 insn=02c78063
#17792  pc=00400040 cycle=34457 insn=ffc7a683
#17793  pc=00400044 cycle=34460 insn=0007a703
#17794  pc=00400048 cycle=34463 insn=fed758e3
#17795  pc=00400038 cycle=34463 insn=00478793   x15(a5)=10000020
#17796  pc=0040003c cycle=34463 insn=02c78063
#17797  pc=00400040 cycle=34466 insn=ffc7a683
#17798  pc=00400044 cycle=34469 insn=0007a703
#17799  pc=00400048 cycle=34472 insn=fed758e3
#17800  pc=00400038 cycle=34472 insn=00478793   x15(a5)=10000024
#17801  pc=0040003c cycle=34472 insn=02c78063
#17802  pc=00400040 cycle=34475 insn=ffc7a683
#17803  pc=00400044 cycle=34478 insn=0007a703
#17804  pc=00400048 cycle=34481 insn=fed758e3
#17805  pc=00400038 cycle=34481 insn=00478793   x15(a5)=10000028
#17806  pc=0040003c cycle=34481 insn=02c78063
#17807  pc=00400040 cycle=34484 insn=ffc7a683
#17808  pc=00400044 cycle=34487 insn=0007a703
#17809  pc=00400048 cycle=34490 insn=fed758e3
#17810  pc=00400038 cycle=34490 insn=00478793   x15(a5)=1000002c
#17811  pc=0040003c cycle=34490 insn=02c78063
#17812  pc=00400040 cycle=34493 insn=ffc7a683
#17813  pc=00400044 cycle=34496 insn=0007a703
#17814  pc=00400048 cycle=34499 insn=fed758e3
#17815  pc=00400038 cycle=34499 insn=00478793   x15(a5)=10000030
#17816  pc=0040003c cycle=34499 insn=02c78063
#17817  pc=00400040 cycle=34502 insn=ffc7a683
#17818  pc=00400044 cycle=34505 insn=0007a703
#17819  pc=00400048 cycle=34508 insn=fed758e3
#17820  pc=00400038 cycle=34508 insn=00478793   x15(a5)=10000034
#17821  pc=0040003c cycle=34508 insn=02c78063
#17822  pc=00400040 cycle=34511 insn=ffc7a683
#17823  pc=00400044 cycle=34514 insn=0007a703
#17824  pc=00400048 cycle=34517 insn=fed758e3
#17825  pc=00400038 cycle=34517 insn=00478793   x15(a5)=10000038
#17826  pc=0040003c cycle=34517 insn=02c78063
#17827  pc=00400040 cycle=34520 insn=ffc7a683
#17828  pc=00400044 cycle=34523 insn=0007a703
#17829  pc=00400048 cycle=34526 insn=fed758e3
#17830  pc=00400038 cycle=34526 insn=00478793   x15(a5)=1000003c
#17831  pc=0040003c cycle=34526 insn=02c78063
#17832  pc=00400040 cycle=34529 insn=ffc7a683
#17833  pc=00400044 cycle=34532 insn=0007a703
#17834  pc=00400048 cycle=34535 insn=fed758e3
#17835  pc=00400038 cycle=34535 insn=00478793   x15(a5)=10000040
#17836  pc=0040003c cycle=34535 insn=02c78063
#17837  pc=00400040 cycle=34538 insn=ffc7a683
#17838  pc=00400044 cycle=34541 insn=0007a703
#17839  pc=00400048 cycle=34544 insn=fed758e3
#17840  pc=00400038 cycle=34544 insn=00478793   x15(a5)=10000044
#17841  pc=0040003c cycle=34544 insn=02c78063
#17842  pc=00400040 cycle=34547 insn=ffc7a683
#17843  pc=00400044 cycle=34550 insn=0007a703
#17844  pc=00400048 cycle=34553 insn=fed758e3
#17845  pc=00400038 cycle=34553 insn=00478793   x15(a5)=10000048
#17846  pc=0040003c cycle=34553 insn=02c78063
#17847  pc=00400040 cycle=34556 insn=ffc7a683
#17848  pc=00400044 cycle=34559 insn=0007a703
#17849  pc=00400048 cycle=34562 insn=fed758e3
#17850  pc=00400038 cycle=34562 insn=00478793   x15(a5)=1000004c
#17851  pc=0040003c cycle=34562 insn=02c78063
#17852  pc=00400040 cycle=34565 insn=ffc7a683
#17853  pc=00400044 cycle=34568 insn=0007a703
#17854  pc=00400048 cycle=34571 insn=fed758e3
#17855  pc=00400038 cycle=34571 insn=00478793   x15(a5)=10000050
#17856  pc=0040003c cycle=34571 insn=02c78063
#17857  pc=00400040 cycle=34574 insn=ffc7a683
#17858  pc=00400044 cycle=34577 insn=0007a703
#17859  pc=00400048 cycle=34580 insn=fed758e3
#17860  pc=00400038 cycle=34580 insn=00478793   x15(a5)=10000054
#17861  pc=0040003c cycle=34580 insn=02c78063
#17862  pc=00400040 cycle=34583 insn=ffc7a683
#17863  pc=00400044 cycle=34586 insn=0007a703
#17864  pc=00400048 cycle=34589 insn=fed758e3
#17865  pc=00400038 cycle=34589 insn=00478793   x15(a5)=10000058
#17866  pc=0040003c cycle=34589 insn=02c78063
#17867  pc=0040005c cycle=34593 insn=ffc60613   x12(a2)=10000054
#17868  pc=00400060 cycle=34595 insn=fc0812e3
#17869  pc=00400024 cycle=34597 insn=fff58593   x11(a1)=00000014
#17870  pc=00400028 cycle=34600 insn=02b05e63
#17871  pc=0040002c cycle=34600 insn=00450793   x15(a5)=10000004
#17872  pc=00400030 cycle=34600 insn=00030813   x16(a6)=00000000
#17873  pc=00400034 cycle=34601 insn=00c0006f
#17874  pc=00400040 cycle=34606 insn=ffc7a683
#17875  pc=00400044 cycle=34607 insn=0007a703
#17876  pc=00400048 cycle=34610 insn=fed758e3
#17877  pc=00400038 cycle=34610 insn=00478793   x15(a5)=10000008
#17878  pc=0040003c cycle=34611 insn=02c78063
#17879  pc=00400040 cycle=34613 insn=ffc7a683
#17880  pc=00400044 cycle=34616 insn=0007a703   x14(a4)=80f68da3
#17881  pc=00400048 cycle=34619 insn=fed758e3
#17882  pc=0040004c cycle=34625 insn=00d7a023
#17883  pc=00400050 cycle=34628 insn=fee7ae23
#17884  pc=00400054 cycle=34628 insn=00088813   x16(a6)=00000001
#17885  pc=00400058 cycle=34628 insn=fe1ff06f
#17886  pc=00400038 cycle=34629 insn=00478793   x15(a5)=1000000c
#17887  pc=0040003c cycle=34632 insn=02c78063
#17888  pc=00400040 cycle=34635 insn=ffc7a683
#17889  pc=00400044 cycle=34636 insn=0007a703   x14(a4)=82f2d29c
#17890  pc=00400048 cycle=34639 insn=fed758e3
#17891  pc=00400038 cycle=34645 insn=00478793   x15(a5)=10000010
#17892  pc=0040003c cycle=34648 insn=02c78063
#17893  pc=00400040 cycle=34650 insn=ffc7a683
#17894  pc=00400044 cycle=34651 insn=0007a703
#17895  pc=00400048 cycle=34654 insn=fed758e3
#17896  pc=00400038 cycle=34654 insn=00478793   x15(a5)=10000014
#17897  pc=0040003c cycle=34655 insn=02c78063
#17898  pc=00400040 cycle=34657 insn=ffc7a683
#17899  pc=00400044 cycle=34660 insn=0007a703
#17900  pc=00400048 cycle=34663 insn=fed758e3
#17901  pc=00400038 cycle=34663 insn=00478793   x15(a5)=10000018
#17902  pc=0040003c cycle=34663 insn=02c78063
#17903  pc=00400040 cycle=34666 insn=ffc7a683
#17904  pc=00400044 cycle=34669 insn=0007a703
#17905  pc=00400048 cycle=34672 insn=fed758e3
#17906  pc=00400038 cycle=34672 insn=00478793   x15(a5)=1000001c
#17907  pc=0040003c cycle=34672 insn=02c78063
#17908  pc=00400040 cycle=34675 insn=ffc7a683
#17909  pc=00400044 cycle=34678 insn=0007a703
#17910  pc=00400048 cycle=34681 insn=fed758e3
#17911  pc=00400038 cycle=34681 insn=00478793   x15(a5)=10000020
#17912  pc=0040003c cycle=34681 insn=02c78063
#17913  pc=00400040 cycle=34684 insn=ffc7a683
#17914  pc=00400044 cycle=34687 insn=0007a703
#17915  pc=00400048 cycle=34690 insn=fed758e3
#17916  pc=00400038 cycle=34690 insn=00478793   x15(a5)=10000024
#17917  pc=0040003c cycle=34690 insn=02c78063
#17918  pc=00400040 cycle=34693 insn=ffc7a683
#17919  pc=00400044 cycle=34696 insn=0007a703
#17920  pc=00400048 cycle=34699 insn=fed758e3
#17921  pc=00400038 cycle=34699 insn=00478793   x15(a5)=10000028
#17922  pc=0040003c cycle=34699 insn=02c78063
#17923  pc=00400040 cycle=34702 insn=ffc7a683
#17924  pc=00400044 cycle=34705 insn=0007a703
#17925  pc=00400048 cycle=34708 insn=fed758e3
#17926  pc=00400038 cycle=34708 insn=00478793   x15(a5)=1000002c
#17927  pc=0040003c cycle=34708 insn=02c78063
#17928  pc=00400040 cycle=34711 insn=ffc7a683
#17929  pc=00400044 cycle=34714 insn=0007a703
#17930  pc=00400048 cycle=34717 insn=fed758e3
#17931  pc=00400038 cycle=34717 insn=00478793   x15(a5)=10000030
#17932  pc=0040003c cycle=34717 insn=02c78063
#17933  pc=00400040 cycle=34720 insn=ffc7a683
#17934  pc=00400044 cycle=34723 insn=0007a703
#17935  pc=00400048 cycle=34726 insn=fed758e3
#17936  pc=00400038 cycle=34726 insn=00478793   x15(a5)=10000034
#17937  pc=0040003c cycle=34726 insn=02c78063
#17938  pc=00400040 cycle=34729 insn=ffc7a683
#17939  pc=00400044 cycle=34732 insn=0007a703
#17940  pc=00400048 cycle=34735 insn=fed758e3
#17941  pc=00400038 cycle=34735 insn=00478793   x15(a5)=10000038
#17942  pc=0040003c cycle=34735 insn=02c78063
#17943  pc=00400040 cycle=34738 insn=ffc7a683
#17944  pc=00400044 cycle=34741 insn=0007a703
#17945  pc=00400048 cycle=34744 insn=fed758e3
#17946  pc=00400038 cycle=34744 insn=00478793   x15(a5)=1000003c
#17947  pc=0040003c cycle=34744 insn=02c78063
#17948  pc=00400040 cycle=34747 insn=ffc7a683
#17949  pc=00400044 cycle=34750 insn=0007a703
#17950  pc=00400048 cycle=34753 insn=fed758e3
#17951  pc=00400038 cycle=34753 insn=00478793   x15(a5)=10000040
#17952  pc=0040003c cycle=34753 insn=02c78063
#17953  pc=00400040 cycle=34756 insn=ffc7a683
#17954  pc=00400044 cycle=34759 insn=0007a703
#17955  pc=00400048 cycle=34762 insn=fed758e3
#17956  pc=00400038 cycle=34762 insn=00478793   x15(a5)=10000044
#17957  pc=0040003c cycle=34762 insn=02c78063
#17958  pc=00400040 cycle=34765 insn=ffc7a683
#17959  pc=00400044 cycle=34768 insn=0007a703
#17960  pc=00400048 cycle=34771 insn=fed758e3
#17961  pc=00400038 cycle=34771 insn=00478793   x15(a5)=10000048
#17962  pc=0040003c cycle=34771 insn=02c78063
#17963  pc=00400040 cycle=34774 insn=ffc7a683
#17964  pc=00400044 cycle=34777 insn=0007a703
#17965  pc=00400048 cycle=34780 insn=fed758e3
#17966  pc=00400038 cycle=34780 insn=00478793   x15(a5)=1000004c
#17967  pc=0040003c cycle=34780 insn=02c78063
#17968  pc=00400040 cycle=34783 insn=ffc7a683
#17969  pc=00400044 cycle=34786 insn=0007a703
#17970  pc=00400048 cycle=34789 insn=fed758e3
#17971  pc=00400038 cycle=34789 insn=00478793   x15(a5)=10000050
#17972  pc=0040003c cycle=34789 insn=02c78063
#17973  pc=00400040 cycle=34792 insn=ffc7a683
#17974  pc=00400044 cycle=34795 insn=0007a703
#17975  pc=00400048 cycle=34798 insn=fed758e3
#17976  pc=00400038 cycle=34798 insn=00478793   x15(a5)=10000054
#17977  pc=0040003c cycle=34798 insn=02c78063
#17978  pc=0040005c cycle=34802 insn=ffc60613   x12(a2)=10000050
#17979  pc=00400060 cycle=34804 insn=fc0812e3
#17980  pc=00400024 cycle=34806 insn=fff58593   x11(a1)=00000013
#17981  pc=00400028 cycle=34809 insn=02b05e63
#17982  pc=0040002c cycle=34809 insn=00450793   x15(a5)=10000004
#17983  pc=00400030 cycle=34809 insn=00030813   x16(a6)=00000000
#17984  pc=00400034 cycle=34810 insn=00c0006f
#17985  pc=00400040 cycle=34815 insn=ffc7a683
#17986  pc=00400044 cycle=34816 insn=0007a703   x14(a4)=80f68da3
#17987  pc=00400048 cycle=34819 insn=fed758e3
#17988  pc=0040004c cycle=34825 insn=00d7a023
#17989  pc=00400050 cycle=34828 insn=fee7ae23
#17990  pc=00400054 cycle=34828 insn=00088813   x16(a6)=00000001
#17991  pc=00400058 cycle=34828 insn=fe1ff06f
#17992  pc=00400038 cycle=34829 insn=00478793   x15(a5)=10000008
#17993  pc=0040003c cycle=34832 insn=02c78063
#17994  pc=00400040 cycle=34835 insn=ffc7a683
#17995  pc=00400044 cycle=34836 insn=0007a703   x14(a4)=82f2d29c
#17996  pc=00400048 cycle=34839 insn=fed758e3
#17997  pc=00400038 cycle=34845 insn=00478793   x15(a5)=1000000c
#17998  pc=0040003c cycle=34848 insn=02c78063
#17999  pc=00400040 cycle=34850 insn=ffc7a683
#18000  pc=00400044 cycle=34851 insn=0007a703
#18001  pc=00400048 cycle=34854 insn=fed758e3
#18002  pc=00400038 cycle=34854 insn=00478793   x15(a5)=10000010
#18003  pc=0040003c cycle=34855 insn=02c78063
#18004  pc=00400040 cycle=34857 insn=ffc7a683
#18005  pc=00400044 cycle=34860 insn=0007a703
#18006  pc=00400048 cycle=34863 insn=fed758e3
#18007  pc=00400038 cycle=34863 insn=00478793   x15(a5)=10000014
#18008  pc=0040003c cycle=34863 insn=02c78063
#18009  pc=00400040 cycle=34866 insn=ffc7a683
#18010  pc=00400044 cycle=34869 insn=0007a703
#18011  pc=00400048 cycle=34872 insn=fed758e3
#18012  pc=00400038 cycle=34872 insn=00478793   x15(a5)=10000018
#18013  pc=0040003c cycle=34872 insn=02c78063
#18014  pc=00400040 cycle=34875 insn=ffc7a683
#18015  pc=00400044 cycle=34878 insn=0007a703
#18016  pc=00400048 cycle=34881 insn=fed758e3
#18017  pc=00400038 cycle=34881 insn=00478793   x15(a5)=1000001c
#18018  pc=0040003c cycle=34881 insn=02c78063
#18019  pc=00400040 cycle=34884 insn=ffc7a683
#18020  pc=00400044 cycle=34887 insn=0007a703
#18021  pc=00400048 cycle=34890 insn=fed758e3
#18022  pc=00400038 cycle=34890 insn=00478793   x15(a5)=10000020
#18023  pc=0040003c cycle=34890 insn=02c78063
#18024  pc=00400040 cycle=34893 insn=ffc7a683
#18025  pc=00400044 cycle=34896 insn=0007a703
#18026  pc=00400048 cycle=34899 insn=fed758e3
#18027  pc=00400038 cycle=34899 insn=00478793   x15(a5)=10000024
#18028  pc=0040003c cycle=34899 insn=02c78063
#18029  pc=00400040 cycle=34902 insn=ffc7a683
#18030  pc=00400044 cycle=34905 insn=0007a703
#18031  pc=00400048 cycle=34908 insn=fed758e3
#18032  pc=00400038 cycle=34908 insn=00478793   x15(a5)=10000028
#18033  pc=0040003c cycle=34908 insn=02c78063
#18034  pc=00400040 cycle=34911 insn=ffc7a683
#18035  pc=00400044 cycle=34914 insn=0007a703
#18036  pc=00400048 cycle=34917 insn=fed758e3
#18037  pc=00400038 cycle=34917 insn=00478793   x15(a5)=1000002c
#18038  pc=0040003c cycle=34917 insn=02c78063
#18039  pc=00400040 cycle=34920 insn=ffc7a683
#18040  pc=00400044 cycle=34923 insn=0007a703
#18041  pc=00400048 cycle=34926 insn=fed758e3
#18042  pc=00400038 cycle=34926 insn=00478793   x15(a5)=10000030
#18043  pc=0040003c cycle=34926 insn=02c78063
#18044  pc=00400040 cycle=34929 insn=ffc7a683
#18045  pc=00400044 cycle=34932 insn=0007a703
#18046  pc=00400048 cycle=34935 insn=fed758e3
#18047  pc=00400038 cycle=34935 insn=00478793   x15(a5)=10000034
#18048  pc=0040003c cycle=34935 insn=02c78063
#18049  pc=00400040 cycle=34938 insn=ffc7a683
#18050  pc=00400044 cycle=34941 insn=0007a703
#18051  pc=00400048 cycle=34944 insn=fed758e3
#18052  pc=00400038 cycle=34944 insn=00478793   x15(a5)=10000038
#18053  pc=0040003c cycle=34944 insn=02c78063
#18054  pc=00400040 cycle=34947 insn=ffc7a683
#18055  pc=00400044 cycle=34950 insn=0007a703
#18056  pc=00400048 cycle=34953 insn=fed758e3
#18057  pc=00400038 cycle=34953 insn=00478793   x15(a5)=1000003c
#18058  pc=0040003c cycle=34953 insn=02c78063
#18059  pc=00400040 cycle=34956 insn=ffc7a683
#18060  pc=00400044 cycle=34959 insn=0007a703
#18061  pc=00400048 cycle=34962 insn=fed758e3
#18062  pc=00400038 cycle=34962 insn=00478793   x15(a5)=10000040
#18063  pc=0040003c cycle=34962 insn=02c78063
#18064  pc=00400040 cycle=34965 insn=ffc7a683
#18065  pc=00400044 cycle=34968 insn=0007a703
#18066  pc=00400048 cycle=34971 insn=fed758e3
#18067  pc=00400038 cycle=34971 insn=00478793   x15(a5)=10000044
#18068  pc=0040003c cycle=34971 insn=02c78063
#18069  pc=00400040 cycle=34974 insn=ffc7a683
#18070  pc=00400044 cycle=34977 insn=0007a703
#18071  pc=00400048 cycle=34980 insn=fed758e3
#18072  pc=00400038 cycle=34980 insn=00478793   x15(a5)=10000048
#18073  pc=0040003c cycle=34980 insn=02c78063
#18074  pc=00400040 cycle=34983 insn=ffc7a683
#18075  pc=00400044 cycle=34986 insn=0007a703
#18076  pc=00400048 cycle=34989 insn=fed758e3
#18077  pc=00400038 cycle=34989 insn=00478793   x15(a5)=1000004c
#18078  pc=0040003c cycle=34989 insn=02c78063
#18079  pc=00400040 cycle=34992 insn=ffc7a683
#18080  pc=00400044 cycle=34995 insn=0007a703
#18081  pc=00400048 cycle=34998 insn=fed758e3
#18082  pc=00400038 cycle=34998 insn=00478793   x15(a5)=10000050
#18083  pc=0040003c cycle=34998 insn=02c78063
#18084  pc=0040005c cycle=35002 insn=ffc60613   x12(a2)=1000004c
#18085  pc=00400060 cycle=35004 insn=fc0812e3
#18086  pc=00400024 cycle=35006 insn=fff58593   x11(a1)=00000012
#18087  pc=00400028 cycle=35009 insn=02b05e63
#18088  pc=0040002c cycle=35009 insn=00450793   x15(a5)=10000004
#18089  pc=00400030 cycle=35009 insn=00030813   x16(a6)=00000000
#18090  pc=00400034 cycle=35010 insn=00c0006f
#18091  pc=00400040 cycle=35015 insn=ffc7a683   x13(a3)=80f68da3
#18092  pc=00400044 cycle=35016 insn=0007a703
#18093  pc=00400048 cycle=35019 insn=fed758e3
#18094  pc=00400038 cycle=35019 insn=00478793   x15(a5)=10000008
#18095  pc=0040003c cycle=35020 insn=02c78063
#18096  pc=00400040 cycle=35022 insn=ffc7a683   x13(a3)=82f2d29c
#18097  pc=00400044 cycle=35025 insn=0007a703
#18098  pc=00400048 cycle=35028 insn=fed758e3
#18099  pc=00400038 cycle=35028 insn=00478793   x15(a5)=1000000c
#18100  pc=0040003c cycle=35028 insn=02c78063
#18101  pc=00400040 cycle=35031 insn=ffc7a683
#18102  pc=00400044 cycle=35034 insn=0007a703
#18103  pc=00400048 cycle=35037 insn=fed758e3
#18104  pc=00400038 cycle=35037 insn=00478793   x15(a5)=10000010
#18105  pc=0040003c cycle=35037 insn=02c78063
#18106  pc=00400040 cycle=35040 insn=ffc7a683
#18107  pc=00400044 cycle=35043 insn=0007a703
#18108  pc=00400048 cycle=35046 insn=fed758e3
#18109  pc=00400038 cycle=35046 insn=00478793   x15(a5)=10000014
#18110  pc=0040003c cycle=35046 insn=02c78063
#18111  pc=00400040 cycle=35049 insn=ffc7a683
#18112  pc=00400044 cycle=35052 insn=0007a703
#18113  pc=00400048 cycle=35055 insn=fed758e3
#18114  pc=00400038 cycle=35055 insn=00478793   x15(a5)=10000018
#18115  pc=0040003c cycle=35055 insn=02c78063
#18116  pc=00400040 cycle=35058 insn=ffc7a683
#18117  pc=00400044 cycle=35061 insn=0007a703
#18118  pc=00400048 cycle=35064 insn=fed758e3
#18119  pc=00400038 cycle=35064 insn=00478793   x15(a5)=1000001c
#18120  pc=0040003c cycle=35064 insn=02c78063
#18121  pc=00400040 cycle=35067 insn=ffc7a683
#18122  pc=00400044 cycle=35070 insn=0007a703
#18123  pc=00400048 cycle=35073 insn=fed758e3
#18124  pc=00400038 cycle=35073 insn=00478793   x15(a5)=10000020
#18125  pc=0040003c cycle=35073 insn=02c78063
#18126  pc=00400040 cycle=35076 insn=ffc7a683
#18127  pc=00400044 cycle=35079 insn=0007a703
#18128  pc=00400048 cycle=35082 insn=fed758e3
#18129  pc=00400038 cycle=35082 insn=00478793   x15(a5)=10000024
#18130  pc=0040003c cycle=35082 insn=02c78063
#18131  pc=00400040 cycle=35085 insn=ffc7a683
#18132  pc=00400044 cycle=35088 insn=0007a703
#18133  pc=00400048 cycle=35091 insn=fed758e3
#18134  pc=00400038 cycle=35091 insn=00478793   x15(a5)=10000028
#18135  pc=0040003c cycle=35091 insn=02c78063
#18136  pc=00400040 cycle=35094 insn=ffc7a683
#18137  pc=00400044 cycle=35097 insn=0007a703
#18138  pc=00400048 cycle=35100 insn=fed758e3
#18139  pc=00400038 cycle=35100 insn=00478793   x15(a5)=1000002c
#18140  pc=0040003c cycle=35100 insn=02c78063
#18141  pc=00400040 cycle=35103 insn=ffc7a683
#18142  pc=00400044 cycle=35106 insn=0007a703
#18143  pc=00400048 cycle=35109 insn=fed758e3
#18144  pc=00400038 cycle=35109 insn=00478793   x15(a5)=10000030
#18145  pc=0040003c cycle=35109 insn=02c78063
#18146  pc=00400040 cycle=35112 insn=ffc7a683
#18147  pc=00400044 cycle=35115 insn=0007a703
#18148  pc=00400048 cycle=35118 insn=fed758e3
#18149  pc=00400038 cycle=35118 insn=00478793   x15(a5)=10000034
#18150  pc=0040003c cycle=35118 insn=02c78063
#18151  pc=00400040 cycle=35121 insn=ffc7a683
#18152  pc=00400044 cycle=35124 insn=0007a703
#18153  pc=00400048 cycle=35127 insn=fed758e3
#18154  pc=00400038 cycle=35127 insn=00478793   x15(a5)=10000038
#18155  pc=0040003c cycle=35127 insn=02c78063
#18156  pc=00400040 cycle=35130 insn=ffc7a683
#18157  pc=00400044 cycle=35133 insn=0007a703
#18158  pc=00400048 cycle=35136 insn=fed758e3
#18159  pc=00400038 cycle=35136 insn=00478793   x15(a5)=1000003c
#18160  pc=0040003c cycle=35136 insn=02c78063
#18161  pc=00400040 cycle=35139 insn=ffc7a683
#18162  pc=00400044 cycle=35142 insn=0007a703
#18163  pc=00400048 cycle=35145 insn=fed758e3
#18164  pc=00400038 cycle=35145 insn=00478793   x15(a5)=10000040
#18165  pc=0040003c cycle=35145 insn=02c78063
#18166  pc=00400040 cycle=35148 insn=ffc7a683
#18167  pc=00400044 cycle=35151 insn=0007a703
#18168  pc=00400048 cycle=35154 insn=fed758e3
#18169  pc=00400038 cycle=35154 insn=00478793   x15(a5)=10000044
#18170  pc=0040003c cycle=35154 insn=02c78063
#18171  pc=00400040 cycle=35157 insn=ffc7a683
#18172  pc=00400044 cycle=35160 insn=0007a703
#18173  pc=00400048 cycle=35163 insn=fed758e3
#18174  pc=00400038 cycle=35163 insn=00478793   x15(a5)=10000048
#18175  pc=0040003c cycle=35163 insn=02c78063
#18176  pc=00400040 cycle=35166 insn=ffc7a683
#18177  pc=00400044 cycle=35169 insn=0007a703
#18178  pc=00400048 cycle=35172 insn=fed758e3
#18179  pc=00400038 cycle=35172 insn=00478793   x15(a5)=1000004c
#18180  pc=0040003c cycle=35172 insn=02c78063
#18181  pc=0040005c cycle=35176 insn=ffc60613   x12(a2)=10000048
#18182  pc=00400060 cycle=35178 insn=fc0812e3
#18183  pc=00400064 cycle=35185 insn=00008067
#18184  pc=004000c8 cycle=35191 insn=00000513   x10(a0)=00000000
#18185  pc=004000cc cycle=35193 insn=01f55793   x15(a5)=00000000
#18186  pc=004000d0 cycle=35200 insn=00151513
#18187  pc=004000d4 cycle=35202 insn=00a7e7b3
#18188  pc=004000d8 cycle=35203 insn=0004a503   x10(a0)=80f68da3
#18189  pc=004000dc cycle=35205 insn=00a7c533
#18190  pc=004000e0 cycle=35209 insn=00448493   x9(s1)=10000004
#18191  pc=004000e4 cycle=35212 insn=fe8494e3
#18192  pc=004000cc cycle=35218 insn=01f55793   x15(a5)=00000001
#18193  pc=004000d0 cycle=35219 insn=00151513   x10(a0)=01ed1b46
#18194  pc=004000d4 cycle=35221 insn=00a7e7b3   x15(a5)=01ed1b47
#18195  pc=004000d8 cycle=35222 insn=0004a503   x10(a0)=82f2d29c
#18196  pc=004000dc cycle=35224 insn=00a7c533   x10(a0)=831fc9db
#18197  pc=004000e0 cycle=35224 insn=00448493   x9(s1)=10000008
#18198  pc=004000e4 cycle=35225 insn=fe8494e3
#18199  pc=004000cc cycle=35231 insn=01f55793   x15(a5)=00000001
#18200  pc=004000d0 cycle=35232 insn=00151513   x10(a0)=063f93b6
#18201  pc=004000d4 cycle=35234 insn=00a7e7b3   x15(a5)=063f93b7
#18202  pc=004000d8 cycle=35235 insn=0004a503   x10(a0)=82f2d29c
#18203  pc=004000dc cycle=35237 insn=00a7c533   x10(a0)=84cd412b
#18204  pc=004000e0 cycle=35237 insn=00448493   x9(s1)=1000000c
#18205  pc=004000e4 cycle=35238 insn=fe8494e3
#18206  pc=004000cc cycle=35239 insn=01f55793   x15(a5)=00000001
#18207  pc=004000d0 cycle=35240 insn=00151513   x10(a0)=099a8256
#18208  pc=004000d4 cycle=35242 insn=00a7e7b3   x15(a5)=099a8257
#18209  pc=004000d8 cycle=35244 insn=0004a503   x10(a0)=859babf3
#18210  pc=004000dc cycle=35246 insn=00a7c533   x10(a0)=8c0129a4
#18211  pc=004000e0 cycle=35246 insn=00448493   x9(s1)=10000010
#18212  pc=004000e4 cycle=35246 insn=fe8494e3
#18213  pc=004000cc cycle=35248 insn=01f55793   x15(a5)=00000001
#18214  pc=004000d0 cycle=35249 insn=00151513   x10(a0)=18025348
#18215  pc=004000d4 cycle=35251 insn=00a7e7b3   x15(a5)=18025349
#18216  pc=004000d8 cycle=35252 insn=0004a503   x10(a0)=82f2d29c
#18217  pc=004000dc cycle=35254 insn=00a7c533   x10(a0)=9af081d5
#18218  pc=004000e0 cycle=35254 insn=00448493   x9(s1)=10000014
#18219  pc=004000e4 cycle=35255 insn=fe8494e3
#18220  pc=004000cc cycle=35256 insn=01f55793   x15(a5)=00000001
#18221  pc=004000d0 cycle=35257 insn=00151513   x10(a0)=35e103aa
#18222  pc=004000d4 cycle=35259 insn=00a7e7b3   x15(a5)=35e103ab
#18223  pc=004000d8 cycle=35261 insn=0004a503   x10(a0)=859babf3
#18224  pc=004000dc cycle=35263 insn=00a7c533   x10(a0)=b07aa858
#18225  pc=004000e0 cycle=35263 insn=00448493   x9(s1)=10000018
#18226  pc=004000e4 cycle=35263 insn=fe8494e3
#18227  pc=004000cc cycle=35265 insn=01f55793   x15(a5)=00000001
#18228  pc=004000d0 cycle=35266 insn=00151513   x10(a0)=60f550b0
#18229  pc=004000d4 cycle=35268 insn=00a7e7b3   x15(a5)=60f550b1
#18230  pc=004000d8 cycle=35269 insn=0004a503   x10(a0)=82f2d29c
#18231  pc=004000dc cycle=35271 insn=00a7c533   x10(a0)=e207822d
#18232  pc=004000e0 cycle=35271 insn=00448493   x9(s1)=1000001c
#18233  pc=004000e4 cycle=35272 insn=fe8494e3
#18234  pc=004000cc cycle=35273 insn=01f55793   x15(a5)=00000001
#18235  pc=004000d0 cycle=35274 insn=00151513   x10(a0)=c40f045a
#18236  pc=004000d4 cycle=35276 insn=00a7e7b3   x15(a5)=c40f045b
#18237  pc=004000d8 cycle=35278 insn=0004a503   x10(a0)=859babf3
#18238  pc=004000dc cycle=35280 insn=00a7c533   x10(a0)=4194afa8
#18239  pc=004000e0 cycle=35280 insn=00448493   x9(s1)=10000020
#18240  pc=004000e4 cycle=35280 insn=fe8494e3
#18241  pc=004000cc cycle=35282 insn=01f55793   x15(a5)=00000000
#18242  pc=004000d0 cycle=35283 insn=00151513   x10(a0)=83295f50
#18243  pc=004000d4 cycle=35285 insn=00a7e7b3   x15(a5)=83295f50
#18244  pc=004000d8 cycle=35286 insn=0004a503   x10(a0)=82f2d29c
#18245  pc=004000dc cycle=35288 insn=00a7c533   x10(a0)=01db8dcc
#18246  pc=004000e0 cycle=35288 insn=00448493   x9(s1)=10000024
#18247  pc=004000e4 cycle=35289 insn=fe8494e3
#18248  pc=004000cc cycle=35290 insn=01f55793   x15(a5)=00000000
#18249  pc=004000d0 cycle=35291 insn=00151513   x10(a0)=03b71b98
#18250  pc=004000d4 cycle=35293 insn=00a7e7b3   x15(a5)=03b71b98
#18251  pc=004000d8 cycle=35295 insn=0004a503   x10(a0)=859babf3
#18252  pc=004000dc cycle=35297 insn=00a7c533   x10(a0)=862cb06b
#18253  pc=004000e0 cycle=35297 insn=00448493   x9(s1)=10000028
#18254  pc=004000e4 cycle=35297 insn=fe8494e3
#18255  pc=004000cc cycle=35299 insn=01f55793   x15(a5)=00000001
#18256  pc=004000d0 cycle=35300 insn=00151513   x10(a0)=0c5960d6
#18257  pc=004000d4 cycle=35302 insn=00a7e7b3   x15(a5)=0c5960d7
#18258  pc=004000d8 cycle=35303 insn=0004a503   x10(a0)=82f2d29c
#18259  pc=004000dc cycle=35305 insn=00a7c533   x10(a0)=8eabb24b
#18260  pc=004000e0 cycle=35305 insn=00448493   x9(s1)=1000002c
#18261  pc=004000e4 cycle=35306 insn=fe8494e3
#18262  pc=004000cc cycle=35307 insn=01f55793   x15(a5)=00000001
#18263  pc=004000d0 cycle=35308 insn=00151513   x10(a0)=1d576496
#18264  pc=004000d4 cycle=35310 insn=00a7e7b3   x15(a5)=1d576497
#18265  pc=004000d8 cycle=35312 insn=0004a503   x10(a0)=859babf3
#18266  pc=004000dc cycle=35314 insn=00a7c533   x10(a0)=98cccf64
#18267  pc=004000e0 cycle=35314 insn=00448493   x9(s1)=10000030
#18268  pc=004000e4 cycle=35314 insn=fe8494e3
#18269  pc=004000cc cycle=35316 insn=01f55793   x15(a5)=00000001
#18270  pc=004000d0 cycle=35317 insn=00151513   x10(a0)=31999ec8
#18271  pc=004000d4 cycle=35319 insn=00a7e7b3   x15(a5)=31999ec9
#18272  pc=004000d8 cycle=35320 insn=0004a503   x10(a0)=82f2d29c
#18273  pc=004000dc cycle=35322 insn=00a7c533   x10(a0)=b36b4c55
#18274  pc=004000e0 cycle=35322 insn=00448493   x9(s1)=10000034
#18275  pc=004000e4 cycle=35323 insn=fe8494e3
#18276  pc=004000cc cycle=35324 insn=01f55793   x15(a5)=00000001
#18277  pc=004000d0 cycle=35325 insn=00151513   x10(a0)=66d698aa
#18278  pc=004000d4 cycle=35327 insn=00a7e7b3   x15(a5)=66d698ab
#18279  pc=004000d8 cycle=35329 insn=0004a503   x10(a0)=859babf3
#18280  pc=004000dc cycle=35331 insn=00a7c533   x10(a0)=e34d3358
#18281  pc=004000e0 cycle=35331 insn=00448493   x9(s1)=10000038
#18282  pc=004000e4 cycle=35331 insn=fe8494e3
#18283  pc=004000cc cycle=35333 insn=01f55793   x15(a5)=00000001
#18284  pc=004000d0 cycle=35334 insn=00151513   x10(a0)=c69a66b0
#18285  pc=004000d4 cycle=35336 insn=00a7e7b3   x15(a5)=c69a66b1
#18286  pc=004000d8 cycle=35337 insn=0004a503   x10(a0)=82f2d29c
#18287  pc=004000dc cycle=35339 insn=00a7c533   x10(a0)=4468b42d
#18288  pc=004000e0 cycle=35339 insn=00448493   x9(s1)=1000003c
#18289  pc=004000e4 cycle=35340 insn=fe8494e3
#18290  pc=004000cc cycle=35341 insn=01f55793   x15(a5)=00000000
#18291  pc=004000d0 cycle=35342 insn=00151513   x10(a0)=88d1685a
#18292  pc=004000d4 cycle=35344 insn=00a7e7b3   x15(a5)=88d1685a
#18293  pc=004000d8 cycle=35346 insn=0004a503   x10(a0)=859babf3
#18294  pc=004000dc cycle=35348 insn=00a7c533   x10(a0)=0d4ac3a9
#18295  pc=004000e0 cycle=35348 insn=00448493   x9(s1)=10000040
#18296  pc=004000e4 cycle=35348 insn=fe8494e3
#18297  pc=004000cc cycle=35350 insn=01f55793   x15(a5)=00000000
#18298  pc=004000d0 cycle=35351 insn=00151513   x10(a0)=1a958752
#18299  pc=004000d4 cycle=35353 insn=00a7e7b3   x15(a5)=1a958752
#18300  pc=004000d8 cycle=35354 insn=0004a503   x10(a0)=82f2d29c
#18301  pc=004000dc cycle=35356 insn=00a7c533   x10(a0)=986755ce
#18302  pc=004000e0 cycle=35356 insn=00448493   x9(s1)=10000044
#18303  pc=004000e4 cycle=35357 insn=fe8494e3
#18304  pc=004000cc cycle=35358 insn=01f55793   x15(a5)=00000001
#18305  pc=004000d0 cycle=35359 insn=00151513   x10(a0)=30ceab9c
#18306  pc=004000d4 cycle=35361 insn=00a7e7b3   x15(a5)=30ceab9d
#18307  pc=004000d8 cycle=35363 insn=0004a503   x10(a0)=859babf3
#18308  pc=004000dc cycle=35365 insn=00a7c533   x10(a0)=b555006e
#18309  pc=004000e0 cycle=35365 insn=00448493   x9(s1)=10000048
#18310  pc=004000e4 cycle=35365 insn=fe8494e3
#18311  pc=004000cc cycle=35367 insn=01f55793   x15(a5)=00000001
#18312  pc=004000d0 cycle=35368 insn=00151513   x10(a0)=6aaa00dc
#18313  pc=004000d4 cycle=35370 insn=00a7e7b3   x15(a5)=6aaa00dd
#18314  pc=004000d8 cycle=35371 insn=0004a503   x10(a0)=82f2d29c
#18315  pc=004000dc cycle=35373 insn=00a7c533   x10(a0)=e858d241
#18316  pc=004000e0 cycle=35373 insn=00448493   x9(s1)=1000004c
#18317  pc=004000e4 cycle=35374 insn=fe8494e3
#18318  pc=004000cc cycle=35375 insn=01f55793   x15(a5)=00000001
#18319  pc=004000d0 cycle=35376 insn=00151513   x10(a0)=d0b1a482
#18320  pc=004000d4 cycle=35378 insn=00a7e7b3   x15(a5)=d0b1a483
#18321  pc=004000d8 cycle=35380 insn=0004a503   x10(a0)=859babf3
#18322  pc=004000dc cycle=35382 insn=00a7c533   x10(a0)=552a0f70
#18323  pc=004000e0 cycle=35382 insn=00448493   x9(s1)=10000050
#18324  pc=004000e4 cycle=35382 insn=fe8494e3
#18325  pc=004000cc cycle=35384 insn=01f55793   x15(a5)=00000000
#18326  pc=004000d0 cycle=35385 insn=00151513   x10(a0)=aa541ee0
#18327  pc=004000d4 cycle=35387 insn=00a7e7b3   x15(a5)=aa541ee0
#18328  pc=004000d8 cycle=35388 insn=0004a503   x10(a0)=82f2d29c
#18329  pc=004000dc cycle=35390 insn=00a7c533   x10(a0)=28a6cc7c
#18330  pc=004000e0 cycle=35390 insn=00448493   x9(s1)=10000054
#18331  pc=004000e4 cycle=35391 insn=fe8494e3
#18332  pc=004000cc cycle=35392 insn=01f55793   x15(a5)=00000000
#18333  pc=004000d0 cycle=35393 insn=00151513   x10(a0)=514d98f8
#18334  pc=004000d4 cycle=35395 insn=00a7e7b3   x15(a5)=514d98f8
#18335  pc=004000d8 cycle=35397 insn=0004a503   x10(a0)=859babf3
#18336  pc=004000dc cycle=35399 insn=00a7c533   x10(a0)=d4d6330b
#18337  pc=004000e0 cycle=35399 insn=00448493   x9(s1)=10000058
#18338  pc=004000e4 cycle=35399 insn=fe8494e3
#18339  pc=004000cc cycle=35401 insn=01f55793   x15(a5)=00000001
#18340  pc=004000d0 cycle=35402 insn=00151513   x10(a0)=a9ac6616
#18341  pc=004000d4 cycle=35404 insn=00a7e7b3   x15(a5)=a9ac6617
#18342  pc=004000d8 cycle=35405 insn=0004a503   x10(a0)=82f2d29c
#18343  pc=004000dc cycle=35407 insn=00a7c533   x10(a0)=2b5eb48b
#18344  pc=004000e0 cycle=35407 insn=00448493   x9(s1)=1000005c
#18345  pc=004000e4 cycle=35408 insn=fe8494e3
#18346  pc=004000cc cycle=35409 insn=01f55793   x15(a5)=00000000
#18347  pc=004000d0 cycle=35410 insn=00151513   x10(a0)=56bd6916
#18348  pc=004000d4 cycle=35412 insn=00a7e7b3   x15(a5)=56bd6916
#18349  pc=004000d8 cycle=35414 insn=0004a503   x10(a0)=859babf3
#18350  pc=004000dc cycle=35416 insn=00a7c533   x10(a0)=d326c2e5
#18351  pc=004000e0 cycle=35416 insn=00448493   x9(s1)=10000060
#18352  pc=004000e4 cycle=35416 insn=fe8494e3
#18353  pc=004000cc cycle=35418 insn=01f55793   x15(a5)=00000001
#18354  pc=004000d0 cycle=35419 insn=00151513   x10(a0)=a64d85ca
#18355  pc=004000d4 cycle=35421 insn=00a7e7b3   x15(a5)=a64d85cb
#18356  pc=004000d8 cycle=35422 insn=0004a503   x10(a0)=82f2d29c
#18357  pc=004000dc cycle=35424 insn=00a7c533   x10(a0)=24bf5757
#18358  pc=004000e0 cycle=35424 insn=00448493   x9(s1)=10000064
#18359  pc=004000e4 cycle=35425 insn=fe8494e3
#18360  pc=004000cc cycle=35426 insn=01f55793   x15(a5)=00000000
#18361  pc=004000d0 cycle=35427 insn=00151513   x10(a0)=497eaeae
#18362  pc=004000d4 cycle=35429 insn=00a7e7b3   x15(a5)=497eaeae
#18363  pc=004000d8 cycle=35431 insn=0004a503   x10(a0)=859babf3
#18364  pc=004000dc cycle=35433 insn=00a7c533   x10(a0)=cce5055d
#18365  pc=004000e0 cycle=35433 insn=00448493   x9(s1)=10000068
#18366  pc=004000e4 cycle=35433 insn=fe8494e3
#18367  pc=004000cc cycle=35435 insn=01f55793   x15(a5)=00000001
#18368  pc=004000d0 cycle=35436 insn=00151513   x10(a0)=99ca0aba
#18369  pc=004000d4 cycle=35438 insn=00a7e7b3   x15(a5)=99ca0abb
#18370  pc=004000d8 cycle=35439 insn=0004a503   x10(a0)=82f2d29c
#18371  pc=004000dc cycle=35441 insn=00a7c533   x10(a0)=1b38d827
#18372  pc=004000e0 cycle=35441 insn=00448493   x9(s1)=1000006c
#18373  pc=004000e4 cycle=35442 insn=fe8494e3
#18374  pc=004000cc cycle=35443 insn=01f55793   x15(a5)=00000000
#18375  pc=004000d0 cycle=35444 insn=00151513   x10(a0)=3671b04e
#18376  pc=004000d4 cycle=35446 insn=00a7e7b3   x15(a5)=3671b04e
#18377  pc=004000d8 cycle=35448 insn=0004a503   x10(a0)=859babf3
#18378  pc=004000dc cycle=35450 insn=00a7c533   x10(a0)=b3ea1bbd
#18379  pc=004000e0 cycle=35450 insn=00448493   x9(s1)=10000070
#18380  pc=004000e4 cycle=35450 insn=fe8494e3
#18381  pc=004000cc cycle=35452 insn=01f55793   x15(a5)=00000001
#18382  pc=004000d0 cycle=35453 insn=00151513   x10(a0)=67d4377a
#18383  pc=004000d4 cycle=35455 insn=00a7e7b3   x15(a5)=67d4377b
#18384  pc=004000d8 cycle=35456 insn=0004a503   x10(a0)=82f2d29c
#18385  pc=004000dc cycle=35458 insn=00a7c533   x10(a0)=e526e5e7
#18386  pc=004000e0 cycle=35458 insn=00448493   x9(s1)=10000074
#18387  pc=004000e4 cycle=35459 insn=fe8494e3
#18388  pc=004000cc cycle=35460 insn=01f55793   x15(a5)=00000001
#18389  pc=004000d0 cycle=35461 insn=00151513   x10(a0)=ca4dcbce
#18390  pc=004000d4 cycle=35463 insn=00a7e7b3   x15(a5)=ca4dcbcf
#18391  pc=004000d8 cycle=35465 insn=0004a503   x10(a0)=859babf3
#18392  pc=004000dc cycle=35467 insn=00a7c533   x10(a0)=4fd6603c
#18393  pc=004000e0 cycle=35467 insn=00448493   x9(s1)=10000078
#18394  pc=004000e4 cycle=35467 insn=fe8494e3
#18395  pc=004000cc cycle=35469 insn=01f55793   x15(a5)=00000000
#18396  pc=004000d0 cycle=35470 insn=00151513   x10(a0)=9facc078
#18397  pc=004000d4 cycle=35472 insn=00a7e7b3   x15(a5)=9facc078
#18398  pc=004000d8 cycle=35473 insn=0004a503   x10(a0)=82f2d29c
#18399  pc=004000dc cycle=35475 insn=00a7c533   x10(a0)=1d5e12e4
#18400  pc=004000e0 cycle=35475 insn=00448493   x9(s1)=1000007c
#18401  pc=004000e4 cycle=35476 insn=fe8494e3
#18402  pc=004000cc cycle=35477 insn=01f55793   x15(a5)=00000000
#18403  pc=004000d0 cycle=35478 insn=00151513   x10(a0)=3abc25c8
#18404  pc=004000d4 cycle=35480 insn=00a7e7b3   x15(a5)=3abc25c8
#18405  pc=004000d8 cycle=35482 insn=0004a503   x10(a0)=859babf3
#18406  pc=004000dc cycle=35484 insn=00a7c533   x10(a0)=bf278e3b
#18407  pc=004000e0 cycle=35484 insn=00448493   x9(s1)=10000080
#18408  pc=004000e4 cycle=35484 insn=fe8494e3
#18409  pc=004000cc cycle=35486 insn=01f55793   x15(a5)=00000001
#18410  pc=004000d0 cycle=35487 insn=00151513   x10(a0)=7e4f1c76
#18411  pc=004000d4 cycle=35489 insn=00a7e7b3   x15(a5)=7e4f1c77
#18412  pc=004000d8 cycle=35490 insn=0004a503   x10(a0)=82f2d29c
#18413  pc=004000dc cycle=35492 insn=00a7c533   x10(a0)=fcbdceeb
#18414  pc=004000e0 cycle=35492 insn=00448493   x9(s1)=10000084
#18415  pc=004000e4 cycle=35493 insn=fe8494e3
#18416  pc=004000cc cycle=35494 insn=01f55793   x15(a5)=00000001
#18417  pc=004000d0 cycle=35495 insn=00151513   x10(a0)=f97b9dd6
#18418  pc=004000d4 cycle=35497 insn=00a7e7b3   x15(a5)=f97b9dd7
#18419  pc=004000d8 cycle=35499 insn=0004a503   x10(a0)=859babf3
#18420  pc=004000dc cycle=35501 insn=00a7c533   x10(a0)=7ce03624
#18421  pc=004000e0 cycle=35501 insn=00448493   x9(s1)=10000088
#18422  pc=004000e4 cycle=35501 insn=fe8494e3
#18423  pc=004000cc cycle=35503 insn=01f55793   x15(a5)=00000000
#18424  pc=004000d0 cycle=35504 insn=00151513   x10(a0)=f9c06c48
#18425  pc=004000d4 cycle=35506 insn=00a7e7b3   x15(a5)=f9c06c48
#18426  pc=004000d8 cycle=35507 insn=0004a503   x10(a0)=82f2d29c
#18427  pc=004000dc cycle=35509 insn=00a7c533   x10(a0)=7b32bed4
#18428  pc=004000e0 cycle=35509 insn=00448493   x9(s1)=1000008c
#18429  pc=004000e4 cycle=35510 insn=fe8494e3
#18430  pc=004000cc cycle=35511 insn=01f55793   x15(a5)=00000000
#18431  pc=004000d0 cycle=35512 insn=00151513   x10(a0)=f6657da8
#18432  pc=004000d4 cycle=35514 insn=00a7e7b3   x15(a5)=f6657da8
#18433  pc=004000d8 cycle=35516 insn=0004a503   x10(a0)=859babf3
#18434  pc=004000dc cycle=35518 insn=00a7c533   x10(a0)=73fed65b
#18435  pc=004000e0 cycle=35518 insn=00448493   x9(s1)=10000090
#18436  pc=004000e4 cycle=35518 insn=fe8494e3
#18437  pc=004000cc cycle=35520 insn=01f55793   x15(a5)=00000000
#18438  pc=004000d0 cycle=35521 insn=00151513   x10(a0)=e7fdacb6
#18439  pc=004000d4 cycle=35523 insn=00a7e7b3   x15(a5)=e7fdacb6
#18440  pc=004000d8 cycle=35524 insn=0004a503   x10(a0)=84c36ccd
#18441  pc=004000dc cycle=35526 insn=00a7c533   x10(a0)=633ec07b
#18442  pc=004000e0 cycle=35526 insn=00448493   x9(s1)=10000094
#18443  pc=004000e4 cycle=35527 insn=fe8494e3
#18444  pc=004000cc cycle=35528 insn=01f55793   x15(a5)=00000000
#18445  pc=004000d0 cycle=35529 insn=00151513   x10(a0)=c67d80f6
#18446  pc=004000d4 cycle=35531 insn=00a7e7b3   x15(a5)=c67d80f6
#18447  pc=004000d8 cycle=35533 insn=0004a503   x10(a0)=859babf3
#18448  pc=004000dc cycle=35535 insn=00a7c533   x10(a0)=43e62b05
#18449  pc=004000e0 cycle=35535 insn=00448493   x9(s1)=10000098
#18450  pc=004000e4 cycle=35535 insn=fe8494e3
#18451  pc=004000cc cycle=35537 insn=01f55793   x15(a5)=00000000
#18452  pc=004000d0 cycle=35538 insn=00151513   x10(a0)=87cc560a
#18453  pc=004000d4 cycle=35540 insn=00a7e7b3   x15(a5)=87cc560a
#18454  pc=004000d8 cycle=35541 insn=0004a503   x10(a0)=84c36ccd
#18455  pc=004000dc cycle=35543 insn=00a7c533   x10(a0)=030f3ac7
#18456  pc=004000e0 cycle=35543 insn=00448493   x9(s1)=1000009c
#18457  pc=004000e4 cycle=35544 insn=fe8494e3
#18458  pc=004000cc cycle=35545 insn=01f55793   x15(a5)=00000000
#18459  pc=004000d0 cycle=35546 insn=00151513   x10(a0)=061e758e
#18460  pc=004000d4 cycle=35548 insn=00a7e7b3   x15(a5)=061e758e
#18461  pc=004000d8 cycle=35550 insn=0004a503   x10(a0)=859babf3
#18462  pc=004000dc cycle=35552 insn=00a7c533   x10(a0)=8385de7d
#18463  pc=004000e0 cycle=35552 insn=00448493   x9(s1)=100000a0
#18464  pc=004000e4 cycle=35552 insn=fe8494e3
#18465  pc=004000cc cycle=35554 insn=01f55793   x15(a5)=00000001
#18466  pc=004000d0 cycle=35555 insn=00151513   x10(a0)=070bbcfa
#18467  pc=004000d4 cycle=35557 insn=00a7e7b3   x15(a5)=070bbcfb
#18468  pc=004000d8 cycle=35558 insn=0004a503   x10(a0)=84c36ccd
#18469  pc=004000dc cycle=35560 insn=00a7c533   x10(a0)=83c8d036
#18470  pc=004000e0 cycle=35560 insn=00448493   x9(s1)=100000a4
#18471  pc=004000e4 cycle=35561 insn=fe8494e3
#18472  pc=004000cc cycle=35562 insn=01f55793   x15(a5)=00000001
#18473  pc=004000d0 cycle=35563 insn=00151513   x10(a0)=0791a06c
#18474  pc=004000d4 cycle=35565 insn=00a7e7b3   x15(a5)=0791a06d
#18475  pc=004000d8 cycle=35567 insn=0004a503   x10(a0)=859babf3
#18476  pc=004000dc cycle=35569 insn=00a7c533   x10(a0)=820a0b9e
#18477  pc=004000e0 cycle=35569 insn=00448493   x9(s1)=100000a8
#18478  pc=004000e4 cycle=35569 insn=fe8494e3
#18479  pc=004000cc cycle=35571 insn=01f55793   x15(a5)=00000001
#18480  pc=004000d0 cycle=35572 insn=00151513   x10(a0)=0414173c
#18481  pc=004000d4 cycle=35574 insn=00a7e7b3   x15(a5)=0414173d
#18482  pc=004000d8 cycle=35575 insn=0004a503   x10(a0)=84c36ccd
#18483  pc=004000dc cycle=35577 insn=00a7c533   x10(a0)=80d77bf0
#18484  pc=004000e0 cycle=35577 insn=00448493   x9(s1)=100000ac
#18485  pc=004000e4 cycle=35578 insn=fe8494e3
#18486  pc=004000cc cycle=35579 insn=01f55793   x15(a5)=00000001
#18487  pc=004000d0 cycle=35580 insn=00151513   x10(a0)=01aef7e0
#18488  pc=004000d4 cycle=35582 insn=00a7e7b3   x15(a5)=01aef7e1
#18489  pc=004000d8 cycle=35584 insn=0004a503   x10(a0)=859babf3
#18490  pc=004000dc cycle=35586 insn=00a7c533   x10(a0)=84355c12
#18491  pc=004000e0 cycle=35586 insn=00448493   x9(s1)=100000b0
#18492  pc=004000e4 cycle=35586 insn=fe8494e3
#18493  pc=004000cc cycle=35588 insn=01f55793   x15(a5)=00000001
#18494  pc=004000d0 cycle=35589 insn=00151513   x10(a0)=086ab824
#18495  pc=004000d4 cycle=35591 insn=00a7e7b3   x15(a5)=086ab825
#18496  pc=004000d8 cycle=35592 insn=0004a503   x10(a0)=84c36ccd
#18497  pc=004000dc cycle=35594 insn=00a7c533   x10(a0)=8ca9d4e8
#18498  pc=004000e0 cycle=35594 insn=00448493   x9(s1)=100000b4
#18499  pc=004000e4 cycle=35595 insn=fe8494e3
#18500  pc=004000cc cycle=35596 insn=01f55793   x15(a5)=00000001
#18501  pc=004000d0 cycle=35597 insn=00151513   x10(a0)=1953a9d0
#18502  pc=004000d4 cycle=35599 insn=00a7e7b3   x15(a5)=1953a9d1
#18503  pc=004000d8 cycle=35601 insn=0004a503   x10(a0)=859babf3
#18504  pc=004000dc cycle=35603 insn=00a7c533   x10(a0)=9cc80222
#18505  pc=004000e0 cycle=35603 insn=00448493   x9(s1)=100000b8
#18506  pc=004000e4 cycle=35603 insn=fe8494e3
#18507  pc=004000cc cycle=35605 insn=01f55793   x15(a5)=00000001
#18508  pc=004000d0 cycle=35606 insn=00151513   x10(a0)=39900444
#18509  pc=004000d4 cycle=35608 insn=00a7e7b3   x15(a5)=39900445
#18510  pc=004000d8 cycle=35609 insn=0004a503   x10(a0)=84c36ccd
#18511  pc=004000dc cycle=35611 insn=00a7c533   x10(a0)=bd536888
#18512  pc=004000e0 cycle=35611 insn=00448493   x9(s1)=100000bc
#18513  pc=004000e4 cycle=35612 insn=fe8494e3
#18514  pc=004000cc cycle=35613 insn=01f55793   x15(a5)=00000001
#18515  pc=004000d0 cycle=35614 insn=00151513   x10(a0)=7aa6d110
#18516  pc=004000d4 cycle=35616 insn=00a7e7b3   x15(a5)=7aa6d111
#18517  pc=004000d8 cycle=35618 insn=0004a503   x10(a0)=859babf3
#18518  pc=004000dc cycle=35620 insn=00a7c533   x10(a0)=ff3d7ae2
#18519  pc=004000e0 cycle=35620 insn=00448493   x9(s1)=100000c0
#18520  pc=004000e4 cycle=35620 insn=fe8494e3
#18521  pc=004000cc cycle=35622 insn=01f55793   x15(a5)=00000001
#18522  pc=004000d0 cycle=35623 insn=00151513   x10(a0)=fe7af5c4
#18523  pc=004000d4 cycle=35625 insn=00a7e7b3   x15(a5)=fe7af5c5
#18524  pc=004000d8 cycle=35626 insn=0004a503   x10(a0)=84c36ccd
#18525  pc=004000dc cycle=35628 insn=00a7c533   x10(a0)=7ab99908
#18526  pc=004000e0 cycle=35628 insn=00448493   x9(s1)=100000c4
#18527  pc=004000e4 cycle=35629 insn=fe8494e3
#18528  pc=004000cc cycle=35630 insn=01f55793   x15(a5)=00000000
#18529  pc=004000d0 cycle=35631 insn=00151513   x10(a0)=f5733210
#18530  pc=004000d4 cycle=35633 insn=00a7e7b3   x15(a5)=f5733210
#18531  pc=004000d8 cycle=35635 insn=0004a503   x10(a0)=859babf3
#18532  pc=004000dc cycle=35637 insn=00a7c533   x10(a0)=70e899e3
#18533  pc=004000e0 cycle=35637 insn=00448493   x9(s1)=100000c8
#18534  pc=004000e4 cycle=35637 insn=fe8494e3
#18535  pc=004000cc cycle=35639 insn=01f55793   x15(a5)=00000000
#18536  pc=004000d0 cycle=35640 insn=00151513   x10(a0)=e1d133c6
#18537  pc=004000d4 cycle=35642 insn=00a7e7b3   x15(a5)=e1d133c6
#18538  pc=004000d8 cycle=35643 insn=0004a503   x10(a0)=84c36ccd
#18539  pc=004000dc cycle=35645 insn=00a7c533   x10(a0)=65125f0b
#18540  pc=004000e0 cycle=35645 insn=00448493   x9(s1)=100000cc
#18541  pc=004000e4 cycle=35646 insn=fe8494e3
#18542  pc=004000cc cycle=35647 insn=01f55793   x15(a5)=00000000
#18543  pc=004000d0 cycle=35648 insn=00151513   x10(a0)=ca24be16
#18544  pc=004000d4 cycle=35650 insn=00a7e7b3   x15(a5)=ca24be16
#18545  pc=004000d8 cycle=35652 insn=0004a503   x10(a0)=859babf3
#18546  pc=004000dc cycle=35654 insn=00a7c533   x10(a0)=4fbf15e5
#18547  pc=004000e0 cycle=35654 insn=00448493   x9(s1)=100000d0
#18548  pc=004000e4 cycle=35654 insn=fe8494e3
#18549  pc=004000cc cycle=35656 insn=01f55793   x15(a5)=00000000
#18550  pc=004000d0 cycle=35657 insn=00151513   x10(a0)=9f7e2bca
#18551  pc=004000d4 cycle=35659 insn=00a7e7b3   x15(a5)=9f7e2bca
#18552  pc=004000d8 cycle=35660 insn=0004a503   x10(a0)=9577ad12
#18553  pc=004000dc cycle=35662 insn=00a7c533   x10(a0)=0a0986d8
#18554  pc=004000e0 cycle=35662 insn=00448493   x9(s1)=100000d4
#18555  pc=004000e4 cycle=35663 insn=fe8494e3
#18556  pc=004000cc cycle=35664 insn=01f55793   x15(a5)=00000000
#18557  pc=004000d0 cycle=35665 insn=00151513   x10(a0)=14130db0
#18558  pc=004000d4 cycle=35667 insn=00a7e7b3   x15(a5)=14130db0
#18559  pc=004000d8 cycle=35669 insn=0004a503   x10(a0)=859babf3
#18560  pc=004000dc cycle=35671 insn=00a7c533   x10(a0)=9188a643
#18561  pc=004000e0 cycle=35671 insn=00448493   x9(s1)=100000d8
#18562  pc=004000e4 cycle=35671 insn=fe8494e3
#18563  pc=004000cc cycle=35673 insn=01f55793   x15(a5)=00000001
#18564  pc=004000d0 cycle=35674 insn=00151513   x10(a0)=23114c86
#18565  pc=004000d4 cycle=35676 insn=00a7e7b3   x15(a5)=23114c87
#18566  pc=004000d8 cycle=35677 insn=0004a503   x10(a0)=b5d4a6b5
#18567  pc=004000dc cycle=35679 insn=00a7c533   x10(a0)=96c5ea32
#18568  pc=004000e0 cycle=35679 insn=00448493   x9(s1)=100000dc
#18569  pc=004000e4 cycle=35680 insn=fe8494e3
#18570  pc=004000cc cycle=35681 insn=01f55793   x15(a5)=00000001
#18571  pc=004000d0 cycle=35682 insn=00151513   x10(a0)=2d8bd464
#18572  pc=004000d4 cycle=35684 insn=00a7e7b3   x15(a5)=2d8bd465
#18573  pc=004000d8 cycle=35686 insn=0004a503   x10(a0)=859babf3
#18574  pc=004000dc cycle=35688 insn=00a7c533   x10(a0)=a8107f96
#18575  pc=004000e0 cycle=35688 insn=00448493   x9(s1)=100000e0
#18576  pc=004000e4 cycle=35688 insn=fe8494e3
#18577  pc=004000cc cycle=35690 insn=01f55793   x15(a5)=00000001
#18578  pc=004000d0 cycle=35691 insn=00151513   x10(a0)=5020ff2c
#18579  pc=004000d4 cycle=35693 insn=00a7e7b3   x15(a5)=5020ff2d
#18580  pc=004000d8 cycle=35694 insn=0004a503   x10(a0)=b5d4a6b5
#18581  pc=004000dc cycle=35696 insn=00a7c533   x10(a0)=e5f45998
#18582  pc=004000e0 cycle=35696 insn=00448493   x9(s1)=100000e4
#18583  pc=004000e4 cycle=35697 insn=fe8494e3
#18584  pc=004000cc cycle=35698 insn=01f55793   x15(a5)=00000001
#18585  pc=004000d0 cycle=35699 insn=00151513   x10(a0)=cbe8b330
#18586  pc=004000d4 cycle=35701 insn=00a7e7b3   x15(a5)=cbe8b331
#18587  pc=004000d8 cycle=35703 insn=0004a503   x10(a0)=859babf3
#18588  pc=004000dc cycle=35705 insn=00a7c533   x10(a0)=4e7318c2
#18589  pc=004000e0 cycle=35705 insn=00448493   x9(s1)=100000e8
#18590  pc=004000e4 cycle=35705 insn=fe8494e3
#18591  pc=004000cc cycle=35707 insn=01f55793   x15(a5)=00000000
#18592  pc=004000d0 cycle=35708 insn=00151513   x10(a0)=9ce63184
#18593  pc=004000d4 cycle=35710 insn=00a7e7b3   x15(a5)=9ce63184
#18594  pc=004000d8 cycle=35711 insn=0004a503   x10(a0)=b5d4a6b5
#18595  pc=004000dc cycle=35713 insn=00a7c533   x10(a0)=29329731
#18596  pc=004000e0 cycle=35713 insn=00448493   x9(s1)=100000ec
#18597  pc=004000e4 cycle=35714 insn=fe8494e3
#18598  pc=004000cc cycle=35715 insn=01f55793   x15(a5)=00000000
#18599  pc=004000d0 cycle=35716 insn=00151513   x10(a0)=52652e62
#18600  pc=004000d4 cycle=35718 insn=00a7e7b3   x15(a5)=52652e62
#18601  pc=004000d8 cycle=35720 insn=0004a503   x10(a0)=859babf3
#18602  pc=004000dc cycle=35722 insn=00a7c533   x10(a0)=d7fe8591
#18603  pc=004000e0 cycle=35722 insn=00448493   x9(s1)=100000f0
#18604  pc=004000e4 cycle=35722 insn=fe8494e3
#18605  pc=004000cc cycle=35724 insn=01f55793   x15(a5)=00000001
#18606  pc=004000d0 cycle=35725 insn=00151513   x10(a0)=affd0b22
#18607  pc=004000d4 cycle=35727 insn=00a7e7b3   x15(a5)=affd0b23
#18608  pc=004000d8 cycle=35728 insn=0004a503   x10(a0)=b5d4a6b5
#18609  pc=004000dc cycle=35730 insn=00a7c533   x10(a0)=1a29ad96
#18610  pc=004000e0 cycle=35730 insn=00448493   x9(s1)=100000f4
#18611  pc=004000e4 cycle=35731 insn=fe8494e3
#18612  pc=004000cc cycle=35732 insn=01f55793   x15(a5)=00000000
#18613  pc=004000d0 cycle=35733 insn=00151513   x10(a0)=34535b2c
#18614  pc=004000d4 cycle=35735 insn=00a7e7b3   x15(a5)=34535b2c
#18615  pc=004000d8 cycle=35737 insn=0004a503   x10(a0)=859babf3
#18616  pc=004000dc cycle=35739 insn=00a7c533   x10(a0)=b1c8f0df
#18617  pc=004000e0 cycle=35739 insn=00448493   x9(s1)=100000f8
#18618  pc=004000e4 cycle=35739 insn=fe8494e3
#18619  pc=004000cc cycle=35741 insn=01f55793   x15(a5)=00000001
#18620  pc=004000d0 cycle=35742 insn=00151513   x10(a0)=6391e1be
#18621  pc=004000d4 cycle=35744 insn=00a7e7b3   x15(a5)=6391e1bf
#18622  pc=004000d8 cycle=35745 insn=0004a503   x10(a0)=b5d4a6b5
#18623  pc=004000dc cycle=35747 insn=00a7c533   x10(a0)=d645470a
#18624  pc=004000e0 cycle=35747 insn=00448493   x9(s1)=100000fc
#18625  pc=004000e4 cycle=35748 insn=fe8494e3
#18626  pc=004000cc cycle=35749 insn=01f55793   x15(a5)=00000001
#18627  pc=004000d0 cycle=35750 insn=00151513   x10(a0)=ac8a8e14
#18628  pc=004000d4 cycle=35752 insn=00a7e7b3   x15(a5)=ac8a8e15
#18629  pc=004000d8 cycle=35754 insn=0004a503   x10(a0)=859babf3
#18630  pc=004000dc cycle=35756 insn=00a7c533   x10(a0)=291125e6
#18631  pc=004000e0 cycle=35756 insn=00448493   x9(s1)=10000100
#18632  pc=004000e4 cycle=35756 insn=fe8494e3
#18633  pc=004000cc cycle=35758 insn=01f55793   x15(a5)=00000000
#18634  pc=004000d0 cycle=35759 insn=00151513   x10(a0)=52224bcc
#18635  pc=004000d4 cycle=35761 insn=00a7e7b3   x15(a5)=52224bcc
#18636  pc=004000d8 cycle=35762 insn=0004a503   x10(a0)=b5d4a6b5
#18637  pc=004000dc cycle=35764 insn=00a7c533   x10(a0)=e7f6ed79
#18638  pc=004000e0 cycle=35764 insn=00448493   x9(s1)=10000104
#18639  pc=004000e4 cycle=35765 insn=fe8494e3
#18640  pc=004000cc cycle=35766 insn=01f55793   x15(a5)=00000001
#18641  pc=004000d0 cycle=35767 insn=00151513   x10(a0)=cfeddaf2
#18642  pc=004000d4 cycle=35769 insn=00a7e7b3   x15(a5)=cfeddaf3
#18643  pc=004000d8 cycle=35771 insn=0004a503   x10(a0)=859babf3
#18644  pc=004000dc cycle=35773 insn=00a7c533   x10(a0)=4a767100
#18645  pc=004000e0 cycle=35773 insn=00448493   x9(s1)=10000108
#18646  pc=004000e4 cycle=35773 insn=fe8494e3
#18647  pc=004000cc cycle=35775 insn=01f55793   x15(a5)=00000000
#18648  pc=004000d0 cycle=35776 insn=00151513   x10(a0)=94ece200
#18649  pc=004000d4 cycle=35778 insn=00a7e7b3   x15(a5)=94ece200
#18650  pc=004000d8 cycle=35779 insn=0004a503   x10(a0)=b5d4a6b5
#18651  pc=004000dc cycle=35781 insn=00a7c533   x10(a0)=213844b5
#18652  pc=004000e0 cycle=35781 insn=00448493   x9(s1)=1000010c
#18653  pc=004000e4 cycle=35782 insn=fe8494e3
#18654  pc=004000cc cycle=35783 insn=01f55793   x15(a5)=00000000
#18655  pc=004000d0 cycle=35784 insn=00151513   x10(a0)=4270896a
#18656  pc=004000d4 cycle=35786 insn=00a7e7b3   x15(a5)=4270896a
#18657  pc=004000d8 cycle=35788 insn=0004a503   x10(a0)=859babf3
#18658  pc=004000dc cycle=35790 insn=00a7c533   x10(a0)=c7eb2299
#18659  pc=004000e0 cycle=35790 insn=00448493   x9(s1)=10000110
#18660  pc=004000e4 cycle=35790 insn=fe8494e3
#18661  pc=004000cc cycle=35792 insn=01f55793   x15(a5)=00000001
#18662  pc=004000d0 cycle=35793 insn=00151513   x10(a0)=8fd64532
#18663  pc=004000d4 cycle=35795 insn=00a7e7b3   x15(a5)=8fd64533
#18664  pc=004000d8 cycle=35796 insn=0004a503   x10(a0)=b5d4a6b5
#18665  pc=004000dc cycle=35798 insn=00a7c533   x10(a0)=3a02e386
#18666  pc=004000e0 cycle=35798 insn=00448493   x9(s1)=10000114
#18667  pc=004000e4 cycle=35799 insn=fe8494e3
#18668  pc=004000cc cycle=35800 insn=01f55793   x15(a5)=00000000
#18669  pc=004000d0 cycle=35801 insn=00151513   x10(a0)=7405c70c
#18670  pc=004000d4 cycle=35803 insn=00a7e7b3   x15(a5)=7405c70c
#18671  pc=004000d8 cycle=35805 insn=0004a503   x10(a0)=859babf3
#18672  pc=004000dc cycle=35807 insn=00a7c533   x10(a0)=f19e6cff
#18673  pc=004000e0 cycle=35807 insn=00448493   x9(s1)=10000118
#18674  pc=004000e4 cycle=35807 insn=fe8494e3
#18675  pc=004000cc cycle=35809 insn=01f55793   x15(a5)=00000001
#18676  pc=004000d0 cycle=35810 insn=00151513   x10(a0)=e33cd9fe
#18677  pc=004000d4 cycle=35812 insn=00a7e7b3   x15(a5)=e33cd9ff
#18678  pc=004000d8 cycle=35813 insn=0004a503   x10(a0)=b5d4a6b5
#18679  pc=004000dc cycle=35815 insn=00a7c533   x10(a0)=56e87f4a
#18680  pc=004000e0 cycle=35815 insn=00448493   x9(s1)=1000011c
#18681  pc=004000e4 cycle=35816 insn=fe8494e3
#18682  pc=004000cc cycle=35817 insn=01f55793   x15(a5)=00000000
#18683  pc=004000d0 cycle=35818 insn=00151513   x10(a0)=add0fe94
#18684  pc=004000d4 cycle=35820 insn=00a7e7b3   x15(a5)=add0fe94
#18685  pc=004000d8 cycle=35822 insn=0004a503   x10(a0)=859babf3
#18686  pc=004000dc cycle=35824 insn=00a7c533   x10(a0)=284b5567
#18687  pc=004000e0 cycle=35824 insn=00448493   x9(s1)=10000120
#18688  pc=004000e4 cycle=35824 insn=fe8494e3
#18689  pc=004000cc cycle=35826 insn=01f55793   x15(a5)=00000000
#18690  pc=004000d0 cycle=35827 insn=00151513   x10(a0)=5096aace
#18691  pc=004000d4 cycle=35829 insn=00a7e7b3   x15(a5)=5096aace
#18692  pc=004000d8 cycle=35830 insn=0004a503   x10(a0)=b5d4a6b5
#18693  pc=004000dc cycle=35832 insn=00a7c533   x10(a0)=e5420c7b
#18694  pc=004000e0 cycle=35832 insn=00448493   x9(s1)=10000124
#18695  pc=004000e4 cycle=35833 insn=fe8494e3
#18696  pc=004000cc cycle=35834 insn=01f55793   x15(a5)=00000001
#18697  pc=004000d0 cycle=35835 insn=00151513   x10(a0)=ca8418f6
#18698  pc=004000d4 cycle=35837 insn=00a7e7b3   x15(a5)=ca8418f7
#18699  pc=004000d8 cycle=35839 insn=0004a503   x10(a0)=859babf3
#18700  pc=004000dc cycle=35841 insn=00a7c533   x10(a0)=4f1fb304
#18701  pc=004000e0 cycle=35841 insn=00448493   x9(s1)=10000128
#18702  pc=004000e4 cycle=35841 insn=fe8494e3
#18703  pc=004000cc cycle=35843 insn=01f55793   x15(a5)=00000000
#18704  pc=004000d0 cycle=35844 insn=00151513   x10(a0)=9e3f6608
#18705  pc=004000d4 cycle=35846 insn=00a7e7b3   x15(a5)=9e3f6608
#18706  pc=004000d8 cycle=35847 insn=0004a503   x10(a0)=d6894ac7
#18707  pc=004000dc cycle=35849 insn=00a7c533   x10(a0)=48b62ccf
#18708  pc=004000e0 cycle=35849 insn=00448493   x9(s1)=1000012c
#18709  pc=004000e4 cycle=35850 insn=fe8494e3
#18710  pc=004000cc cycle=35851 insn=01f55793   x15(a5)=00000000
#18711  pc=004000d0 cycle=35852 insn=00151513   x10(a0)=916c599e
#18712  pc=004000d4 cycle=35854 insn=00a7e7b3   x15(a5)=916c599e
#18713  pc=004000d8 cycle=35856 insn=0004a503   x10(a0)=859babf3
#18714  pc=004000dc cycle=35858 insn=00a7c533   x10(a0)=14f7f26d
#18715  pc=004000e0 cycle=35858 insn=00448493   x9(s1)=10000130
#18716  pc=004000e4 cycle=35858 insn=fe8494e3
#18717  pc=004000cc cycle=35860 insn=01f55793   x15(a5)=00000000
#18718  pc=004000d0 cycle=35861 insn=00151513   x10(a0)=29efe4da
#18719  pc=004000d4 cycle=35863 insn=00a7e7b3   x15(a5)=29efe4da
#18720  pc=004000d8 cycle=35864 insn=0004a503   x10(a0)=d6894ac7
#18721  pc=004000dc cycle=35866 insn=00a7c533   x10(a0)=ff66ae1d
#18722  pc=004000e0 cycle=35866 insn=00448493   x9(s1)=10000134
#18723  pc=004000e4 cycle=35867 insn=fe8494e3
#18724  pc=004000cc cycle=35868 insn=01f55793   x15(a5)=00000001
#18725  pc=004000d0 cycle=35869 insn=00151513   x10(a0)=fecd5c3a
#18726  pc=004000d4 cycle=35871 insn=00a7e7b3   x15(a5)=fecd5c3b
#18727  pc=004000d8 cycle=35873 insn=0004a503   x10(a0)=859babf3
#18728  pc=004000dc cycle=35875 insn=00a7c533   x10(a0)=7b56f7c8
#18729  pc=004000e0 cycle=35875 insn=00448493   x9(s1)=10000138
#18730  pc=004000e4 cycle=35875 insn=fe8494e3
#18731  pc=004000cc cycle=35877 insn=01f55793   x15(a5)=00000000
#18732  pc=004000d0 cycle=35878 insn=00151513   x10(a0)=f6adef90
#18733  pc=004000d4 cycle=35880 insn=00a7e7b3   x15(a5)=f6adef90
#18734  pc=004000d8 cycle=35881 insn=0004a503   x10(a0)=5b132aef
#18735  pc=004000dc cycle=35883 insn=00a7c533   x10(a0)=adbec57f
#18736  pc=004000e0 cycle=35883 insn=00448493   x9(s1)=1000013c
#18737  pc=004000e4 cycle=35884 insn=fe8494e3
#18738  pc=004000cc cycle=35885 insn=01f55793   x15(a5)=00000001
#18739  pc=004000d0 cycle=35886 insn=00151513   x10(a0)=5b7d8afe
#18740  pc=004000d4 cycle=35888 insn=00a7e7b3   x15(a5)=5b7d8aff
#18741  pc=004000d8 cycle=35890 insn=0004a503   x10(a0)=859babf3
#18742  pc=004000dc cycle=35892 insn=00a7c533   x10(a0)=dee6210c
#18743  pc=004000e0 cycle=35892 insn=00448493   x9(s1)=10000140
#18744  pc=004000e4 cycle=35892 insn=fe8494e3
#18745  pc=004000e8 cycle=35901 insn=00c12083   x1(ra)=00400004
#18746  pc=004000ec cycle=35902 insn=00812403   x8(s0/fp)=00000000
#18747  pc=004000f0 cycle=35910 insn=00412483   x9(s1)=00000000
#18748  pc=004000f4 cycle=35910 insn=01010113   x2(sp)=7ff00000
#18749  pc=004000f8 cycle=35910 insn=00008067
#18750  pc=00400004 cycle=35914 insn=00050113   x2(sp)=dee6210c
#18751  pc=00400008 cycle=35914 insn=00058193   x3(gp)=00000012
#18752  pc=0040000c cycle=35914 insn=00a00513   x10(a0)=0000000a
#18753  pc=00400010 cycle=35916 insn=00000073
